mutant_id,global_status,reliable_kill_count,killed,survived,no_tests,timeout,suspicious,skipped,segfault,unavailable,workload_layer,module,function,source_line,operator_family,original_code,mutated_code
M0017a86c1ec14519,auto_non_equivalent,1,8,0,0,0,0,0,0,0,specified,markdown_it/rules_block/reference.py,getNextLine,198,COMPARISON,    if nextLine >= endLine or state.isEmpty(nextLine):,    if nextLine >= endLine or state.isEmpty(None):
M0022acf3fe3aef1e,auto_non_equivalent,1,8,0,0,0,0,0,0,0,specified,markdown_it/rules_block/reference.py,reference,33,CONSTANT_REPLACEMENT,        if ch == 0x5B:  # /* [ */,        if ch == 92:  # /* [ */
M00351e9f5671bf6f,auto_non_equivalent,1,8,0,0,0,0,0,0,0,specified,markdown_it/renderer.py,render,84,CALL_ARGUMENT,"            result += self.rules[token.type](tokens, i, options, env)","            result += self.rules[token.type](tokens, options, env)"
M00450989dfe6bedc,auto_non_equivalent,1,8,0,0,0,0,0,0,0,specified,markdown_it/renderer.py,renderToken,123,STATEMENT_REPLACEMENT,"    result = """"","    result = ""XXXX"""
M00587ab690b86d7f,auto_non_equivalent,1,8,0,0,0,0,0,0,0,specified,markdown_it/rules_block/fence.py,make_fence_rule,56,CALL_ARGUMENT,        if state.is_code_block(startLine):,        if state.is_code_block(None):
M00b64650829771f8,auto_non_equivalent,1,8,0,0,0,0,0,0,0,specified,markdown_it/rules_block/list.py,skipOrderedListMarker,47,ARITHMETIC,    pos += 1,    pos -= 1
M00d019b5e1b89e0f,auto_non_equivalent,1,8,0,0,0,0,0,0,0,specified,markdown_it/rules_inline/emphasis.py,_postProcess,42,COMPARISON,    while i >= 0:,    while i > 0:
M00ebf5fff6922d15,auto_non_equivalent,1,8,0,0,0,0,0,0,0,specified,markdown_it/rules_block/lheading.py,lheading,56,CONSTANT_REPLACEMENT,"            if terminatorRule(state, nextLine, endLine, True):","            if terminatorRule(None, nextLine, endLine, True):"
M00ed57008ad0dea0,auto_non_equivalent,1,8,0,0,0,0,0,0,0,specified,markdown_it/rules_inline/link.py,link,28,COMPARISON,"    if pos < maximum and state.src[pos] == ""("":","    if pos <= maximum and state.src[pos] == ""("":"
M00f55a6526034c28,auto_non_equivalent,1,8,0,0,0,0,0,0,0,specified,markdown_it/rules_inline/emphasis.py,tokenize,11,STATEMENT_REPLACEMENT,    marker = state.src[start],    marker = None
M0103c3313f1e356c,auto_non_equivalent,1,8,0,0,0,0,0,0,0,specified,markdown_it/rules_inline/link.py,link,20,CONSTANT_REPLACEMENT,"    labelEnd = state.md.helpers.parseLinkLabel(state, state.pos, True)","    labelEnd = state.md.helpers.parseLinkLabel(state, state.pos, None)"
M01184256a33e51bb,auto_non_equivalent,1,8,0,0,0,0,0,0,0,specified,markdown_it/rules_block/state_block.py,__init__,91,CALL_ARGUMENT,            self.eMarks.append(pos),            self.eMarks.append(None)
M0125c0dc106f52d5,auto_non_equivalent,1,8,0,0,0,0,0,0,0,specified,markdown_it/rules_block/lheading.py,lheading,86,CONSTANT_REPLACEMENT,    return True,    return False
M013115d4c292f35e,auto_non_equivalent,1,8,0,0,0,0,0,0,0,specified,markdown_it/rules_inline/newline.py,newline,25,CONSTANT_REPLACEMENT,"                while ws >= 1 and charStrAt(state.pending, ws - 1) == "" "":","                while ws >= 1 and charStrAt(ws - 1) == "" "":"
M015c7ccd5425de92,auto_non_equivalent,1,8,0,0,0,0,0,0,0,specified,markdown_it/rules_block/state_block.py,__init__,79,STATEMENT_REPLACEMENT,"                if character == ""\t"":","                if character == ""XX\tXX"":"
M019fb21fe3498ac4,auto_non_equivalent,1,8,0,0,0,0,0,0,0,specified,markdown_it/rules_inline/entity.py,entity,25,CONSTANT_REPLACEMENT,                match1 = match.group(1),                match1 = match.group(2)
M01e2023fbda7f005,auto_non_equivalent,1,8,0,0,0,0,0,0,0,specified,markdown_it/rules_block/paragraph.py,paragraph,18,STATEMENT_REPLACEMENT,    endLine = state.lineMax,    endLine = None
M02169bb4baa31b47,auto_non_equivalent,1,8,0,0,0,0,0,0,0,specified,markdown_it/rules_inline/entity.py,entity,45,CONSTANT_REPLACEMENT,"                token = state.push(""text_special"", """", 0)","                token = state.push(""text_special"", 0)"
M021f146cc924e126,auto_non_equivalent,1,8,0,0,0,0,0,0,0,specified,markdown_it/rules_inline/image.py,image,134,CONSTANT_REPLACEMENT,"        token = state.push(""image"", ""img"", 0)","        token = state.push(""image"", ""XXimgXX"", 0)"
M023e1e1f34cf663a,auto_non_equivalent,1,8,0,0,0,0,0,0,0,specified,markdown_it/helpers/parse_link_title.py,parseLinkTitle,61,ARITHMETIC,            state.pos = pos + 1,            state.pos = pos - 1
M023e962d8bd0c1b4,auto_non_equivalent,1,8,0,0,0,0,0,0,0,specified,markdown_it/rules_inline/escape.py,escape,51,CONSTANT_REPLACEMENT,"        token = state.push(""text_special"", """", 0)","        token = state.push("""", 0)"
M028282fb26a52e3c,auto_non_equivalent,1,8,0,0,0,0,0,0,0,specified,markdown_it/rules_inline/balance_pairs.py,processDelimiters,52,CONSTANT_REPLACEMENT,"            openersBottom[closer.marker] = [-1, -1, -1, -1, -1, -1]","            openersBottom[closer.marker] = [-1, -2, -1, -1, -1, -1]"
M02a8c0dd9114c059,auto_non_equivalent,1,8,0,0,0,0,0,0,0,specified,markdown_it/rules_inline/emphasis.py,_postProcess,66,COMPARISON,            and delimiters[i - 1].marker == startDelim.marker,            and delimiters[i + 1].marker == startDelim.marker
M02b3b28df476c3d1,auto_non_equivalent,1,8,0,0,0,0,0,0,0,specified,markdown_it/rules_inline/image.py,image,65,ARITHMETIC,            pos += 1,            pos -= 1
M02bc73484d72dce9,auto_non_equivalent,1,8,0,0,0,0,0,0,0,specified,markdown_it/rules_block/reference.py,reference,152,BOOLEAN_CONNECTOR,    if not label:,    if label:
M02d7228608478f1d,auto_non_equivalent,1,8,0,0,0,0,0,0,0,specified,markdown_it/rules_inline/link.py,link,131,CONSTANT_REPLACEMENT,"        token = state.push(""link_open"", ""a"", 1)",        token = None
M02f33b4d69df5621,auto_non_equivalent,1,8,0,0,0,0,0,0,0,specified,markdown_it/rules_inline/newline.py,newline,22,COMPARISON,"            if pmax >= 1 and charStrAt(state.pending, pmax - 1) == "" "":","            if pmax >= 1 and charStrAt(state.pending, ) == "" "":"
M02fbe85177b31623,auto_non_equivalent,1,8,0,0,0,0,0,0,0,specified,markdown_it/parser_core.py,__init__,41,CALL_ARGUMENT,"        self.ruler.push(name, rule)",        self.ruler.push(rule)
M03010e4707a8067a,auto_non_equivalent,1,8,0,0,0,0,0,0,0,specified,markdown_it/rules_block/reference.py,reference,112,CONSTANT_REPLACEMENT,"        if (lineContent := getNextLine(state, nextLine)) is None:","        if (lineContent := getNextLine(state, )) is None:"
M03142b54918fd6c0,auto_non_equivalent,1,8,0,0,0,0,0,0,0,specified,markdown_it/rules_core/normalize.py,normalize,17,CALL_ARGUMENT,"    string = NULL_RE.sub(""\ufffd"", string)","    string = NULL_RE.sub(""\ufffd"", None)"
M032b7f1567a1dbbf,auto_non_equivalent,1,8,0,0,0,0,0,0,0,specified,markdown_it/rules_inline/image.py,image,22,CONSTANT_REPLACEMENT,"    labelEnd = state.md.helpers.parseLinkLabel(state, state.pos + 1, False)","    labelEnd = state.md.helpers.parseLinkLabel(state.pos + 1, False)"
M0343f4b3706408f2,auto_non_equivalent,1,8,0,0,0,0,0,0,0,specified,markdown_it/helpers/parse_link_title.py,parseLinkTitle,65,COMPARISON,        elif code == 0x28 and state.marker == 0x29:  # /* ( */  /* ) */,        elif code == 0x28 and state.marker != 0x29:  # /* ( */  /* ) */
M035ff226ee22ee4b,auto_non_equivalent,1,8,0,0,0,0,0,0,0,specified,markdown_it/rules_block/list.py,list_block,294,COMPARISON,        prevEmptyEnd = (state.line - startLine) > 1 and state.isEmpty(state.line - 1),        prevEmptyEnd = (state.line - startLine) > 1 or state.isEmpty(state.line - 1)
M0378848dcd51f7c4,auto_non_equivalent,1,8,0,0,0,0,0,0,0,specified,markdown_it/rules_inline/emphasis.py,postProcess,98,CALL_ARGUMENT,"    _postProcess(state, state.delimiters)","    _postProcess(state, None)"
M037e65432bdce804,auto_non_equivalent,1,8,0,0,0,0,0,0,0,specified,markdown_it/rules_inline/emphasis.py,postProcess,102,CALL_ARGUMENT,"            _postProcess(state, token[""delimiters""])","            _postProcess(state, token[""XXdelimitersXX""])"
M0394790df9249c1c,auto_non_equivalent,1,8,0,0,0,0,0,0,0,specified,markdown_it/rules_block/state_block.py,push,123,COMPARISON,    if nesting < 0:,    if nesting <= 0:
M03abb0af6fdbee30,auto_non_equivalent,1,8,0,0,0,0,0,0,0,specified,markdown_it/rules_inline/backticks.py,backtick,60,STATEMENT_REPLACEMENT,            state.pos = matchEnd,            state.pos = None
M03ba61ee72def848,auto_non_equivalent,1,8,0,0,0,0,0,0,0,specified,markdown_it/rules_block/reference.py,reference,147,CONSTANT_REPLACEMENT,"    if pos < maximum and charCodeAt(string, pos) != 0x0A:","    if pos < maximum and charCodeAt(string, ) != 0x0A:"
M03d286345e25ac39,auto_non_equivalent,1,8,0,0,0,0,0,0,0,specified,markdown_it/rules_inline/state_inline.py,__init__,62,STATEMENT_REPLACEMENT,"    self.cache: dict[int, int] = {}","    self.cache: dict[int, int] = None"
M03d7e4dd6d75d667,auto_non_equivalent,1,8,0,0,0,0,0,0,0,specified,markdown_it/renderer.py,fence,306,STATEMENT_REPLACEMENT,"        ""<pre><code""","        ""<PRE><CODE"""
M03e10f4bb84fa93f,auto_non_equivalent,1,8,0,0,0,0,0,0,0,specified,markdown_it/renderer.py,render,86,ARITHMETIC,"            result += self.renderToken(tokens, i, options, env)","            result += self.renderToken(None, i, options, env)"
M03f0437a3a729ba7,auto_non_equivalent,1,8,0,0,0,0,0,0,0,specified,markdown_it/rules_block/list.py,skipOrderedListMarker,63,CALL_ARGUMENT,        ch_ord = ord(ch),        ch_ord = ord(None)
M0414755d2623ab2d,auto_non_equivalent,1,8,0,0,0,0,0,0,0,specified,markdown_it/rules_core/text_join.py,text_join,43,COMPARISON,"                    if next_token.type == ""text_special"":","                    if next_token.type != ""text_special"":"
M041a86c023e6ff1c,auto_non_equivalent,1,8,0,0,0,0,0,0,0,specified,markdown_it/rules_inline/emphasis.py,postProcess,102,CALL_ARGUMENT,"            _postProcess(state, token[""delimiters""])","            _postProcess(None, token[""delimiters""])"
M044d30ea3a2e93bb,auto_non_equivalent,1,8,0,0,0,0,0,0,0,specified,markdown_it/rules_inline/link.py,link,81,ARITHMETIC,                    pos += 1,                    pos = 1
M04658ac639e256ee,auto_non_equivalent,1,8,0,0,0,0,0,0,0,specified,markdown_it/rules_block/hr.py,hr,36,COMPARISON,    while pos < maximum:,    while pos <= maximum:
M04aa2ee2c16136c2,auto_non_equivalent,1,8,0,0,0,0,0,0,0,specified,markdown_it/helpers/parse_link_destination.py,parseLinkDestination,31,CONSTANT_REPLACEMENT,                result.str = unescapeAll(string[start + 1 : pos]),                result.str = unescapeAll(string[start + 2 : pos])
M04ae0262b78ebb5a,auto_non_equivalent,1,8,0,0,0,0,0,0,0,specified,markdown_it/rules_inline/backticks.py,backtick,44,CONSTANT_REPLACEMENT,            matchEnd += 1,            matchEnd += 2
M04b22de0e289896a,auto_non_equivalent,1,8,0,0,0,0,0,0,0,specified,markdown_it/ruler.py,after,172,ARITHMETIC,"        index + 1, Rule[RuleFuncTv](ruleName, True, fn, options.get(""alt"", []))","        index + 1, None"
M04c061ed0e293e90,auto_non_equivalent,1,8,0,0,0,0,0,0,0,specified,markdown_it/rules_block/paragraph.py,paragraph,41,CONSTANT_REPLACEMENT,"            if terminatorRule(state, nextLine, endLine, True):","            if terminatorRule(state, nextLine, endLine, None):"
M04cae6d5ade8d570,auto_non_equivalent,1,6,2,0,0,0,0,0,0,specified,markdown_it/rules_inline/newline.py,newline,29,CONSTANT_REPLACEMENT,"                state.push(""hardbreak"", ""br"", 0)","                state.push(""XXhardbreakXX"", ""br"", 0)"
M04cb019454e79824,auto_non_equivalent,1,8,0,0,0,0,0,0,0,specified,markdown_it/rules_block/reference.py,getNextLine,221,CONSTANT_REPLACEMENT,"            if terminatorRule(state, nextLine, endLine, True):","            if terminatorRule(nextLine, endLine, True):"
M04cb73ad68d1db3f,auto_non_equivalent,1,8,0,0,0,0,0,0,0,specified,markdown_it/rules_block/reference.py,reference,42,ARITHMETIC,                nextLine += 1,                nextLine -= 1
M04d632da733b68f6,auto_non_equivalent,1,8,0,0,0,0,0,0,0,specified,markdown_it/rules_block/list.py,list_block,289,BOOLEAN_CONNECTOR,        if (not state.tight) or prevEmptyEnd:,        if (not state.tight) and prevEmptyEnd:
M04f9dbabf58fd1aa,auto_non_equivalent,1,8,0,0,0,0,0,0,0,specified,markdown_it/rules_block/blockquote.py,blockquote,239,CONSTANT_REPLACEMENT,"            if terminatorRule(state, nextLine, endLine, True):","            if terminatorRule(state, nextLine, endLine, ):"
M050462a4284292a2,auto_non_equivalent,1,8,0,0,0,0,0,0,0,specified,markdown_it/rules_block/html_block.py,html_block,80,CONSTANT_REPLACEMENT,                    nextLine += 1,                    nextLine += 2
M051152816d0ff6e3,auto_non_equivalent,1,8,0,0,0,0,0,0,0,specified,markdown_it/rules_block/reference.py,reference,183,CALL_ARGUMENT,"        state.env.setdefault(""duplicate_refs"", []).append(",        state.env.setdefault([]).append(
M051681fcbf42bedf,auto_non_equivalent,1,8,0,0,0,0,0,0,0,specified,markdown_it/rules_inline/state_inline.py,__init__,57,STATEMENT_REPLACEMENT,"    self.pending = """"",    self.pending = None
M051be0a991566fc6,auto_non_equivalent,1,8,0,0,0,0,0,0,0,specified,markdown_it/rules_block/html_block.py,html_block,41,CALL_ARGUMENT,    if state.is_code_block(startLine):,    if state.is_code_block(None):
M0557e6b6c4fa8b5c,auto_non_equivalent,1,8,0,0,0,0,0,0,0,specified,markdown_it/rules_block/blockquote.py,blockquote,316,CONSTANT_REPLACEMENT,"        token = state.push(""blockquote_open"", ""blockquote"", 1)","        token = state.push(""blockquote"", 1)"
M0570d2ade6959690,auto_non_equivalent,1,8,0,0,0,0,0,0,0,specified,markdown_it/helpers/parse_link_destination.py,parseLinkDestination,32,CONSTANT_REPLACEMENT,                result.ok = True,                result.ok = None
M0577f54c223dd273,auto_non_equivalent,1,8,0,0,0,0,0,0,0,specified,markdown_it/renderer.py,code_block,251,STATEMENT_REPLACEMENT,    token = tokens[idx],    token = None
M05ac207438490073,auto_non_equivalent,1,8,0,0,0,0,0,0,0,specified,markdown_it/rules_block/lheading.py,lheading,68,CONSTANT_REPLACEMENT,"    content = state.getLines(startLine, nextLine, state.blkIndent, False).strip()","    content = state.getLines(startLine, None, state.blkIndent, False).strip()"
M05d61a6d53790f06,auto_non_equivalent,1,8,0,0,0,0,0,0,0,specified,markdown_it/rules_inline/backticks.py,backtick,46,ARITHMETIC,        closerLength = matchEnd - matchStart,        closerLength = matchEnd + matchStart
M05e4d4248f6774a4,auto_non_equivalent,1,8,0,0,0,0,0,0,0,specified,markdown_it/rules_inline/backticks.py,backtick,20,COMPARISON,"    while pos < maximum and (state.src[pos] == ""`""):","    while pos < maximum and (state.src[pos] != ""`""):"
M0645224bb7f74794,auto_non_equivalent,1,8,0,0,0,0,0,0,0,specified,markdown_it/rules_inline/image.py,image,70,COMPARISON,        if pos < max and start != pos and res.ok:,        if pos < max and start == pos and res.ok:
M0660ca9df1f00e9b,auto_non_equivalent,1,8,0,0,0,0,0,0,0,specified,markdown_it/rules_core/state_core.py,__init__,25,CONSTANT_REPLACEMENT,    self.inlineMode = False,    self.inlineMode = True
M067bd9081d7d2b61,auto_non_equivalent,1,8,0,0,0,0,0,0,0,specified,markdown_it/renderer.py,code_block,256,STATEMENT_REPLACEMENT,"        + ""><code>""","        + ""><CODE>"""
M06836ed9ebd3c7a7,auto_non_equivalent,1,8,0,0,0,0,0,0,0,specified,markdown_it/renderer.py,renderToken,123,STATEMENT_REPLACEMENT,"    result = """"",    result = None
M0696052557a95332,auto_non_equivalent,1,8,0,0,0,0,0,0,0,specified,markdown_it/rules_inline/link.py,link,26,ARITHMETIC,    pos = labelEnd + 1,    pos = labelEnd - 1
M06984aa38c10f6f0,auto_non_equivalent,1,8,0,0,0,0,0,0,0,specified,markdown_it/rules_inline/state_inline.py,scanDelims,149,CALL_ARGUMENT,    isNextWhiteSpace = isWhiteSpace(ord(nextChar)),    isNextWhiteSpace = isWhiteSpace(None)
M069c5c36a9c17328,auto_non_equivalent,1,8,0,0,0,0,0,0,0,specified,markdown_it/renderer.py,render,83,COMPARISON,        elif token.type in self.rules:,        elif token.type not in self.rules:
M06a542e461b5458a,auto_non_equivalent,1,8,0,0,0,0,0,0,0,specified,markdown_it/rules_block/list.py,list_block,368,CONSTANT_REPLACEMENT,"        token = state.push(""ordered_list_close"", ""ol"", -1)","        token = state.push(""ordered_list_close"", -1)"
M06cf4e6737902fab,auto_non_equivalent,1,8,0,0,0,0,0,0,0,specified,markdown_it/rules_block/hr.py,hr,48,CONSTANT_REPLACEMENT,        return True,        return False
M06f4c51ec3b4c29a,auto_non_equivalent,1,8,0,0,0,0,0,0,0,specified,markdown_it/renderer.py,render,77,STATEMENT_REPLACEMENT,"    result = """"","    result = ""XXXX"""
M070b988fee1c9b48,auto_non_equivalent,1,8,0,0,0,0,0,0,0,specified,markdown_it/rules_block/lheading.py,lheading,76,CONSTANT_REPLACEMENT,"    token = state.push(""inline"", """", 0)","    token = state.push(None, """", 0)"
M070d5ec15998c827,auto_non_equivalent,1,8,0,0,0,0,0,0,0,specified,markdown_it/rules_inline/emphasis.py,tokenize,30,STATEMENT_REPLACEMENT,"                open=scanned.can_open,","                open=None,"
M070da47a2e0f3302,auto_non_equivalent,1,8,0,0,0,0,0,0,0,specified,markdown_it/rules_block/heading.py,heading,35,ARITHMETIC,        level += 1,        level = 1
M0712766fa24493de,auto_non_equivalent,1,8,0,0,0,0,0,0,0,specified,markdown_it/rules_inline/link.py,link,20,CONSTANT_REPLACEMENT,"    labelEnd = state.md.helpers.parseLinkLabel(state, state.pos, True)","    labelEnd = state.md.helpers.parseLinkLabel(state, state.pos, False)"
M0723cf6eff0f2034,auto_non_equivalent,1,8,0,0,0,0,0,0,0,specified,markdown_it/common/utils.py,unescapeAll,122,CONSTANT_REPLACEMENT,        entity = match.group(2),        entity = match.group(None)
M073732ee5ffb5827,auto_non_equivalent,1,8,0,0,0,0,0,0,0,specified,markdown_it/renderer.py,fence,284,CALL_ARGUMENT,        highlighted = escapeHtml(token.content),        highlighted = escapeHtml(None)
M0745ab491c4a647e,auto_non_equivalent,1,8,0,0,0,0,0,0,0,specified,markdown_it/parser_inline.py,skipToken,152,CONSTANT_REPLACEMENT,"            ok = rule(state, True)","            ok = rule(state, False)"
M0749655e367902e7,auto_non_equivalent,1,8,0,0,0,0,0,0,0,specified,markdown_it/rules_block/state_block.py,__init__,23,STATEMENT_REPLACEMENT,    self.env = env,    self.env = None
M07643f1bc17d532b,auto_non_equivalent,1,8,0,0,0,0,0,0,0,specified,markdown_it/rules_block/reference.py,reference,147,CONSTANT_REPLACEMENT,"    if pos < maximum and charCodeAt(string, pos) != 0x0A:",    if pos < maximum and charCodeAt(pos) != 0x0A:
M0793dd2652a3c898,auto_non_equivalent,1,8,0,0,0,0,0,0,0,specified,markdown_it/rules_inline/state_inline.py,scanDelims,145,BOOLEAN_CONNECTOR,    isLastPunctChar = isMdAsciiPunct(ord(lastChar)) or isPunctChar(lastChar),    isLastPunctChar = isMdAsciiPunct(ord(None)) or isPunctChar(lastChar)
M07aea1f19d628894,auto_non_equivalent,1,8,0,0,0,0,0,0,0,specified,markdown_it/rules_inline/autolink.py,autolink,67,CONSTANT_REPLACEMENT,"            token = state.push(""text"", """", 0)","            token = state.push(""text"", 0)"
M07af18ad0ed487b9,auto_non_equivalent,1,8,0,0,0,0,0,0,0,specified,markdown_it/rules_block/heading.py,heading,57,ARITHMETIC,"    token = state.push(""heading_open"", ""h"" + str(level), 1)","    token = state.push(""heading_open"", 1)"
M07c1d56ca30f0f4c,auto_non_equivalent,1,8,0,0,0,0,0,0,0,specified,markdown_it/renderer.py,renderInlineAsText,200,STATEMENT_REPLACEMENT,"        if token.type == ""text"":","        if token.type == ""TEXT"":"
M07c5a37e715bcde6,auto_non_equivalent,1,8,0,0,0,0,0,0,0,specified,markdown_it/rules_inline/entity.py,entity,27,COMPARISON,"                    int(match1[1:], 16) if match1[0].lower() == ""x"" else int(match1, 10)","                    int(match1[1:], 16) if match1[0].lower() != ""x"" else int(match1, 10)"
M07c5bf307b1ce4e8,auto_non_equivalent,1,8,0,0,0,0,0,0,0,specified,markdown_it/rules_block/state_block.py,__init__,111,COMPARISON,"    self._code_enabled = ""code"" in self.md[""block""].ruler.get_active_rules()","    self._code_enabled = ""code"" not in self.md[""block""].ruler.get_active_rules()"
M07ccb9c95a9c4a35,auto_non_equivalent,1,8,0,0,0,0,0,0,0,specified,markdown_it/rules_inline/emphasis.py,postProcess,98,CALL_ARGUMENT,"    _postProcess(state, state.delimiters)",    _postProcess(state.delimiters)
M07ec41cd813976bb,auto_non_equivalent,1,8,0,0,0,0,0,0,0,specified,markdown_it/rules_inline/balance_pairs.py,processDelimiters,41,BOOLEAN_CONNECTOR,        closer.length = closer.length or 0,        closer.length = closer.length and 0
M07f3af6f02e6d93f,auto_non_equivalent,1,8,0,0,0,0,0,0,0,specified,markdown_it/common/utils.py,escapeHtml,145,CALL_ARGUMENT,"    raw = raw.replace('""', ""&quot;"")","    raw = raw.replace('""', )"
M081e438a14f4d339,auto_non_equivalent,1,8,0,0,0,0,0,0,0,specified,markdown_it/rules_block/state_block.py,getLines,239,COMPARISON,            elif first - lineStart < self.tShift[line]:,            elif first - lineStart <= self.tShift[line]:
M0822b9872c1fbe65,auto_non_equivalent,1,8,0,0,0,0,0,0,0,specified,markdown_it/rules_inline/escape.py,escape,23,STATEMENT_REPLACEMENT,    ch1 = state.src[pos],    ch1 = None
M0824616e1c6fa7da,auto_non_equivalent,1,8,0,0,0,0,0,0,0,specified,markdown_it/rules_inline/backticks.py,backtick,69,BOOLEAN_CONNECTOR,    if not silent:,    if silent:
M082d629ad50a374e,auto_non_equivalent,1,8,0,0,0,0,0,0,0,specified,markdown_it/rules_block/list.py,skipOrderedListMarker,73,CALL_ARGUMENT,"        if ch in ("")"", "".""):","        if ch in (""XX)XX"", "".""):"
M0836b644a04003a9,auto_non_equivalent,1,8,0,0,0,0,0,0,0,specified,markdown_it/rules_inline/image.py,image,134,CONSTANT_REPLACEMENT,"        token = state.push(""image"", ""img"", 0)","        token = state.push(""IMAGE"", ""img"", 0)"
M08371b0618d185a9,auto_non_equivalent,1,8,0,0,0,0,0,0,0,specified,markdown_it/rules_inline/escape.py,escape,32,BOOLEAN_CONNECTOR,            if not isStrSpace(ch):,            if isStrSpace(ch):
M083f629d9faaa7d7,auto_non_equivalent,1,8,0,0,0,0,0,0,0,specified,markdown_it/parser_block.py,tokenize,98,CONSTANT_REPLACEMENT,            hasEmptyLines = True,            hasEmptyLines = None
M08a50c54fa3de78f,auto_non_equivalent,1,8,0,0,0,0,0,0,0,specified,markdown_it/rules_inline/newline.py,newline,35,CONSTANT_REPLACEMENT,"            state.push(""softbreak"", ""br"", 0)","            state.push(None, ""br"", 0)"
M08a6475e1b581600,auto_non_equivalent,1,8,0,0,0,0,0,0,0,specified,markdown_it/rules_block/list.py,list_block,304,CONSTANT_REPLACEMENT,"        token = state.push(""list_item_close"", ""li"", -1)","        token = state.push(""list_item_close"", ""LI"", -1)"
M08abdef4525f0483,auto_non_equivalent,1,8,0,0,0,0,0,0,0,specified,markdown_it/parser_core.py,process,45,CALL_ARGUMENT,"    for rule in self.ruler.getRules(""""):","    for rule in self.ruler.getRules(""XXXX""):"
M08b6de4ee76b91d7,auto_non_equivalent,1,8,0,0,0,0,0,0,0,specified,markdown_it/rules_block/list.py,list_block,368,ARITHMETIC,"        token = state.push(""ordered_list_close"", ""ol"", -1)","        token = state.push(""ordered_list_close"", ""ol"", +1)"
M08d3ea52cf53b646,auto_non_equivalent,1,8,0,0,0,0,0,0,0,specified,markdown_it/rules_inline/emphasis.py,_postProcess,64,CONSTANT_REPLACEMENT,            and delimiters[i - 1].end == startDelim.end + 1,            and delimiters[i - 2].end == startDelim.end + 1
M08f4c1e89b782405,auto_non_equivalent,1,8,0,0,0,0,0,0,0,specified,markdown_it/ruler.py,after,172,ARITHMETIC,"        index + 1, Rule[RuleFuncTv](ruleName, True, fn, options.get(""alt"", []))","        index + 1, Rule[RuleFuncTv](ruleName, False, fn, options.get(""alt"", []))"
M0907bf53ae3e459a,auto_non_equivalent,1,8,0,0,0,0,0,0,0,specified,markdown_it/helpers/parse_link_title.py,parseLinkTitle,43,CALL_ARGUMENT,"        marker = charCodeAt(string, pos)","        marker = charCodeAt(None, pos)"
M0908d1f94e1e2b36,auto_non_equivalent,1,8,0,0,0,0,0,0,0,specified,markdown_it/rules_inline/state_inline.py,__init__,57,STATEMENT_REPLACEMENT,"    self.pending = """"","    self.pending = ""XXXX"""
M09216aab332a5be9,auto_non_equivalent,1,8,0,0,0,0,0,0,0,specified,markdown_it/rules_block/fence.py,make_fence_rule,122,COMPARISON,            if pos < maximum:,            if pos <= maximum:
M092506ea7bb733bc,auto_non_equivalent,1,8,0,0,0,0,0,0,0,specified,markdown_it/rules_inline/link.py,link,79,COMPARISON,"                    if not isStrSpace(ch) and ch != ""\n"":","                    if isStrSpace(ch) and ch != ""\n"":"
M09446f75b2acaddc,auto_non_equivalent,1,7,0,1,0,0,0,0,0,specified,markdown_it/cli/parse.py,parse_args,120,CALL_ARGUMENT,    return parser.parse_args(args),    return parser.parse_args(None)
M09497117fb246aed,auto_non_equivalent,1,8,0,0,0,0,0,0,0,specified,markdown_it/rules_core/text_join.py,text_join,28,STATEMENT_REPLACEMENT,"            if child_token.type == ""text_special"":","            if child_token.type == ""TEXT_SPECIAL"":"
M09791efeafdea2d6,auto_non_equivalent,1,6,2,0,0,0,0,0,0,specified,markdown_it/renderer.py,renderToken,142,COMPARISON,"    result += (""</"" if token.nesting == -1 else ""<"") + token.tag","    result = (""</"" if token.nesting == -1 else ""<"") + token.tag"
M09821a827f2b0c88,auto_non_equivalent,1,8,0,0,0,0,0,0,0,specified,markdown_it/parser_inline.py,tokenize,193,CONTROL_FLOW,                    break,                    return
M09af92352e03a1ab,auto_non_equivalent,1,8,0,0,0,0,0,0,0,specified,markdown_it/rules_inline/state_inline.py,__init__,65,STATEMENT_REPLACEMENT,    self.delimiters: list[Delimiter] = [],    self.delimiters: list[Delimiter] = None
M09ce3c7dffdcfc6f,auto_non_equivalent,1,8,0,0,0,0,0,0,0,specified,markdown_it/rules_inline/state_inline.py,push,112,CALL_ARGUMENT,        self._prev_delimiters.append(self.delimiters),        self._prev_delimiters.append(None)
M09ead95f963afd68,auto_non_equivalent,1,8,0,0,0,0,0,0,0,specified,markdown_it/rules_inline/autolink.py,autolink,63,STATEMENT_REPLACEMENT,"            token.attrs = {""href"": fullUrl}",            token.attrs = None
M09fbf65f71281d86,auto_non_equivalent,1,8,0,0,0,0,0,0,0,specified,markdown_it/rules_inline/state_inline.py,scanDelims,143,COMPARISON,"    nextChar = self.src[pos] if pos < maximum else "" ""","    nextChar = self.src[pos] if pos <= maximum else "" """
M0a061cd8a3184f9e,auto_non_equivalent,1,8,0,0,0,0,0,0,0,specified,markdown_it/renderer.py,render,86,CALL_ARGUMENT,"            result += self.renderToken(tokens, i, options, env)","            result += self.renderToken(i, options, env)"
M0a1817570cc6e135,auto_non_equivalent,1,8,0,0,0,0,0,0,0,specified,markdown_it/parser_block.py,parse,112,CALL_ARGUMENT,"    self.tokenize(state, state.line, state.lineMax)","    self.tokenize(state, state.line, None)"
M0a350776f3005f01,auto_non_equivalent,1,8,0,0,0,0,0,0,0,specified,markdown_it/rules_inline/image.py,image,70,COMPARISON,        if pos < max and start != pos and res.ok:,        if pos < max or start != pos and res.ok:
M0a37c141c8b2ac52,auto_non_equivalent,1,8,0,0,0,0,0,0,0,specified,markdown_it/rules_block/reference.py,reference,82,CALL_ARGUMENT,    href = state.md.normalizeLink(destRes.str),    href = state.md.normalizeLink(None)
M0a83e77d7a00f4a6,auto_non_equivalent,1,8,0,0,0,0,0,0,0,specified,markdown_it/rules_block/list.py,list_block,149,STATEMENT_REPLACEMENT,"        posAfterMarker = skipBulletListMarker(state, startLine)",        posAfterMarker = None
M0aa1726701cddb39,auto_non_equivalent,1,8,0,0,0,0,0,0,0,specified,markdown_it/rules_block/list.py,list_block,202,ARITHMETIC,            - (state.bMarks[startLine] + state.tShift[startLine]),            - (state.bMarks[startLine] - state.tShift[startLine])
M0aa582728361572f,auto_non_equivalent,1,8,0,0,0,0,0,0,0,specified,markdown_it/rules_block/list.py,markTightParagraphs,98,CONSTANT_REPLACEMENT,        i += 1,        i += 2
M0ac359afef084576,auto_non_equivalent,1,8,0,0,0,0,0,0,0,specified,markdown_it/rules_block/blockquote.py,blockquote,333,ARITHMETIC,        state.bMarks[i + startLine] = oldBMarks[i],        state.bMarks[i + startLine] = None
M0ac81cba0e4b4465,auto_non_equivalent,1,8,0,0,0,0,0,0,0,specified,markdown_it/rules_inline/image.py,image,28,ARITHMETIC,    pos = labelEnd + 1,    pos = labelEnd - 1
M0aea9562953fb725,auto_non_equivalent,1,8,0,0,0,0,0,0,0,specified,markdown_it/main.py,render,287,CALL_ARGUMENT,"    return self.renderer.render(self.parse(src, env), self.options, env)","    return self.renderer.render(self.parse(env), self.options, env)"
M0b03efa5335d3eee,auto_non_equivalent,1,8,0,0,0,0,0,0,0,specified,markdown_it/rules_block/reference.py,reference,105,CONTROL_FLOW,            break,            return
M0b1a0d47cb657307,auto_non_equivalent,1,8,0,0,0,0,0,0,0,specified,markdown_it/rules_block/paragraph.py,paragraph,57,CONSTANT_REPLACEMENT,"    token = state.push(""inline"", """", 0)","    token = state.push(None, """", 0)"
M0b4c7e11b694aa79,auto_non_equivalent,1,8,0,0,0,0,0,0,0,specified,markdown_it/common/utils.py,escapeHtml,142,CALL_ARGUMENT,"    raw = raw.replace(""&"", ""&amp;"")  # Must be done first!","    raw = raw.replace(""XX&XX"", ""&amp;"")  # Must be done first!"
M0b52343582a080f8,auto_non_equivalent,1,8,0,0,0,0,0,0,0,specified,markdown_it/rules_inline/link.py,link,93,STATEMENT_REPLACEMENT,"        if ""references"" not in state.env:","        if ""XXreferencesXX"" not in state.env:"
M0b5f93f5aab0ac07,auto_non_equivalent,1,8,0,0,0,0,0,0,0,specified,markdown_it/rules_block/state_block.py,__init__,108,ARITHMETIC,    self.lineMax = len(self.bMarks) - 1  # don't count last fake line,    self.lineMax = len(self.bMarks) + 1  # don't count last fake line
M0b65985871d32d8d,auto_non_equivalent,1,8,0,0,0,0,0,0,0,specified,markdown_it/rules_core/text_join.py,text_join,26,COMPARISON,        while i < len(children):,        while i <= len(children):
M0b74d0e0f114e211,auto_non_equivalent,1,8,0,0,0,0,0,0,0,specified,markdown_it/rules_inline/backticks.py,backtick,53,CALL_ARGUMENT,"                token.content = state.src[pos:matchStart].replace(""\n"", "" "")","                token.content = state.src[pos:matchStart].replace(""\n"", ""XX XX"")"
M0b7bca2a34800716,auto_non_equivalent,1,8,0,0,0,0,0,0,0,specified,markdown_it/rules_block/state_block.py,__init__,102,CALL_ARGUMENT,    self.bMarks.append(length),    self.bMarks.append(None)
M0b8d3987b4d7e3a1,auto_non_equivalent,1,8,0,0,0,0,0,0,0,specified,markdown_it/rules_block/lheading.py,lheading,81,CONSTANT_REPLACEMENT,"    token = state.push(""heading_close"", ""h"" + str(level), -1)","    token = state.push(""h"" + str(level), -1)"
M0b92711b53b93014,auto_non_equivalent,1,8,0,0,0,0,0,0,0,specified,markdown_it/rules_core/block.py,block,13,CALL_ARGUMENT,"        state.md.block.parse(state.src, state.md, state.env, state.tokens)","        state.md.block.parse(state.src, None, state.env, state.tokens)"
M0ba0c12320ba4511,auto_non_equivalent,1,8,0,0,0,0,0,0,0,specified,markdown_it/rules_inline/image.py,image,50,CALL_ARGUMENT,"        res = state.md.helpers.parseLinkDestination(state.src, pos, state.posMax)","        res = state.md.helpers.parseLinkDestination(state.src, None, state.posMax)"
M0bbdb7944ea4cba9,auto_non_equivalent,1,8,0,0,0,0,0,0,0,specified,markdown_it/rules_block/list.py,list_block,375,STATEMENT_REPLACEMENT,    state.line = nextLine,    state.line = None
M0be20ca41ced5843,auto_non_equivalent,1,8,0,0,0,0,0,0,0,specified,markdown_it/rules_block/heading.py,heading,31,STATEMENT_REPLACEMENT,        ch = state.src[pos],        ch = None
M0bfdb41ed5704f8e,auto_non_equivalent,1,8,0,0,0,0,0,0,0,specified,markdown_it/rules_block/state_block.py,__init__,47,STATEMENT_REPLACEMENT,    self.bsCount: list[int] = [],    self.bsCount: list[int] = None
M0c14ff07f0c7548e,auto_non_equivalent,1,8,0,0,0,0,0,0,0,specified,markdown_it/rules_inline/emphasis.py,tokenize,22,CONSTANT_REPLACEMENT,"        token = state.push(""text"", """", 0)","        token = state.push(""text"", 0)"
M0c28cd03de8fffde,auto_non_equivalent,1,8,0,0,0,0,0,0,0,specified,markdown_it/renderer.py,code_block,256,COMPARISON,"        + ""><code>""
        + escapeHtml(tokens[idx].content)","        + ""><code>"" - escapeHtml(tokens[idx].content)"
M0c3beb91e35e8d2e,auto_non_equivalent,1,8,0,0,0,0,0,0,0,specified,markdown_it/rules_block/list.py,skipOrderedListMarker,64,COMPARISON,        if ch_ord >= 0x30 and ch_ord <= 0x39:,        if ch_ord >= 0x30 and ch_ord < 0x39:
M0c4737ed1e88d9a0,auto_non_equivalent,1,8,0,0,0,0,0,0,0,specified,markdown_it/rules_inline/image.py,image,50,CALL_ARGUMENT,"        res = state.md.helpers.parseLinkDestination(state.src, pos, state.posMax)","        res = state.md.helpers.parseLinkDestination(state.src, pos, None)"
M0c56aaafb9b51416,auto_non_equivalent,1,8,0,0,0,0,0,0,0,specified,markdown_it/rules_block/heading.py,heading,53,STATEMENT_REPLACEMENT,        maximum = tmp,        maximum = None
M0c72ad5923a24a09,auto_non_equivalent,1,8,0,0,0,0,0,0,0,specified,markdown_it/renderer.py,fence,269,CALL_ARGUMENT,"    info = unescapeAll(token.info).strip() if token.info else """"","    info = unescapeAll(None).strip() if token.info else """""
M0c7e37c27d77d608,auto_non_equivalent,1,8,0,0,0,0,0,0,0,specified,markdown_it/rules_inline/balance_pairs.py,link_pairs,136,STATEMENT_REPLACEMENT,"        if curr_meta and ""delimiters"" in curr_meta:","        if curr_meta and ""XXdelimitersXX"" in curr_meta:"
M0c991539ef9c1e71,auto_non_equivalent,1,8,0,0,0,0,0,0,0,specified,markdown_it/rules_inline/emphasis.py,_postProcess,91,ARITHMETIC,            i -= 1,            i = 1
M0ca0a55f5e331fdf,auto_non_equivalent,1,8,0,0,0,0,0,0,0,specified,markdown_it/rules_inline/balance_pairs.py,processDelimiters,13,STATEMENT_REPLACEMENT,    openersBottom = {},    openersBottom = None
M0cb1914da42ad081,auto_non_equivalent,1,8,0,0,0,0,0,0,0,specified,markdown_it/renderer.py,fence,302,STATEMENT_REPLACEMENT,"            + ""</code></pre>\n""","            + ""</CODE></PRE>\n"""
M0cb31751f4076851,auto_non_equivalent,1,8,0,0,0,0,0,0,0,specified,markdown_it/rules_block/paragraph.py,paragraph,54,CONSTANT_REPLACEMENT,"    token = state.push(""paragraph_open"", ""p"", 1)","    token = state.push(""PARAGRAPH_OPEN"", ""p"", 1)"
M0ce9889cfb0b9ad3,auto_non_equivalent,1,8,0,0,0,0,0,0,0,specified,markdown_it/rules_inline/autolink.py,autolink,57,ARITHMETIC,"        fullUrl = state.md.normalizeLink(""mailto:"" + url)",        fullUrl = state.md.normalizeLink(None)
M0cfd130c9c19ded5,auto_non_equivalent,1,8,0,0,0,0,0,0,0,specified,markdown_it/ruler.py,push,187,BOOLEAN_CONNECTOR,"        Rule[RuleFuncTv](ruleName, True, fn, (options or {}).get(""alt"", []))","        Rule[RuleFuncTv](ruleName, True, fn, )"
M0d093403db9917ee,auto_non_equivalent,1,8,0,0,0,0,0,0,0,specified,markdown_it/rules_block/heading.py,heading,50,CALL_ARGUMENT,"    maximum = state.skipSpacesBack(maximum, pos)","    maximum = state.skipSpacesBack(None, pos)"
M0d12d0fcd155fcbb,auto_non_equivalent,1,8,0,0,0,0,0,0,0,specified,markdown_it/rules_block/list.py,skipOrderedListMarker,81,BOOLEAN_CONNECTOR,        if not isStrSpace(ch):,        if isStrSpace(ch):
M0d1491c901e9ec69,auto_non_equivalent,1,8,0,0,0,0,0,0,0,specified,markdown_it/rules_inline/link.py,link,98,CALL_ARGUMENT,"            pos = state.md.helpers.parseLinkLabel(state, pos)",            pos = state.md.helpers.parseLinkLabel(pos)
M0d220f6feae78a16,auto_non_equivalent,1,8,0,0,0,0,0,0,0,specified,markdown_it/ruler.py,at,120,CALL_ARGUMENT,    index = self.__find__(ruleName),    index = self.__find__(None)
M0d37dc98dce223e5,auto_non_equivalent,1,8,0,0,0,0,0,0,0,specified,markdown_it/rules_inline/link.py,link,64,COMPARISON,"                if not isStrSpace(ch) and ch != ""\n"":","                if not isStrSpace(ch) and ch == ""\n"":"
M0d3a2f6de051c578,auto_non_equivalent,1,8,0,0,0,0,0,0,0,specified,markdown_it/rules_block/blockquote.py,blockquote,100,STATEMENT_REPLACEMENT,    oldSCount = [state.sCount[startLine]],    oldSCount = None
M0d50d51b154f05a2,auto_non_equivalent,1,8,0,0,0,0,0,0,0,specified,markdown_it/rules_block/html_block.py,html_block,88,CONSTANT_REPLACEMENT,"    token.content = state.getLines(startLine, nextLine, state.blkIndent, True)","    token.content = state.getLines(startLine, nextLine, True)"
M0d58a71b91b0d7d6,auto_non_equivalent,1,8,0,0,0,0,0,0,0,specified,markdown_it/rules_block/heading.py,heading,34,COMPARISON,"    while ch == ""#"" and pos < maximum and level <= 6:","    while ch == ""#"" and pos < maximum or level <= 6:"
M0d6748349edf6fa6,auto_non_equivalent,1,8,0,0,0,0,0,0,0,specified,markdown_it/rules_block/blockquote.py,blockquote,239,CONSTANT_REPLACEMENT,"            if terminatorRule(state, nextLine, endLine, True):","            if terminatorRule(state, nextLine, endLine, False):"
M0d73600685ee4c81,auto_non_equivalent,1,8,0,0,0,0,0,0,0,specified,markdown_it/rules_block/lheading.py,lheading,40,STATEMENT_REPLACEMENT,"                    pos = state.skipCharsStr(pos, marker)",                    pos = None
M0d84a971d90e9593,auto_non_equivalent,1,8,0,0,0,0,0,0,0,specified,markdown_it/rules_block/heading.py,heading,20,CONSTANT_REPLACEMENT,        return False,        return True
M0d8aa88775d4eedc,auto_non_equivalent,1,8,0,0,0,0,0,0,0,specified,markdown_it/rules_block/fence.py,make_fence_rule,64,COMPARISON,        if marker not in markers:,        if marker in markers:
M0d93a35875bd3bf8,auto_non_equivalent,1,8,0,0,0,0,0,0,0,specified,markdown_it/rules_block/list.py,skipOrderedListMarker,68,ARITHMETIC,                return -1,                return +1
M0dac3ac5dce86f69,auto_non_equivalent,1,8,0,0,0,0,0,0,0,specified,markdown_it/renderer.py,image,325,CALL_ARGUMENT,"        token.attrSet(""alt"", self.renderInlineAsText(token.children, options, env))","        token.attrSet(""alt"", self.renderInlineAsText(options, env))"
M0dae6ec9ca9313b4,auto_non_equivalent,1,6,2,0,0,0,0,0,0,specified,markdown_it/rules_block/blockquote.py,blockquote,95,ARITHMETIC,        state.sCount[startLine] + 1 + (1 if spaceAfterMarker else 0),        state.sCount[startLine] - 1 + (1 if spaceAfterMarker else 0)
M0db3f5befe50151c,auto_non_equivalent,1,8,0,0,0,0,0,0,0,specified,markdown_it/rules_inline/image.py,image,116,CONSTANT_REPLACEMENT,"        ref = state.env[""references""].get(label, None)","        ref = state.env[""REFERENCES""].get(label, None)"
M0dc8b0d6b360fa42,auto_non_equivalent,1,8,0,0,0,0,0,0,0,specified,markdown_it/renderer.py,renderAttrs,175,STATEMENT_REPLACEMENT,"    result = """"",    result = None
M0df1ccbee836a24c,auto_non_equivalent,1,8,0,0,0,0,0,0,0,specified,markdown_it/rules_inline/newline.py,newline,29,CONSTANT_REPLACEMENT,"                state.push(""hardbreak"", ""br"", 0)","                state.push(""hardbreak"", ""br"", None)"
M0e277f3b18af68d4,auto_non_equivalent,1,8,0,0,0,0,0,0,0,specified,markdown_it/rules_inline/backticks.py,backtick,21,CONSTANT_REPLACEMENT,        pos += 1,        pos += 2
M0e6acdd272b38d01,auto_non_equivalent,1,8,0,0,0,0,0,0,0,specified,markdown_it/rules_inline/fragments_join.py,fragments_join,14,CONSTANT_REPLACEMENT,    level = 0,    level = None
M0e854b72b9bb2766,auto_non_equivalent,1,8,0,0,0,0,0,0,0,specified,markdown_it/rules_block/paragraph.py,paragraph,54,CONSTANT_REPLACEMENT,"    token = state.push(""paragraph_open"", ""p"", 1)","    token = state.push(""paragraph_open"", ""p"", 2)"
M0eb6b119ffd23184,auto_non_equivalent,1,8,0,0,0,0,0,0,0,specified,markdown_it/rules_block/lheading.py,lheading,45,COMPARISON,"                        level = 1 if marker == ""="" else 2","                        level = 1 if marker != ""="" else 2"
M0ecab7cb84923dfe,auto_non_equivalent,1,8,0,0,0,0,0,0,0,specified,markdown_it/rules_block/list.py,skipOrderedListMarker,64,COMPARISON,        if ch_ord >= 0x30 and ch_ord <= 0x39:,        if ch_ord > 0x30 and ch_ord <= 0x39:
M0ed9bc144e436e5a,auto_non_equivalent,1,8,0,0,0,0,0,0,0,specified,markdown_it/renderer.py,render,84,ARITHMETIC,"            result += self.rules[token.type](tokens, i, options, env)","            result += self.rules[token.type](tokens, i, None, env)"
M0ef0a33b1b40ace0,auto_non_equivalent,1,8,0,0,0,0,0,0,0,specified,markdown_it/rules_inline/image.py,image,116,CONSTANT_REPLACEMENT,"        ref = state.env[""references""].get(label, None)","        ref = state.env[""references""].get(None)"
M0f025345e4880e9d,auto_non_equivalent,1,8,0,0,0,0,0,0,0,specified,markdown_it/common/utils.py,escapeHtml,145,CALL_ARGUMENT,"    raw = raw.replace('""', ""&quot;"")","    raw = raw.replace(""&quot;"")"
M0f02b22b575e6539,auto_non_equivalent,1,8,0,0,0,0,0,0,0,specified,markdown_it/parser_inline.py,tokenize,179,STATEMENT_REPLACEMENT,"    maxNesting = state.md.options[""maxNesting""]",    maxNesting = None
M0f14c4ea4ce8ef5f,auto_non_equivalent,1,8,0,0,0,0,0,0,0,specified,markdown_it/rules_block/blockquote.py,blockquote,284,CONSTANT_REPLACEMENT,"    lines = [startLine, 0]",    lines = None
M0f34b66c6774b170,auto_non_equivalent,1,8,0,0,0,0,0,0,0,specified,markdown_it/rules_inline/state_inline.py,scanDelims,153,BOOLEAN_CONNECTOR,        or (isNextPunctChar and not (isLastWhiteSpace or isLastPunctChar)),        or (isNextPunctChar and not (isLastWhiteSpace and isLastPunctChar))
M0f4b4c77aafe6c47,auto_non_equivalent,1,8,0,0,0,0,0,0,0,specified,markdown_it/rules_inline/link.py,link,101,ARITHMETIC,                pos += 1,                pos = 1
M0f66aea89759b673,auto_non_equivalent,1,8,0,0,0,0,0,0,0,specified,markdown_it/rules_block/reference.py,reference,66,COMPARISON,"            if (lineContent := getNextLine(state, nextLine)) is not None:","            if (lineContent := getNextLine(state, nextLine)) is None:"
M0f6f3d00f6f0fee1,auto_non_equivalent,1,8,0,0,0,0,0,0,0,specified,markdown_it/rules_inline/state_inline.py,pushPending,89,STATEMENT_REPLACEMENT,"    self.pending = """"",    self.pending = None
M0f75db5ccda0c5b2,auto_non_equivalent,1,8,0,0,0,0,0,0,0,specified,markdown_it/rules_block/code.py,code,32,CONSTANT_REPLACEMENT,"    token = state.push(""code_block"", ""code"", 0)",    token = None
M0f87e7d0e1a4dff4,auto_non_equivalent,1,8,0,0,0,0,0,0,0,specified,markdown_it/rules_inline/link.py,link,20,CONSTANT_REPLACEMENT,"    labelEnd = state.md.helpers.parseLinkLabel(state, state.pos, True)","    labelEnd = state.md.helpers.parseLinkLabel(state, state.pos, )"
M0fc83d3a65489a5a,auto_non_equivalent,1,8,0,0,0,0,0,0,0,specified,markdown_it/ruler.py,after,172,ARITHMETIC,"        index + 1, Rule[RuleFuncTv](ruleName, True, fn, options.get(""alt"", []))
    )","        index + 1, )"
M0ff85091fb9c29b9,auto_non_equivalent,1,8,0,0,0,0,0,0,0,specified,markdown_it/rules_inline/autolink.py,autolink,33,ARITHMETIC,    url = state.src[start + 1 : pos],    url = state.src[start - 1 : pos]
M0ff931e66385ca23,auto_non_equivalent,1,8,0,0,0,0,0,0,0,specified,markdown_it/renderer.py,renderToken,168,COMPARISON,"    result += "">\n"" if needLf else "">""","    result = "">\n"" if needLf else "">"""
M10082ebca32bf8a8,auto_non_equivalent,1,8,0,0,0,0,0,0,0,specified,markdown_it/rules_inline/fragments_join.py,fragments_join,29,COMPARISON,            and curr + 1 < maximum,            and curr - 1 < maximum
M100aff3a71005ca2,auto_non_equivalent,1,8,0,0,0,0,0,0,0,specified,markdown_it/rules_inline/balance_pairs.py,processDelimiters,34,STATEMENT_REPLACEMENT,            headerIdx = closerIdx,            headerIdx = None
M100c32070db482bb,auto_non_equivalent,1,8,0,0,0,0,0,0,0,specified,markdown_it/rules_block/reference.py,reference,131,BOOLEAN_CONNECTOR,        if not isSpace(ch):,        if isSpace(ch):
M101dd125bbb92507,auto_non_equivalent,1,8,0,0,0,0,0,0,0,specified,markdown_it/rules_block/blockquote.py,blockquote,274,CONSTANT_REPLACEMENT,    state.blkIndent = 0,    state.blkIndent = None
M1020deb7242a8cc8,auto_non_equivalent,1,8,0,0,0,0,0,0,0,specified,markdown_it/renderer.py,render,86,CALL_ARGUMENT,"            result += self.renderToken(tokens, i, options, env)","            result += self.renderToken(tokens, i, options, )"
M1049280bbab9f85c,auto_non_equivalent,1,7,0,1,0,0,0,0,0,specified,markdown_it/cli/parse.py,parse_args,115,ARITHMETIC,"        ""--stdin"", action=""store_true"", help=""read Markdown from standard input""","        None, action=""store_true"", help=""read Markdown from standard input"""
M105d61cee341f180,auto_non_equivalent,1,8,0,0,0,0,0,0,0,specified,markdown_it/rules_inline/fragments_join.py,fragments_join,17,CONSTANT_REPLACEMENT,    curr = last = 0,    curr = last = None
M105e5b0c5bd7bfe4,auto_non_equivalent,1,8,0,0,0,0,0,0,0,specified,markdown_it/ruler.py,push,187,BOOLEAN_CONNECTOR,"        Rule[RuleFuncTv](ruleName, True, fn, (options or {}).get(""alt"", []))","        Rule[RuleFuncTv](ruleName, True, fn, (options and {}).get(""alt"", []))"
M10659d72ed883aef,auto_non_equivalent,1,8,0,0,0,0,0,0,0,specified,markdown_it/rules_block/state_block.py,__init__,75,BOOLEAN_CONNECTOR,        if not indent_found:,        if indent_found:
M108b2c3c90d0f534,auto_non_equivalent,1,8,0,0,0,0,0,0,0,specified,markdown_it/rules_block/list.py,list_block,232,CONSTANT_REPLACEMENT,"        token = state.push(""list_item_open"", ""li"", 1)","        token = state.push(""list_item_open"", ""li"", None)"
M10d0ff1dcac9d631,auto_non_equivalent,1,8,0,0,0,0,0,0,0,specified,markdown_it/rules_block/list.py,skipBulletListMarker,25,COMPARISON,    if pos < maximum:,    if pos <= maximum:
M10da866d8cb4b441,auto_non_equivalent,1,8,0,0,0,0,0,0,0,specified,markdown_it/rules_inline/autolink.py,autolink,62,CONSTANT_REPLACEMENT,"            token = state.push(""link_open"", ""a"", 1)","            token = state.push(""a"", 1)"
M10ddfcbd3369b080,auto_non_equivalent,1,8,0,0,0,0,0,0,0,specified,markdown_it/rules_inline/text.py,text,23,CONSTANT_REPLACEMENT,    return True,    return False
M10e2e46ba105ad9c,auto_non_equivalent,1,8,0,0,0,0,0,0,0,specified,markdown_it/rules_block/lheading.py,lheading,81,CONSTANT_REPLACEMENT,"    token = state.push(""heading_close"", ""h"" + str(level), -1)","    token = state.push(""heading_close"", ""XXhXX"" + str(level), -1)"
M10f119c2623ef738,auto_non_equivalent,1,8,0,0,0,0,0,0,0,specified,markdown_it/renderer.py,renderInline,103,ARITHMETIC,"            result += self.rules[token.type](tokens, i, options, env)","            result += self.rules[token.type](tokens, i, None, env)"
M110ea4e796dd29c5,auto_non_equivalent,1,8,0,0,0,0,0,0,0,specified,markdown_it/rules_block/list.py,markTightParagraphs,96,CONSTANT_REPLACEMENT,            state.tokens[i].hidden = True,            state.tokens[i].hidden = False
M11113d2e82b22051,auto_non_equivalent,1,8,0,0,0,0,0,0,0,specified,markdown_it/rules_block/hr.py,hr,20,CALL_ARGUMENT,    if state.is_code_block(startLine):,    if state.is_code_block(None):
M111343446224d0ad,auto_non_equivalent,1,8,0,0,0,0,0,0,0,specified,markdown_it/rules_block/heading.py,heading,52,COMPARISON,    if tmp > pos and isStrSpace(state.src[tmp - 1]):,    if tmp > pos or isStrSpace(state.src[tmp - 1]):
M11205c18f7a22dfe,auto_non_equivalent,1,8,0,0,0,0,0,0,0,specified,markdown_it/rules_block/state_block.py,push,124,ARITHMETIC,        self.level -= 1  # closing tag,        self.level = 1  # closing tag
M112d9a07dbebfb2d,auto_non_equivalent,1,8,0,0,0,0,0,0,0,specified,markdown_it/rules_block/list.py,list_block,135,CONSTANT_REPLACEMENT,        isTerminatingParagraph = True,        isTerminatingParagraph = False
M1156dc637fafe256,auto_non_equivalent,1,8,0,0,0,0,0,0,0,specified,markdown_it/rules_inline/link.py,link,93,STATEMENT_REPLACEMENT,"        if ""references"" not in state.env:","        if ""REFERENCES"" not in state.env:"
M1159ccd81319bc13,auto_non_equivalent,1,8,0,0,0,0,0,0,0,specified,markdown_it/rules_block/reference.py,reference,101,ARITHMETIC,                nextLine += 1,                nextLine = 1
M1184d42de684affa,auto_non_equivalent,1,8,0,0,0,0,0,0,0,specified,markdown_it/rules_block/blockquote.py,blockquote,225,CALL_ARGUMENT,            oldTShift.append(state.tShift[nextLine]),            oldTShift.append(None)
M11b714c55bf0d710,auto_non_equivalent,1,8,0,0,0,0,0,0,0,specified,markdown_it/renderer.py,image,327,CALL_ARGUMENT,"        token.attrSet(""alt"", """")","        token.attrSet(None, """")"
M11bc44087219e7a6,auto_non_equivalent,1,8,0,0,0,0,0,0,0,specified,markdown_it/rules_block/list.py,skipOrderedListMarker,63,STATEMENT_REPLACEMENT,        ch_ord = ord(ch),        ch_ord = None
M11c0c561fbd87f98,auto_non_equivalent,1,8,0,0,0,0,0,0,0,specified,markdown_it/rules_block/paragraph.py,paragraph,62,ARITHMETIC,"    token = state.push(""paragraph_close"", ""p"", -1)","    token = state.push(""paragraph_close"", ""p"", )"
M11d980d538e2fb2b,auto_non_equivalent,1,8,0,0,0,0,0,0,0,specified,markdown_it/rules_block/reference.py,getNextLine,232,STATEMENT_REPLACEMENT,    maximum = state.eMarks[nextLine],    maximum = None
M11db50e0155a7db8,auto_non_equivalent,1,8,0,0,0,0,0,0,0,specified,markdown_it/rules_inline/balance_pairs.py,processDelimiters,102,ARITHMETIC,                    newMinOpenerIdx = -1,                    newMinOpenerIdx = None
M11e48dc95db253cf,auto_non_equivalent,1,8,0,0,0,0,0,0,0,specified,markdown_it/rules_block/list.py,skipOrderedListMarker,79,STATEMENT_REPLACEMENT,        ch = state.src[pos],        ch = None
M11f6adef3a99f673,auto_non_equivalent,1,8,0,0,0,0,0,0,0,specified,markdown_it/rules_core/block.py,block,13,CALL_ARGUMENT,"        state.md.block.parse(state.src, state.md, state.env, state.tokens)","        state.md.block.parse(state.src, state.md, state.tokens)"
M120182f90fa9c991,auto_non_equivalent,1,8,0,0,0,0,0,0,0,specified,markdown_it/rules_inline/link.py,link,9,STATEMENT_REPLACEMENT,"    title = """"","    title = ""XXXX"""
M120628481ba5746e,auto_non_equivalent,1,8,0,0,0,0,0,0,0,specified,markdown_it/rules_inline/link.py,link,51,CALL_ARGUMENT,"        res = state.md.helpers.parseLinkDestination(state.src, pos, state.posMax)","        res = state.md.helpers.parseLinkDestination(state.src, None, state.posMax)"
M12344bb63ec4ad46,auto_non_equivalent,1,8,0,0,0,0,0,0,0,specified,markdown_it/rules_block/fence.py,make_fence_rule,134,CONSTANT_REPLACEMENT,"        token = state.push(token_type, ""code"", 0)","        token = state.push(""code"", 0)"
M1248a8e9f5a55399,auto_non_equivalent,1,8,0,0,0,0,0,0,0,specified,markdown_it/rules_inline/link.py,link,148,STATEMENT_REPLACEMENT,    state.posMax = maximum,    state.posMax = None
M125115c33b140522,auto_non_equivalent,1,8,0,0,0,0,0,0,0,specified,markdown_it/rules_block/html_block.py,html_block,86,CONSTANT_REPLACEMENT,"    token = state.push(""html_block"", """", 0)","    token = state.push(""XXhtml_blockXX"", """", 0)"
M128f1c3eef0625ed,auto_non_equivalent,1,8,0,0,0,0,0,0,0,specified,markdown_it/rules_inline/backticks.py,backtick,28,ARITHMETIC,            state.pending += marker,            state.pending -= marker
M12a33944cb6a1395,auto_non_equivalent,1,8,0,0,0,0,0,0,0,specified,markdown_it/rules_block/fence.py,make_fence_rule,134,CONSTANT_REPLACEMENT,"        token = state.push(token_type, ""code"", 0)",        token = None
M12a7b6f075e586b4,auto_non_equivalent,1,8,0,0,0,0,0,0,0,specified,markdown_it/rules_block/blockquote.py,blockquote,322,CONSTANT_REPLACEMENT,"        token = state.push(""blockquote_close"", ""blockquote"", -1)","        token = state.push(""blockquote_close"", ""blockquote"", -2)"
M12b701dd0450b088,auto_non_equivalent,1,8,0,0,0,0,0,0,0,specified,markdown_it/parser_block.py,tokenize,68,STATEMENT_REPLACEMENT,        state.line = line = state.skipEmptyLines(line),        state.line = line = None
M12c31676c442b372,auto_non_equivalent,1,8,0,0,0,0,0,0,0,specified,markdown_it/parser_inline.py,tokenize,178,STATEMENT_REPLACEMENT,    end = state.posMax,    end = None
M12c7c599bc4315d2,auto_non_equivalent,1,8,0,0,0,0,0,0,0,specified,markdown_it/rules_inline/balance_pairs.py,processDelimiters,92,ARITHMETIC,                        lastJump = jumps[openerIdx - 1] + 1,                        lastJump = None
M12ca715a27a6f432,auto_non_equivalent,1,8,0,0,0,0,0,0,0,specified,markdown_it/rules_block/heading.py,heading,46,CONSTANT_REPLACEMENT,        return True,        return False
M12e4274c0eebd3f7,auto_non_equivalent,1,8,0,0,0,0,0,0,0,specified,markdown_it/rules_block/lheading.py,lheading,33,ARITHMETIC,            pos = state.bMarks[nextLine] + state.tShift[nextLine],            pos = state.bMarks[nextLine] - state.tShift[nextLine]
M12eaf24c843d6471,auto_non_equivalent,1,8,0,0,0,0,0,0,0,specified,markdown_it/rules_block/heading.py,heading,51,CALL_ARGUMENT,"    tmp = state.skipCharsStrBack(maximum, ""#"", pos)","    tmp = state.skipCharsStrBack(""#"", pos)"
M12f1bc2915c6408b,auto_non_equivalent,1,8,0,0,0,0,0,0,0,specified,markdown_it/rules_block/paragraph.py,paragraph,62,ARITHMETIC,"    token = state.push(""paragraph_close"", ""p"", -1)","    token = state.push(""paragraph_close"", ""p"", None)"
M12f6bf2dfa6e9ef9,auto_non_equivalent,1,8,0,0,0,0,0,0,0,specified,markdown_it/renderer.py,renderInline,105,ARITHMETIC,"            result += self.renderToken(tokens, i, options, env)","            result += self.renderToken(None, i, options, env)"
M13035d0dfcba5aac,auto_non_equivalent,1,8,0,0,0,0,0,0,0,specified,markdown_it/rules_block/reference.py,reference,126,STATEMENT_REPLACEMENT,        nextLine = destEndLineNo,        nextLine = None
M131df169c2ad2d32,auto_non_equivalent,1,8,0,0,0,0,0,0,0,specified,markdown_it/rules_inline/emphasis.py,_postProcess,51,COMPARISON,        if startDelim.end == -1:,        if startDelim.end == +1:
M1336c548479be957,auto_non_equivalent,1,8,0,0,0,0,0,0,0,specified,markdown_it/rules_inline/balance_pairs.py,processDelimiters,31,COMPARISON,            delimiters[headerIdx].marker != closer.marker,            delimiters[headerIdx].marker == closer.marker
M133dd5df7ed9a42e,auto_non_equivalent,1,8,0,0,0,0,0,0,0,specified,markdown_it/rules_block/hr.py,hr,52,CONSTANT_REPLACEMENT,"    token = state.push(""hr"", ""hr"", 0)","    token = state.push(""hr"", ""HR"", 0)"
M134ad46800f2cb9a,auto_non_equivalent,1,8,0,0,0,0,0,0,0,specified,markdown_it/rules_block/blockquote.py,blockquote,151,ARITHMETIC,        pos += 1,        pos = 1
M13501d279c8513dd,auto_non_equivalent,1,8,0,0,0,0,0,0,0,specified,markdown_it/renderer.py,image,325,CALL_ARGUMENT,"        token.attrSet(""alt"", self.renderInlineAsText(token.children, options, env))","        token.attrSet(self.renderInlineAsText(token.children, options, env))"
M13663c1dec280872,auto_non_equivalent,1,8,0,0,0,0,0,0,0,specified,markdown_it/rules_inline/balance_pairs.py,processDelimiters,91,COMPARISON,                    if openerIdx > 0 and not delimiters[openerIdx - 1].open:,                    if openerIdx > 0 and not delimiters[openerIdx + 1].open:
M1398bde15db7e6d6,auto_non_equivalent,1,7,0,1,0,0,0,0,0,specified,markdown_it/cli/parse.py,parse_args,118,ARITHMETIC,"        ""filenames"", nargs=""*"", help=""specify an optional list of files to convert""","        None, nargs=""*"", help=""specify an optional list of files to convert"""
M13b82fb6b496cd68,auto_non_equivalent,1,8,0,0,0,0,0,0,0,specified,markdown_it/rules_inline/state_inline.py,scanDelims,145,BOOLEAN_CONNECTOR,    isLastPunctChar = isMdAsciiPunct(ord(lastChar)) or isPunctChar(lastChar),    isLastPunctChar = isMdAsciiPunct(ord(lastChar)) and isPunctChar(lastChar)
M13cd84722397308f,auto_non_equivalent,1,8,0,0,0,0,0,0,0,specified,markdown_it/rules_inline/backticks.py,backtick,53,CALL_ARGUMENT,"                token.content = state.src[pos:matchStart].replace(""\n"", "" "")","                token.content = state.src[pos:matchStart].replace(""\n"", None)"
M13cdc33f6bc4ad8d,auto_non_equivalent,1,8,0,0,0,0,0,0,0,specified,markdown_it/rules_inline/state_inline.py,__init__,48,STATEMENT_REPLACEMENT,    self.src = src,    self.src = None
M13d15f64caa85940,auto_non_equivalent,1,8,0,0,0,0,0,0,0,specified,markdown_it/rules_block/state_block.py,skipSpacesBack,166,BOOLEAN_CONNECTOR,        if not isStrSpace(self.src[pos]):,        if isStrSpace(self.src[pos]):
M13ea7ea88183f927,auto_non_equivalent,1,8,0,0,0,0,0,0,0,specified,markdown_it/rules_block/list.py,list_block,368,ARITHMETIC,"        token = state.push(""ordered_list_close"", ""ol"", -1)","        token = state.push(""ordered_list_close"", ""ol"", )"
M147dcc6dc27e8e30,auto_non_equivalent,1,8,0,0,0,0,0,0,0,specified,markdown_it/rules_block/blockquote.py,blockquote,320,CALL_ARGUMENT,"        state.md.block.tokenize(state, startLine, nextLine)","        state.md.block.tokenize(state, nextLine)"
M14934765cc377f1b,auto_non_equivalent,1,8,0,0,0,0,0,0,0,specified,markdown_it/common/utils.py,isValidEntityCode,61,COMPARISON,    if c >= 0xFDD0 and c <= 0xFDEF:,    if c >= 0xFDD0 or c <= 0xFDEF:
M14935ecc2b8ba957,auto_non_equivalent,1,8,0,0,0,0,0,0,0,specified,markdown_it/rules_block/blockquote.py,blockquote,168,CONSTANT_REPLACEMENT,                initial += 1,                initial += 2
M1495cf93401cb106,auto_non_equivalent,1,8,0,0,0,0,0,0,0,specified,markdown_it/rules_inline/link.py,link,12,STATEMENT_REPLACEMENT,    maximum = state.posMax,    maximum = None
M14a0e604d46a5287,auto_non_equivalent,1,8,0,0,0,0,0,0,0,specified,markdown_it/rules_block/lheading.py,lheading,56,CONSTANT_REPLACEMENT,"            if terminatorRule(state, nextLine, endLine, True):","            if terminatorRule(state, endLine, True):"
M14a646cb7060ed5f,auto_non_equivalent,1,8,0,0,0,0,0,0,0,specified,markdown_it/rules_block/list.py,list_block,328,CONSTANT_REPLACEMENT,                terminate = True,                terminate = False
M14be93fba10aa9a8,auto_non_equivalent,1,8,0,0,0,0,0,0,0,specified,markdown_it/rules_block/lheading.py,lheading,41,CALL_ARGUMENT,                    pos = state.skipSpaces(pos),                    pos = state.skipSpaces(None)
M14ced10c8bb4ec6d,auto_non_equivalent,1,8,0,0,0,0,0,0,0,specified,markdown_it/rules_inline/image.py,image,111,BOOLEAN_CONNECTOR,        if not label:,        if label:
M14d2876f14abc0e8,auto_non_equivalent,1,8,0,0,0,0,0,0,0,specified,markdown_it/rules_block/list.py,list_block,370,CONSTANT_REPLACEMENT,"        token = state.push(""bullet_list_close"", ""ul"", -1)","        token = state.push(""bullet_list_close"", ""UL"", -1)"
M14f8e29904923138,auto_non_equivalent,1,8,0,0,0,0,0,0,0,specified,markdown_it/main.py,configure,125,CALL_ARGUMENT,"    options = config.get(""options"", {}) or {}","    options = config.get(""OPTIONS"", {}) or {}"
M150963b2f1aac655,auto_non_equivalent,1,8,0,0,0,0,0,0,0,specified,markdown_it/rules_inline/state_inline.py,scanDelims,163,BOOLEAN_CONNECTOR,    can_close = right_flanking and (,    can_close = right_flanking or (
M151eff7bc73663b6,auto_non_equivalent,1,8,0,0,0,0,0,0,0,specified,markdown_it/rules_inline/fragments_join.py,fragments_join,39,CALL_ARGUMENT,                parts.append(state.tokens[curr].content),                parts.append(None)
M1520a99a8f28267a,auto_non_equivalent,1,8,0,0,0,0,0,0,0,specified,markdown_it/rules_inline/autolink.py,autolink,41,CONSTANT_REPLACEMENT,"            token = state.push(""link_open"", ""a"", 1)","            token = state.push(""link_open"", None, 1)"
M153a6539a1ea7bf6,auto_non_equivalent,1,8,0,0,0,0,0,0,0,specified,markdown_it/common/utils.py,isValidEntityCode,72,COMPARISON,    if c >= 0x7F and c <= 0x9F:,    if c >= 0x7F or c <= 0x9F:
M1555d44f0212e3af,auto_non_equivalent,1,8,0,0,0,0,0,0,0,specified,markdown_it/parser_inline.py,skipToken,139,STATEMENT_REPLACEMENT,"    maxNesting = state.md.options[""maxNesting""]","    maxNesting = state.md.options[""maxnesting""]"
M1562d6607950a0c6,auto_non_equivalent,1,8,0,0,0,0,0,0,0,specified,markdown_it/rules_block/blockquote.py,blockquote,30,CONSTANT_REPLACEMENT,    pos += 1,    pos += 2
M1565f4c79cb7ece0,auto_non_equivalent,1,7,0,1,0,0,0,0,0,specified,markdown_it/cli/parse.py,parse_args,113,ARITHMETIC,"    parser.add_argument(""-v"", ""--version"", action=""version"", version=version_str)","    parser.add_argument(""-v"", None, action=""version"", version=version_str)"
M15a38ef0cd9f02b4,auto_non_equivalent,1,8,0,0,0,0,0,0,0,specified,markdown_it/rules_inline/autolink.py,autolink,37,BOOLEAN_CONNECTOR,        if not state.md.validateLink(fullUrl):,        if not state.md.validateLink(None):
M15a628985531c796,auto_non_equivalent,1,8,0,0,0,0,0,0,0,specified,markdown_it/rules_block/list.py,list_block,261,STATEMENT_REPLACEMENT,        state.blkIndent = indent,        state.blkIndent = None
M15ae32403029b514,auto_non_equivalent,1,8,0,0,0,0,0,0,0,specified,markdown_it/rules_inline/backticks.py,backtick,43,COMPARISON,"        while matchEnd < maximum and (state.src[matchEnd] == ""`""):","        while matchEnd <= maximum and (state.src[matchEnd] == ""`""):"
M15ae6483eb9e2bb3,auto_non_equivalent,1,8,0,0,0,0,0,0,0,specified,markdown_it/rules_block/hr.py,hr,38,ARITHMETIC,        pos += 1,        pos -= 1
M15b3e72cfe6ee466,auto_non_equivalent,1,8,0,0,0,0,0,0,0,specified,markdown_it/rules_inline/emphasis.py,_postProcess,46,COMPARISON,        if startDelim.marker != 0x5F and startDelim.marker != 0x2A:,        if startDelim.marker == 0x5F and startDelim.marker != 0x2A:
M15c21bc34ce10396,auto_non_equivalent,1,8,0,0,0,0,0,0,0,specified,markdown_it/rules_inline/emphasis.py,tokenize,27,OTHER,"                length=scanned.length,",
M15c592ced843f097,auto_non_equivalent,1,8,0,0,0,0,0,0,0,specified,markdown_it/rules_inline/backticks.py,backtick,43,COMPARISON,"        while matchEnd < maximum and (state.src[matchEnd] == ""`""):","        while matchEnd < maximum and (state.src[matchEnd] != ""`""):"
M15ccba6bc3361b68,auto_non_equivalent,1,8,0,0,0,0,0,0,0,specified,markdown_it/rules_block/list.py,list_block,370,ARITHMETIC,"        token = state.push(""bullet_list_close"", ""ul"", -1)","        token = state.push(""bullet_list_close"", ""ul"", None)"
M15dc5d7c7ddaaa76,auto_non_equivalent,1,8,0,0,0,0,0,0,0,specified,markdown_it/rules_block/lheading.py,lheading,39,COMPARISON,"                if marker in (""-"", ""=""):","                if marker not in (""-"", ""=""):"
M15f6592985d364d5,auto_non_equivalent,1,8,0,0,0,0,0,0,0,specified,markdown_it/rules_inline/image.py,image,69,CONSTANT_REPLACEMENT,"        res = state.md.helpers.parseLinkTitle(state.src, pos, state.posMax, None)","        res = state.md.helpers.parseLinkTitle(state.src, pos, None, None)"
M160d6ec8880ec534,auto_non_equivalent,1,8,0,0,0,0,0,0,0,specified,markdown_it/common/utils.py,escapeHtml,142,CALL_ARGUMENT,"    raw = raw.replace(""&"", ""&amp;"")  # Must be done first!","    raw = raw.replace(""&"", ""&AMP;"")  # Must be done first!"
M16367cc1e2122701,auto_non_equivalent,1,8,0,0,0,0,0,0,0,specified,markdown_it/parser_inline.py,skipToken,171,CONSTANT_REPLACEMENT,        state.pos += 1,        state.pos += 2
M163bd3d141fc82fd,auto_non_equivalent,1,8,0,0,0,0,0,0,0,specified,markdown_it/rules_block/paragraph.py,paragraph,54,CONSTANT_REPLACEMENT,"    token = state.push(""paragraph_open"", ""p"", 1)","    token = state.push(""paragraph_open"", ""P"", 1)"
M163c1256f2d8f7ce,auto_non_equivalent,1,8,0,0,0,0,0,0,0,specified,markdown_it/rules_inline/state_inline.py,scanDelims,137,COMPARISON,    while pos < maximum and self.src[pos] == marker:,    while pos <= maximum and self.src[pos] == marker:
M163cd3a53802a423,auto_non_equivalent,1,8,0,0,0,0,0,0,0,specified,markdown_it/helpers/parse_link_label.py,parseLinkLabel,29,CALL_ARGUMENT,        state.md.inline.skipToken(state),        state.md.inline.skipToken(None)
M1643bc8bd97b286f,auto_non_equivalent,1,8,0,0,0,0,0,0,0,specified,markdown_it/main.py,__init__,36,STATEMENT_REPLACEMENT,"    config: str | PresetType = ""commonmark"",","    config: str | PresetType = ""COMMONMARK"","
M164e7fd50d489a00,auto_non_equivalent,1,8,0,0,0,0,0,0,0,specified,markdown_it/rules_inline/balance_pairs.py,processDelimiters,82,COMPARISON,                    and (opener.length % 3 != 0 or closer.length % 3 != 0),                    and (opener.length % 3 != 0 or closer.length % 3 == 0)
M165cc3b2246e4f65,auto_non_equivalent,1,8,0,0,0,0,0,0,0,specified,markdown_it/rules_inline/escape.py,escape,12,STATEMENT_REPLACEMENT,    maximum = state.posMax,    maximum = None
M166ee5989f06f53b,auto_non_equivalent,1,8,0,0,0,0,0,0,0,specified,markdown_it/renderer.py,fence,309,COMPARISON,"        + highlighted
        + ""</code></pre>\n""","        + highlighted - ""</code></pre>\n"""
M16806e7ea5c1a973,auto_non_equivalent,1,8,0,0,0,0,0,0,0,specified,markdown_it/rules_block/paragraph.py,paragraph,57,CONSTANT_REPLACEMENT,"    token = state.push(""inline"", """", 0)","    token = state.push(""inline"", 0)"
M169e075d0b862105,auto_non_equivalent,1,1,7,0,0,0,0,0,0,specified,markdown_it/renderer.py,renderToken,155,CONSTANT_REPLACEMENT,        if token.nesting == 1 and (idx + 1 < len(tokens)):,        if token.nesting == 1 and (idx + 2 < len(tokens)):
M16af751b54ca2c86,auto_non_equivalent,1,8,0,0,0,0,0,0,0,specified,markdown_it/rules_inline/state_inline.py,push,99,CALL_ARGUMENT,"    token = Token(ttype, tag, nesting)","    token = Token(ttype, tag, )"
M16b8de35f7f80977,auto_non_equivalent,1,8,0,0,0,0,0,0,0,specified,markdown_it/renderer.py,renderToken,161,CONSTANT_REPLACEMENT,                needLf = False,                needLf = True
M16c118de0c4450fb,auto_non_equivalent,1,8,0,0,0,0,0,0,0,specified,markdown_it/rules_inline/newline.py,newline,22,CONSTANT_REPLACEMENT,"            if pmax >= 1 and charStrAt(state.pending, pmax - 1) == "" "":","            if pmax >= 1 and charStrAt(state.pending, pmax - 2) == "" "":"
M16c18e428c34a302,auto_non_equivalent,1,8,0,0,0,0,0,0,0,specified,markdown_it/rules_block/state_block.py,__init__,87,CONSTANT_REPLACEMENT,"        if character == ""\n"" or pos == length - 1:","        if character == ""XX\nXX"" or pos == length - 1:"
M16cf72a0d4257e98,auto_non_equivalent,1,8,0,0,0,0,0,0,0,specified,markdown_it/parser_block.py,tokenize,98,CONSTANT_REPLACEMENT,            hasEmptyLines = True,            hasEmptyLines = False
M16e1453e07786d9a,auto_non_equivalent,1,8,0,0,0,0,0,0,0,specified,markdown_it/rules_block/heading.py,heading,19,CALL_ARGUMENT,    if state.is_code_block(startLine):,    if state.is_code_block(None):
M16e5a954ee77faa3,auto_non_equivalent,1,8,0,0,0,0,0,0,0,specified,markdown_it/rules_inline/emphasis.py,_postProcess,46,CONSTANT_REPLACEMENT,        if startDelim.marker != 0x5F and startDelim.marker != 0x2A:,        if startDelim.marker != 0x5F and startDelim.marker != 43:
M16f8d71ba2009424,auto_non_equivalent,1,8,0,0,0,0,0,0,0,specified,markdown_it/common/normalize_url.py,validateLink,81,CONSTANT_REPLACEMENT,    return bool(GOOD_DATA_RE.search(url)) if BAD_PROTO_RE.search(url) else True,    return bool(GOOD_DATA_RE.search(url)) if BAD_PROTO_RE.search(None) else True
M17014f7247fd4a38,auto_non_equivalent,1,8,0,0,0,0,0,0,0,specified,markdown_it/parser_inline.py,tokenize,191,CONSTANT_REPLACEMENT,"                ok = rule(state, False)","                ok = rule(None, False)"
M17046082d3bc7b4d,auto_non_equivalent,1,8,0,0,0,0,0,0,0,specified,markdown_it/cli/parse.py,convert_file,53,CALL_ARGUMENT,"        with open(filename, encoding=""utf8"") as fin:","        with open(encoding=""utf8"") as fin:"
M170584a443e7d7dd,auto_non_equivalent,1,8,0,0,0,0,0,0,0,specified,markdown_it/rules_block/reference.py,reference,114,ARITHMETIC,        string += lineContent,        string -= lineContent
M1729aa99c24f1772,auto_non_equivalent,1,8,0,0,0,0,0,0,0,specified,markdown_it/rules_block/list.py,markTightParagraphs,94,STATEMENT_REPLACEMENT,"        if state.tokens[i].level == level and state.tokens[i].type == ""paragraph_open"":","        if state.tokens[i].level == level and state.tokens[i].type == ""XXparagraph_openXX"":"
M1758c3b9bb5b4699,auto_non_equivalent,1,8,0,0,0,0,0,0,0,specified,markdown_it/rules_block/state_block.py,getLines,223,COMPARISON,    while line < end:,    while line <= end:
M17700c534c682c2f,auto_non_equivalent,1,8,0,0,0,0,0,0,0,specified,markdown_it/rules_block/blockquote.py,blockquote,50,ARITHMETIC,        initial += 1,        initial = 1
M17715f823434c90d,auto_non_equivalent,1,8,0,0,0,0,0,0,0,specified,markdown_it/rules_block/reference.py,reference,32,STATEMENT_REPLACEMENT,"        ch = charCodeAt(string, pos)",        ch = None
M1780b73a55d50f17,auto_non_equivalent,1,8,0,0,0,0,0,0,0,specified,markdown_it/rules_block/list.py,skipOrderedListMarker,38,ARITHMETIC,    start = state.bMarks[startLine] + state.tShift[startLine],    start = state.bMarks[startLine] - state.tShift[startLine]
M17a19fa398538ba3,auto_non_equivalent,1,8,0,0,0,0,0,0,0,specified,markdown_it/rules_inline/html_inline.py,html_inline,37,CALL_ARGUMENT,        if isLinkOpen(token.content):,        if isLinkOpen(None):
M17dc43c11caae88f,auto_non_equivalent,1,8,0,0,0,0,0,0,0,specified,markdown_it/rules_inline/autolink.py,autolink,41,CONSTANT_REPLACEMENT,"            token = state.push(""link_open"", ""a"", 1)",            token = None
M17e95ebee48af3af,auto_non_equivalent,1,8,0,0,0,0,0,0,0,specified,markdown_it/rules_block/reference.py,reference,64,CALL_ARGUMENT,"        ch = charCodeAt(string, pos)","        ch = charCodeAt(string, None)"
M17ed898aaf014d36,auto_non_equivalent,1,8,0,0,0,0,0,0,0,specified,markdown_it/rules_inline/image.py,image,100,CALL_ARGUMENT,"            pos = state.md.helpers.parseLinkLabel(state, pos)","            pos = state.md.helpers.parseLinkLabel(state, None)"
M180850c4991d6b3d,auto_non_equivalent,1,8,0,0,0,0,0,0,0,specified,markdown_it/rules_inline/link.py,link,66,ARITHMETIC,                pos += 1,                pos -= 1
M1817dc9895f33306,auto_non_equivalent,1,8,0,0,0,0,0,0,0,specified,markdown_it/rules_block/blockquote.py,blockquote,322,ARITHMETIC,"        token = state.push(""blockquote_close"", ""blockquote"", -1)","        token = state.push(""blockquote_close"", ""blockquote"", )"
M182daf596bdb2e99,auto_non_equivalent,1,8,0,0,0,0,0,0,0,specified,markdown_it/renderer.py,fence,300,STATEMENT_REPLACEMENT,"            + "">""","            + ""XX>XX"""
M182f70e656144a75,auto_non_equivalent,1,8,0,0,0,0,0,0,0,specified,markdown_it/helpers/parse_link_destination.py,parseLinkDestination,58,CONSTANT_REPLACEMENT,"            if charCodeAt(string, pos + 1) == 0x20:",            if charCodeAt(pos + 1) == 0x20:
M184c6f8c291d089e,auto_non_equivalent,1,8,0,0,0,0,0,0,0,specified,markdown_it/rules_block/list.py,list_block,327,CONSTANT_REPLACEMENT,"            if terminatorRule(state, nextLine, endLine, True):","            if terminatorRule(state, endLine, True):"
M18580d53fa0bb806,auto_non_equivalent,1,8,0,0,0,0,0,0,0,specified,markdown_it/rules_block/reference.py,reference,36,STATEMENT_REPLACEMENT,            labelEnd = pos,            labelEnd = None
M187f8c4f2fa80dca,auto_non_equivalent,1,8,0,0,0,0,0,0,0,specified,markdown_it/rules_inline/balance_pairs.py,processDelimiters,96,ARITHMETIC,                    jumps[closerIdx] = closerIdx - openerIdx + lastJump,                    jumps[closerIdx] = closerIdx + openerIdx + lastJump
M18810f15b52af78d,auto_non_equivalent,1,8,0,0,0,0,0,0,0,specified,markdown_it/helpers/parse_link_title.py,parseLinkTitle,73,CONSTANT_REPLACEMENT,    state.can_continue = True,    state.can_continue = None
M1894ee84659fa4e2,auto_non_equivalent,1,8,0,0,0,0,0,0,0,specified,markdown_it/common/utils.py,escapeHtml,143,COMPARISON,"    raw = raw.replace(""<"", ""&lt;"")","    raw = raw.replace(""&lt;"")"
M18ab6d16e10956c3,auto_non_equivalent,1,8,0,0,0,0,0,0,0,specified,markdown_it/rules_block/reference.py,reference,101,CONSTANT_REPLACEMENT,                nextLine += 1,                nextLine += 2
M18cab22cc5bf7306,auto_non_equivalent,1,8,0,0,0,0,0,0,0,specified,markdown_it/rules_block/state_block.py,skipSpaces,157,CONSTANT_REPLACEMENT,        pos += 1,        pos += 2
M18d4ef49976fd6e8,auto_non_equivalent,1,8,0,0,0,0,0,0,0,specified,markdown_it/rules_block/paragraph.py,paragraph,54,CONSTANT_REPLACEMENT,"    token = state.push(""paragraph_open"", ""p"", 1)","    token = state.push(""paragraph_open"", None, 1)"
M19126635db0c8db9,auto_non_equivalent,1,8,0,0,0,0,0,0,0,specified,markdown_it/rules_inline/autolink.py,autolink,41,CONSTANT_REPLACEMENT,"            token = state.push(""link_open"", ""a"", 1)","            token = state.push(""link_open"", 1)"
M191b3c86e34118b9,auto_non_equivalent,1,8,0,0,0,0,0,0,0,specified,markdown_it/rules_block/state_block.py,__init__,76,CALL_ARGUMENT,            if isStrSpace(character):,            if isStrSpace(None):
M192484ddb47e3747,auto_non_equivalent,1,8,0,0,0,0,0,0,0,specified,markdown_it/helpers/parse_link_title.py,parseLinkTitle,63,CONSTANT_REPLACEMENT,            state.ok = True,            state.ok = None
M1929b4fecbfbbd8d,auto_non_equivalent,1,8,0,0,0,0,0,0,0,specified,markdown_it/common/utils.py,isSpace,164,CONSTANT_REPLACEMENT,"    return code in (0x09, 0x20)","    return code in (10, 0x20)"
M194847b58c4beedc,auto_non_equivalent,1,8,0,0,0,0,0,0,0,specified,markdown_it/rules_inline/link.py,link,131,CONSTANT_REPLACEMENT,"        token = state.push(""link_open"", ""a"", 1)","        token = state.push(""link_open"", ""a"", None)"
M1963c1d61c4bd1e1,auto_non_equivalent,1,8,0,0,0,0,0,0,0,specified,markdown_it/rules_block/heading.py,heading,66,CONSTANT_REPLACEMENT,"    token = state.push(""heading_close"", ""h"" + str(level), -1)","    token = state.push(""heading_close"", ""h"" + str(level), -2)"
M196d45da64e2993b,auto_non_equivalent,1,8,0,0,0,0,0,0,0,specified,markdown_it/rules_block/blockquote.py,blockquote,38,ARITHMETIC,    initial = offset = state.sCount[startLine] + 1,    initial = offset = None
M197043c527466a6f,auto_non_equivalent,1,8,0,0,0,0,0,0,0,specified,markdown_it/rules_block/reference.py,reference,78,CALL_ARGUMENT,"    destRes = state.md.helpers.parseLinkDestination(string, pos, maximum)","    destRes = state.md.helpers.parseLinkDestination(None, pos, maximum)"
M1976c1ce8ee4d38e,auto_non_equivalent,1,8,0,0,0,0,0,0,0,specified,markdown_it/helpers/parse_link_title.py,parseLinkTitle,67,CONSTANT_REPLACEMENT,        elif code == 0x5C and pos + 1 < maximum:  # /* \ */,        elif code == 93 and pos + 1 < maximum:  # /* \ */
M197e85c016b31219,auto_non_equivalent,1,8,0,0,0,0,0,0,0,specified,markdown_it/rules_inline/link.py,link,145,CONSTANT_REPLACEMENT,"        token = state.push(""link_close"", ""a"", -1)","        token = state.push(""link_close"", ""a"", -2)"
M197fbae2bbd02439,auto_non_equivalent,1,8,0,0,0,0,0,0,0,specified,markdown_it/rules_inline/image.py,image,18,COMPARISON,"    if state.pos + 1 < state.posMax and state.src[state.pos + 1] != ""["":","    if state.pos + 1 < state.posMax and state.src[state.pos - 1] != ""["":"
M19967244890df9a1,auto_non_equivalent,1,8,0,0,0,0,0,0,0,specified,markdown_it/rules_inline/newline.py,newline,29,CONSTANT_REPLACEMENT,"                state.push(""hardbreak"", ""br"", 0)","                state.push(""hardbreak"", ""br"", )"
M19cfd078178a22e6,auto_non_equivalent,1,8,0,0,0,0,0,0,0,specified,markdown_it/rules_block/reference.py,reference,32,CALL_ARGUMENT,"        ch = charCodeAt(string, pos)","        ch = charCodeAt(string, None)"
M1a0895ab3c1135f3,auto_non_equivalent,1,8,0,0,0,0,0,0,0,specified,markdown_it/rules_block/paragraph.py,paragraph,34,CONSTANT_REPLACEMENT,        if state.sCount[nextLine] < 0:,        if state.sCount[nextLine] < 1:
M1a22492d91f916b6,auto_non_equivalent,1,8,0,0,0,0,0,0,0,specified,markdown_it/rules_block/blockquote.py,blockquote,322,ARITHMETIC,"        token = state.push(""blockquote_close"", ""blockquote"", -1)","        token = state.push(""blockquote_close"", ""blockquote"", +1)"
M1a23469a99a991c5,auto_non_equivalent,1,8,0,0,0,0,0,0,0,specified,markdown_it/rules_block/state_block.py,getLines,227,CONSTANT_REPLACEMENT,            self.eMarks[line] + 1,            self.eMarks[line] + 2
M1a275bc364ba0b47,auto_non_equivalent,1,8,0,0,0,0,0,0,0,specified,markdown_it/renderer.py,renderAttrs,178,ARITHMETIC,"        result += "" "" + escapeHtml(key) + '=""' + escapeHtml(str(value)) + '""'","        result += "" "" + escapeHtml(None) + '=""' + escapeHtml(str(value)) + '""'"
M1a56aa8e2b2fd9ef,auto_non_equivalent,1,8,0,0,0,0,0,0,0,specified,markdown_it/rules_inline/entity.py,entity,31,CONSTANT_REPLACEMENT,"                token.content = (
                    fromCodePoint(code)
                    if isValidEntityCode(code)
                    else fromCodePoint(0xFFFD)
                )",                token.content = None
M1a59ff14e3f3fd44,auto_non_equivalent,1,8,0,0,0,0,0,0,0,specified,markdown_it/rules_inline/backticks.py,backtick,59,CONSTANT_REPLACEMENT,                    token.content = token.content[1:-1],                    token.content = token.content[2:-1]
M1a80748814cb8178,auto_non_equivalent,1,8,0,0,0,0,0,0,0,specified,markdown_it/parser_inline.py,parse,212,CALL_ARGUMENT,"    rules2 = self.ruler2.getRules("""")","    rules2 = self.ruler2.getRules(""XXXX"")"
M1a82d0981a594a93,auto_non_equivalent,1,8,0,0,0,0,0,0,0,specified,markdown_it/rules_block/blockquote.py,blockquote,73,STATEMENT_REPLACEMENT,    oldBMarks = [state.bMarks[startLine]],    oldBMarks = None
M1a977a1f5476ef00,auto_non_equivalent,1,8,0,0,0,0,0,0,0,specified,markdown_it/rules_block/blockquote.py,blockquote,101,ARITHMETIC,    state.sCount[startLine] = offset - initial,    state.sCount[startLine] = offset + initial
M1ac4d77e5f123170,auto_non_equivalent,1,8,0,0,0,0,0,0,0,specified,markdown_it/rules_block/reference.py,reference,64,CALL_ARGUMENT,"        ch = charCodeAt(string, pos)","        ch = charCodeAt(string, )"
M1adf66307d58058e,auto_non_equivalent,1,3,5,0,0,0,0,0,0,specified,markdown_it/ruler.py,after,172,ARITHMETIC,"        index + 1, Rule[RuleFuncTv](ruleName, True, fn, options.get(""alt"", []))","        index - 1, Rule[RuleFuncTv](ruleName, True, fn, options.get(""alt"", []))"
M1aeb25e359028f52,auto_non_equivalent,1,8,0,0,0,0,0,0,0,specified,markdown_it/rules_block/lheading.py,lheading,41,STATEMENT_REPLACEMENT,                    pos = state.skipSpaces(pos),                    pos = None
M1af01dce96ab4eb8,auto_non_equivalent,1,8,0,0,0,0,0,0,0,specified,markdown_it/ruler.py,after,172,CONSTANT_REPLACEMENT,"        index + 1, Rule[RuleFuncTv](ruleName, True, fn, options.get(""alt"", []))","        index + 1, Rule[RuleFuncTv](ruleName, True, options.get(""alt"", []))"
M1af2b9f0c4231381,auto_non_equivalent,1,8,0,0,0,0,0,0,0,specified,markdown_it/rules_block/fence.py,make_fence_rule,136,ARITHMETIC,"        token.content = state.getLines(startLine + 1, nextLine, length, True)","        token.content = state.getLines(startLine - 1, nextLine, length, True)"
M1b00b51ff342566d,auto_non_equivalent,1,8,0,0,0,0,0,0,0,specified,markdown_it/rules_block/reference.py,reference,89,STATEMENT_REPLACEMENT,    destEndPos = pos,    destEndPos = None
M1b14bf1d87cd6d77,auto_non_equivalent,1,8,0,0,0,0,0,0,0,specified,markdown_it/rules_block/code.py,code,32,CONSTANT_REPLACEMENT,"    token = state.push(""code_block"", ""code"", 0)","    token = state.push(""code_block"", ""code"", None)"
M1b326fe0c13956b2,auto_non_equivalent,1,8,0,0,0,0,0,0,0,specified,markdown_it/rules_block/reference.py,reference,99,ARITHMETIC,                string += lineContent,                string = lineContent
M1b494a208f857da5,auto_non_equivalent,1,8,0,0,0,0,0,0,0,specified,markdown_it/rules_inline/text.py,text,10,STATEMENT_REPLACEMENT,    posMax = state.posMax,    posMax = None
M1b59569bf1350e1e,auto_non_equivalent,1,8,0,0,0,0,0,0,0,specified,markdown_it/rules_inline/html_inline.py,html_inline,14,STATEMENT_REPLACEMENT,    pos = state.pos,    pos = None
M1b5d85017a9bfb6d,auto_non_equivalent,1,8,0,0,0,0,0,0,0,specified,markdown_it/rules_inline/newline.py,newline,22,CONSTANT_REPLACEMENT,"            if pmax >= 1 and charStrAt(state.pending, pmax - 1) == "" "":","            if pmax >= 1 and charStrAt(state.pending, pmax - 1) == ""XX XX"":"
M1b66c0f061be849f,auto_non_equivalent,1,8,0,0,0,0,0,0,0,specified,markdown_it/rules_block/reference.py,reference,130,CALL_ARGUMENT,"        ch = charCodeAt(string, pos)","        ch = charCodeAt(string, )"
M1b79b4e0dfd6c452,auto_non_equivalent,1,8,0,0,0,0,0,0,0,specified,markdown_it/rules_block/html_block.py,html_block,44,BOOLEAN_CONNECTOR,"    if not state.md.options.get(""html"", None):","    if state.md.options.get(""html"", None):"
M1b7b1accfa946945,auto_non_equivalent,1,7,0,1,0,0,0,0,0,specified,markdown_it/cli/parse.py,parse_args,113,ARITHMETIC,"    parser.add_argument(""-v"", ""--version"", action=""version"", version=version_str)","    parser.add_argument(""-v"", ""--version"", action=None, version=version_str)"
M1b804b361b31536f,auto_non_equivalent,1,8,0,0,0,0,0,0,0,specified,markdown_it/rules_block/blockquote.py,blockquote,22,CONSTANT_REPLACEMENT,        return False,        return True
M1b8cd9f0ec15bd62,auto_non_equivalent,1,8,0,0,0,0,0,0,0,specified,markdown_it/common/utils.py,isValidEntityCode,66,CONSTANT_REPLACEMENT,    if c >= 0x00 and c <= 0x08:,    if c >= 1 and c <= 0x08:
M1b8d00b87c6e2c7d,auto_non_equivalent,1,8,0,0,0,0,0,0,0,specified,markdown_it/rules_block/reference.py,getNextLine,221,CONSTANT_REPLACEMENT,"            if terminatorRule(state, nextLine, endLine, True):","            if terminatorRule(state, endLine, True):"
M1ba0d33f0fced90b,auto_non_equivalent,1,8,0,0,0,0,0,0,0,specified,markdown_it/rules_inline/emphasis.py,_postProcess,72,CALL_ARGUMENT,        ch = chr(startDelim.marker),        ch = chr(None)
M1bb3030fd67e97c0,auto_non_equivalent,1,8,0,0,0,0,0,0,0,specified,markdown_it/rules_block/blockquote.py,blockquote,316,CONSTANT_REPLACEMENT,"        token = state.push(""blockquote_open"", ""blockquote"", 1)","        token = state.push(""blockquote_open"", ""blockquote"", None)"
M1bd89ca426c91f52,auto_non_equivalent,1,8,0,0,0,0,0,0,0,specified,markdown_it/rules_block/fence.py,make_fence_rule,134,CONSTANT_REPLACEMENT,"        token = state.push(token_type, ""code"", 0)","        token = state.push(token_type, ""code"", None)"
M1bddc9b170983d70,auto_non_equivalent,1,8,0,0,0,0,0,0,0,specified,markdown_it/rules_inline/emphasis.py,_postProcess,76,STATEMENT_REPLACEMENT,"        token.tag = ""strong"" if isStrong else ""em""","        token.tag = ""XXstrongXX"" if isStrong else ""em"""
M1c0640137665f034,auto_non_equivalent,1,8,0,0,0,0,0,0,0,specified,markdown_it/rules_core/text_join.py,text_join,33,CONSTANT_REPLACEMENT,"                and new_tokens[-1].type == ""text""","                and new_tokens[-2].type == ""text"""
M1c1294b65286c4e0,auto_non_equivalent,1,8,0,0,0,0,0,0,0,specified,markdown_it/rules_inline/image.py,image,69,CONSTANT_REPLACEMENT,"        res = state.md.helpers.parseLinkTitle(state.src, pos, state.posMax, None)","        res = state.md.helpers.parseLinkTitle(pos, state.posMax, None)"
M1c175ef8d35439b2,auto_non_equivalent,1,8,0,0,0,0,0,0,0,specified,markdown_it/helpers/parse_link_label.py,parseLinkLabel,17,ARITHMETIC,    state.pos = start + 1,    state.pos = start - 1
M1c17d9e9f55ccc7e,auto_non_equivalent,1,8,0,0,0,0,0,0,0,specified,markdown_it/rules_inline/link.py,link,41,COMPARISON,"            if not isStrSpace(ch) and ch != ""\n"":","            if not isStrSpace(ch) and ch == ""\n"":"
M1c2426a3e9583dcb,auto_non_equivalent,1,8,0,0,0,0,0,0,0,specified,markdown_it/rules_inline/fragments_join.py,fragments_join,51,ARITHMETIC,        curr += 1,        curr = 1
M1c5072519edbd1cd,auto_non_equivalent,1,8,0,0,0,0,0,0,0,specified,markdown_it/parser_block.py,__init__,58,CALL_ARGUMENT,"        self.ruler.push(name, rule, {""alt"": alt})","        self.ruler.push(None, rule, {""alt"": alt})"
M1c6ef4c803e96f77,auto_non_equivalent,1,8,0,0,0,0,0,0,0,specified,markdown_it/renderer.py,fence,306,COMPARISON,"        ""<pre><code""
        + self.renderAttrs(token)","        ""<pre><code"" - self.renderAttrs(token)"
M1c7276b9b9a8980e,auto_non_equivalent,1,8,0,0,0,0,0,0,0,specified,markdown_it/rules_block/paragraph.py,paragraph,62,CONSTANT_REPLACEMENT,"    token = state.push(""paragraph_close"", ""p"", -1)","    token = state.push(""paragraph_close"", ""p"", -2)"
M1c87ff70f4807dc7,auto_non_equivalent,1,8,0,0,0,0,0,0,0,specified,markdown_it/rules_block/paragraph.py,paragraph,57,CONSTANT_REPLACEMENT,"    token = state.push(""inline"", """", 0)","    token = state.push("""", 0)"
M1c9a62b2f8403d57,auto_non_equivalent,1,8,0,0,0,0,0,0,0,specified,markdown_it/rules_inline/state_inline.py,scanDelims,164,BOOLEAN_CONNECTOR,        canSplitWord or (not left_flanking) or isNextPunctChar,        canSplitWord or left_flanking or isNextPunctChar
M1cc0d91851f1ab61,auto_non_equivalent,1,8,0,0,0,0,0,0,0,specified,markdown_it/rules_inline/image.py,image,54,STATEMENT_REPLACEMENT,                pos = res.pos,                pos = None
M1cf65910d00a0540,auto_non_equivalent,1,8,0,0,0,0,0,0,0,specified,markdown_it/rules_inline/autolink.py,autolink,75,CONSTANT_REPLACEMENT,        return True,        return False
M1d02712760247f6e,auto_non_equivalent,1,8,0,0,0,0,0,0,0,specified,markdown_it/rules_inline/html_inline.py,html_inline,16,BOOLEAN_CONNECTOR,"    if not state.md.options.get(""html"", None):","    if state.md.options.get(""html"", None):"
M1d1f978009b3d650,auto_non_equivalent,1,8,0,0,0,0,0,0,0,specified,markdown_it/rules_inline/image.py,image,99,CONSTANT_REPLACEMENT,            start = pos + 1,            start = pos + 2
M1d50435a4f5e3363,auto_non_equivalent,1,8,0,0,0,0,0,0,0,specified,markdown_it/rules_core/text_join.py,text_join,48,ARITHMETIC,                    i += 1,                    i -= 1
M1d50b148dd63adfc,auto_non_equivalent,1,7,1,0,0,0,0,0,0,specified,markdown_it/rules_block/state_block.py,getLines,240,ARITHMETIC,                lineIndent += 1,                lineIndent = 1
M1d6bfbd04b32d91f,auto_non_equivalent,1,8,0,0,0,0,0,0,0,specified,markdown_it/ruler.py,enable,208,COMPARISON,        if (idx < 0) and not ignoreInvalid:,        if (idx < 0) or not ignoreInvalid:
M1d7d9e79ef1888f2,auto_non_equivalent,1,8,0,0,0,0,0,0,0,specified,markdown_it/parser_core.py,__init__,41,CALL_ARGUMENT,"        self.ruler.push(name, rule)","        self.ruler.push(name, )"
M1da8a2a3b1bf28e9,auto_non_equivalent,1,8,0,0,0,0,0,0,0,specified,markdown_it/rules_block/state_block.py,__init__,103,CALL_ARGUMENT,    self.eMarks.append(length),    self.eMarks.append(None)
M1da93828c23b32b6,auto_non_equivalent,1,8,0,0,0,0,0,0,0,specified,markdown_it/rules_block/list.py,list_block,281,CONSTANT_REPLACEMENT,"            state.line = min(state.line + 2, endLine)","            state.line = min(state.line + 3, endLine)"
M1daedfe2fb0f6023,auto_non_equivalent,1,8,0,0,0,0,0,0,0,specified,markdown_it/rules_inline/escape.py,escape,27,CONSTANT_REPLACEMENT,"            state.push(""hardbreak"", ""br"", 0)","            state.push(None, ""br"", 0)"
M1dc79f52e0ff3e21,auto_non_equivalent,1,8,0,0,0,0,0,0,0,specified,markdown_it/rules_block/blockquote.py,blockquote,228,CONSTANT_REPLACEMENT,            nextLine += 1,            nextLine += 2
M1dcb3853343576e7,auto_non_equivalent,1,8,0,0,0,0,0,0,0,specified,markdown_it/rules_block/paragraph.py,paragraph,62,ARITHMETIC,"    token = state.push(""paragraph_close"", ""p"", -1)","    token = state.push(""paragraph_close"", None, -1)"
M1ddb204f642f0d6f,auto_non_equivalent,1,8,0,0,0,0,0,0,0,specified,markdown_it/rules_inline/state_inline.py,push,99,CALL_ARGUMENT,"    token = Token(ttype, tag, nesting)","    token = Token(ttype, None, nesting)"
M1deaff623e60d7ef,auto_non_equivalent,1,8,0,0,0,0,0,0,0,specified,markdown_it/rules_block/reference.py,reference,66,COMPARISON,"            if (lineContent := getNextLine(state, nextLine)) is not None:","            if (lineContent := getNextLine(None, nextLine)) is not None:"
M1deff1cb2a5bd8d7,auto_non_equivalent,1,8,0,0,0,0,0,0,0,specified,markdown_it/rules_inline/balance_pairs.py,processDelimiters,52,ARITHMETIC,"            openersBottom[closer.marker] = [-1, -1, -1, -1, -1, -1]","            openersBottom[closer.marker] = [-1, -1, -1, -1, +1, -1]"
M1df004e53aa9223f,auto_non_equivalent,1,8,0,0,0,0,0,0,0,specified,markdown_it/common/normalize_url.py,normalizeLink,23,CONSTANT_REPLACEMENT,"    parsed = mdurl.parse(url, slashes_denote_host=True)",    parsed = mdurl.parse(slashes_denote_host=True)
M1df63899d1fe3215,auto_non_equivalent,1,8,0,0,0,0,0,0,0,specified,markdown_it/rules_block/reference.py,reference,130,STATEMENT_REPLACEMENT,"        ch = charCodeAt(string, pos)",        ch = None
M1e14b2b839f006c5,auto_non_equivalent,1,8,0,0,0,0,0,0,0,specified,markdown_it/_punycode.py,map_domain,41,STATEMENT_REPLACEMENT,"    result = """"","    result = ""XXXX"""
M1e1d1ed08177deb1,auto_non_equivalent,1,8,0,0,0,0,0,0,0,specified,markdown_it/rules_block/code.py,code,33,ARITHMETIC,"    token.content = state.getLines(startLine, last, 4 + state.blkIndent, False) + ""\n""","    token.content = state.getLines(None, last, 4 + state.blkIndent, False) + ""\n"""
M1e2390cafd9a97b3,auto_non_equivalent,1,8,0,0,0,0,0,0,0,specified,markdown_it/rules_block/reference.py,reference,24,CONSTANT_REPLACEMENT,    string = state.src[pos : maximum + 1],    string = state.src[pos : maximum + 2]
M1e41e7475579faae,auto_non_equivalent,1,8,0,0,0,0,0,0,0,specified,markdown_it/helpers/parse_link_label.py,parseLinkLabel,21,STATEMENT_REPLACEMENT,        marker = state.src[state.pos],        marker = None
M1e5222c6772ff67a,auto_non_equivalent,1,8,0,0,0,0,0,0,0,specified,markdown_it/rules_inline/image.py,image,99,ARITHMETIC,            start = pos + 1,            start = pos - 1
M1e6db68d00094ab8,auto_non_equivalent,1,8,0,0,0,0,0,0,0,specified,markdown_it/rules_inline/link.py,link,70,STATEMENT_REPLACEMENT,"            res = state.md.helpers.parseLinkTitle(state.src, pos, state.posMax)",            res = None
M1e7070fb44926783,auto_non_equivalent,1,8,0,0,0,0,0,0,0,specified,markdown_it/rules_inline/image.py,image,140,CALL_ARGUMENT,"            token.attrSet(""title"", title)","            token.attrSet(""title"", )"
M1e720e2e229dbec6,auto_non_equivalent,1,8,0,0,0,0,0,0,0,specified,markdown_it/common/utils.py,isLinkClose,313,CALL_ARGUMENT,    return bool(LINK_CLOSE_RE.search(string)),    return bool(LINK_CLOSE_RE.search(None))
M1e7ede0de71a65f3,auto_non_equivalent,1,8,0,0,0,0,0,0,0,specified,markdown_it/rules_block/list.py,list_block,107,CALL_ARGUMENT,    if state.is_code_block(startLine):,    if state.is_code_block(None):
M1e96488d27ecfbb1,auto_non_equivalent,1,8,0,0,0,0,0,0,0,specified,markdown_it/rules_inline/state_inline.py,scanDelims,153,BOOLEAN_CONNECTOR,        or (isNextPunctChar and not (isLastWhiteSpace or isLastPunctChar)),        or (isNextPunctChar and (isLastWhiteSpace or isLastPunctChar))
M1e9c4528b727b7ed,auto_non_equivalent,1,8,0,0,0,0,0,0,0,specified,markdown_it/rules_block/list.py,skipOrderedListMarker,40,STATEMENT_REPLACEMENT,    maximum = state.eMarks[startLine],    maximum = None
M1eb9b0e66273073f,auto_non_equivalent,1,8,0,0,0,0,0,0,0,specified,markdown_it/rules_inline/text.py,text,13,STATEMENT_REPLACEMENT,    pos = terminator_char.start() if terminator_char else posMax,    pos = None
M1f0cf1e3b5014ef7,auto_non_equivalent,1,8,0,0,0,0,0,0,0,specified,markdown_it/rules_inline/state_inline.py,__init__,56,CONSTANT_REPLACEMENT,    self.level = 0,    self.level = None
M1f20e76d681fbcc1,auto_non_equivalent,1,8,0,0,0,0,0,0,0,specified,markdown_it/renderer.py,render,79,COMPARISON,"    for i, token in enumerate(tokens):","    for i, token in enumerate(None):"
M1f42a1940eb9de8b,auto_non_equivalent,1,8,0,0,0,0,0,0,0,specified,markdown_it/rules_block/fence.py,make_fence_rule,120,CALL_ARGUMENT,            pos = state.skipSpaces(pos),            pos = state.skipSpaces(None)
M1f709fb43f5b4f0e,auto_non_equivalent,1,8,0,0,0,0,0,0,0,specified,markdown_it/rules_block/list.py,skipBulletListMarker,22,CALL_ARGUMENT,"    if marker not in (""*"", ""-"", ""+""):","    if marker not in (""*"", ""-"", ""XX+XX""):"
M1f771b12350e37af,auto_non_equivalent,1,8,0,0,0,0,0,0,0,specified,markdown_it/rules_block/list.py,list_block,142,ARITHMETIC,        markerValue = int(state.src[start : posAfterMarker - 1]),        markerValue = int(None)
M1f7c85ba97ecb0c6,auto_non_equivalent,1,8,0,0,0,0,0,0,0,specified,markdown_it/rules_block/list.py,skipBulletListMarker,22,CALL_ARGUMENT,"    if marker not in (""*"", ""-"", ""+""):","    if marker not in (""*"", ""XX-XX"", ""+""):"
M1fa05dc115628747,auto_non_equivalent,1,8,0,0,0,0,0,0,0,specified,markdown_it/parser_core.py,__init__,41,CALL_ARGUMENT,"        self.ruler.push(name, rule)","        self.ruler.push(None, rule)"
M1fb9c35faa4ba597,auto_non_equivalent,1,8,0,0,0,0,0,0,0,specified,markdown_it/rules_inline/backticks.py,backtick,64,STATEMENT_REPLACEMENT,        state.backticks[closerLength] = matchStart,        state.backticks[closerLength] = None
M1fd1ddeed65edfc0,auto_non_equivalent,1,8,0,0,0,0,0,0,0,specified,markdown_it/rules_inline/link.py,link,73,STATEMENT_REPLACEMENT,                pos = res.pos,                pos = None
M1fe7524cf6826f42,auto_non_equivalent,1,8,0,0,0,0,0,0,0,specified,markdown_it/rules_block/state_block.py,skipCharsStrBack,209,ARITHMETIC,        pos -= 1,        pos = 1
M1ff0b77a56fd2fdd,auto_non_equivalent,1,8,0,0,0,0,0,0,0,specified,markdown_it/helpers/parse_link_label.py,parseLinkLabel,39,STATEMENT_REPLACEMENT,        labelEnd = state.pos,        labelEnd = None
M1ff3b098ff85389e,auto_non_equivalent,1,8,0,0,0,0,0,0,0,specified,markdown_it/renderer.py,renderToken,138,COMPARISON,    if token.block and token.nesting != -1 and idx and tokens[idx - 1].hidden:,    if token.block and token.nesting != -1 and idx and tokens[idx + 1].hidden:
M201f49d66d340da0,auto_non_equivalent,1,8,0,0,0,0,0,0,0,specified,markdown_it/rules_block/hr.py,hr,30,CALL_ARGUMENT,"    if marker not in (""*"", ""-"", ""_""):","    if marker not in (""XX*XX"", ""-"", ""_""):"
M20276040643dc924,auto_non_equivalent,1,8,0,0,0,0,0,0,0,specified,markdown_it/rules_block/html_block.py,html_block,39,STATEMENT_REPLACEMENT,    maximum = state.eMarks[startLine],    maximum = None
M202c09ff7ae94d33,auto_non_equivalent,1,8,0,0,0,0,0,0,0,specified,markdown_it/helpers/parse_link_destination.py,parseLinkDestination,24,CALL_ARGUMENT,"            code = charCodeAt(string, pos)",            code = charCodeAt(pos)
M204a40e99fa8a587,auto_non_equivalent,1,8,0,0,0,0,0,0,0,specified,markdown_it/rules_block/reference.py,reference,140,STATEMENT_REPLACEMENT,        nextLine = destEndLineNo,        nextLine = None
M2052a101036efea9,auto_non_equivalent,1,8,0,0,0,0,0,0,0,specified,markdown_it/renderer.py,image,325,CALL_ARGUMENT,"        token.attrSet(""alt"", self.renderInlineAsText(token.children, options, env))","        token.attrSet(""alt"", self.renderInlineAsText(None, options, env))"
M205410837eb429de,auto_non_equivalent,1,8,0,0,0,0,0,0,0,specified,markdown_it/rules_block/list.py,list_block,118,CONSTANT_REPLACEMENT,        and state.sCount[startLine] - state.listIndent >= 4,        and state.sCount[startLine] - state.listIndent >= 5
M205a511be3bea914,auto_non_equivalent,1,8,0,0,0,0,0,0,0,specified,markdown_it/rules_block/list.py,list_block,140,CONSTANT_REPLACEMENT,        isOrdered = True,        isOrdered = False
M2077560931bc4587,auto_non_equivalent,1,8,0,0,0,0,0,0,0,specified,markdown_it/rules_block/list.py,skipBulletListMarker,13,ARITHMETIC,    pos = state.bMarks[startLine] + state.tShift[startLine],    pos = state.bMarks[startLine] - state.tShift[startLine]
M208dc22ad94355fd,auto_non_equivalent,1,8,0,0,0,0,0,0,0,specified,markdown_it/rules_inline/image.py,image,140,CALL_ARGUMENT,"            token.attrSet(""title"", title)","            token.attrSet(None, title)"
M209436b3e487a705,auto_non_equivalent,1,8,0,0,0,0,0,0,0,specified,markdown_it/rules_block/reference.py,reference,118,CALL_ARGUMENT,"        titleRes = state.md.helpers.parseLinkTitle(string, pos, maximum, titleRes)","        titleRes = state.md.helpers.parseLinkTitle(string, pos, titleRes)"
M20a4f92d0de38b7a,auto_non_equivalent,1,8,0,0,0,0,0,0,0,specified,markdown_it/rules_block/blockquote.py,blockquote,325,STATEMENT_REPLACEMENT,    state.lineMax = oldLineMax,    state.lineMax = None
M20a9d0ddd61e0691,auto_non_equivalent,1,8,0,0,0,0,0,0,0,specified,markdown_it/rules_inline/newline.py,newline,22,COMPARISON,"            if pmax >= 1 and charStrAt(state.pending, pmax - 1) == "" "":","            if pmax >= 1 and charStrAt(None, pmax - 1) == "" "":"
M20c3c9ecf02a8e6e,auto_non_equivalent,1,8,0,0,0,0,0,0,0,specified,markdown_it/rules_inline/link.py,link,51,CALL_ARGUMENT,"        res = state.md.helpers.parseLinkDestination(state.src, pos, state.posMax)","        res = state.md.helpers.parseLinkDestination(state.src, pos, None)"
M20dffb673e975df5,auto_non_equivalent,1,8,0,0,0,0,0,0,0,specified,markdown_it/rules_block/html_block.py,html_block,38,ARITHMETIC,    pos = state.bMarks[startLine] + state.tShift[startLine],    pos = state.bMarks[startLine] - state.tShift[startLine]
M20f85c17a71a9f02,auto_non_equivalent,1,8,0,0,0,0,0,0,0,specified,markdown_it/renderer.py,render,82,CALL_ARGUMENT,"                result += self.renderInline(token.children, options, env)","                result += self.renderInline(token.children, env)"
M211539cc2adaa353,auto_non_equivalent,1,8,0,0,0,0,0,0,0,specified,markdown_it/rules_block/reference.py,getNextLine,219,CONSTANT_REPLACEMENT,        terminate = False,        terminate = True
M21239ade544b7425,auto_non_equivalent,1,8,0,0,0,0,0,0,0,specified,markdown_it/rules_block/list.py,list_block,263,CONSTANT_REPLACEMENT,        state.tight = True,        state.tight = None
M2141186b5f6b73e9,auto_non_equivalent,1,8,0,0,0,0,0,0,0,specified,markdown_it/rules_inline/balance_pairs.py,link_pairs,137,CALL_ARGUMENT,"            processDelimiters(state, curr_meta[""delimiters""])","            processDelimiters(state, )"
M21768bab73ac3f86,auto_non_equivalent,1,8,0,0,0,0,0,0,0,specified,markdown_it/rules_block/list.py,list_block,336,CALL_ARGUMENT,"            posAfterMarker = skipOrderedListMarker(state, nextLine)","            posAfterMarker = skipOrderedListMarker(state, None)"
M21bf9226f438ccb7,auto_non_equivalent,1,8,0,0,0,0,0,0,0,specified,markdown_it/rules_inline/link.py,link,115,CONSTANT_REPLACEMENT,"        ref = state.env[""references""].get(label, None)",        ref = None
M21cb23fb37c1da58,auto_non_equivalent,1,8,0,0,0,0,0,0,0,specified,markdown_it/helpers/parse_link_title.py,parseLinkTitle,53,CONSTANT_REPLACEMENT,        if marker == 0x28:,        if marker == 41:
M21e6ad824cbadf67,auto_non_equivalent,1,8,0,0,0,0,0,0,0,specified,markdown_it/common/utils.py,isSpace,164,COMPARISON,"    return code in (0x09, 0x20)","    return code not in (0x09, 0x20)"
M220ad322af39ef3a,auto_non_equivalent,1,8,0,0,0,0,0,0,0,specified,markdown_it/rules_inline/emphasis.py,tokenize,29,ARITHMETIC,"                end=-1,",
M2215df9470a31d0f,auto_non_equivalent,1,8,0,0,0,0,0,0,0,specified,markdown_it/rules_block/list.py,list_block,146,CONSTANT_REPLACEMENT,        if isTerminatingParagraph and markerValue != 1:,        if isTerminatingParagraph and markerValue != 2:
M221fabf95c3e217e,auto_non_equivalent,1,8,0,0,0,0,0,0,0,specified,markdown_it/rules_inline/image.py,image,78,COMPARISON,"                if not isStrSpace(ch) and ch != ""\n"":","                if not isStrSpace(ch) or ch != ""\n"":"
M22393243ed37c8fb,auto_non_equivalent,1,8,0,0,0,0,0,0,0,specified,markdown_it/rules_inline/html_inline.py,html_inline,16,BOOLEAN_CONNECTOR,"    if not state.md.options.get(""html"", None):","    if not state.md.options.get(None, None):"
M226283d20698bba9,auto_non_equivalent,1,8,0,0,0,0,0,0,0,specified,markdown_it/rules_inline/image.py,image,88,ARITHMETIC,        pos += 1,        pos -= 1
M22ae16866c5a1f6e,auto_non_equivalent,1,8,0,0,0,0,0,0,0,specified,markdown_it/rules_block/reference.py,reference,98,COMPARISON,"            if (lineContent := getNextLine(state, nextLine)) is not None:","            if (lineContent := getNextLine(state, None)) is not None:"
M22b20a1756ef9e70,auto_non_equivalent,1,8,0,0,0,0,0,0,0,specified,markdown_it/rules_inline/balance_pairs.py,processDelimiters,82,COMPARISON,                    and (opener.length % 3 != 0 or closer.length % 3 != 0),                    and (opener.length % 3 != 0 or closer.length / 3 != 0)
M22c4249204b5fc7b,auto_non_equivalent,1,8,0,0,0,0,0,0,0,specified,markdown_it/parser_block.py,tokenize,97,COMPARISON,        if (line - 1) < endLine and state.isEmpty(line - 1):,        if (line - 1) < endLine or state.isEmpty(line - 1):
M22ccb9aa5eff933f,auto_non_equivalent,1,8,0,0,0,0,0,0,0,specified,markdown_it/rules_inline/image.py,image,132,CALL_ARGUMENT,"        state.md.inline.parse(content, state.md, state.env, tokens)","        state.md.inline.parse(content, state.md, state.env, )"
M2317942e67dae60b,auto_non_equivalent,1,8,0,0,0,0,0,0,0,specified,markdown_it/rules_block/state_block.py,__init__,96,CONSTANT_REPLACEMENT,            indent_found = False,            indent_found = True
M2324b15b1a17fb2c,auto_non_equivalent,1,8,0,0,0,0,0,0,0,specified,markdown_it/rules_block/blockquote.py,blockquote,239,CONSTANT_REPLACEMENT,"            if terminatorRule(state, nextLine, endLine, True):","            if terminatorRule(state, nextLine, True):"
M23470f1047d5c8e4,auto_non_equivalent,1,8,0,0,0,0,0,0,0,specified,markdown_it/rules_core/text_join.py,text_join,39,ARITHMETIC,"                parts = [new_tokens[-1].content, child_token.content]","                parts = [new_tokens[+1].content, child_token.content]"
M235fc1017192881e,auto_non_equivalent,1,8,0,0,0,0,0,0,0,specified,markdown_it/rules_block/state_block.py,getLines,248,ARITHMETIC,"            queue[i - 1] = ("" "" * (lineIndent - indent)) + self.src[first:last]",            queue[i - 1] = None
M23865702b0091d0d,auto_non_equivalent,1,8,0,0,0,0,0,0,0,specified,markdown_it/rules_inline/balance_pairs.py,processDelimiters,81,COMPARISON,                    and ((opener.length + closer.length) % 3 == 0),                    and ((opener.length - closer.length) % 3 == 0)
M23a09315bb90d78c,auto_non_equivalent,1,8,0,0,0,0,0,0,0,specified,markdown_it/ruler.py,getRules,265,COMPARISON,        assert self.__cache__ is not None,        assert self.__cache__ is None
M23a1e7014532e859,auto_non_equivalent,1,8,0,0,0,0,0,0,0,specified,markdown_it/rules_core/inline.py,inline,10,CALL_ARGUMENT,"            state.md.inline.parse(token.content, state.md, state.env, token.children)","            state.md.inline.parse(token.content, state.md, None, token.children)"
M23a4f0678d0f11bd,auto_non_equivalent,1,8,0,0,0,0,0,0,0,specified,markdown_it/rules_block/heading.py,heading,22,CONSTANT_REPLACEMENT,    ch: str | None = state.src[pos],    ch: str | None = None
M23dfee197b6ef9c8,auto_non_equivalent,1,8,0,0,0,0,0,0,0,specified,markdown_it/rules_block/lheading.py,lheading,33,ARITHMETIC,            pos = state.bMarks[nextLine] + state.tShift[nextLine],            pos = None
M23fadccde85e2d15,auto_non_equivalent,1,8,0,0,0,0,0,0,0,specified,markdown_it/rules_inline/backticks.py,backtick,15,STATEMENT_REPLACEMENT,    start = pos,    start = None
M241cf1e95784f1ac,auto_non_equivalent,1,8,0,0,0,0,0,0,0,specified,markdown_it/rules_core/text_join.py,text_join,39,CONSTANT_REPLACEMENT,"                parts = [new_tokens[-1].content, child_token.content]","                parts = [new_tokens[-2].content, child_token.content]"
M243b208de1fa503f,auto_non_equivalent,1,8,0,0,0,0,0,0,0,specified,markdown_it/rules_block/reference.py,getNextLine,196,STATEMENT_REPLACEMENT,    endLine = state.lineMax,    endLine = None
M2450b09c5ffd0ceb,auto_non_equivalent,1,8,0,0,0,0,0,0,0,specified,markdown_it/rules_inline/backticks.py,backtick,23,STATEMENT_REPLACEMENT,    marker = state.src[start:pos],    marker = None
M246161acea571543,auto_non_equivalent,1,8,0,0,0,0,0,0,0,specified,markdown_it/helpers/parse_link_title.py,parseLinkTitle,67,COMPARISON,        elif code == 0x5C and pos + 1 < maximum:  # /* \ */,        elif code == 0x5C or pos + 1 < maximum:  # /* \ */
M247952063fa64fa2,auto_non_equivalent,1,8,0,0,0,0,0,0,0,specified,markdown_it/helpers/parse_link_title.py,parseLinkTitle,38,STATEMENT_REPLACEMENT,        state.marker = prev_state.marker,        state.marker = None
M2494054f8009fab2,auto_non_equivalent,1,8,0,0,0,0,0,0,0,specified,markdown_it/rules_inline/state_inline.py,__init__,52,ARITHMETIC,"    self.tokens_meta: list[dict[str, Any] | None] = [None] * len(outTokens)","    self.tokens_meta: list[dict[str, Any] | None] = None"
M24a7265371e1ff7f,auto_non_equivalent,1,8,0,0,0,0,0,0,0,specified,markdown_it/helpers/parse_link_title.py,parseLinkTitle,46,CONSTANT_REPLACEMENT,        if marker != 0x22 and marker != 0x27 and marker != 0x28:,        if marker != 0x22 and marker != 0x27 and marker != 41:
M24b6a7327f4fd2ca,auto_non_equivalent,1,8,0,0,0,0,0,0,0,specified,markdown_it/rules_block/lheading.py,lheading,76,CONSTANT_REPLACEMENT,"    token = state.push(""inline"", """", 0)","    token = state.push(""XXinlineXX"", """", 0)"
M24b93dba664f5ee9,auto_non_equivalent,1,8,0,0,0,0,0,0,0,specified,markdown_it/rules_block/blockquote.py,blockquote,131,ARITHMETIC,    nextLine = startLine + 1,    nextLine = None
M24cbd3c07122e727,auto_non_equivalent,1,8,0,0,0,0,0,0,0,specified,markdown_it/rules_inline/autolink.py,autolink,30,STATEMENT_REPLACEMENT,"        if ch == "">"":","        if ch == ""XX>XX"":"
M24fea16315215a17,auto_non_equivalent,1,8,0,0,0,0,0,0,0,specified,markdown_it/rules_block/state_block.py,__init__,35,CALL_ARGUMENT,    self.sCount: list[int] = []  # indents for each line (tabs expanded),    self.sCount: list[int] = None  # indents for each line (tabs expanded)
M251ec3ad32140758,auto_non_equivalent,1,8,0,0,0,0,0,0,0,specified,markdown_it/rules_inline/escape.py,escape,50,BOOLEAN_CONNECTOR,    if not silent:,    if silent:
M2523456f63e76a70,auto_non_equivalent,1,8,0,0,0,0,0,0,0,specified,markdown_it/rules_inline/state_inline.py,scanDelims,140,ARITHMETIC,    count = pos - start,    count = None
M2523737fc5626fed,auto_non_equivalent,1,8,0,0,0,0,0,0,0,specified,markdown_it/rules_inline/entity.py,entity,47,CONSTANT_REPLACEMENT,                token.markup = match.group(0),                token.markup = match.group(None)
M254a34d668e2010b,auto_non_equivalent,1,8,0,0,0,0,0,0,0,specified,markdown_it/parser_inline.py,skipToken,138,CALL_ARGUMENT,"    rules = self.ruler.getRules("""")",    rules = self.ruler.getRules(None)
M255006d48d47b5b0,auto_non_equivalent,1,8,0,0,0,0,0,0,0,specified,markdown_it/rules_inline/newline.py,newline,25,COMPARISON,"                while ws >= 1 and charStrAt(state.pending, ws - 1) == "" "":","                while ws >= 1 and charStrAt(None, ws - 1) == "" "":"
M255bfafabdadfe9b,auto_non_equivalent,1,8,0,0,0,0,0,0,0,specified,markdown_it/rules_block/lheading.py,lheading,46,CONTROL_FLOW,                        break,                        return
M256148c675fc330b,auto_non_equivalent,1,8,0,0,0,0,0,0,0,specified,markdown_it/parser_block.py,tokenize,101,CONSTANT_REPLACEMENT,            hasEmptyLines = True,            hasEmptyLines = None
M25855345f12e51d7,auto_non_equivalent,1,8,0,0,0,0,0,0,0,specified,markdown_it/renderer.py,renderInline,102,COMPARISON,        if token.type in self.rules:,        if token.type not in self.rules:
M258ade665c8e3c38,auto_non_equivalent,1,7,1,0,0,0,0,0,0,specified,markdown_it/rules_block/heading.py,heading,61,CONSTANT_REPLACEMENT,"    token = state.push(""inline"", """", 0)","    token = state.push(""inline"", """", 1)"
M2593cdaa972d0343,auto_non_equivalent,1,8,0,0,0,0,0,0,0,specified,markdown_it/rules_block/heading.py,heading,66,CONSTANT_REPLACEMENT,"    token = state.push(""heading_close"", ""h"" + str(level), -1)","    token = state.push(""heading_close"", ""H"" + str(level), -1)"
M25f5bd0607b869be,auto_non_equivalent,1,8,0,0,0,0,0,0,0,specified,markdown_it/rules_inline/image.py,image,52,STATEMENT_REPLACEMENT,            href = state.md.normalizeLink(res.str),            href = None
M265f056e1537baa7,auto_non_equivalent,1,8,0,0,0,0,0,0,0,specified,markdown_it/rules_inline/image.py,image,116,CONSTANT_REPLACEMENT,"        ref = state.env[""references""].get(label, None)","        ref = state.env[""XXreferencesXX""].get(label, None)"
M267bb1c5bae0ee1b,auto_non_equivalent,1,8,0,0,0,0,0,0,0,specified,markdown_it/rules_core/text_join.py,text_join,29,STATEMENT_REPLACEMENT,"                child_token.type = ""text""",                child_token.type = None
M268d6c82aad7b6eb,auto_non_equivalent,1,8,0,0,0,0,0,0,0,specified,markdown_it/rules_block/list.py,skipBulletListMarker,22,CALL_ARGUMENT,"    if marker not in (""*"", ""-"", ""+""):","    if marker not in (""XX*XX"", ""-"", ""+""):"
M26bb47c32d49f6ae,auto_non_equivalent,1,8,0,0,0,0,0,0,0,specified,markdown_it/utils.py,__init__,70,CALL_ARGUMENT,"    self._options = cast(OptionsType, dict(options))","    self._options = cast(OptionsType, )"
M26bcd9729e10a25a,auto_non_equivalent,1,8,0,0,0,0,0,0,0,specified,markdown_it/rules_inline/link.py,link,116,BOOLEAN_CONNECTOR,        if not ref:,        if ref:
M26cf3112d3497e3e,auto_non_equivalent,1,8,0,0,0,0,0,0,0,specified,markdown_it/rules_block/reference.py,reference,56,CONSTANT_REPLACEMENT,"        labelEnd is None or labelEnd < 0 or charCodeAt(string, labelEnd + 1) != 0x3A","        labelEnd is None or labelEnd < 0 or charCodeAt(string, labelEnd + 2) != 0x3A"
M26d373c2f075b21f,auto_non_equivalent,1,8,0,0,0,0,0,0,0,specified,markdown_it/rules_block/list.py,list_block,138,CALL_ARGUMENT,"    posAfterMarker = skipOrderedListMarker(state, startLine)",    posAfterMarker = skipOrderedListMarker(startLine)
M26dc109ead6903f9,auto_non_equivalent,1,8,0,0,0,0,0,0,0,specified,markdown_it/parser_block.py,__init__,56,STATEMENT_REPLACEMENT,    self.ruler = Ruler[RuleFuncBlockType](),    self.ruler = None
M26f08a1726203b66,auto_non_equivalent,1,8,0,0,0,0,0,0,0,specified,markdown_it/rules_block/list.py,list_block,175,CONSTANT_REPLACEMENT,        if markerValue != 1:,        if markerValue != 2:
M26fdb27b9f42003f,auto_non_equivalent,1,8,0,0,0,0,0,0,0,specified,markdown_it/rules_inline/link.py,link,121,STATEMENT_REPLACEMENT,"        title = ref[""title""]",        title = None
M2704327c5d280197,auto_non_equivalent,1,8,0,0,0,0,0,0,0,specified,markdown_it/rules_block/list.py,list_block,304,CONSTANT_REPLACEMENT,"        token = state.push(""list_item_close"", ""li"", -1)","        token = state.push(""list_item_close"", -1)"
M27166b37476b4f79,auto_non_equivalent,1,8,0,0,0,0,0,0,0,specified,markdown_it/rules_inline/state_inline.py,scanDelims,135,CONSTANT_REPLACEMENT,"    lastChar = self.src[start - 1] if start > 0 else "" ""","    lastChar = self.src[start - 1] if start > 1 else "" """
M27231b6891529c06,auto_non_equivalent,1,8,0,0,0,0,0,0,0,specified,markdown_it/rules_inline/newline.py,newline,21,COMPARISON,"        if pmax >= 0 and charStrAt(state.pending, pmax) == "" "":","        if pmax >= 0 and charStrAt(state.pending, pmax) != "" "":"
M272791a4a379c11a,auto_non_equivalent,1,8,0,0,0,0,0,0,0,specified,markdown_it/helpers/parse_link_label.py,parseLinkLabel,42,STATEMENT_REPLACEMENT,    state.pos = oldPos,    state.pos = None
M273bb21845e5ae08,auto_non_equivalent,1,8,0,0,0,0,0,0,0,specified,markdown_it/ruler.py,__compile__,100,STATEMENT_REPLACEMENT,    self.__cache__ = {},    self.__cache__ = None
M2745e714772e0061,auto_non_equivalent,1,8,0,0,0,0,0,0,0,specified,markdown_it/rules_inline/link.py,link,83,COMPARISON,"        if pos >= maximum or state.src[pos] != "")"":","        if pos >= maximum or state.src[pos] == "")"":"
M2746644614e4a07c,auto_non_equivalent,1,8,0,0,0,0,0,0,0,specified,markdown_it/rules_block/list.py,list_block,131,COMPARISON,"        silent
        and state.parentType == ""paragraph""","        silent or state.parentType == ""paragraph"""
M274a90e6399550d7,auto_non_equivalent,1,8,0,0,0,0,0,0,0,specified,markdown_it/parser_block.py,parse,111,CALL_ARGUMENT,"    state = StateBlock(src, md, env, outTokens)","    state = StateBlock(src, None, env, outTokens)"
M275d7d90089323ef,auto_non_equivalent,1,8,0,0,0,0,0,0,0,specified,markdown_it/rules_block/list.py,list_block,208,COMPARISON,"            if ch == ""\t"":","            if ch != ""\t"":"
M276500ecdd54c0f9,auto_non_equivalent,1,8,0,0,0,0,0,0,0,specified,markdown_it/common/utils.py,escapeHtml,142,CALL_ARGUMENT,"    raw = raw.replace(""&"", ""&amp;"")  # Must be done first!","    raw = raw.replace(None, ""&amp;"")  # Must be done first!"
M27779a3427197abd,auto_non_equivalent,1,8,0,0,0,0,0,0,0,specified,markdown_it/rules_inline/link.py,link,97,CONSTANT_REPLACEMENT,            start = pos + 1,            start = pos + 2
M278a17940907786c,auto_non_equivalent,1,8,0,0,0,0,0,0,0,specified,markdown_it/rules_inline/link.py,link,135,CALL_ARGUMENT,"            token.attrSet(""title"", title)","            token.attrSet(None, title)"
M279a78e207b003f3,auto_non_equivalent,1,8,0,0,0,0,0,0,0,specified,markdown_it/rules_core/text_join.py,text_join,33,COMPARISON,"                and new_tokens[-1].type == ""text""","                and new_tokens[-1].type != ""text"""
M27b42c0f5af6f874,auto_non_equivalent,1,8,0,0,0,0,0,0,0,specified,markdown_it/common/utils.py,isPunctChar,199,CALL_ARGUMENT,"    return unicodedata.category(ch).startswith((""P"", ""S""))","    return unicodedata.category(None).startswith((""P"", ""S""))"
M27b8adc44b2c607c,auto_non_equivalent,1,8,0,0,0,0,0,0,0,specified,markdown_it/rules_block/list.py,skipOrderedListMarker,51,COMPARISON,    if ch_ord < 0x30 or ch_ord > 0x39:,    if ch_ord < 0x30 or ch_ord >= 0x39:
M27ca7a2372371359,auto_non_equivalent,1,8,0,0,0,0,0,0,0,specified,markdown_it/rules_block/fence.py,make_fence_rule,136,ARITHMETIC,"        token.content = state.getLines(startLine + 1, nextLine, length, True)","        token.content = state.getLines(startLine + 1, None, length, True)"
M27f66a73e9b48e60,auto_non_equivalent,1,8,0,0,0,0,0,0,0,specified,markdown_it/common/normalize_url.py,normalizeLinkText,60,CALL_ARGUMENT,            parsed = parsed._replace(hostname=_punycode.to_unicode(parsed.hostname)),            parsed = parsed._replace(hostname=None)
M280393313896ce08,auto_non_equivalent,1,8,0,0,0,0,0,0,0,specified,markdown_it/rules_block/list.py,list_block,179,CONSTANT_REPLACEMENT,"        token = state.push(""bullet_list_open"", ""ul"", 1)","        token = state.push(""bullet_list_open"", ""ul"", )"
M280d4c94b21462ed,auto_non_equivalent,1,8,0,0,0,0,0,0,0,specified,markdown_it/rules_block/list.py,list_block,159,COMPARISON,        and state.skipSpaces(posAfterMarker) >= state.eMarks[startLine],        and state.skipSpaces(None) >= state.eMarks[startLine]
M281c8285185c048f,auto_non_equivalent,1,8,0,0,0,0,0,0,0,specified,markdown_it/rules_inline/entity.py,entity,33,CALL_ARGUMENT,                    if isValidEntityCode(code),                    if isValidEntityCode(None)
M2828749b453672e6,auto_non_equivalent,1,8,0,0,0,0,0,0,0,specified,markdown_it/parser_inline.py,tokenize,191,CONSTANT_REPLACEMENT,"                ok = rule(state, False)","                ok = rule(state, True)"
M28674ce0cc27ca2b,auto_non_equivalent,1,8,0,0,0,0,0,0,0,specified,markdown_it/rules_inline/link.py,link,79,COMPARISON,"                    if not isStrSpace(ch) and ch != ""\n"":","                    if not isStrSpace(ch) and ch == ""\n"":"
M2889e8696d733b9b,auto_non_equivalent,1,8,0,0,0,0,0,0,0,specified,markdown_it/rules_inline/state_inline.py,push,114,STATEMENT_REPLACEMENT,"        token_meta = {""delimiters"": self.delimiters}","        token_meta = {""DELIMITERS"": self.delimiters}"
M28968e7d8bb4b08d,auto_non_equivalent,1,6,0,0,2,0,0,0,0,specified,markdown_it/rules_block/state_block.py,getLines,243,ARITHMETIC,            first += 1,            first = 1
M28aa2b4918da2032,auto_non_equivalent,1,8,0,0,0,0,0,0,0,specified,markdown_it/rules_inline/emphasis.py,tokenize,28,ARITHMETIC,"                token=len(state.tokens) - 1,",
M28ae095a1a8b1406,auto_non_equivalent,1,8,0,0,0,0,0,0,0,specified,markdown_it/common/utils.py,escapeHtml,143,COMPARISON,"    raw = raw.replace(""<"", ""&lt;"")",    raw = None
M28c1942b8610ea10,auto_non_equivalent,1,8,0,0,0,0,0,0,0,specified,markdown_it/rules_inline/entity.py,entity,40,CONSTANT_REPLACEMENT,            return True,            return False
M28d82d7886a1ff5c,auto_non_equivalent,1,8,0,0,0,0,0,0,0,specified,markdown_it/rules_inline/text.py,text,18,BOOLEAN_CONNECTOR,    if not silent:,    if silent:
M28ea65281baa7bc8,auto_non_equivalent,1,8,0,0,0,0,0,0,0,specified,markdown_it/rules_inline/newline.py,newline,21,COMPARISON,"        if pmax >= 0 and charStrAt(state.pending, pmax) == "" "":","        if pmax >= 0 and charStrAt(state.pending, None) == "" "":"
M28ebbfeb8d9ae806,auto_non_equivalent,1,8,0,0,0,0,0,0,0,specified,markdown_it/rules_inline/emphasis.py,_postProcess,41,ARITHMETIC,    i = len(delimiters) - 1,    i = len(delimiters) + 1
M2907d7f88afc6f8f,auto_non_equivalent,1,8,0,0,0,0,0,0,0,specified,markdown_it/rules_block/list.py,list_block,368,ARITHMETIC,"        token = state.push(""ordered_list_close"", ""ol"", -1)","        token = state.push(""ordered_list_close"", ""ol"", None)"
M295888fb66d33cb7,auto_non_equivalent,1,8,0,0,0,0,0,0,0,specified,markdown_it/rules_block/list.py,markTightParagraphs,95,CONSTANT_REPLACEMENT,            state.tokens[i + 2].hidden = True,            state.tokens[i + 3].hidden = True
M296239a2031db341,auto_non_equivalent,1,8,0,0,0,0,0,0,0,specified,markdown_it/renderer.py,renderAttrs,178,CALL_ARGUMENT,"        result += "" "" + escapeHtml(key) + '=""' + escapeHtml(str(value)) + '""'","        result += "" "" + escapeHtml(key) + '=""' + escapeHtml(str(value)) + 'XX""XX'"
M298dd4811cdb94c6,auto_non_equivalent,1,8,0,0,0,0,0,0,0,specified,markdown_it/rules_inline/entity.py,entity,36,CONSTANT_REPLACEMENT,                token.markup = match.group(0),                token.markup = match.group(None)
M29a22a3f9ef8cbed,auto_non_equivalent,1,8,0,0,0,0,0,0,0,specified,markdown_it/rules_block/lheading.py,lheading,68,CONSTANT_REPLACEMENT,"    content = state.getLines(startLine, nextLine, state.blkIndent, False).strip()","    content = state.getLines(None, nextLine, state.blkIndent, False).strip()"
M29b14dc103cb2987,auto_non_equivalent,1,8,0,0,0,0,0,0,0,specified,markdown_it/rules_block/list.py,list_block,142,ARITHMETIC,        markerValue = int(state.src[start : posAfterMarker - 1]),        markerValue = None
M29c7727baba420e2,auto_non_equivalent,1,8,0,0,0,0,0,0,0,specified,markdown_it/rules_block/state_block.py,__init__,99,CONSTANT_REPLACEMENT,            start = pos + 1,            start = pos + 2
M29d38b52e7a6ce88,auto_non_equivalent,1,8,0,0,0,0,0,0,0,specified,markdown_it/rules_block/html_block.py,html_block,65,CONSTANT_REPLACEMENT,    nextLine = startLine + 1,    nextLine = startLine + 2
M2a14759f88b76bcd,auto_non_equivalent,1,7,0,0,1,0,0,0,0,specified,markdown_it/rules_core/text_join.py,text_join,52,ARITHMETIC,                i += 1,                i -= 1
M2a1b64744c18f2a6,auto_non_equivalent,1,8,0,0,0,0,0,0,0,specified,markdown_it/rules_inline/image.py,image,147,STATEMENT_REPLACEMENT,    state.posMax = max,    state.posMax = None
M2a21d03da481488f,auto_non_equivalent,1,8,0,0,0,0,0,0,0,specified,markdown_it/rules_inline/escape.py,escape,27,CONSTANT_REPLACEMENT,"            state.push(""hardbreak"", ""br"", 0)","            state.push(""XXhardbreakXX"", ""br"", 0)"
M2a3142d87e1fca73,auto_non_equivalent,1,8,0,0,0,0,0,0,0,specified,markdown_it/rules_inline/emphasis.py,_postProcess,64,COMPARISON,            and delimiters[i - 1].end == startDelim.end + 1,            and delimiters[i + 1].end == startDelim.end + 1
M2a58d4f7df26f2f6,auto_non_equivalent,1,8,0,0,0,0,0,0,0,specified,markdown_it/renderer.py,code_inline,239,STATEMENT_REPLACEMENT,"        + "">""","        + ""XX>XX"""
M2a74006378bbbfdd,auto_non_equivalent,1,8,0,0,0,0,0,0,0,specified,markdown_it/rules_inline/link.py,link,98,CALL_ARGUMENT,"            pos = state.md.helpers.parseLinkLabel(state, pos)","            pos = state.md.helpers.parseLinkLabel(state, None)"
M2a7c85945ac0fe5a,auto_non_equivalent,1,8,0,0,0,0,0,0,0,specified,markdown_it/rules_block/hr.py,hr,17,ARITHMETIC,    pos = state.bMarks[startLine] + state.tShift[startLine],    pos = None
M2a7ed9e0e13a5fdc,auto_non_equivalent,1,8,0,0,0,0,0,0,0,specified,markdown_it/helpers/parse_link_destination.py,parseLinkDestination,22,ARITHMETIC,        pos += 1,        pos -= 1
M2a7f51a42e1e0eac,auto_non_equivalent,1,8,0,0,0,0,0,0,0,specified,markdown_it/rules_block/paragraph.py,paragraph,57,CONSTANT_REPLACEMENT,"    token = state.push(""inline"", """", 0)","    token = state.push(""INLINE"", """", 0)"
M2ab4ebc00152bee8,auto_non_equivalent,1,8,0,0,0,0,0,0,0,specified,markdown_it/ruler.py,__compile__,96,BOOLEAN_CONNECTOR,        if not rule.enabled:,        if rule.enabled:
M2acf002b8c3c6b31,auto_non_equivalent,1,8,0,0,0,0,0,0,0,specified,markdown_it/rules_block/reference.py,getNextLine,198,COMPARISON,    if nextLine >= endLine or state.isEmpty(nextLine):,    if nextLine >= endLine and state.isEmpty(nextLine):
M2ad2734c9e2bec57,auto_non_equivalent,1,8,0,0,0,0,0,0,0,specified,markdown_it/rules_inline/image.py,image,102,STATEMENT_REPLACEMENT,                label = state.src[start:pos],                label = None
M2ae5a9660b3215bc,auto_non_equivalent,1,8,0,0,0,0,0,0,0,specified,markdown_it/rules_inline/newline.py,newline,8,STATEMENT_REPLACEMENT,    pos = state.pos,    pos = None
M2ae8d02b43080b0a,auto_non_equivalent,1,8,0,0,0,0,0,0,0,specified,markdown_it/rules_block/list.py,markTightParagraphs,95,ARITHMETIC,            state.tokens[i + 2].hidden = True,            state.tokens[i - 2].hidden = True
M2ae999518300254f,auto_non_equivalent,1,8,0,0,0,0,0,0,0,specified,markdown_it/helpers/parse_link_title.py,parseLinkTitle,31,STATEMENT_REPLACEMENT,    pos = start,    pos = None
M2aea58fe0ce9d97e,auto_non_equivalent,1,8,0,0,0,0,0,0,0,specified,markdown_it/rules_block/state_block.py,skipEmptyLines,139,COMPARISON,            if (self.bMarks[from_pos] + self.tShift[from_pos]) < self.eMarks[,            if (self.bMarks[from_pos] + self.tShift[from_pos]) <= self.eMarks[
M2af66ef3d8809508,auto_non_equivalent,1,8,0,0,0,0,0,0,0,specified,markdown_it/renderer.py,list_item_open,220,CALL_ARGUMENT,"    result = self.renderToken(tokens, idx, options, env)","    result = self.renderToken(tokens, idx, env)"
M2afcd3f22da642b3,auto_non_equivalent,1,8,0,0,0,0,0,0,0,specified,markdown_it/common/utils.py,escapeHtml,143,CALL_ARGUMENT,"    raw = raw.replace(""<"", ""&lt;"")","    raw = raw.replace(""XX<XX"", ""&lt;"")"
M2b09d83e3e57a72e,auto_non_equivalent,1,8,0,0,0,0,0,0,0,specified,markdown_it/parser_block.py,__init__,58,CALL_ARGUMENT,"        self.ruler.push(name, rule, {""alt"": alt})","        self.ruler.push(rule, {""alt"": alt})"
M2b25fbfc4202510f,auto_non_equivalent,1,8,0,0,0,0,0,0,0,specified,markdown_it/rules_block/state_block.py,push,124,ARITHMETIC,        self.level -= 1  # closing tag,        self.level += 1  # closing tag
M2b2a8bd6a27e9666,auto_non_equivalent,1,8,0,0,0,0,0,0,0,specified,markdown_it/rules_block/list.py,list_block,225,CONSTANT_REPLACEMENT,            indentAfterMarker = 1,            indentAfterMarker = None
M2b30cde83a2bf56b,auto_non_equivalent,1,8,0,0,0,0,0,0,0,specified,markdown_it/rules_block/state_block.py,skipSpacesBack,166,BOOLEAN_CONNECTOR,        if not isStrSpace(self.src[pos]):,        if not isStrSpace(None):
M2b3ca407447bb9c1,auto_non_equivalent,1,8,0,0,0,0,0,0,0,specified,markdown_it/rules_block/list.py,list_block,273,COMPARISON,        if contentStart >= maximum and state.isEmpty(startLine + 1):,        if contentStart >= maximum and state.isEmpty(None):
M2b56d9d5fbcc3f4c,auto_non_equivalent,1,8,0,0,0,0,0,0,0,specified,markdown_it/rules_block/heading.py,heading,66,ARITHMETIC,"    token = state.push(""heading_close"", ""h"" + str(level), -1)","    token = state.push(""heading_close"", -1)"
M2b61e8c7480d5614,auto_non_equivalent,1,8,0,0,0,0,0,0,0,specified,markdown_it/rules_block/list.py,list_block,319,CONTROL_FLOW,            break,            return
M2b6b8934b6df8312,auto_non_equivalent,1,8,0,0,0,0,0,0,0,specified,markdown_it/ruler.py,__compile__,99,CALL_ARGUMENT,            chains.add(name),            chains.add(None)
M2b765150a4bf8862,auto_non_equivalent,1,8,0,0,0,0,0,0,0,specified,markdown_it/rules_block/list.py,list_block,232,CONSTANT_REPLACEMENT,"        token = state.push(""list_item_open"", ""li"", 1)",        token = None
M2b7a7b36fdb6b1e1,auto_non_equivalent,1,8,0,0,0,0,0,0,0,specified,markdown_it/rules_block/reference.py,reference,179,STATEMENT_REPLACEMENT,"            ""href"": href,","            ""HREF"": href,"
M2b8b55b0c373fbb0,auto_non_equivalent,1,8,0,0,0,0,0,0,0,specified,markdown_it/rules_inline/emphasis.py,_postProcess,77,CONSTANT_REPLACEMENT,        token.nesting = 1,        token.nesting = None
M2b8cfb3b92258657,auto_non_equivalent,1,8,0,0,0,0,0,0,0,specified,markdown_it/rules_block/reference.py,reference,110,CONSTANT_REPLACEMENT,"    titleRes = state.md.helpers.parseLinkTitle(string, pos, maximum, None)",    titleRes = None
M2baf8e6544ab3694,auto_non_equivalent,1,8,0,0,0,0,0,0,0,specified,markdown_it/rules_block/list.py,list_block,190,CALL_ARGUMENT,"    terminatorRules = state.md.block.ruler.getRules(""list"")","    terminatorRules = state.md.block.ruler.getRules(""LIST"")"
M2bb76a79134f5f91,auto_non_equivalent,1,8,0,0,0,0,0,0,0,specified,markdown_it/parser_block.py,parse,112,CALL_ARGUMENT,"    self.tokenize(state, state.line, state.lineMax)","    self.tokenize(None, state.line, state.lineMax)"
M2bd64a77f6c26a72,auto_non_equivalent,1,8,0,0,0,0,0,0,0,specified,markdown_it/renderer.py,code_inline,240,COMPARISON,"        + escapeHtml(tokens[idx].content)
        + ""</code>""","        + escapeHtml(tokens[idx].content) - ""</code>"""
M2be63f1aa01721a6,auto_non_equivalent,1,8,0,0,0,0,0,0,0,specified,markdown_it/rules_block/blockquote.py,blockquote,89,CONTROL_FLOW,            break,            return
M2be93a51f2136953,auto_non_equivalent,1,8,0,0,0,0,0,0,0,specified,markdown_it/rules_inline/autolink.py,autolink,62,CONSTANT_REPLACEMENT,"            token = state.push(""link_open"", ""a"", 1)","            token = state.push(""link_open"", ""a"", )"
M2bfbef69dc7f75c8,auto_non_equivalent,1,8,0,0,0,0,0,0,0,specified,markdown_it/rules_block/list.py,list_block,281,ARITHMETIC,"            state.line = min(state.line + 2, endLine)","            state.line = min(state.line + 2, None)"
M2c3d2a0360e3e0e4,auto_non_equivalent,1,8,0,0,0,0,0,0,0,specified,markdown_it/rules_block/heading.py,heading,61,CONSTANT_REPLACEMENT,"    token = state.push(""inline"", """", 0)","    token = state.push(""INLINE"", """", 0)"
M2c3e0352cb30c887,auto_non_equivalent,1,8,0,0,0,0,0,0,0,specified,markdown_it/renderer.py,render,82,CALL_ARGUMENT,"                result += self.renderInline(token.children, options, env)","                result += self.renderInline(token.children, options, )"
M2c4231fb710a88c6,auto_non_equivalent,1,8,0,0,0,0,0,0,0,specified,markdown_it/rules_block/list.py,list_block,118,COMPARISON,        and state.sCount[startLine] - state.listIndent >= 4,        and state.sCount[startLine] + state.listIndent >= 4
M2c724535e28bb85d,auto_non_equivalent,1,8,0,0,0,0,0,0,0,specified,markdown_it/rules_block/lheading.py,lheading,32,COMPARISON,        if state.sCount[nextLine] >= state.blkIndent:,        if state.sCount[nextLine] > state.blkIndent:
M2cafb8d794e0bb62,auto_non_equivalent,1,7,1,0,0,0,0,0,0,specified,markdown_it/rules_block/state_block.py,getLines,240,ARITHMETIC,                lineIndent += 1,                lineIndent -= 1
M2cb3c6a35bdfb79d,auto_non_equivalent,1,8,0,0,0,0,0,0,0,specified,markdown_it/rules_block/list.py,list_block,211,ARITHMETIC,                offset += 1,                offset -= 1
M2cc530187bc31e48,auto_non_equivalent,1,8,0,0,0,0,0,0,0,specified,markdown_it/rules_inline/link.py,link,54,CALL_ARGUMENT,            if state.md.validateLink(href):,            if state.md.validateLink(None):
M2cc5b99c631492fa,auto_non_equivalent,1,8,0,0,0,0,0,0,0,specified,markdown_it/rules_core/inline.py,inline,10,CALL_ARGUMENT,"            state.md.inline.parse(token.content, state.md, state.env, token.children)","            state.md.inline.parse(token.content, state.md, state.env, )"
M2ceb8fd59758ba06,auto_non_equivalent,1,8,0,0,0,0,0,0,0,specified,markdown_it/rules_block/fence.py,make_fence_rule,68,STATEMENT_REPLACEMENT,        mem = pos,        mem = None
M2cf79105cd37f27a,auto_non_equivalent,1,8,0,0,0,0,0,0,0,specified,markdown_it/rules_block/list.py,list_block,133,COMPARISON,        and state.sCount[startLine] >= state.blkIndent,        and state.sCount[startLine] > state.blkIndent
M2d20a9f362c8122b,auto_non_equivalent,1,8,0,0,0,0,0,0,0,specified,markdown_it/rules_inline/balance_pairs.py,processDelimiters,55,ARITHMETIC,            (3 if closer.open else 0) + (closer.length % 3),            (3 if closer.open else 0) + (closer.length / 3)
M2d2733f8450b7518,auto_non_equivalent,1,8,0,0,0,0,0,0,0,specified,markdown_it/ruler.py,after,172,CONSTANT_REPLACEMENT,"        index + 1, Rule[RuleFuncTv](ruleName, True, fn, options.get(""alt"", []))","        index + 1, Rule[RuleFuncTv](True, fn, options.get(""alt"", []))"
M2d2c53070ff545c8,auto_non_equivalent,1,8,0,0,0,0,0,0,0,specified,markdown_it/rules_block/hr.py,hr,42,CONSTANT_REPLACEMENT,            cnt += 1,            cnt += 2
M2d44825a0183db08,auto_non_equivalent,1,8,0,0,0,0,0,0,0,specified,markdown_it/rules_inline/image.py,image,135,STATEMENT_REPLACEMENT,"        token.attrs = {""src"": href, ""alt"": """"}","        token.attrs = {""XXsrcXX"": href, ""alt"": """"}"
M2d4fc948fd6c8a16,auto_non_equivalent,1,8,0,0,0,0,0,0,0,specified,markdown_it/rules_block/reference.py,reference,79,BOOLEAN_CONNECTOR,    if not destRes.ok:,    if destRes.ok:
M2d6172aff2ea7d35,auto_non_equivalent,1,8,0,0,0,0,0,0,0,specified,markdown_it/ruler.py,after,167,STATEMENT_REPLACEMENT,    index = self.__find__(afterName),    index = None
M2d65126bcf9705a6,auto_non_equivalent,1,8,0,0,0,0,0,0,0,specified,markdown_it/rules_inline/state_inline.py,pushPending,85,CONSTANT_REPLACEMENT,"    token = Token(""text"", """", 0)","    token = Token(None, """", 0)"
M2d7b1475467157ee,auto_non_equivalent,1,8,0,0,0,0,0,0,0,specified,markdown_it/ruler.py,at,121,BOOLEAN_CONNECTOR,    options = options or {},    options = options and {}
M2da8f40c7b4294fb,auto_non_equivalent,1,8,0,0,0,0,0,0,0,specified,markdown_it/rules_inline/link.py,link,71,COMPARISON,            if pos < maximum and start != pos and res.ok:,            if pos < maximum and start == pos and res.ok:
M2dade92e85d3fce4,auto_non_equivalent,1,8,0,0,0,0,0,0,0,specified,markdown_it/ruler.py,__compile__,102,STATEMENT_REPLACEMENT,        self.__cache__[chain] = [],        self.__cache__[chain] = None
M2db915afae521e11,auto_non_equivalent,1,8,0,0,0,0,0,0,0,specified,markdown_it/rules_inline/image.py,image,37,ARITHMETIC,        pos += 1,        pos -= 1
M2de0c1b79c2de173,auto_non_equivalent,1,8,0,0,0,0,0,0,0,specified,markdown_it/rules_block/list.py,list_block,327,CONSTANT_REPLACEMENT,"            if terminatorRule(state, nextLine, endLine, True):","            if terminatorRule(state, nextLine, endLine, False):"
M2df26dba7e097f75,auto_non_equivalent,1,8,0,0,0,0,0,0,0,specified,markdown_it/rules_core/normalize.py,normalize,14,CALL_ARGUMENT,"    string = NEWLINES_RE.sub(""\n"", state.src)","    string = NEWLINES_RE.sub(""XX\nXX"", state.src)"
M2e0df4a1df02ba9e,auto_non_equivalent,1,8,0,0,0,0,0,0,0,specified,markdown_it/rules_block/reference.py,reference,106,ARITHMETIC,        pos += 1,        pos -= 1
M2e0e179ff44f54fc,auto_non_equivalent,1,8,0,0,0,0,0,0,0,specified,markdown_it/common/utils.py,replaceEntityPattern,102,COMPARISON,    if name in entities:,    if name not in entities:
M2e1d59b754ad00fa,auto_non_equivalent,1,8,0,0,0,0,0,0,0,specified,markdown_it/rules_inline/autolink.py,autolink,70,CONSTANT_REPLACEMENT,"            token = state.push(""link_close"", ""a"", -1)","            token = state.push(""link_close"", ""A"", -1)"
M2e3937c45c2491c5,auto_non_equivalent,1,8,0,0,0,0,0,0,0,specified,markdown_it/rules_inline/fragments_join.py,fragments_join,50,CONSTANT_REPLACEMENT,        last += 1,        last += 2
M2e4ea9808a4e0698,auto_non_equivalent,1,8,0,0,0,0,0,0,0,specified,markdown_it/rules_inline/state_inline.py,__init__,50,STATEMENT_REPLACEMENT,    self.md = md,    self.md = None
M2e59274386835173,auto_non_equivalent,1,8,0,0,0,0,0,0,0,specified,markdown_it/rules_inline/fragments_join.py,fragments_join,36,STATEMENT_REPLACEMENT,            parts = [state.tokens[curr].content],            parts = None
M2e5a12a2038bdfde,auto_non_equivalent,1,8,0,0,0,0,0,0,0,specified,markdown_it/rules_block/list.py,list_block,370,CONSTANT_REPLACEMENT,"        token = state.push(""bullet_list_close"", ""ul"", -1)","        token = state.push(""bullet_list_close"", -1)"
M2e65c32b4d243249,auto_non_equivalent,1,8,0,0,0,0,0,0,0,specified,markdown_it/rules_block/state_block.py,__init__,71,CONSTANT_REPLACEMENT,    start = pos = indent = offset = 0,    start = pos = indent = offset = 1
M2e7728c18740379b,auto_non_equivalent,1,8,0,0,0,0,0,0,0,specified,markdown_it/rules_block/list.py,list_block,286,CALL_ARGUMENT,"            state.md.block.tokenize(state, startLine, endLine)","            state.md.block.tokenize(state, startLine, None)"
M2e7aafebb5798569,auto_non_equivalent,1,8,0,0,0,0,0,0,0,specified,markdown_it/renderer.py,fence,294,CONSTANT_REPLACEMENT,"        tmpToken = Token(type="""", tag="""", nesting=0, attrs=token.attrs.copy())","        tmpToken = Token(type="""", nesting=0, attrs=token.attrs.copy())"
M2e93f0ca5e057589,auto_non_equivalent,1,8,0,0,0,0,0,0,0,specified,markdown_it/renderer.py,renderInline,99,STATEMENT_REPLACEMENT,"    result = """"","    result = ""XXXX"""
M2e9cdc45af334e1f,auto_non_equivalent,1,8,0,0,0,0,0,0,0,specified,markdown_it/rules_block/state_block.py,getLines,252,CONSTANT_REPLACEMENT,        line += 1,        line += 2
M2eab7b020d7b3430,auto_non_equivalent,1,8,0,0,0,0,0,0,0,specified,markdown_it/renderer.py,renderInlineAsText,202,STATEMENT_REPLACEMENT,"        elif token.type == ""image"":","        elif token.type == ""XXimageXX"":"
M2ec836117f503212,auto_non_equivalent,1,8,0,0,0,0,0,0,0,specified,markdown_it/renderer.py,renderInlineAsText,201,ARITHMETIC,            result += token.content,            result = token.content
M2ed5b328a10de7b1,auto_non_equivalent,1,8,0,0,0,0,0,0,0,specified,markdown_it/main.py,parse,271,CALL_ARGUMENT,"    state = StateCore(src, self, env)","    state = StateCore(src, self, None)"
M2efb416c4c427a6d,auto_non_equivalent,1,8,0,0,0,0,0,0,0,specified,markdown_it/rules_block/reference.py,reference,56,COMPARISON,"        labelEnd is None or labelEnd < 0 or charCodeAt(string, labelEnd + 1) != 0x3A","        labelEnd is None or labelEnd < 0 or charCodeAt(string, None) != 0x3A"
M2f11b5f7f19874f6,auto_non_equivalent,1,8,0,0,0,0,0,0,0,specified,markdown_it/rules_inline/balance_pairs.py,processDelimiters,82,COMPARISON,                    and (opener.length % 3 != 0 or closer.length % 3 != 0),                    and (opener.length / 3 != 0 or closer.length % 3 != 0)
M2f61d54f37c41adf,auto_non_equivalent,1,8,0,0,0,0,0,0,0,specified,markdown_it/helpers/parse_link_label.py,parseLinkLabel,31,CONSTANT_REPLACEMENT,            if prevPos == state.pos - 1:,            if prevPos == state.pos - 2:
M2f6ba8c881281890,auto_non_equivalent,1,8,0,0,0,0,0,0,0,specified,markdown_it/rules_block/fence.py,make_fence_rule,136,CONSTANT_REPLACEMENT,"        token.content = state.getLines(startLine + 1, nextLine, length, True)","        token.content = state.getLines(startLine + 2, nextLine, length, True)"
M2f973e6819e2aefc,auto_non_equivalent,1,8,0,0,0,0,0,0,0,specified,markdown_it/rules_core/text_join.py,text_join,45,COMPARISON,"                    if next_token.type != ""text"":","                    if next_token.type == ""text"":"
M2fa537197a596c43,auto_non_equivalent,1,8,0,0,0,0,0,0,0,specified,markdown_it/rules_inline/escape.py,escape,27,CONSTANT_REPLACEMENT,"            state.push(""hardbreak"", ""br"", 0)","            state.push(""HARDBREAK"", ""br"", 0)"
M2fa68abd7e16c9e2,auto_non_equivalent,1,8,0,0,0,0,0,0,0,specified,markdown_it/rules_block/blockquote.py,blockquote,260,CONTROL_FLOW,            break,            return
M2fa828dbcd55bc85,auto_non_equivalent,1,8,0,0,0,0,0,0,0,specified,markdown_it/rules_inline/state_inline.py,scanDelims,167,CALL_ARGUMENT,"    return Scanned(can_open, can_close, count)","    return Scanned(can_open, None, count)"
M2faac8792fdcd4bb,auto_non_equivalent,1,8,0,0,0,0,0,0,0,specified,markdown_it/rules_block/blockquote.py,blockquote,131,CONSTANT_REPLACEMENT,    nextLine = startLine + 1,    nextLine = startLine + 2
M2fc83144bd8bad68,auto_non_equivalent,1,8,0,0,0,0,0,0,0,specified,markdown_it/helpers/parse_link_destination.py,parseLinkDestination,51,CONTROL_FLOW,            break,            return
M2ff58793278052e4,auto_non_equivalent,1,8,0,0,0,0,0,0,0,specified,markdown_it/helpers/parse_link_destination.py,parseLinkDestination,31,ARITHMETIC,                result.str = unescapeAll(string[start + 1 : pos]),                result.str = unescapeAll(None)
M2ffc598f3a611941,auto_non_equivalent,1,8,0,0,0,0,0,0,0,specified,markdown_it/ruler.py,push,187,BOOLEAN_CONNECTOR,"        Rule[RuleFuncTv](ruleName, True, fn, (options or {}).get(""alt"", []))","        Rule[RuleFuncTv](ruleName, True, None, (options or {}).get(""alt"", []))"
M300e84af9b5b1c3f,auto_non_equivalent,1,8,0,0,0,0,0,0,0,specified,markdown_it/rules_inline/fragments_join.py,fragments_join,45,ARITHMETIC,            last += 1,            last -= 1
M30c343bd37dcc24b,auto_non_equivalent,1,8,0,0,0,0,0,0,0,specified,markdown_it/rules_inline/escape.py,escape,51,CONSTANT_REPLACEMENT,"        token = state.push(""text_special"", """", 0)","        token = state.push(""text_special"", 0)"
M30e024207bbe6411,auto_non_equivalent,1,8,0,0,0,0,0,0,0,specified,markdown_it/rules_block/reference.py,reference,120,COMPARISON,    if pos < maximum and start != pos and titleRes.ok:,    if pos < maximum or start != pos and titleRes.ok:
M30fa7c5079bd175d,auto_non_equivalent,1,8,0,0,0,0,0,0,0,specified,markdown_it/rules_block/blockquote.py,blockquote,256,CALL_ARGUMENT,                oldTShift.append(state.tShift[nextLine]),                oldTShift.append(None)
M3114ba3fe88f722f,auto_non_equivalent,1,8,0,0,0,0,0,0,0,specified,markdown_it/renderer.py,renderInlineAsText,204,ARITHMETIC,"                result += self.renderInlineAsText(token.children, options, env)","                result -= self.renderInlineAsText(token.children, options, env)"
M31183bba2b391497,auto_non_equivalent,1,8,0,0,0,0,0,0,0,specified,markdown_it/helpers/parse_link_label.py,parseLinkLabel,20,COMPARISON,    while state.pos < state.posMax:,    while state.pos <= state.posMax:
M312d8139091fcf83,auto_non_equivalent,1,8,0,0,0,0,0,0,0,specified,markdown_it/rules_inline/link.py,link,132,STATEMENT_REPLACEMENT,"        token.attrs = {""href"": href}","        token.attrs = {""XXhrefXX"": href}"
M313f4c0e7310f09b,auto_non_equivalent,1,8,0,0,0,0,0,0,0,specified,markdown_it/rules_inline/fragments_join.py,fragments_join,18,COMPARISON,    while curr < maximum:,    while curr <= maximum:
M31775e6138931751,auto_non_equivalent,1,8,0,0,0,0,0,0,0,specified,markdown_it/rules_inline/newline.py,newline,40,COMPARISON,    while pos < maximum and isStrSpace(state.src[pos]):,    while pos < maximum or isStrSpace(state.src[pos]):
M317eaf45f4047f6c,auto_non_equivalent,1,8,0,0,0,0,0,0,0,specified,markdown_it/rules_inline/autolink.py,autolink,21,CONSTANT_REPLACEMENT,    while True:,    while False:
M3190a34eee566e7b,auto_non_equivalent,1,8,0,0,0,0,0,0,0,specified,markdown_it/helpers/parse_link_destination.py,parseLinkDestination,70,CONTROL_FLOW,                break,                return
M31931a12306ba168,auto_non_equivalent,1,8,0,0,0,0,0,0,0,specified,markdown_it/rules_inline/link.py,link,41,COMPARISON,"            if not isStrSpace(ch) and ch != ""\n"":","            if not isStrSpace(None) and ch != ""\n"":"
M31ac818bd343ad35,auto_non_equivalent,1,6,2,0,0,0,0,0,0,specified,markdown_it/rules_inline/escape.py,escape,32,BOOLEAN_CONNECTOR,            if not isStrSpace(ch):,            if not isStrSpace(None):
M31ea4199223cdd7d,auto_non_equivalent,1,8,0,0,0,0,0,0,0,specified,markdown_it/rules_block/reference.py,reference,43,CONSTANT_REPLACEMENT,        elif ch == 0x5C:  # /* \ */,        elif ch == 93:  # /* \ */
M31f83e7e51bad77e,auto_non_equivalent,1,8,0,0,0,0,0,0,0,specified,markdown_it/rules_block/blockquote.py,blockquote,320,CALL_ARGUMENT,"        state.md.block.tokenize(state, startLine, nextLine)","        state.md.block.tokenize(state, startLine, None)"
M320ef6c19c70d1ec,auto_non_equivalent,1,8,0,0,0,0,0,0,0,specified,markdown_it/rules_inline/autolink.py,autolink,41,CONSTANT_REPLACEMENT,"            token = state.push(""link_open"", ""a"", 1)","            token = state.push(""link_open"", ""a"", )"
M3215758da2baeb3c,auto_non_equivalent,1,8,0,0,0,0,0,0,0,specified,markdown_it/rules_block/state_block.py,__init__,72,STATEMENT_REPLACEMENT,    length = len(self.src),    length = None
M321af7d22dd3d598,auto_non_equivalent,1,8,0,0,0,0,0,0,0,specified,markdown_it/rules_inline/newline.py,newline,32,CONSTANT_REPLACEMENT,"                state.push(""softbreak"", ""br"", 0)","                state.push(""softbreak"", ""br"", )"
M321b051ccb2a8f7b,auto_non_equivalent,1,8,0,0,0,0,0,0,0,specified,markdown_it/rules_block/state_block.py,getLines,253,ARITHMETIC,        i += 1,        i -= 1
M321d5d01cbc488b8,auto_non_equivalent,1,8,0,0,0,0,0,0,0,specified,markdown_it/rules_block/reference.py,reference,47,CONSTANT_REPLACEMENT,"                and charCodeAt(string, pos) == 0x0A","                and charCodeAt(string, ) == 0x0A"
M321eec9b563c2404,auto_non_equivalent,1,8,0,0,0,0,0,0,0,specified,markdown_it/rules_inline/autolink.py,autolink,67,CONSTANT_REPLACEMENT,"            token = state.push(""text"", """", 0)","            token = state.push(""TEXT"", """", 0)"
M32202627b5257431,auto_non_equivalent,1,8,0,0,0,0,0,0,0,specified,markdown_it/rules_block/state_block.py,push,121,CALL_ARGUMENT,"    token = Token(ttype, tag, nesting)","    token = Token(ttype, tag, None)"
M322eb4c7f3f0cc03,auto_non_equivalent,1,8,0,0,0,0,0,0,0,specified,markdown_it/rules_inline/autolink.py,autolink,54,CONSTANT_REPLACEMENT,        return True,        return False
M322ee08139ded218,auto_non_equivalent,1,8,0,0,0,0,0,0,0,specified,markdown_it/rules_block/code.py,code,32,CONSTANT_REPLACEMENT,"    token = state.push(""code_block"", ""code"", 0)","    token = state.push(""code_block"", 0)"
M3235880074c36604,auto_non_equivalent,1,8,0,0,0,0,0,0,0,specified,markdown_it/parser_inline.py,tokenize,191,CONSTANT_REPLACEMENT,"                ok = rule(state, False)",                ok = rule(False)
M324441b8df5413c5,auto_non_equivalent,1,8,0,0,0,0,0,0,0,specified,markdown_it/rules_inline/entity.py,entity,34,CONSTANT_REPLACEMENT,                    else fromCodePoint(0xFFFD),                    else fromCodePoint(None)
M326db9bb836b86bb,auto_non_equivalent,1,8,0,0,0,0,0,0,0,specified,markdown_it/rules_block/html_block.py,html_block,88,CONSTANT_REPLACEMENT,"    token.content = state.getLines(startLine, nextLine, state.blkIndent, True)","    token.content = state.getLines(nextLine, state.blkIndent, True)"
M32a7efe32c761fe6,auto_non_equivalent,1,8,0,0,0,0,0,0,0,specified,markdown_it/rules_inline/link.py,link,121,STATEMENT_REPLACEMENT,"        title = ref[""title""]","        title = ref[""XXtitleXX""]"
M32bb165e692d300c,auto_non_equivalent,1,8,0,0,0,0,0,0,0,specified,markdown_it/rules_block/state_block.py,skipSpaces,155,BOOLEAN_CONNECTOR,        if not isStrSpace(current):,        if isStrSpace(current):
M32e959480f8c32b1,auto_non_equivalent,1,8,0,0,0,0,0,0,0,specified,markdown_it/rules_block/reference.py,reference,70,CALL_ARGUMENT,        elif isSpace(ch):,        elif isSpace(None):
M32f063a729f8f245,auto_non_equivalent,1,8,0,0,0,0,0,0,0,specified,markdown_it/rules_block/lheading.py,lheading,27,COMPARISON,        if state.sCount[nextLine] - state.blkIndent > 3:,        if state.sCount[nextLine] + state.blkIndent > 3:
M32fc0d95fe92d473,auto_non_equivalent,1,8,0,0,0,0,0,0,0,specified,markdown_it/rules_inline/image.py,image,69,CONSTANT_REPLACEMENT,"        res = state.md.helpers.parseLinkTitle(state.src, pos, state.posMax, None)","        res = state.md.helpers.parseLinkTitle(state.src, pos, None)"
M33155cfbdce85412,auto_non_equivalent,1,8,0,0,0,0,0,0,0,specified,markdown_it/rules_inline/balance_pairs.py,processDelimiters,110,ARITHMETIC,            openerIdx -= jumps[openerIdx] + 1,            openerIdx += jumps[openerIdx] + 1
M331d7942f9d91bbd,auto_non_equivalent,1,8,0,0,0,0,0,0,0,specified,markdown_it/helpers/parse_link_destination.py,parseLinkDestination,63,COMPARISON,        if code == 0x28:  # /* ( */),        if code != 0x28:  # /* ( */)
M3336c88c4d0490e7,auto_non_equivalent,1,8,0,0,0,0,0,0,0,specified,markdown_it/rules_inline/emphasis.py,tokenize,22,CONSTANT_REPLACEMENT,"        token = state.push(""text"", """", 0)","        token = state.push(""XXtextXX"", """", 0)"
M334e5ee84d3e63b2,auto_non_equivalent,1,8,0,0,0,0,0,0,0,specified,markdown_it/rules_inline/entity.py,entity,22,CONSTANT_REPLACEMENT,"    if state.src[pos + 1] == ""#"":","    if state.src[pos + 2] == ""#"":"
M3358cbe3ce6900cf,auto_non_equivalent,1,8,0,0,0,0,0,0,0,specified,markdown_it/rules_inline/link.py,link,117,STATEMENT_REPLACEMENT,            state.pos = oldPos,            state.pos = None
M336487e0db3bc3ad,auto_non_equivalent,1,8,0,0,0,0,0,0,0,specified,markdown_it/rules_inline/fragments_join.py,fragments_join,51,CONSTANT_REPLACEMENT,        curr += 1,        curr += 2
M33661c7f9b442037,auto_non_equivalent,1,8,0,0,0,0,0,0,0,specified,markdown_it/rules_inline/entity.py,entity,13,STATEMENT_REPLACEMENT,    pos = state.pos,    pos = None
M336e8034cb908aea,auto_non_equivalent,1,8,0,0,0,0,0,0,0,specified,markdown_it/rules_block/html_block.py,html_block,75,STATEMENT_REPLACEMENT,            maximum = state.eMarks[nextLine],            maximum = None
M339ed56ff9ffb739,auto_non_equivalent,1,8,0,0,0,0,0,0,0,specified,markdown_it/rules_inline/image.py,image,22,ARITHMETIC,"    labelEnd = state.md.helpers.parseLinkLabel(state, state.pos + 1, False)","    labelEnd = state.md.helpers.parseLinkLabel(state, None, False)"
M33a4dbd99f8bc3a5,auto_non_equivalent,1,8,0,0,0,0,0,0,0,specified,markdown_it/rules_inline/image.py,image,40,COMPARISON,"            if not isStrSpace(ch) and ch != ""\n"":","            if isStrSpace(ch) and ch != ""\n"":"
M33adf47cf712682a,auto_non_equivalent,1,8,0,0,0,0,0,0,0,specified,markdown_it/renderer.py,renderToken,142,COMPARISON,"    result += (""</"" if token.nesting == -1 else ""<"") + token.tag","    result += (""</"" if token.nesting != -1 else ""<"") + token.tag"
M33c09356ca639687,auto_non_equivalent,1,8,0,0,0,0,0,0,0,specified,markdown_it/rules_block/code.py,code,23,CALL_ARGUMENT,        if state.is_code_block(nextLine):,        if state.is_code_block(None):
M33e1d650888df30f,auto_non_equivalent,1,8,0,0,0,0,0,0,0,specified,markdown_it/rules_block/list.py,list_block,327,CONSTANT_REPLACEMENT,"            if terminatorRule(state, nextLine, endLine, True):","            if terminatorRule(state, None, endLine, True):"
M33ea1bd97fa05638,auto_non_equivalent,1,8,0,0,0,0,0,0,0,specified,markdown_it/rules_block/list.py,list_block,370,ARITHMETIC,"        token = state.push(""bullet_list_close"", ""ul"", -1)",        token = None
M33f30af512713e5e,auto_non_equivalent,1,8,0,0,0,0,0,0,0,specified,markdown_it/helpers/parse_link_title.py,parseLinkTitle,59,STATEMENT_REPLACEMENT,"        code = charCodeAt(string, pos)",        code = None
M33f9153406ee5c3c,auto_non_equivalent,1,8,0,0,0,0,0,0,0,specified,markdown_it/rules_block/heading.py,heading,51,STATEMENT_REPLACEMENT,"    tmp = state.skipCharsStrBack(maximum, ""#"", pos)",    tmp = None
M3401d6920b0c5be6,auto_non_equivalent,1,8,0,0,0,0,0,0,0,specified,markdown_it/rules_block/list.py,skipBulletListMarker,26,STATEMENT_REPLACEMENT,        ch = state.src[pos],        ch = None
M3422d9ab811418ab,auto_non_equivalent,1,8,0,0,0,0,0,0,0,specified,markdown_it/parser_inline.py,tokenize,181,COMPARISON,    while state.pos < end:,    while state.pos <= end:
M3431480fd5b2b833,auto_non_equivalent,1,8,0,0,0,0,0,0,0,specified,markdown_it/common/utils.py,escapeHtml,142,CALL_ARGUMENT,"    raw = raw.replace(""&"", ""&amp;"")  # Must be done first!","    raw = raw.replace(""&"", None)  # Must be done first!"
M343d2492caaad543,auto_non_equivalent,1,8,0,0,0,0,0,0,0,specified,markdown_it/rules_block/html_block.py,html_block,56,CONTROL_FLOW,            break,            return
M344023fbfbc1ae4e,auto_non_equivalent,1,8,0,0,0,0,0,0,0,specified,markdown_it/rules_block/heading.py,heading,61,CONSTANT_REPLACEMENT,"    token = state.push(""inline"", """", 0)","    token = state.push(""inline"", 0)"
M3442b7a19a66c15c,auto_non_equivalent,1,8,0,0,0,0,0,0,0,specified,markdown_it/rules_block/hr.py,hr,30,CALL_ARGUMENT,"    if marker not in (""*"", ""-"", ""_""):","    if marker not in (""*"", ""-"", ""XX_XX""):"
M34527e332dc426a6,auto_non_equivalent,1,8,0,0,0,0,0,0,0,specified,markdown_it/rules_block/reference.py,reference,43,COMPARISON,        elif ch == 0x5C:  # /* \ */,        elif ch != 0x5C:  # /* \ */
M346963336f929725,auto_non_equivalent,1,8,0,0,0,0,0,0,0,specified,markdown_it/rules_block/reference.py,reference,96,CALL_ARGUMENT,"        ch = charCodeAt(string, pos)","        ch = charCodeAt(None, pos)"
M347d5cc270f7ea24,auto_non_equivalent,1,8,0,0,0,0,0,0,0,specified,markdown_it/rules_inline/autolink.py,autolink,58,BOOLEAN_CONNECTOR,        if not state.md.validateLink(fullUrl):,        if state.md.validateLink(fullUrl):
M34840d982f351f3c,auto_non_equivalent,1,8,0,0,0,0,0,0,0,specified,markdown_it/parser_block.py,parse,111,CALL_ARGUMENT,"    state = StateBlock(src, md, env, outTokens)","    state = StateBlock(src, md, env, )"
M348700b1720a881d,auto_non_equivalent,1,8,0,0,0,0,0,0,0,specified,markdown_it/rules_block/state_block.py,skipSpacesBack,165,ARITHMETIC,        pos -= 1,        pos += 1
M34a059d3b21d7653,auto_non_equivalent,1,8,0,0,0,0,0,0,0,specified,markdown_it/rules_core/text_join.py,text_join,42,STATEMENT_REPLACEMENT,                    next_token = children[i],                    next_token = None
M34a21d580cb5026f,auto_non_equivalent,1,8,0,0,0,0,0,0,0,specified,markdown_it/ruler.py,enableOnly,229,CALL_ARGUMENT,"    return self.enable(names, ignoreInvalid)","    return self.enable(None, ignoreInvalid)"
M34c50919906c5362,auto_non_equivalent,1,8,0,0,0,0,0,0,0,specified,markdown_it/common/utils.py,escapeHtml,142,CALL_ARGUMENT,"    raw = raw.replace(""&"", ""&amp;"")  # Must be done first!","    raw = raw.replace(""&"", ""XX&amp;XX"")  # Must be done first!"
M34d4ec2860059667,auto_non_equivalent,1,8,0,0,0,0,0,0,0,specified,markdown_it/rules_block/html_block.py,html_block,78,CONSTANT_REPLACEMENT,            if html_seq[1].search(lineText):,            if html_seq[2].search(lineText):
M34e38ce87a37197d,auto_non_equivalent,1,8,0,0,0,0,0,0,0,specified,markdown_it/rules_block/lheading.py,lheading,76,CONSTANT_REPLACEMENT,"    token = state.push(""inline"", """", 0)","    token = state.push(""inline"", 0)"
M350fd408334e863f,auto_non_equivalent,1,8,0,0,0,0,0,0,0,specified,markdown_it/rules_inline/emphasis.py,_postProcess,93,CONSTANT_REPLACEMENT,        i -= 1,        i -= 2
M35119b79172714c9,auto_non_equivalent,1,8,0,0,0,0,0,0,0,specified,markdown_it/rules_block/list.py,markTightParagraphs,96,CONSTANT_REPLACEMENT,            state.tokens[i].hidden = True,            state.tokens[i].hidden = None
M351e864450ff065e,auto_non_equivalent,1,8,0,0,0,0,0,0,0,specified,markdown_it/renderer.py,renderToken,139,ARITHMETIC,"        result += ""\n""","        result -= ""\n"""
M353324daceb10f5d,auto_non_equivalent,1,8,0,0,0,0,0,0,0,specified,markdown_it/rules_inline/html_inline.py,isLetter,10,COMPARISON,    return (lc >= 0x61) and (lc <= 0x7A),    return (lc > 0x61) and (lc <= 0x7A)
M355c8deee206e7b2,auto_non_equivalent,1,8,0,0,0,0,0,0,0,specified,markdown_it/rules_block/reference.py,reference,56,COMPARISON,"        labelEnd is None or labelEnd < 0 or charCodeAt(string, labelEnd + 1) != 0x3A","        labelEnd is None or labelEnd < 0 or charCodeAt(string, labelEnd - 1) != 0x3A"
M3565d8ccf0aa7d76,auto_non_equivalent,1,8,0,0,0,0,0,0,0,specified,markdown_it/rules_block/list.py,list_block,345,CONSTANT_REPLACEMENT,        if markerChar != state.src[posAfterMarker - 1]:,        if markerChar != state.src[posAfterMarker - 2]:
M3567557d3bd9e4d9,auto_non_equivalent,1,8,0,0,0,0,0,0,0,specified,markdown_it/parser_inline.py,parse,210,CALL_ARGUMENT,"    state = StateInline(src, md, env, tokens)","    state = StateInline(src, md, tokens)"
M3569bf9eb67a0865,auto_non_equivalent,1,8,0,0,0,0,0,0,0,specified,markdown_it/rules_block/list.py,list_block,232,CONSTANT_REPLACEMENT,"        token = state.push(""list_item_open"", ""li"", 1)","        token = state.push(""list_item_open"", ""LI"", 1)"
M3579b95226635629,auto_non_equivalent,1,8,0,0,0,0,0,0,0,specified,markdown_it/rules_block/lheading.py,lheading,81,ARITHMETIC,"    token = state.push(""heading_close"", ""h"" + str(level), -1)","    token = state.push(""heading_close"", ""h"" + str(level), +1)"
M358b91f19fe0ca0d,auto_non_equivalent,1,8,0,0,0,0,0,0,0,specified,markdown_it/rules_block/reference.py,reference,121,STATEMENT_REPLACEMENT,        title = titleRes.str,        title = None
M35929ea91300fc32,auto_non_equivalent,1,8,0,0,0,0,0,0,0,specified,markdown_it/common/utils.py,isValidEntityCode,70,COMPARISON,    if c >= 0x0E and c <= 0x1F:,    if c >= 0x0E or c <= 0x1F:
M35bad662ed202451,auto_non_equivalent,1,8,0,0,0,0,0,0,0,specified,markdown_it/rules_inline/state_inline.py,pushPending,85,CONSTANT_REPLACEMENT,"    token = Token(""text"", """", 0)","    token = Token(""text"", 0)"
M35c8f6a26622d75b,auto_non_equivalent,1,8,0,0,0,0,0,0,0,specified,markdown_it/rules_block/list.py,list_block,341,CALL_ARGUMENT,"            posAfterMarker = skipBulletListMarker(state, nextLine)","            posAfterMarker = skipBulletListMarker(state, )"
M35d393275e9a4367,auto_non_equivalent,1,8,0,0,0,0,0,0,0,specified,markdown_it/rules_block/fence.py,make_fence_rule,136,ARITHMETIC,"        token.content = state.getLines(startLine + 1, nextLine, length, True)","        token.content = state.getLines(None, nextLine, length, True)"
M35d63c418f31c6df,auto_non_equivalent,1,8,0,0,0,0,0,0,0,specified,markdown_it/rules_inline/image.py,image,64,CONTROL_FLOW,                break,                return
M35dfe781b01277db,auto_non_equivalent,1,8,0,0,0,0,0,0,0,specified,markdown_it/rules_inline/state_inline.py,push,117,CALL_ARGUMENT,    self.tokens.append(token),    self.tokens.append(None)
M35e03ebacd64d2f8,auto_non_equivalent,1,8,0,0,0,0,0,0,0,specified,markdown_it/ruler.py,at,122,COMPARISON,    if index == -1:,    if index != -1:
M35eecabb8118985b,auto_non_equivalent,1,8,0,0,0,0,0,0,0,specified,markdown_it/rules_inline/fragments_join.py,fragments_join,41,ARITHMETIC,            merged = state.tokens[curr - 1],            merged = None
M3627886741a7ac36,auto_non_equivalent,1,8,0,0,0,0,0,0,0,specified,markdown_it/rules_block/lheading.py,lheading,24,COMPARISON,    while nextLine < endLine and not state.isEmpty(nextLine):,    while nextLine < endLine and not state.isEmpty(None):
M362b17b5463c625e,auto_non_equivalent,1,8,0,0,0,0,0,0,0,specified,markdown_it/rules_inline/backticks.py,backtick,17,STATEMENT_REPLACEMENT,    maximum = state.posMax,    maximum = None
M363c97cc22c38b9a,auto_non_equivalent,1,8,0,0,0,0,0,0,0,specified,markdown_it/rules_block/reference.py,reference,106,ARITHMETIC,        pos += 1,        pos = 1
M36401deb35fadd9d,auto_non_equivalent,1,8,0,0,0,0,0,0,0,specified,markdown_it/rules_block/fence.py,make_fence_rule,134,CONSTANT_REPLACEMENT,"        token = state.push(token_type, ""code"", 0)","        token = state.push(None, ""code"", 0)"
M364f843f6a476247,auto_non_equivalent,1,1,7,0,0,0,0,0,0,specified,markdown_it/renderer.py,renderToken,163,COMPARISON,            elif nextToken.nesting == -1 and nextToken.tag == token.tag:,            elif nextToken.nesting == -1 and nextToken.tag != token.tag:
M36c066e3c3ee49e7,auto_non_equivalent,1,8,0,0,0,0,0,0,0,specified,markdown_it/rules_block/state_block.py,getLines,243,ARITHMETIC,            first += 1,            first -= 1
M36c3b89b68f065b1,auto_non_equivalent,1,8,0,0,0,0,0,0,0,specified,markdown_it/rules_block/blockquote.py,blockquote,316,CONSTANT_REPLACEMENT,"        token = state.push(""blockquote_open"", ""blockquote"", 1)","        token = state.push(""blockquote_open"", ""BLOCKQUOTE"", 1)"
M36d2431843a59e94,auto_non_equivalent,1,8,0,0,0,0,0,0,0,specified,markdown_it/rules_inline/escape.py,escape,51,CONSTANT_REPLACEMENT,"        token = state.push(""text_special"", """", 0)",        token = None
M36d8d473daca184a,auto_non_equivalent,1,8,0,0,0,0,0,0,0,specified,markdown_it/rules_block/blockquote.py,blockquote,316,CONSTANT_REPLACEMENT,"        token = state.push(""blockquote_open"", ""blockquote"", 1)","        token = state.push(""blockquote_open"", ""XXblockquoteXX"", 1)"
M36f47066ea1677c2,auto_non_equivalent,1,8,0,0,0,0,0,0,0,specified,markdown_it/rules_block/reference.py,reference,131,BOOLEAN_CONNECTOR,        if not isSpace(ch):,        if not isSpace(None):
M370a2cff8dea1af5,auto_non_equivalent,1,8,0,0,0,0,0,0,0,specified,markdown_it/rules_inline/image.py,image,134,CONSTANT_REPLACEMENT,"        token = state.push(""image"", ""img"", 0)","        token = state.push(""image"", 0)"
M3712f3ec8504cee1,auto_non_equivalent,1,6,0,0,2,0,0,0,0,specified,markdown_it/rules_inline/emphasis.py,_postProcess,52,ARITHMETIC,            i -= 1,            i = 1
M3714f71ac3eff8a4,auto_non_equivalent,1,8,0,0,0,0,0,0,0,specified,markdown_it/rules_inline/link.py,link,20,CONSTANT_REPLACEMENT,"    labelEnd = state.md.helpers.parseLinkLabel(state, state.pos, True)","    labelEnd = state.md.helpers.parseLinkLabel(None, state.pos, True)"
M371b48233c011d6f,auto_non_equivalent,1,8,0,0,0,0,0,0,0,specified,markdown_it/rules_block/list.py,list_block,286,CALL_ARGUMENT,"            state.md.block.tokenize(state, startLine, endLine)","            state.md.block.tokenize(None, startLine, endLine)"
M371daa4313be1c4b,auto_non_equivalent,1,8,0,0,0,0,0,0,0,specified,markdown_it/rules_inline/link.py,link,115,CONSTANT_REPLACEMENT,"        ref = state.env[""references""].get(label, None)","        ref = state.env[""references""].get(None, None)"
M373afd275b45f43b,auto_non_equivalent,1,8,0,0,0,0,0,0,0,specified,markdown_it/rules_block/state_block.py,__init__,79,COMPARISON,"                if character == ""\t"":","                if character != ""\t"":"
M3773f9dd3b3b69ec,auto_non_equivalent,1,8,0,0,0,0,0,0,0,specified,markdown_it/rules_block/lheading.py,lheading,62,CONSTANT_REPLACEMENT,        nextLine += 1,        nextLine += 2
M3777f6a7b01064f0,auto_non_equivalent,1,8,0,0,0,0,0,0,0,specified,markdown_it/rules_inline/balance_pairs.py,processDelimiters,55,ARITHMETIC,            (3 if closer.open else 0) + (closer.length % 3),            (3 if closer.open else 0) - (closer.length % 3)
M378647d2550eecd8,auto_non_equivalent,1,8,0,0,0,0,0,0,0,specified,markdown_it/rules_block/reference.py,reference,151,CONSTANT_REPLACEMENT,    label = normalizeReference(string[1:labelEnd]),    label = None
M37a68afad7187d7c,auto_non_equivalent,1,8,0,0,0,0,0,0,0,specified,markdown_it/rules_block/blockquote.py,blockquote,262,CALL_ARGUMENT,        oldBMarks.append(state.bMarks[nextLine]),        oldBMarks.append(None)
M37afb0d2ced9dc3c,auto_non_equivalent,1,8,0,0,0,0,0,0,0,specified,markdown_it/renderer.py,fence,298,STATEMENT_REPLACEMENT,"            ""<pre><code""","            ""XX<pre><codeXX"""
M37b6d73998e1a971,auto_non_equivalent,1,8,0,0,0,0,0,0,0,specified,markdown_it/rules_block/blockquote.py,blockquote,79,CALL_ARGUMENT,        if isStrSpace(ch):,        if isStrSpace(None):
M37cb0e8a64ba8cb0,auto_non_equivalent,1,7,0,1,0,0,0,0,0,specified,markdown_it/cli/parse.py,parse_args,113,CALL_ARGUMENT,"    parser.add_argument(""-v"", ""--version"", action=""version"", version=version_str)","    parser.add_argument(""-v"", ""--version"", version=version_str)"
M37d137bcbf80d14c,auto_non_equivalent,1,8,0,0,0,0,0,0,0,specified,markdown_it/rules_inline/text.py,text,19,ARITHMETIC,        state.pending += state.src[state.pos : pos],        state.pending -= state.src[state.pos : pos]
M37e5f108355a067d,auto_non_equivalent,1,8,0,0,0,0,0,0,0,specified,markdown_it/rules_block/lheading.py,lheading,72,ARITHMETIC,"    token = state.push(""heading_open"", ""h"" + str(level), 1)",    token = None
M37f35384e91f313f,auto_non_equivalent,1,8,0,0,0,0,0,0,0,specified,markdown_it/rules_inline/state_inline.py,pushPending,85,CONSTANT_REPLACEMENT,"    token = Token(""text"", """", 0)","    token = Token(""TEXT"", """", 0)"
M38118ffdd340abe6,auto_non_equivalent,1,8,0,0,0,0,0,0,0,specified,markdown_it/rules_core/text_join.py,text_join,49,ARITHMETIC,"                new_tokens[-1].content = """".join(parts)",                new_tokens[-1].content = None
M38249fc509a33787,auto_non_equivalent,1,8,0,0,0,0,0,0,0,specified,markdown_it/helpers/parse_link_destination.py,parseLinkDestination,30,ARITHMETIC,                result.pos = pos + 1,                result.pos = None
M382bc57312817365,auto_non_equivalent,1,8,0,0,0,0,0,0,0,specified,markdown_it/ruler.py,after,172,ARITHMETIC,"        index + 1, Rule[RuleFuncTv](ruleName, True, fn, options.get(""alt"", []))","        index + 1, Rule[RuleFuncTv](ruleName, True, fn, options.get(""alt"", None))"
M382c82305f5ae1f6,auto_non_equivalent,1,8,0,0,0,0,0,0,0,specified,markdown_it/parser_block.py,tokenize,88,CONTROL_FLOW,                break,                return
M3832949ccb327a36,auto_non_equivalent,1,8,0,0,0,0,0,0,0,specified,markdown_it/rules_block/blockquote.py,blockquote,168,ARITHMETIC,                initial += 1,                initial = 1
M38368703b5a7bd38,auto_non_equivalent,1,8,0,0,0,0,0,0,0,specified,markdown_it/rules_inline/emphasis.py,tokenize,22,CONSTANT_REPLACEMENT,"        token = state.push(""text"", """", 0)",        token = None
M384d0ab446dc2238,auto_non_equivalent,1,8,0,0,0,0,0,0,0,specified,markdown_it/rules_block/state_block.py,push,122,CONSTANT_REPLACEMENT,    token.block = True,    token.block = None
M385e87c729ed323a,auto_non_equivalent,1,8,0,0,0,0,0,0,0,specified,markdown_it/parser_inline.py,skipToken,138,CALL_ARGUMENT,"    rules = self.ruler.getRules("""")","    rules = self.ruler.getRules(""XXXX"")"
M385fa3b631ffbdcc,auto_non_equivalent,1,8,0,0,0,0,0,0,0,specified,markdown_it/rules_core/normalize.py,normalize,14,CALL_ARGUMENT,"    string = NEWLINES_RE.sub(""\n"", state.src)","    string = NEWLINES_RE.sub(""\n"", None)"
M387d74d82582e8e9,auto_non_equivalent,1,8,0,0,0,0,0,0,0,specified,markdown_it/rules_inline/balance_pairs.py,processDelimiters,82,CONSTANT_REPLACEMENT,                    and (opener.length % 3 != 0 or closer.length % 3 != 0),                    and (opener.length % 3 != 0 or closer.length % 3 != 1)
M38a3f9813fefd564,auto_non_equivalent,1,8,0,0,0,0,0,0,0,specified,markdown_it/rules_block/list.py,list_block,304,CONSTANT_REPLACEMENT,"        token = state.push(""list_item_close"", ""li"", -1)","        token = state.push(""list_item_close"", ""li"", -2)"
M38af0b679ab65d75,auto_non_equivalent,1,8,0,0,0,0,0,0,0,specified,markdown_it/rules_inline/entity.py,entity,30,CONSTANT_REPLACEMENT,"                token = state.push(""text_special"", """", 0)","                token = state.push(""text_special"", """", None)"
M38c1fa31f67a0b51,auto_non_equivalent,1,8,0,0,0,0,0,0,0,specified,markdown_it/rules_inline/link.py,link,120,STATEMENT_REPLACEMENT,"        href = ref[""href""]","        href = ref[""XXhrefXX""]"
M38cf3b12531d9b9f,auto_non_equivalent,1,8,0,0,0,0,0,0,0,specified,markdown_it/rules_block/reference.py,reference,37,CONTROL_FLOW,            break,            return
M38d051415eb46f92,auto_non_equivalent,1,8,0,0,0,0,0,0,0,specified,markdown_it/renderer.py,code_block,258,STATEMENT_REPLACEMENT,"        + ""</code></pre>\n""","        + ""XX</code></pre>\nXX"""
M38d0ff7dc106922e,auto_non_equivalent,1,8,0,0,0,0,0,0,0,specified,markdown_it/rules_inline/autolink.py,autolink,56,COMPARISON,    if EMAIL_RE.search(url) is not None:,    if EMAIL_RE.search(None) is not None:
M38f0a2690c59f583,auto_non_equivalent,1,7,0,1,0,0,0,0,0,specified,markdown_it/cli/parse.py,main,21,STATEMENT_REPLACEMENT,    namespace = parse_args(args),    namespace = None
M391ff125f8fbc12e,auto_non_equivalent,1,8,0,0,0,0,0,0,0,specified,markdown_it/renderer.py,text,346,CALL_ARGUMENT,    return escapeHtml(tokens[idx].content),    return escapeHtml(None)
M39248957a0ed1ddc,auto_non_equivalent,1,8,0,0,0,0,0,0,0,specified,markdown_it/rules_block/lheading.py,lheading,64,BOOLEAN_CONNECTOR,    if not level:,    if level:
M392551a8e6ab13d5,auto_non_equivalent,1,8,0,0,0,0,0,0,0,specified,markdown_it/main.py,parse,271,CALL_ARGUMENT,"    state = StateCore(src, self, env)","    state = StateCore(src, self, )"
M39273c5f997b5873,auto_non_equivalent,1,8,0,0,0,0,0,0,0,specified,markdown_it/rules_inline/newline.py,newline,29,CONSTANT_REPLACEMENT,"                state.push(""hardbreak"", ""br"", 0)","                state.push(""hardbreak"", ""br"", 1)"
M3942b0e68c9cc3a1,auto_non_equivalent,1,8,0,0,0,0,0,0,0,specified,markdown_it/rules_block/blockquote.py,blockquote,322,CONSTANT_REPLACEMENT,"        token = state.push(""blockquote_close"", ""blockquote"", -1)","        token = state.push(""blockquote"", -1)"
M394cafe365c8d66b,auto_non_equivalent,1,8,0,0,0,0,0,0,0,specified,markdown_it/rules_block/state_block.py,__init__,98,CONSTANT_REPLACEMENT,            offset = 0,            offset = None
M39a484d60875939d,auto_non_equivalent,1,8,0,0,0,0,0,0,0,specified,markdown_it/rules_block/state_block.py,push,121,CALL_ARGUMENT,"    token = Token(ttype, tag, nesting)","    token = Token(tag, nesting)"
M39a712ccea2cd2cf,auto_non_equivalent,1,8,0,0,0,0,0,0,0,specified,markdown_it/rules_block/list.py,list_block,294,COMPARISON,        prevEmptyEnd = (state.line - startLine) > 1 and state.isEmpty(state.line - 1),        prevEmptyEnd = (state.line - startLine) >= 1 and state.isEmpty(state.line - 1)
M39b7ccbfea44276a,auto_non_equivalent,1,8,0,0,0,0,0,0,0,specified,markdown_it/rules_block/list.py,list_block,336,CALL_ARGUMENT,"            posAfterMarker = skipOrderedListMarker(state, nextLine)","            posAfterMarker = skipOrderedListMarker(None, nextLine)"
M39d9d8747d8189ea,auto_non_equivalent,1,8,0,0,0,0,0,0,0,specified,markdown_it/rules_block/lheading.py,lheading,24,COMPARISON,    while nextLine < endLine and not state.isEmpty(nextLine):,    while nextLine < endLine or not state.isEmpty(nextLine):
M39e44d72af58e118,auto_non_equivalent,1,8,0,0,0,0,0,0,0,specified,markdown_it/main.py,__init__,54,STATEMENT_REPLACEMENT,    self.block = ParserBlock(),    self.block = None
M3a16dc48f549ae94,auto_non_equivalent,1,8,0,0,0,0,0,0,0,specified,markdown_it/helpers/parse_link_title.py,parseLinkTitle,74,ARITHMETIC,    state.str += unescapeAll(string[start:pos]),    state.str += unescapeAll(None)
M3a2655294eef028b,auto_non_equivalent,1,8,0,0,0,0,0,0,0,specified,markdown_it/rules_block/fence.py,make_fence_rule,69,CALL_ARGUMENT,"        pos = state.skipCharsStr(pos, marker)","        pos = state.skipCharsStr(None, marker)"
M3a427875edee7502,auto_non_equivalent,1,8,0,0,0,0,0,0,0,specified,markdown_it/rules_block/reference.py,reference,98,COMPARISON,"            if (lineContent := getNextLine(state, nextLine)) is not None:","            if (lineContent := getNextLine(state, nextLine)) is None:"
M3a4a574b4f1367dc,auto_non_equivalent,1,8,0,0,0,0,0,0,0,specified,markdown_it/rules_inline/balance_pairs.py,processDelimiters,52,ARITHMETIC,"            openersBottom[closer.marker] = [-1, -1, -1, -1, -1, -1]","            openersBottom[closer.marker] = [-1, +1, -1, -1, -1, -1]"
M3a4fdeb2292a80d7,auto_non_equivalent,1,8,0,0,0,0,0,0,0,specified,markdown_it/main.py,__getitem__,89,STATEMENT_REPLACEMENT,"        ""block"": self.block,","        ""XXblockXX"": self.block,"
M3a56b94aceedd378,auto_non_equivalent,1,8,0,0,0,0,0,0,0,specified,markdown_it/rules_core/text_join.py,text_join,41,COMPARISON,                while i < len(children):,                while i <= len(children):
M3a5f32acf0b8430b,auto_non_equivalent,1,8,0,0,0,0,0,0,0,specified,markdown_it/main.py,render,287,CALL_ARGUMENT,"    return self.renderer.render(self.parse(src, env), self.options, env)","    return self.renderer.render(None, self.options, env)"
M3a6a7dc43beff924,auto_non_equivalent,1,8,0,0,0,0,0,0,0,specified,markdown_it/rules_block/list.py,list_block,368,ARITHMETIC,"        token = state.push(""ordered_list_close"", ""ol"", -1)","        token = state.push(""ordered_list_close"", None, -1)"
M3aac12f389fe2610,auto_non_equivalent,1,8,0,0,0,0,0,0,0,specified,markdown_it/rules_block/list.py,list_block,209,ARITHMETIC,                offset += 4 - (offset + state.bsCount[nextLine]) % 4,                offset -= 4 - (offset + state.bsCount[nextLine]) % 4
M3b03a71b6c9401b6,auto_non_equivalent,1,8,0,0,0,0,0,0,0,specified,markdown_it/rules_block/state_block.py,__init__,111,CALL_ARGUMENT,"    self._code_enabled = ""code"" in self.md[""block""].ruler.get_active_rules()","    self._code_enabled = ""code"" in self.md[""XXblockXX""].ruler.get_active_rules()"
M3b63ea4f88d0e477,auto_non_equivalent,1,8,0,0,0,0,0,0,0,specified,markdown_it/rules_block/reference.py,reference,74,ARITHMETIC,        pos += 1,        pos -= 1
M3b87ab5270988261,auto_non_equivalent,1,8,0,0,0,0,0,0,0,specified,markdown_it/renderer.py,renderToken,148,CONSTANT_REPLACEMENT,"    if token.nesting == 0 and options[""xhtmlOut""]:","    if token.nesting == 0 and options[""XXxhtmlOutXX""]:"
M3b8fba2b74d10d4c,auto_non_equivalent,1,8,0,0,0,0,0,0,0,specified,markdown_it/rules_block/blockquote.py,blockquote,340,CONSTANT_REPLACEMENT,    return True,    return False
M3b95360162f0fe0f,auto_non_equivalent,1,8,0,0,0,0,0,0,0,specified,markdown_it/rules_inline/autolink.py,autolink,49,CONSTANT_REPLACEMENT,"            token = state.push(""link_close"", ""a"", -1)","            token = state.push(""a"", -1)"
M3b9f0eeb581ec512,auto_non_equivalent,1,8,0,0,0,0,0,0,0,specified,markdown_it/rules_inline/emphasis.py,_postProcess,67,COMPARISON,            and delimiters[i - 1].token == startDelim.token - 1,            and delimiters[i + 1].token == startDelim.token - 1
M3bb087885defff6b,auto_non_equivalent,1,8,0,0,0,0,0,0,0,specified,markdown_it/rules_block/heading.py,heading,51,CALL_ARGUMENT,"    tmp = state.skipCharsStrBack(maximum, ""#"", pos)","    tmp = state.skipCharsStrBack(maximum, ""#"", None)"
M3bb973ae2e826753,auto_non_equivalent,1,8,0,0,0,0,0,0,0,specified,markdown_it/rules_inline/emphasis.py,tokenize,25,ARITHMETIC,"            Delimiter(
                marker=ord(marker),
                length=scanned.length,
                token=len(state.tokens) - 1,
                end=-1,
                open=scanned.can_open,
                close=scanned.can_close,
            )",            None
M3bbbebc1aa3c5311,auto_non_equivalent,1,8,0,0,0,0,0,0,0,specified,markdown_it/rules_block/code.py,code,21,CONTROL_FLOW,            continue,            break
M3bc5348ff365183e,auto_non_equivalent,1,8,0,0,0,0,0,0,0,specified,markdown_it/rules_block/blockquote.py,blockquote,328,CONSTANT_REPLACEMENT,    lines[1] = state.line,    lines[2] = state.line
M3bd155dafd2cdf72,auto_non_equivalent,1,8,0,0,0,0,0,0,0,specified,markdown_it/rules_block/reference.py,reference,122,STATEMENT_REPLACEMENT,        pos = titleRes.pos,        pos = None
M3bd1cd2be08ada1b,auto_non_equivalent,1,8,0,0,0,0,0,0,0,specified,markdown_it/rules_inline/image.py,image,82,STATEMENT_REPLACEMENT,"            title = """"","            title = ""XXXX"""
M3be80d7f440582e2,auto_non_equivalent,1,8,0,0,0,0,0,0,0,specified,markdown_it/rules_inline/link.py,link,142,CALL_ARGUMENT,        state.md.inline.tokenize(state),        state.md.inline.tokenize(None)
M3c0a8212ce30d820,auto_non_equivalent,1,8,0,0,0,0,0,0,0,specified,markdown_it/rules_inline/autolink.py,autolink,46,CONSTANT_REPLACEMENT,"            token = state.push(""text"", """", 0)","            token = state.push(None, """", 0)"
M3c1ac771ce196247,auto_non_equivalent,1,8,0,0,0,0,0,0,0,specified,markdown_it/rules_inline/emphasis.py,_postProcess,67,CONSTANT_REPLACEMENT,            and delimiters[i - 1].token == startDelim.token - 1,            and delimiters[i - 1].token == startDelim.token - 2
M3c25577eb5867cf7,auto_non_equivalent,1,8,0,0,0,0,0,0,0,specified,markdown_it/rules_block/heading.py,heading,29,CONSTANT_REPLACEMENT,    pos += 1,    pos += 2
M3c4b009dee34c64c,auto_non_equivalent,1,8,0,0,0,0,0,0,0,specified,markdown_it/renderer.py,renderToken,158,STATEMENT_REPLACEMENT,"            if nextToken.type == ""inline"" or nextToken.hidden:","            if nextToken.type == ""INLINE"" or nextToken.hidden:"
M3c4d3036b297b7da,auto_non_equivalent,1,8,0,0,0,0,0,0,0,specified,markdown_it/rules_block/list.py,skipOrderedListMarker,59,STATEMENT_REPLACEMENT,        ch = state.src[pos],        ch = None
M3c8ac6975e1613ae,auto_non_equivalent,1,8,0,0,0,0,0,0,0,specified,markdown_it/rules_inline/newline.py,newline,24,CONSTANT_REPLACEMENT,                ws = pmax - 1,                ws = pmax - 2
M3c8d609dbad7ac70,auto_non_equivalent,1,8,0,0,0,0,0,0,0,specified,markdown_it/rules_block/heading.py,heading,57,CONSTANT_REPLACEMENT,"    token = state.push(""heading_open"", ""h"" + str(level), 1)","    token = state.push(""heading_open"", ""H"" + str(level), 1)"
M3c922f0f5a1f408e,auto_non_equivalent,1,8,0,0,0,0,0,0,0,specified,markdown_it/rules_block/heading.py,heading,69,CONSTANT_REPLACEMENT,    return True,    return False
M3c9d930815c93b54,auto_non_equivalent,1,8,0,0,0,0,0,0,0,specified,markdown_it/utils.py,__init__,70,CALL_ARGUMENT,"    self._options = cast(OptionsType, dict(options))","    self._options = cast(OptionsType, dict(None))"
M3c9dcf356ebaf5ac,auto_non_equivalent,1,8,0,0,0,0,0,0,0,specified,markdown_it/common/utils.py,escapeHtml,144,CALL_ARGUMENT,"    raw = raw.replace("">"", ""&gt;"")","    raw = raw.replace("">"", ""&GT;"")"
M3cab10a446d37904,auto_non_equivalent,1,8,0,0,0,0,0,0,0,specified,markdown_it/main.py,__init__,55,STATEMENT_REPLACEMENT,    self.core = ParserCore(),    self.core = None
M3cd3f812c3ae8501,auto_non_equivalent,1,8,0,0,0,0,0,0,0,specified,markdown_it/rules_inline/image.py,image,22,ARITHMETIC,"    labelEnd = state.md.helpers.parseLinkLabel(state, state.pos + 1, False)","    labelEnd = state.md.helpers.parseLinkLabel(state, state.pos + 1, True)"
M3ce2d21ce833d608,auto_non_equivalent,1,8,0,0,0,0,0,0,0,specified,markdown_it/main.py,parse,271,CALL_ARGUMENT,"    state = StateCore(src, self, env)","    state = StateCore(src, None, env)"
M3ce573f0f0fbf3b5,auto_non_equivalent,1,8,0,0,0,0,0,0,0,specified,markdown_it/rules_inline/entity.py,entity,25,CONSTANT_REPLACEMENT,                match1 = match.group(1),                match1 = match.group(None)
M3d05d932121b7f5b,auto_non_equivalent,1,8,0,0,0,0,0,0,0,specified,markdown_it/helpers/parse_link_title.py,parseLinkTitle,46,CONSTANT_REPLACEMENT,        if marker != 0x22 and marker != 0x27 and marker != 0x28:,        if marker != 0x22 and marker != 40 and marker != 0x28:
M3d1506f40253bab0,auto_non_equivalent,1,8,0,0,0,0,0,0,0,specified,markdown_it/rules_inline/emphasis.py,_postProcess,69,COMPARISON,            and delimiters[startDelim.end + 1].token == endDelim.token + 1,            and delimiters[startDelim.end - 1].token == endDelim.token + 1
M3d1a3a75dac618f2,auto_non_equivalent,1,8,0,0,0,0,0,0,0,specified,markdown_it/renderer.py,renderToken,168,COMPARISON,"    result += "">\n"" if needLf else "">""","    result -= "">\n"" if needLf else "">"""
M3d555d826fe1180f,auto_non_equivalent,1,8,0,0,0,0,0,0,0,specified,markdown_it/common/utils.py,isLinkOpen,309,CALL_ARGUMENT,    return bool(LINK_OPEN_RE.search(string)),    return bool(LINK_OPEN_RE.search(None))
M3d6cbc6def07ab43,auto_non_equivalent,1,8,0,0,0,0,0,0,0,specified,markdown_it/common/utils.py,isStrSpace,169,CALL_ARGUMENT,"    return ch in (""\t"", "" "")","    return ch in (""\t"", ""XX XX"")"
M3d7080aa2a7cf9b9,auto_non_equivalent,1,8,0,0,0,0,0,0,0,specified,markdown_it/rules_core/text_join.py,text_join,29,STATEMENT_REPLACEMENT,"                child_token.type = ""text""","                child_token.type = ""TEXT"""
M3d78ef74fdd50968,auto_non_equivalent,1,8,0,0,0,0,0,0,0,specified,markdown_it/rules_inline/link.py,link,106,CONSTANT_REPLACEMENT,            pos = labelEnd + 1,            pos = labelEnd + 2
M3d7e9be3aeca5934,auto_non_equivalent,1,8,0,0,0,0,0,0,0,specified,markdown_it/rules_inline/state_inline.py,__init__,54,CONSTANT_REPLACEMENT,    self.pos = 0,    self.pos = 1
M3d947b8d2d1723dc,auto_non_equivalent,1,8,0,0,0,0,0,0,0,specified,markdown_it/rules_block/list.py,list_block,381,CALL_ARGUMENT,"        markTightParagraphs(state, listTokIdx)",        markTightParagraphs(listTokIdx)
M3d95f66face3ea8d,auto_non_equivalent,1,8,0,0,0,0,0,0,0,specified,markdown_it/rules_block/blockquote.py,blockquote,26,COMPARISON,"        if state.src[pos] != "">"":","        if state.src[pos] == "">"":"
M3d9d6f7d1b66c79a,auto_non_equivalent,1,8,0,0,0,0,0,0,0,specified,markdown_it/rules_block/reference.py,reference,135,COMPARISON,"    if pos < maximum and charCodeAt(string, pos) != 0x0A and title:","    if pos < maximum and charCodeAt(None, pos) != 0x0A and title:"
M3daf2325d9bd30b2,auto_non_equivalent,1,8,0,0,0,0,0,0,0,specified,markdown_it/rules_block/list.py,list_block,179,CONSTANT_REPLACEMENT,"        token = state.push(""bullet_list_open"", ""ul"", 1)","        token = state.push(""ul"", 1)"
M3db477f408bdd0e6,auto_non_equivalent,1,8,0,0,0,0,0,0,0,specified,markdown_it/rules_inline/autolink.py,autolink,19,STATEMENT_REPLACEMENT,    maximum = state.posMax,    maximum = None
M3db67ad61235c3f4,auto_non_equivalent,1,8,0,0,0,0,0,0,0,specified,markdown_it/rules_block/list.py,skipOrderedListMarker,39,STATEMENT_REPLACEMENT,    pos = start,    pos = None
M3dcb316e2d39626b,auto_non_equivalent,1,8,0,0,0,0,0,0,0,specified,markdown_it/rules_inline/fragments_join.py,fragments_join,28,COMPARISON,"            state.tokens[curr].type == ""text""","            state.tokens[curr].type != ""text"""
M3e2332512ed78bde,auto_non_equivalent,1,8,0,0,0,0,0,0,0,specified,markdown_it/common/utils.py,escapeHtml,143,COMPARISON,"    raw = raw.replace(""<"", ""&lt;"")","    raw = raw.replace(""<"", None)"
M3e57ed7403a4687c,auto_non_equivalent,1,8,0,0,0,0,0,0,0,specified,markdown_it/rules_inline/balance_pairs.py,processDelimiters,58,CONSTANT_REPLACEMENT,        openerIdx = headerIdx - jumps[headerIdx] - 1,        openerIdx = headerIdx - jumps[headerIdx] - 2
M3e755a9373906816,auto_non_equivalent,1,8,0,0,0,0,0,0,0,specified,markdown_it/rules_block/list.py,list_block,179,CONSTANT_REPLACEMENT,"        token = state.push(""bullet_list_open"", ""ul"", 1)","        token = state.push(""bullet_list_open"", None, 1)"
M3e82e2f3721c6d62,auto_non_equivalent,1,8,0,0,0,0,0,0,0,specified,markdown_it/common/utils.py,escapeHtml,145,CALL_ARGUMENT,"    raw = raw.replace('""', ""&quot;"")","    raw = raw.replace('""', None)"
M3e91b51c72768aac,auto_non_equivalent,1,8,0,0,0,0,0,0,0,specified,markdown_it/rules_inline/escape.py,escape,51,CONSTANT_REPLACEMENT,"        token = state.push(""text_special"", """", 0)","        token = state.push(""text_special"", """", None)"
M3ea9cc3d5298d30c,auto_non_equivalent,1,8,0,0,0,0,0,0,0,specified,markdown_it/renderer.py,renderToken,158,STATEMENT_REPLACEMENT,"            if nextToken.type == ""inline"" or nextToken.hidden:","            if nextToken.type == ""XXinlineXX"" or nextToken.hidden:"
M3eb6d6eeb15b955d,auto_non_equivalent,1,8,0,0,0,0,0,0,0,specified,markdown_it/rules_inline/emphasis.py,_postProcess,89,CONSTANT_REPLACEMENT,"            state.tokens[delimiters[i - 1].token].content = """"","            state.tokens[delimiters[i - 1].token].content = ""XXXX"""
M3ed7478e46e2151c,auto_non_equivalent,1,8,0,0,0,0,0,0,0,specified,markdown_it/main.py,configure,132,CALL_ARGUMENT,"        for name, component in config[""components""].items():","        for name, component in config[""XXcomponentsXX""].items():"
M3ee372ad4e6cbd55,auto_non_equivalent,1,8,0,0,0,0,0,0,0,specified,markdown_it/rules_block/fence.py,make_fence_rule,136,CONSTANT_REPLACEMENT,"        token.content = state.getLines(startLine + 1, nextLine, length, True)","        token.content = state.getLines(startLine + 1, nextLine, True)"
M3eed76e113df651e,auto_non_equivalent,1,8,0,0,0,0,0,0,0,specified,markdown_it/rules_inline/entity.py,entity,16,COMPARISON,"    if state.src[pos] != ""&"":","    if state.src[pos] == ""&"":"
M3f022f60cf9e456f,auto_non_equivalent,1,8,0,0,0,0,0,0,0,specified,markdown_it/rules_block/html_block.py,html_block,82,CONSTANT_REPLACEMENT,            nextLine += 1,            nextLine += 2
M3f092074250a05f2,auto_non_equivalent,1,8,0,0,0,0,0,0,0,specified,markdown_it/rules_block/fence.py,make_fence_rule,116,CALL_ARGUMENT,"            if not closing_matcher(length, pos - mem):",            if not closing_matcher(pos - mem):
M3f210fdd55a452de,auto_non_equivalent,1,8,0,0,0,0,0,0,0,specified,markdown_it/rules_inline/image.py,image,63,COMPARISON,"            if not isStrSpace(ch) and ch != ""\n"":","            if not isStrSpace(ch) and ch == ""\n"":"
M3f3c8dc8ba0a6f9f,auto_non_equivalent,1,8,0,0,0,0,0,0,0,specified,markdown_it/rules_block/list.py,list_block,224,CONSTANT_REPLACEMENT,        if indentAfterMarker > 4:,        if indentAfterMarker > 5:
M3f3d16f2159d577c,auto_non_equivalent,1,8,0,0,0,0,0,0,0,specified,markdown_it/common/utils.py,unescapeAll,125,COMPARISON,"    if ""\\"" not in string and ""&"" not in string:","    if ""\\"" not in string and ""&"" in string:"
M3f41deb08f70bdd7,auto_non_equivalent,1,8,0,0,0,0,0,0,0,specified,markdown_it/rules_block/state_block.py,getLines,250,CONSTANT_REPLACEMENT,            queue[i - 1] = self.src[first:last],            queue[i - 2] = self.src[first:last]
M3f45751f514792d5,auto_non_equivalent,1,8,0,0,0,0,0,0,0,specified,markdown_it/rules_inline/image.py,image,88,CONSTANT_REPLACEMENT,        pos += 1,        pos += 2
M3f4b2cd6e7ae5ca2,auto_non_equivalent,1,8,0,0,0,0,0,0,0,specified,markdown_it/main.py,set,102,STATEMENT_REPLACEMENT,    self.options = OptionsDict(options),    self.options = None
M3f4faba7350076f0,auto_non_equivalent,1,8,0,0,0,0,0,0,0,specified,markdown_it/parser_inline.py,tokenize,179,STATEMENT_REPLACEMENT,"    maxNesting = state.md.options[""maxNesting""]","    maxNesting = state.md.options[""XXmaxNestingXX""]"
M3f50f96c71f21a07,auto_non_equivalent,1,8,0,0,0,0,0,0,0,specified,markdown_it/renderer.py,code_block,257,ARITHMETIC,        + escapeHtml(tokens[idx].content),        + escapeHtml(None)
M3f68f111a1c6a9c7,auto_non_equivalent,1,8,0,0,0,0,0,0,0,specified,markdown_it/rules_inline/fragments_join.py,fragments_join,50,ARITHMETIC,        last += 1,        last = 1
M3f8de83778d7b1b2,auto_non_equivalent,1,8,0,0,0,0,0,0,0,specified,markdown_it/rules_block/state_block.py,__init__,29,STATEMENT_REPLACEMENT,    self.tokens = tokens,    self.tokens = None
M3fb00fc4ae067164,auto_non_equivalent,1,8,0,0,0,0,0,0,0,specified,markdown_it/rules_inline/entity.py,entity,16,STATEMENT_REPLACEMENT,"    if state.src[pos] != ""&"":","    if state.src[pos] != ""XX&XX"":"
M3fb0511a4745cc44,auto_non_equivalent,1,8,0,0,0,0,0,0,0,specified,markdown_it/rules_inline/html_inline.py,html_inline,34,CONSTANT_REPLACEMENT,"        token = state.push(""html_inline"", """", 0)","        token = state.push(""HTML_INLINE"", """", 0)"
M3fece206f21c5b2e,auto_non_equivalent,1,8,0,0,0,0,0,0,0,specified,markdown_it/rules_block/html_block.py,html_block,71,COMPARISON,            if state.sCount[nextLine] < state.blkIndent:,            if state.sCount[nextLine] <= state.blkIndent:
M400d34761a11b373,auto_non_equivalent,1,8,0,0,0,0,0,0,0,specified,markdown_it/rules_inline/emphasis.py,_postProcess,76,STATEMENT_REPLACEMENT,"        token.tag = ""strong"" if isStrong else ""em""","        token.tag = ""STRONG"" if isStrong else ""em"""
M402468b6940de567,auto_non_equivalent,1,8,0,0,0,0,0,0,0,specified,markdown_it/rules_block/heading.py,heading,42,COMPARISON,    if level > 6 or (pos < maximum and not isStrSpace(ch)):,    if level > 6 or (pos < maximum and isStrSpace(ch)):
M40481244d3adaabe,auto_non_equivalent,1,8,0,0,0,0,0,0,0,specified,markdown_it/rules_block/state_block.py,getLines,253,ARITHMETIC,        i += 1,        i = 1
M404d19576dcad6b9,auto_non_equivalent,1,8,0,0,0,0,0,0,0,specified,markdown_it/common/utils.py,isStrSpace,169,CALL_ARGUMENT,"    return ch in (""\t"", "" "")","    return ch in (""XX\tXX"", "" "")"
M405e6c519771726b,auto_non_equivalent,1,8,0,0,0,0,0,0,0,specified,markdown_it/rules_inline/state_inline.py,scanDelims,140,ARITHMETIC,    count = pos - start,    count = pos + start
M40640ffc9784088d,auto_non_equivalent,1,8,0,0,0,0,0,0,0,specified,markdown_it/helpers/parse_link_destination.py,parseLinkDestination,68,CONSTANT_REPLACEMENT,        if code == 0x29:  # /* ) */),        if code == 42:  # /* ) */)
M4089301e02eb8d2a,auto_non_equivalent,1,8,0,0,0,0,0,0,0,specified,markdown_it/rules_block/list.py,list_block,179,CONSTANT_REPLACEMENT,"        token = state.push(""bullet_list_open"", ""ul"", 1)",        token = None
M408bce4a626caa87,auto_non_equivalent,1,8,0,0,0,0,0,0,0,specified,markdown_it/rules_block/reference.py,reference,78,CALL_ARGUMENT,"    destRes = state.md.helpers.parseLinkDestination(string, pos, maximum)","    destRes = state.md.helpers.parseLinkDestination(pos, maximum)"
M409f971777d8afce,auto_non_equivalent,1,8,0,0,0,0,0,0,0,specified,markdown_it/rules_core/normalize.py,normalize,17,CALL_ARGUMENT,"    string = NULL_RE.sub(""\ufffd"", string)","    string = NULL_RE.sub(None, string)"
M40b30ff54eceda20,auto_non_equivalent,1,8,0,0,0,0,0,0,0,specified,markdown_it/ruler.py,enable,210,CONSTANT_REPLACEMENT,        self.__rules__[idx].enabled = True,        self.__rules__[idx].enabled = False
M40d266ee4b6ae001,auto_non_equivalent,1,8,0,0,0,0,0,0,0,specified,markdown_it/rules_block/reference.py,reference,39,CONSTANT_REPLACEMENT,"            if (lineContent := getNextLine(state, nextLine)) is not None:",            if (lineContent := getNextLine(nextLine)) is not None:
M40e5d7c94655b646,auto_non_equivalent,1,8,0,0,0,0,0,0,0,specified,markdown_it/rules_block/list.py,list_block,175,COMPARISON,        if markerValue != 1:,        if markerValue == 1:
M40ef1a13a188c863,auto_non_equivalent,1,8,0,0,0,0,0,0,0,specified,markdown_it/rules_block/reference.py,reference,147,COMPARISON,"    if pos < maximum and charCodeAt(string, pos) != 0x0A:","    if pos < maximum and charCodeAt(string, pos) == 0x0A:"
M40f740cfd50aa9b7,auto_non_equivalent,1,8,0,0,0,0,0,0,0,specified,markdown_it/rules_inline/autolink.py,autolink,57,ARITHMETIC,"        fullUrl = state.md.normalizeLink(""mailto:"" + url)","        fullUrl = state.md.normalizeLink(""mailto:"" - url)"
M410a770da8767e3b,auto_non_equivalent,1,8,0,0,0,0,0,0,0,specified,markdown_it/rules_inline/state_inline.py,__init__,55,STATEMENT_REPLACEMENT,    self.posMax = len(self.src),    self.posMax = None
M412bedeaf4ad7422,auto_non_equivalent,1,8,0,0,0,0,0,0,0,specified,markdown_it/renderer.py,renderToken,148,CONSTANT_REPLACEMENT,"    if token.nesting == 0 and options[""xhtmlOut""]:","    if token.nesting == 0 and options[""XHTMLOUT""]:"
M412d3f5876457c0f,auto_non_equivalent,1,8,0,0,0,0,0,0,0,specified,markdown_it/parser_block.py,__init__,58,CALL_ARGUMENT,"        self.ruler.push(name, rule, {""alt"": alt})","        self.ruler.push(name, rule, None)"
M413630fa329cb3f6,auto_non_equivalent,1,8,0,0,0,0,0,0,0,specified,markdown_it/rules_inline/link.py,link,132,STATEMENT_REPLACEMENT,"        token.attrs = {""href"": href}","        token.attrs = {""HREF"": href}"
M41aed715bac282ee,auto_non_equivalent,1,8,0,0,0,0,0,0,0,specified,markdown_it/rules_block/list.py,list_block,264,ARITHMETIC,        state.tShift[startLine] = contentStart - state.bMarks[startLine],        state.tShift[startLine] = contentStart + state.bMarks[startLine]
M41bd23a1371e97db,auto_non_equivalent,1,8,0,0,0,0,0,0,0,specified,markdown_it/parser_inline.py,__init__,106,CALL_ARGUMENT,"        self.ruler2.push(name, rule2)",        self.ruler2.push(rule2)
M41c6e86089a4752e,auto_non_equivalent,1,8,0,0,0,0,0,0,0,specified,markdown_it/rules_inline/entity.py,entity,30,CONSTANT_REPLACEMENT,"                token = state.push(""text_special"", """", 0)","                token = state.push(None, """", 0)"
M41c7837273183c69,auto_non_equivalent,1,7,1,0,0,0,0,0,0,specified,markdown_it/rules_block/blockquote.py,blockquote,38,ARITHMETIC,    initial = offset = state.sCount[startLine] + 1,    initial = offset = state.sCount[startLine] - 1
M41cf6d09c89f1d01,auto_non_equivalent,1,8,0,0,0,0,0,0,0,specified,markdown_it/rules_inline/state_inline.py,scanDelims,135,COMPARISON,"    lastChar = self.src[start - 1] if start > 0 else "" """,    lastChar = None
M41d0f1dc040274eb,auto_non_equivalent,1,8,0,0,0,0,0,0,0,specified,markdown_it/rules_inline/image.py,image,122,STATEMENT_REPLACEMENT,"        title = ref[""title""]",        title = None
M41d163f4bdf7f263,auto_non_equivalent,1,8,0,0,0,0,0,0,0,specified,markdown_it/helpers/parse_link_title.py,parseLinkTitle,67,COMPARISON,        elif code == 0x5C and pos + 1 < maximum:  # /* \ */,        elif code != 0x5C and pos + 1 < maximum:  # /* \ */
M41f3528de4145fd5,auto_non_equivalent,1,8,0,0,0,0,0,0,0,specified,markdown_it/common/utils.py,isValidEntityCode,63,CONSTANT_REPLACEMENT,    if ((c & 0xFFFF) == 0xFFFF) or ((c & 0xFFFF) == 0xFFFE):,    if ((c | 0xFFFF) == 0xFFFF) or ((c & 0xFFFF) == 0xFFFE):
M426aec1d038c0433,auto_non_equivalent,1,8,0,0,0,0,0,0,0,specified,markdown_it/rules_block/state_block.py,__init__,80,ARITHMETIC,                    offset += 4 - offset % 4,                    offset = 4 - offset % 4
M428ec406849b744f,auto_non_equivalent,1,8,0,0,0,0,0,0,0,specified,markdown_it/rules_block/list.py,list_block,174,CONSTANT_REPLACEMENT,"        token = state.push(""ordered_list_open"", ""ol"", 1)","        token = state.push(""ordered_list_open"", ""OL"", 1)"
M429b28f494225cb2,auto_non_equivalent,1,8,0,0,0,0,0,0,0,specified,markdown_it/rules_block/paragraph.py,paragraph,21,STATEMENT_REPLACEMENT,"    state.parentType = ""paragraph""","    state.parentType = ""PARAGRAPH"""
M42c3a23dea16cc7a,auto_non_equivalent,1,8,0,0,0,0,0,0,0,specified,markdown_it/rules_block/html_block.py,html_block,78,CONSTANT_REPLACEMENT,            if html_seq[1].search(lineText):,            if html_seq[1].search(None):
M42e7ba4992bec702,auto_non_equivalent,1,8,0,0,0,0,0,0,0,specified,markdown_it/rules_block/list.py,list_block,159,COMPARISON,        and state.skipSpaces(posAfterMarker) >= state.eMarks[startLine],        and state.skipSpaces(posAfterMarker) > state.eMarks[startLine]
M4337c0c6e178abc5,auto_non_equivalent,1,8,0,0,0,0,0,0,0,specified,markdown_it/renderer.py,image,327,CALL_ARGUMENT,"        token.attrSet(""alt"", """")","        token.attrSet(""alt"", ""XXXX"")"
M43432c7a92882965,auto_non_equivalent,1,8,0,0,0,0,0,0,0,specified,markdown_it/rules_inline/balance_pairs.py,processDelimiters,17,CONSTANT_REPLACEMENT,    headerIdx = 0,    headerIdx = 1
M43635fbda1c6e2b3,auto_non_equivalent,1,8,0,0,0,0,0,0,0,specified,markdown_it/rules_block/lheading.py,lheading,45,CONSTANT_REPLACEMENT,"                        level = 1 if marker == ""="" else 2","                        level = 1 if marker == ""XX=XX"" else 2"
M43649c28d4a5ae0c,auto_non_equivalent,1,8,0,0,0,0,0,0,0,specified,markdown_it/rules_inline/state_inline.py,pushPending,88,CALL_ARGUMENT,    self.tokens.append(token),    self.tokens.append(None)
M437366c19aedd68d,auto_non_equivalent,1,8,0,0,0,0,0,0,0,specified,markdown_it/rules_block/reference.py,reference,30,CONSTANT_REPLACEMENT,    pos = 1,    pos = 2
M439e79aa5bdb41f2,auto_non_equivalent,1,8,0,0,0,0,0,0,0,specified,markdown_it/ruler.py,at,124,STATEMENT_REPLACEMENT,    self.__rules__[index].fn = fn,    self.__rules__[index].fn = None
M43a42c3f19686a86,auto_non_equivalent,1,8,0,0,0,0,0,0,0,specified,markdown_it/rules_block/reference.py,reference,163,STATEMENT_REPLACEMENT,    state.line = nextLine,    state.line = None
M43ac1f306ed2b32a,auto_non_equivalent,1,8,0,0,0,0,0,0,0,specified,markdown_it/parser_inline.py,__init__,102,CALL_ARGUMENT,"        self.ruler.push(name, rule)","        self.ruler.push(name, )"
M43de19062e992880,auto_non_equivalent,1,8,0,0,0,0,0,0,0,specified,markdown_it/rules_block/blockquote.py,blockquote,316,CONSTANT_REPLACEMENT,"        token = state.push(""blockquote_open"", ""blockquote"", 1)","        token = state.push(""blockquote_open"", None, 1)"
M44122cc8af42d37c,auto_non_equivalent,1,8,0,0,0,0,0,0,0,specified,markdown_it/rules_inline/backticks.py,backtick,24,STATEMENT_REPLACEMENT,    openerLength = len(marker),    openerLength = None
M4414bb09d582a089,auto_non_equivalent,1,8,0,0,0,0,0,0,0,specified,markdown_it/main.py,configure,138,CALL_ARGUMENT,                self[name].ruler2.enableOnly(rules2),                self[name].ruler2.enableOnly(None)
M441cf473e4251c14,auto_non_equivalent,1,8,0,0,0,0,0,0,0,specified,markdown_it/rules_block/state_block.py,__init__,21,STATEMENT_REPLACEMENT,    self.md = md,    self.md = None
M442275eb03b4d69e,auto_non_equivalent,1,8,0,0,0,0,0,0,0,specified,markdown_it/rules_block/reference.py,reference,179,STATEMENT_REPLACEMENT,"            ""href"": href,","            ""XXhrefXX"": href,"
M4463b1c2423b80ba,auto_non_equivalent,1,8,0,0,0,0,0,0,0,specified,markdown_it/renderer.py,code_inline,237,COMPARISON,"        ""<code""
        + self.renderAttrs(token)","        ""<code"" - self.renderAttrs(token)"
M4468183c18b739ab,auto_non_equivalent,1,8,0,0,0,0,0,0,0,specified,markdown_it/renderer.py,code_inline,238,ARITHMETIC,        + self.renderAttrs(token),        + self.renderAttrs(None)
M4486395dc71dc879,auto_non_equivalent,1,8,0,0,0,0,0,0,0,specified,markdown_it/rules_inline/escape.py,escape,51,CONSTANT_REPLACEMENT,"        token = state.push(""text_special"", """", 0)","        token = state.push(""text_special"", """", )"
M4495e365da7bed23,auto_non_equivalent,1,8,0,0,0,0,0,0,0,specified,markdown_it/common/normalize_url.py,normalizeLinkText,63,ARITHMETIC,"    return mdurl.decode(mdurl.format(parsed), mdurl.DECODE_DEFAULT_CHARS + ""%"")","    return mdurl.decode(mdurl.format(parsed), None)"
M44a4c577b0f2ac31,auto_non_equivalent,1,8,0,0,0,0,0,0,0,specified,markdown_it/rules_block/fence.py,make_fence_rule,99,COMPARISON,            if pos < maximum and state.sCount[nextLine] < state.blkIndent:,            if pos < maximum and state.sCount[nextLine] <= state.blkIndent:
M44ac4f1119e34eb3,auto_non_equivalent,1,8,0,0,0,0,0,0,0,specified,markdown_it/rules_inline/state_inline.py,scanDelims,130,STATEMENT_REPLACEMENT,    pos = start,    pos = None
M44cb82817471f144,auto_non_equivalent,1,8,0,0,0,0,0,0,0,specified,markdown_it/rules_block/html_block.py,html_block,88,CONSTANT_REPLACEMENT,"    token.content = state.getLines(startLine, nextLine, state.blkIndent, True)","    token.content = state.getLines(None, nextLine, state.blkIndent, True)"
M45054377556df59d,auto_non_equivalent,1,8,0,0,0,0,0,0,0,specified,markdown_it/rules_block/state_block.py,push,122,CONSTANT_REPLACEMENT,    token.block = True,    token.block = False
M4556e120b3f13431,auto_non_equivalent,1,8,0,0,0,0,0,0,0,specified,markdown_it/renderer.py,renderToken,138,CONSTANT_REPLACEMENT,    if token.block and token.nesting != -1 and idx and tokens[idx - 1].hidden:,    if token.block and token.nesting != -1 and idx and tokens[idx - 2].hidden:
M4569945cb36e2989,auto_non_equivalent,1,8,0,0,0,0,0,0,0,specified,markdown_it/rules_block/heading.py,heading,50,STATEMENT_REPLACEMENT,"    maximum = state.skipSpacesBack(maximum, pos)",    maximum = None
M4589c998473cffb3,auto_non_equivalent,1,8,0,0,0,0,0,0,0,specified,markdown_it/rules_block/list.py,list_block,142,CONSTANT_REPLACEMENT,        markerValue = int(state.src[start : posAfterMarker - 1]),        markerValue = int(state.src[start : posAfterMarker - 2])
M45a71242724176e6,auto_non_equivalent,1,8,0,0,0,0,0,0,0,specified,markdown_it/parser_inline.py,__init__,106,CALL_ARGUMENT,"        self.ruler2.push(name, rule2)","        self.ruler2.push(None, rule2)"
M45bcf40e5eba1fda,auto_non_equivalent,1,8,0,0,0,0,0,0,0,specified,markdown_it/rules_block/blockquote.py,blockquote,150,COMPARISON,"        evaluatesTrue = state.src[pos] == "">"" and not isOutdented","        evaluatesTrue = state.src[pos] == "">"" and isOutdented"
M45c3d2725589d325,auto_non_equivalent,1,8,0,0,0,0,0,0,0,specified,markdown_it/rules_block/heading.py,heading,50,CALL_ARGUMENT,"    maximum = state.skipSpacesBack(maximum, pos)","    maximum = state.skipSpacesBack(maximum, )"
M45dd01f59d950eeb,auto_non_equivalent,1,8,0,0,0,0,0,0,0,specified,markdown_it/rules_inline/image.py,image,132,CALL_ARGUMENT,"        state.md.inline.parse(content, state.md, state.env, tokens)","        state.md.inline.parse(state.md, state.env, tokens)"
M45f7496613155d4e,auto_non_equivalent,1,8,0,0,0,0,0,0,0,specified,markdown_it/helpers/parse_link_title.py,parseLinkTitle,74,ARITHMETIC,    state.str += unescapeAll(string[start:pos]),    state.str -= unescapeAll(string[start:pos])
M460bebe3fef82ab9,auto_non_equivalent,1,7,1,0,0,0,0,0,0,specified,markdown_it/rules_block/state_block.py,getLines,233,STATEMENT_REPLACEMENT,            ch = self.src[first],            ch = None
M4635f70cf1f0cdb0,auto_non_equivalent,1,8,0,0,0,0,0,0,0,specified,markdown_it/rules_inline/emphasis.py,postProcess,101,STATEMENT_REPLACEMENT,"        if token and ""delimiters"" in token:","        if token and ""XXdelimitersXX"" in token:"
M463d75f2eb78a15a,auto_non_equivalent,1,8,0,0,0,0,0,0,0,specified,markdown_it/rules_inline/balance_pairs.py,processDelimiters,81,COMPARISON,                    and ((opener.length + closer.length) % 3 == 0),                    and ((opener.length + closer.length) / 3 == 0)
M4665f2c5e716ada5,auto_non_equivalent,1,8,0,0,0,0,0,0,0,specified,markdown_it/rules_inline/backticks.py,backtick,39,CONTROL_FLOW,            break,            return
M466f1647b8441305,auto_non_equivalent,1,8,0,0,0,0,0,0,0,specified,markdown_it/rules_inline/state_inline.py,scanDelims,135,CONSTANT_REPLACEMENT,"    lastChar = self.src[start - 1] if start > 0 else "" ""","    lastChar = self.src[start - 2] if start > 0 else "" """
M46755cd89092f97c,auto_non_equivalent,1,8,0,0,0,0,0,0,0,specified,markdown_it/common/utils.py,normalizeReference,257,CALL_ARGUMENT,"    string = re.sub(r""\s+"", "" "", string.strip())","    string = re.sub(r""\s+"", "" "", )"
M46a2d4f1461db614,auto_non_equivalent,1,8,0,0,0,0,0,0,0,specified,markdown_it/ruler.py,getRules,267,CALL_ARGUMENT,"    return self.__cache__.get(chainName, []) or []",    return self.__cache__.get([]) or []
M46beaa8f36b5aeff,auto_non_equivalent,1,8,0,0,0,0,0,0,0,specified,markdown_it/parser_inline.py,skipToken,138,STATEMENT_REPLACEMENT,"    rules = self.ruler.getRules("""")",    rules = None
M46cb6a579a29d26a,auto_non_equivalent,1,8,0,0,0,0,0,0,0,specified,markdown_it/rules_block/html_block.py,html_block,38,ARITHMETIC,    pos = state.bMarks[startLine] + state.tShift[startLine],    pos = None
M46ddb97a1f0dd5c3,auto_non_equivalent,1,8,0,0,0,0,0,0,0,specified,markdown_it/main.py,configure,125,BOOLEAN_CONNECTOR,"    options = config.get(""options"", {}) or {}",    options = None
M46e164e6c65249af,auto_non_equivalent,1,8,0,0,0,0,0,0,0,specified,markdown_it/renderer.py,renderInlineAsText,204,ARITHMETIC,"                result += self.renderInlineAsText(token.children, options, env)","                result = self.renderInlineAsText(token.children, options, env)"
M46e9756a0f83952c,auto_non_equivalent,1,8,0,0,0,0,0,0,0,specified,markdown_it/rules_block/blockquote.py,blockquote,332,COMPARISON,"    for i, item in enumerate(oldTShift):","    for i, item in enumerate(None):"
M46f46986d5ea5f5c,auto_non_equivalent,1,8,0,0,0,0,0,0,0,specified,markdown_it/rules_inline/autolink.py,autolink,47,CALL_ARGUMENT,            token.content = state.md.normalizeLinkText(url),            token.content = state.md.normalizeLinkText(None)
M46fcc462fa054761,auto_non_equivalent,1,8,0,0,0,0,0,0,0,specified,markdown_it/rules_block/state_block.py,getLines,216,STATEMENT_REPLACEMENT,    line = begin,    line = None
M4718c5c8f2dcfca6,auto_non_equivalent,1,8,0,0,0,0,0,0,0,specified,markdown_it/rules_inline/entity.py,entity,30,CONSTANT_REPLACEMENT,"                token = state.push(""text_special"", """", 0)","                token = state.push(""TEXT_SPECIAL"", """", 0)"
M47484955c727da8b,auto_non_equivalent,1,8,0,0,0,0,0,0,0,specified,markdown_it/rules_inline/image.py,image,135,STATEMENT_REPLACEMENT,"        token.attrs = {""src"": href, ""alt"": """"}","        token.attrs = {""SRC"": href, ""alt"": """"}"
M474aeb4a249668fe,auto_non_equivalent,1,5,3,0,0,0,0,0,0,specified,markdown_it/ruler.py,after,172,ARITHMETIC,"        index + 1, Rule[RuleFuncTv](ruleName, True, fn, options.get(""alt"", []))","        index + 1, Rule[RuleFuncTv](None, True, fn, options.get(""alt"", []))"
M474cb7363ffac1fc,auto_non_equivalent,1,8,0,0,0,0,0,0,0,specified,markdown_it/rules_block/paragraph.py,paragraph,17,CALL_ARGUMENT,"    terminatorRules = ruler.getRules(""paragraph"")","    terminatorRules = ruler.getRules(""XXparagraphXX"")"
M475b7b3ada1b76c3,auto_non_equivalent,1,8,0,0,0,0,0,0,0,specified,markdown_it/rules_inline/balance_pairs.py,link_pairs,137,CALL_ARGUMENT,"            processDelimiters(state, curr_meta[""delimiters""])","            processDelimiters(curr_meta[""delimiters""])"
M4764920164dfe975,auto_non_equivalent,1,8,0,0,0,0,0,0,0,specified,markdown_it/rules_block/reference.py,reference,15,STATEMENT_REPLACEMENT,    maximum = state.eMarks[startLine],    maximum = None
M4771252b337e48d9,auto_non_equivalent,1,8,0,0,0,0,0,0,0,specified,markdown_it/renderer.py,fence,295,ARITHMETIC,"        tmpToken.attrJoin(""class"", options.langPrefix + langName)","        tmpToken.attrJoin(""class"", None)"
M47850fa116ae4077,auto_non_equivalent,1,8,0,0,0,0,0,0,0,specified,markdown_it/rules_block/reference.py,reference,16,CONSTANT_REPLACEMENT,    nextLine = startLine + 1,    nextLine = startLine + 2
M47887a4622b01c28,auto_non_equivalent,1,8,0,0,0,0,0,0,0,specified,markdown_it/rules_inline/backticks.py,backtick,50,BOOLEAN_CONNECTOR,            if not silent:,            if silent:
M47904f798430e015,auto_non_equivalent,1,8,0,0,0,0,0,0,0,specified,markdown_it/rules_inline/link.py,link,145,ARITHMETIC,"        token = state.push(""link_close"", ""a"", -1)","        token = state.push(""link_close"", ""a"", None)"
M47934863b6a36e29,auto_non_equivalent,1,8,0,0,0,0,0,0,0,specified,markdown_it/rules_block/blockquote.py,blockquote,335,ARITHMETIC,        state.sCount[i + startLine] = oldSCount[i],        state.sCount[i + startLine] = None
M47b6968dca0349af,auto_non_equivalent,1,8,0,0,0,0,0,0,0,specified,markdown_it/rules_block/heading.py,heading,57,CONSTANT_REPLACEMENT,"    token = state.push(""heading_open"", ""h"" + str(level), 1)","    token = state.push(""heading_open"", ""XXhXX"" + str(level), 1)"
M47bf2c4f7042e929,auto_non_equivalent,1,8,0,0,0,0,0,0,0,specified,markdown_it/rules_block/blockquote.py,blockquote,333,ARITHMETIC,        state.bMarks[i + startLine] = oldBMarks[i],        state.bMarks[i - startLine] = oldBMarks[i]
M47cafe07fb2c3780,auto_non_equivalent,1,8,0,0,0,0,0,0,0,specified,markdown_it/rules_inline/link.py,link,145,CONSTANT_REPLACEMENT,"        token = state.push(""link_close"", ""a"", -1)","        token = state.push(""link_close"", ""XXaXX"", -1)"
M47d3ad69059f81f3,auto_non_equivalent,1,8,0,0,0,0,0,0,0,specified,markdown_it/rules_core/inline.py,inline,7,STATEMENT_REPLACEMENT,"        if token.type == ""inline"":","        if token.type == ""XXinlineXX"":"
M47d8ff02f7f32951,auto_non_equivalent,1,8,0,0,0,0,0,0,0,specified,markdown_it/rules_inline/entity.py,entity,23,CALL_ARGUMENT,        if match := DIGITAL_RE.search(state.src[pos:]):,        if match := DIGITAL_RE.search(None):
M47dfe808ecd55a00,auto_non_equivalent,1,8,0,0,0,0,0,0,0,specified,markdown_it/rules_block/list.py,list_block,196,STATEMENT_REPLACEMENT,        pos = posAfterMarker,        pos = None
M47eb4fb912d41529,auto_non_equivalent,1,8,0,0,0,0,0,0,0,specified,markdown_it/rules_block/state_block.py,__init__,50,CONSTANT_REPLACEMENT,"    self.blkIndent = 0  # required block content indent (for example, if we are","    self.blkIndent = None  # required block content indent (for example, if we are"
M48051c9acdeea765,auto_non_equivalent,1,8,0,0,0,0,0,0,0,specified,markdown_it/rules_block/reference.py,reference,16,ARITHMETIC,    nextLine = startLine + 1,    nextLine = None
M481d991e991e21a9,auto_non_equivalent,1,8,0,0,0,0,0,0,0,specified,markdown_it/rules_block/list.py,list_block,224,COMPARISON,        if indentAfterMarker > 4:,        if indentAfterMarker >= 4:
M482b9351e2c6c041,auto_non_equivalent,1,8,0,0,0,0,0,0,0,specified,markdown_it/rules_inline/autolink.py,autolink,46,CONSTANT_REPLACEMENT,"            token = state.push(""text"", """", 0)","            token = state.push(""text"", 0)"
M482d169f6f8fbfd7,auto_non_equivalent,1,8,0,0,0,0,0,0,0,specified,markdown_it/rules_block/list.py,markTightParagraphs,89,ARITHMETIC,    level = state.level + 2,    level = state.level - 2
M48436e544d1c84b3,auto_non_equivalent,1,8,0,0,0,0,0,0,0,specified,markdown_it/rules_block/reference.py,reference,32,CALL_ARGUMENT,"        ch = charCodeAt(string, pos)","        ch = charCodeAt(None, pos)"
M485e94a15bce00e8,auto_non_equivalent,1,8,0,0,0,0,0,0,0,specified,markdown_it/helpers/parse_link_title.py,parseLinkTitle,53,COMPARISON,        if marker == 0x28:,        if marker != 0x28:
M485fa56d2646e1f4,auto_non_equivalent,1,8,0,0,0,0,0,0,0,specified,markdown_it/rules_inline/fragments_join.py,fragments_join,42,CALL_ARGUMENT,"            merged.content = """".join(parts)","            merged.content = """".join(None)"
M488e72283648eedc,auto_non_equivalent,1,8,0,0,0,0,0,0,0,specified,markdown_it/rules_inline/emphasis.py,_postProcess,51,COMPARISON,        if startDelim.end == -1:,        if startDelim.end != -1:
M489340985142a66a,auto_non_equivalent,1,8,0,0,0,0,0,0,0,specified,markdown_it/renderer.py,__init__,61,COMPARISON,"    self.rules = {
        k: v
        for k, v in inspect.getmembers(self, predicate=inspect.ismethod)
        if not (k.startswith(""render"") or k.startswith(""_""))
    }",    self.rules = None
M489bcfb70cdfa400,auto_non_equivalent,1,8,0,0,0,0,0,0,0,specified,markdown_it/rules_block/list.py,list_block,138,CALL_ARGUMENT,"    posAfterMarker = skipOrderedListMarker(state, startLine)","    posAfterMarker = skipOrderedListMarker(state, None)"
M48a22fe65042a933,auto_non_equivalent,1,8,0,0,0,0,0,0,0,specified,markdown_it/rules_block/code.py,code,26,CONTROL_FLOW,            continue,            break
M48a68bbe7b0c84b4,auto_non_equivalent,1,8,0,0,0,0,0,0,0,specified,markdown_it/rules_inline/autolink.py,autolink,58,BOOLEAN_CONNECTOR,        if not state.md.validateLink(fullUrl):,        if not state.md.validateLink(None):
M48b3943573d2e0c6,auto_non_equivalent,1,8,0,0,0,0,0,0,0,specified,markdown_it/rules_core/text_join.py,text_join,52,CONSTANT_REPLACEMENT,                i += 1,                i += 2
M48c689c39f3d5926,auto_non_equivalent,1,8,0,0,0,0,0,0,0,specified,markdown_it/rules_block/lheading.py,lheading,17,CALL_ARGUMENT,    if state.is_code_block(startLine):,    if state.is_code_block(None):
M48d04ff966890d92,auto_non_equivalent,1,8,0,0,0,0,0,0,0,specified,markdown_it/helpers/parse_link_title.py,parseLinkTitle,59,CALL_ARGUMENT,"        code = charCodeAt(string, pos)",        code = charCodeAt(pos)
M48dc6951012986ac,auto_non_equivalent,1,8,0,0,0,0,0,0,0,specified,markdown_it/helpers/parse_link_destination.py,parseLinkDestination,39,CONSTANT_REPLACEMENT,            pos += 1,            pos += 2
M48f580ed9ee7a456,auto_non_equivalent,1,8,0,0,0,0,0,0,0,specified,markdown_it/rules_block/html_block.py,html_block,47,COMPARISON,"    if state.src[pos] != ""<"":","    if state.src[pos] == ""<"":"
M490e72ef23b42507,auto_non_equivalent,1,8,0,0,0,0,0,0,0,specified,markdown_it/rules_inline/link.py,link,81,ARITHMETIC,                    pos += 1,                    pos -= 1
M4912aa58d9e3f38f,auto_non_equivalent,1,8,0,0,0,0,0,0,0,specified,markdown_it/renderer.py,renderInline,105,CALL_ARGUMENT,"            result += self.renderToken(tokens, i, options, env)","            result += self.renderToken(tokens, i, options, )"
M4921955a8a2635a2,auto_non_equivalent,1,8,0,0,0,0,0,0,0,specified,markdown_it/rules_inline/entity.py,entity,27,CONSTANT_REPLACEMENT,"                    int(match1[1:], 16) if match1[0].lower() == ""x"" else int(match1, 10)","                    int(match1[2:], 16) if match1[0].lower() == ""x"" else int(match1, 10)"
M4948b1287e731b1e,auto_non_equivalent,1,8,0,0,0,0,0,0,0,specified,markdown_it/rules_inline/link.py,link,28,COMPARISON,"    if pos < maximum and state.src[pos] == ""("":","    if pos < maximum and state.src[pos] != ""("":"
M495efc9854913c17,auto_non_equivalent,1,8,0,0,0,0,0,0,0,specified,markdown_it/ruler.py,push,187,BOOLEAN_CONNECTOR,"        Rule[RuleFuncTv](ruleName, True, fn, (options or {}).get(""alt"", []))",        None
M49669bea17ac71f6,auto_non_equivalent,1,8,0,0,0,0,0,0,0,specified,markdown_it/rules_block/state_block.py,__init__,31,STATEMENT_REPLACEMENT,    self.bMarks: list[int] = []  # line begin offsets for fast jumps,    self.bMarks: list[int] = None  # line begin offsets for fast jumps
M4967b358feaa1f92,auto_non_equivalent,1,8,0,0,0,0,0,0,0,specified,markdown_it/renderer.py,renderToken,149,ARITHMETIC,"        result += "" /""","        result = "" /"""
M4970ad9d278a68b7,auto_non_equivalent,1,8,0,0,0,0,0,0,0,specified,markdown_it/parser_block.py,tokenize,65,CONSTANT_REPLACEMENT,    hasEmptyLines = False,    hasEmptyLines = True
M499eef167b682fd4,auto_non_equivalent,1,8,0,0,0,0,0,0,0,specified,markdown_it/rules_inline/image.py,image,30,COMPARISON,"    if pos < max and state.src[pos] == ""("":","    if pos <= max and state.src[pos] == ""("":"
M49d77d8c4f0174b9,auto_non_equivalent,1,8,0,0,0,0,0,0,0,specified,markdown_it/rules_block/list.py,list_block,174,CONSTANT_REPLACEMENT,"        token = state.push(""ordered_list_open"", ""ol"", 1)","        token = state.push(""ordered_list_open"", ""XXolXX"", 1)"
M49da3469348b4588,auto_non_equivalent,1,8,0,0,0,0,0,0,0,specified,markdown_it/rules_block/heading.py,heading,51,CALL_ARGUMENT,"    tmp = state.skipCharsStrBack(maximum, ""#"", pos)","    tmp = state.skipCharsStrBack(maximum, ""XX#XX"", pos)"
M49de924b96315196,auto_non_equivalent,1,8,0,0,0,0,0,0,0,specified,markdown_it/rules_block/state_block.py,skipCharsStrBack,209,CONSTANT_REPLACEMENT,        pos -= 1,        pos -= 2
M49e102dfe4adde81,auto_non_equivalent,1,8,0,0,0,0,0,0,0,specified,markdown_it/rules_block/state_block.py,getLines,226,COMPARISON,"        last = (
            self.eMarks[line] + 1
            if line + 1 < end or keepLastLF
            else self.eMarks[line]
        )",        last = None
M49e62d0507760986,auto_non_equivalent,1,8,0,0,0,0,0,0,0,specified,markdown_it/renderer.py,render,77,STATEMENT_REPLACEMENT,"    result = """"",    result = None
M4a14e9cf3b668fe4,auto_non_equivalent,1,8,0,0,0,0,0,0,0,specified,markdown_it/rules_block/blockquote.py,blockquote,46,COMPARISON,"    if second_char == "" "":","    if second_char != "" "":"
M4a1d62b9c21f3ee1,auto_non_equivalent,1,8,0,0,0,0,0,0,0,specified,markdown_it/common/utils.py,escapeHtml,145,CALL_ARGUMENT,"    raw = raw.replace('""', ""&quot;"")","    raw = raw.replace('""', ""&QUOT;"")"
M4a21c3a163cc845d,auto_non_equivalent,1,8,0,0,0,0,0,0,0,specified,markdown_it/common/utils.py,escapeHtml,144,COMPARISON,"    raw = raw.replace("">"", ""&gt;"")",    raw = None
M4a2cdc2d0ff20e19,auto_non_equivalent,1,7,1,0,0,0,0,0,0,specified,markdown_it/rules_block/blockquote.py,blockquote,159,CONSTANT_REPLACEMENT,                next_char: str | None = state.src[pos],                next_char: str | None = None
M4a367cd8dfa626e9,auto_non_equivalent,1,8,0,0,0,0,0,0,0,specified,markdown_it/rules_block/list.py,list_block,336,STATEMENT_REPLACEMENT,"            posAfterMarker = skipOrderedListMarker(state, nextLine)",            posAfterMarker = None
M4a44e6e830f1fbb1,auto_non_equivalent,1,8,0,0,0,0,0,0,0,specified,markdown_it/rules_block/blockquote.py,blockquote,146,COMPARISON,        if pos >= max:,        if pos > max:
M4a5d70319e4a7430,auto_non_equivalent,1,8,0,0,0,0,0,0,0,specified,markdown_it/common/utils.py,normalizeReference,301,CALL_ARGUMENT,    return string.lower().upper(),    return string.upper().upper()
M4a5f0cc4d16050f9,auto_non_equivalent,1,8,0,0,0,0,0,0,0,specified,markdown_it/rules_block/hr.py,hr,27,ARITHMETIC,    pos += 1,    pos = 1
M4a715b2da7099d23,auto_non_equivalent,1,8,0,0,0,0,0,0,0,specified,markdown_it/renderer.py,image,320,STATEMENT_REPLACEMENT,    token = tokens[idx],    token = None
M4a7c66f13673e0a4,auto_non_equivalent,1,8,0,0,0,0,0,0,0,specified,markdown_it/rules_block/state_block.py,getLines,224,CONSTANT_REPLACEMENT,        lineIndent = 0,        lineIndent = 1
M4a8e9a9715ee1d56,auto_non_equivalent,1,8,0,0,0,0,0,0,0,specified,markdown_it/rules_inline/fragments_join.py,fragments_join,30,CONSTANT_REPLACEMENT,"            and state.tokens[curr + 1].type == ""text""","            and state.tokens[curr + 2].type == ""text"""
M4a937ffcf1348b30,auto_non_equivalent,1,8,0,0,0,0,0,0,0,specified,markdown_it/renderer.py,code_inline,240,ARITHMETIC,        + escapeHtml(tokens[idx].content),        + escapeHtml(None)
M4a96c74191467321,auto_non_equivalent,1,8,0,0,0,0,0,0,0,specified,markdown_it/rules_block/heading.py,heading,57,CONSTANT_REPLACEMENT,"    token = state.push(""heading_open"", ""h"" + str(level), 1)","    token = state.push(""h"" + str(level), 1)"
M4aa43ac4e3860bf0,auto_non_equivalent,1,8,0,0,0,0,0,0,0,specified,markdown_it/rules_inline/balance_pairs.py,processDelimiters,108,CONTROL_FLOW,                    break,                    return
M4abc6b4e4d7f9c63,auto_non_equivalent,1,8,0,0,0,0,0,0,0,specified,markdown_it/rules_inline/emphasis.py,_postProcess,67,COMPARISON,"            and delimiters[i - 1].token == startDelim.token - 1
            # check that last two markers are adjacent (we can safely assume they match)
            and delimiters[startDelim.end + 1].token == endDelim.token + 1",            and delimiters[i - 1].token == startDelim.token - 1 or delimiters[startDelim.end + 1].token == endDelim.token + 1
M4ad365773cc0e4d4,auto_non_equivalent,1,8,0,0,0,0,0,0,0,specified,markdown_it/rules_block/state_block.py,skipCharsStrBack,211,ARITHMETIC,            return pos + 1,            return pos - 1
M4ae03a8a5354e093,auto_non_equivalent,1,8,0,0,0,0,0,0,0,specified,markdown_it/rules_inline/emphasis.py,tokenize,30,OTHER,"                open=scanned.can_open,",
M4af4067b71071fd3,auto_non_equivalent,1,8,0,0,0,0,0,0,0,specified,markdown_it/rules_block/reference.py,reference,147,COMPARISON,"    if pos < maximum and charCodeAt(string, pos) != 0x0A:","    if pos < maximum or charCodeAt(string, pos) != 0x0A:"
M4b17f12b461542e5,auto_non_equivalent,1,8,0,0,0,0,0,0,0,specified,markdown_it/rules_block/blockquote.py,blockquote,49,CONSTANT_REPLACEMENT,        pos += 1,        pos += 2
M4b1bfd17643d69ce,auto_non_equivalent,1,1,7,0,0,0,0,0,0,specified,markdown_it/renderer.py,renderToken,166,CONSTANT_REPLACEMENT,                needLf = False,                needLf = True
M4b2ec64afdf96035,auto_non_equivalent,1,8,0,0,0,0,0,0,0,specified,markdown_it/rules_block/html_block.py,html_block,58,BOOLEAN_CONNECTOR,    if not html_seq:,    if html_seq:
M4b31bfeab5ea1366,auto_non_equivalent,1,8,0,0,0,0,0,0,0,specified,markdown_it/rules_block/blockquote.py,blockquote,18,ARITHMETIC,    pos = state.bMarks[startLine] + state.tShift[startLine],    pos = state.bMarks[startLine] - state.tShift[startLine]
M4b4dfa925ec76dca,auto_non_equivalent,1,8,0,0,0,0,0,0,0,specified,markdown_it/rules_inline/image.py,image,69,CONSTANT_REPLACEMENT,"        res = state.md.helpers.parseLinkTitle(state.src, pos, state.posMax, None)","        res = state.md.helpers.parseLinkTitle(state.src, None, state.posMax, None)"
M4b79543006f4eb97,auto_non_equivalent,1,8,0,0,0,0,0,0,0,specified,markdown_it/rules_inline/autolink.py,autolink,37,BOOLEAN_CONNECTOR,        if not state.md.validateLink(fullUrl):,        if state.md.validateLink(fullUrl):
M4b7adee46630ce0e,auto_non_equivalent,1,8,0,0,0,0,0,0,0,specified,markdown_it/main.py,configure,118,STATEMENT_REPLACEMENT,        config = _PRESETS[presets],        config = None
M4b834bef6bdb9c79,auto_non_equivalent,1,8,0,0,0,0,0,0,0,specified,markdown_it/renderer.py,image,327,CALL_ARGUMENT,"        token.attrSet(""alt"", """")","        token.attrSet(""ALT"", """")"
M4b83f5d49a80b4d3,auto_non_equivalent,1,8,0,0,0,0,0,0,0,specified,markdown_it/rules_inline/image.py,image,41,CONTROL_FLOW,                break,                return
M4b8d45adbf4c39fc,auto_non_equivalent,1,8,0,0,0,0,0,0,0,specified,markdown_it/rules_inline/autolink.py,autolink,36,CALL_ARGUMENT,        fullUrl = state.md.normalizeLink(url),        fullUrl = state.md.normalizeLink(None)
M4b8f5c7afb6528fb,auto_non_equivalent,1,8,0,0,0,0,0,0,0,specified,markdown_it/rules_block/list.py,list_block,232,CONSTANT_REPLACEMENT,"        token = state.push(""list_item_open"", ""li"", 1)","        token = state.push(""list_item_open"", ""li"", 2)"
M4bb7311168725df0,auto_non_equivalent,1,8,0,0,0,0,0,0,0,specified,markdown_it/renderer.py,code_block,255,COMPARISON,"        + self.renderAttrs(token)
        + ""><code>""","        + self.renderAttrs(token) - ""><code>"""
M4bce02bd93de5359,auto_non_equivalent,1,8,0,0,0,0,0,0,0,specified,markdown_it/renderer.py,renderToken,155,CONSTANT_REPLACEMENT,        if token.nesting == 1 and (idx + 1 < len(tokens)):,        if token.nesting == 2 and (idx + 1 < len(tokens)):
M4be4395cbca217f5,auto_non_equivalent,1,8,0,0,0,0,0,0,0,specified,markdown_it/common/utils.py,isValidEntityCode,67,CONSTANT_REPLACEMENT,        return False,        return True
M4be83606a1785fdf,auto_non_equivalent,1,8,0,0,0,0,0,0,0,specified,markdown_it/rules_block/heading.py,heading,29,ARITHMETIC,    pos += 1,    pos = 1
M4be904bcd54063b6,auto_non_equivalent,1,8,0,0,0,0,0,0,0,specified,markdown_it/rules_block/list.py,list_block,174,CONSTANT_REPLACEMENT,"        token = state.push(""ordered_list_open"", ""ol"", 1)","        token = state.push(""ordered_list_open"", 1)"
M4c0af646b108489f,auto_non_equivalent,1,8,0,0,0,0,0,0,0,specified,markdown_it/rules_block/fence.py,make_fence_rule,54,STATEMENT_REPLACEMENT,        maximum = state.eMarks[startLine],        maximum = None
M4c13e8b58c7c5060,auto_non_equivalent,1,8,0,0,0,0,0,0,0,specified,markdown_it/renderer.py,renderToken,149,ARITHMETIC,"        result += "" /""","        result -= "" /"""
M4c3e5bd489c8955f,auto_non_equivalent,1,8,0,0,0,0,0,0,0,specified,markdown_it/rules_inline/fragments_join.py,fragments_join,53,COMPARISON,    if curr != last:,    if curr == last:
M4c41df4ea16d301d,auto_non_equivalent,1,8,0,0,0,0,0,0,0,specified,markdown_it/rules_block/blockquote.py,blockquote,30,ARITHMETIC,    pos += 1,    pos = 1
M4c425b6ba111cdb2,auto_non_equivalent,1,8,0,0,0,0,0,0,0,specified,markdown_it/rules_inline/escape.py,escape,39,STATEMENT_REPLACEMENT,    escapedStr = state.src[pos],    escapedStr = None
M4c43b3f714c018cd,auto_non_equivalent,1,8,0,0,0,0,0,0,0,specified,markdown_it/helpers/parse_link_destination.py,parseLinkDestination,46,CONSTANT_REPLACEMENT,    level = 0,    level = 1
M4c4922c5d442e8d1,auto_non_equivalent,1,8,0,0,0,0,0,0,0,specified,markdown_it/rules_inline/balance_pairs.py,processDelimiters,121,BOOLEAN_CONNECTOR,                (3 if closer.open else 0) + ((closer.length or 0) % 3),                (3 if closer.open else 0) + ((closer.length or 0) / 3)
M4c5ed3edcf81c656,auto_non_equivalent,1,8,0,0,0,0,0,0,0,specified,markdown_it/rules_block/reference.py,reference,64,STATEMENT_REPLACEMENT,"        ch = charCodeAt(string, pos)",        ch = None
M4c79073adfab0263,auto_non_equivalent,1,1,7,0,0,0,0,0,0,specified,markdown_it/renderer.py,renderToken,163,COMPARISON,            elif nextToken.nesting == -1 and nextToken.tag == token.tag:,            elif nextToken.nesting == -1 or nextToken.tag == token.tag:
M4c88539258bbc5b3,auto_non_equivalent,1,8,0,0,0,0,0,0,0,specified,markdown_it/rules_inline/escape.py,escape,20,COMPARISON,    if pos >= maximum:,    if pos > maximum:
M4c8bf7fa07faf057,auto_non_equivalent,1,8,0,0,0,0,0,0,0,specified,markdown_it/rules_inline/entity.py,entity,26,COMPARISON,"                code = (
                    int(match1[1:], 16) if match1[0].lower() == ""x"" else int(match1, 10)
                )",                code = None
M4c8f0023b502e873,auto_non_equivalent,1,8,0,0,0,0,0,0,0,specified,markdown_it/rules_inline/link.py,link,106,ARITHMETIC,            pos = labelEnd + 1,            pos = labelEnd - 1
M4c962163104dd913,auto_non_equivalent,1,8,0,0,0,0,0,0,0,specified,markdown_it/rules_block/blockquote.py,blockquote,103,STATEMENT_REPLACEMENT,    oldTShift = [state.tShift[startLine]],    oldTShift = None
M4c9a5c71b3f6733c,auto_non_equivalent,1,8,0,0,0,0,0,0,0,specified,markdown_it/rules_block/list.py,list_block,328,CONSTANT_REPLACEMENT,                terminate = True,                terminate = None
M4ca4b240fe21e1ee,auto_non_equivalent,1,8,0,0,0,0,0,0,0,specified,markdown_it/rules_inline/fragments_join.py,fragments_join,45,CONSTANT_REPLACEMENT,            last += 1,            last += 2
M4caba1bf4d49a905,auto_non_equivalent,1,8,0,0,0,0,0,0,0,specified,markdown_it/rules_block/blockquote.py,blockquote,213,ARITHMETIC,                pos += 1,                pos -= 1
M4cba1c9458968eb4,auto_non_equivalent,1,8,0,0,0,0,0,0,0,specified,markdown_it/rules_core/inline.py,inline,10,CALL_ARGUMENT,"            state.md.inline.parse(token.content, state.md, state.env, token.children)","            state.md.inline.parse(token.content, state.md, token.children)"
M4ccd86ac8aeb25b4,auto_non_equivalent,1,8,0,0,0,0,0,0,0,specified,markdown_it/rules_block/state_block.py,skipCharsStr,191,ARITHMETIC,        pos += 1,        pos -= 1
M4cd23907f010e2e4,auto_non_equivalent,1,8,0,0,0,0,0,0,0,specified,markdown_it/rules_block/reference.py,reference,147,CONSTANT_REPLACEMENT,"    if pos < maximum and charCodeAt(string, pos) != 0x0A:","    if pos < maximum and charCodeAt(string, pos) != 11:"
M4cdc45ffb7f2f57e,auto_non_equivalent,1,8,0,0,0,0,0,0,0,specified,markdown_it/rules_inline/emphasis.py,_postProcess,64,COMPARISON,            and delimiters[i - 1].end == startDelim.end + 1,            and delimiters[i - 1].end == startDelim.end - 1
M4ce0156d0a3ecc11,auto_non_equivalent,1,8,0,0,0,0,0,0,0,specified,markdown_it/rules_block/fence.py,make_fence_rule,96,ARITHMETIC,            pos = mem = state.bMarks[nextLine] + state.tShift[nextLine],            pos = mem = None
M4ce82a4a388d39ab,auto_non_equivalent,1,8,0,0,0,0,0,0,0,specified,markdown_it/rules_inline/link.py,link,115,CONSTANT_REPLACEMENT,"        ref = state.env[""references""].get(label, None)","        ref = state.env[""references""].get(None)"
M4ceecae2b07d3c1a,auto_non_equivalent,1,8,0,0,0,0,0,0,0,specified,markdown_it/rules_block/reference.py,reference,177,STATEMENT_REPLACEMENT,"        state.env[""references""][label] = {","        state.env[""REFERENCES""][label] = {"
M4d42041ce895196a,auto_non_equivalent,1,8,0,0,0,0,0,0,0,specified,markdown_it/rules_block/reference.py,reference,110,CONSTANT_REPLACEMENT,"    titleRes = state.md.helpers.parseLinkTitle(string, pos, maximum, None)","    titleRes = state.md.helpers.parseLinkTitle(string, pos, None, None)"
M4d9836c5a2c03fec,auto_non_equivalent,1,8,0,0,0,0,0,0,0,specified,markdown_it/rules_block/html_block.py,html_block,88,CONSTANT_REPLACEMENT,"    token.content = state.getLines(startLine, nextLine, state.blkIndent, True)","    token.content = state.getLines(startLine, nextLine, state.blkIndent, None)"
M4da5471ddf3d2f04,auto_non_equivalent,1,8,0,0,0,0,0,0,0,specified,markdown_it/rules_core/text_join.py,text_join,23,STATEMENT_REPLACEMENT,        new_tokens: list[Token] = [],        new_tokens: list[Token] = None
M4da5e30ecea17c7f,auto_non_equivalent,1,8,0,0,0,0,0,0,0,specified,markdown_it/rules_block/heading.py,heading,36,ARITHMETIC,        pos += 1,        pos -= 1
M4db07c0ae33cde14,auto_non_equivalent,1,8,0,0,0,0,0,0,0,specified,markdown_it/rules_inline/balance_pairs.py,processDelimiters,52,ARITHMETIC,"            openersBottom[closer.marker] = [-1, -1, -1, -1, -1, -1]","            openersBottom[closer.marker] = [-1, -1, -1, +1, -1, -1]"
M4dbd317fa9da7034,auto_non_equivalent,1,8,0,0,0,0,0,0,0,specified,markdown_it/rules_block/reference.py,reference,47,CONSTANT_REPLACEMENT,"                and charCodeAt(string, pos) == 0x0A",                and charCodeAt(pos) == 0x0A
M4dc1a2c77da41723,auto_non_equivalent,1,8,0,0,0,0,0,0,0,specified,markdown_it/parser_block.py,parse,109,BOOLEAN_CONNECTOR,    if not src:,    if src:
M4dca7dd93377e019,auto_non_equivalent,1,8,0,0,0,0,0,0,0,specified,markdown_it/rules_inline/emphasis.py,tokenize,28,ARITHMETIC,"                token=len(state.tokens) - 1,","                token=None,"
M4e090f8d850a603c,auto_non_equivalent,1,8,0,0,0,0,0,0,0,specified,markdown_it/helpers/parse_link_destination.py,parseLinkDestination,50,COMPARISON,        if code is None or code == 0x20:,        if code is None and code == 0x20:
M4e17c4bc62be0655,auto_non_equivalent,1,8,0,0,0,0,0,0,0,specified,markdown_it/helpers/parse_link_label.py,parseLinkLabel,31,COMPARISON,            if prevPos == state.pos - 1:,            if prevPos != state.pos - 1:
M4e1bcda4d3218936,auto_non_equivalent,1,8,0,0,0,0,0,0,0,specified,markdown_it/rules_block/state_block.py,skipSpacesBack,165,ARITHMETIC,        pos -= 1,        pos = 1
M4e3b327586b15ed6,auto_non_equivalent,1,8,0,0,0,0,0,0,0,specified,markdown_it/renderer.py,render,86,ARITHMETIC,"            result += self.renderToken(tokens, i, options, env)","            result -= self.renderToken(tokens, i, options, env)"
M4e4517aa2ff14a5d,auto_non_equivalent,1,8,0,0,0,0,0,0,0,specified,markdown_it/rules_block/list.py,list_block,200,ARITHMETIC,"            state.sCount[nextLine]
            + posAfterMarker",            state.sCount[nextLine] - posAfterMarker
M4e47cb31b5c7c126,auto_non_equivalent,1,8,0,0,0,0,0,0,0,specified,markdown_it/rules_block/reference.py,reference,65,CONSTANT_REPLACEMENT,        if ch == 0x0A:,        if ch == 11:
M4e67f849397c23db,auto_non_equivalent,1,8,0,0,0,0,0,0,0,specified,markdown_it/helpers/parse_link_title.py,parseLinkTitle,32,STATEMENT_REPLACEMENT,    state = _State(),    state = None
M4ea7163b134fcc9b,auto_non_equivalent,1,8,0,0,0,0,0,0,0,specified,markdown_it/rules_inline/image.py,image,132,CALL_ARGUMENT,"        state.md.inline.parse(content, state.md, state.env, tokens)","        state.md.inline.parse(content, None, state.env, tokens)"
M4ebfc668a1638e53,auto_non_equivalent,1,8,0,0,0,0,0,0,0,specified,markdown_it/main.py,normalizeLink,341,CALL_ARGUMENT,    return normalize_url.normalizeLink(url),    return normalize_url.normalizeLink(None)
M4ece091f0a3ff1fd,auto_non_equivalent,1,8,0,0,0,0,0,0,0,specified,markdown_it/rules_block/list.py,list_block,336,CALL_ARGUMENT,"            posAfterMarker = skipOrderedListMarker(state, nextLine)","            posAfterMarker = skipOrderedListMarker(state, )"
M4ece0d704328fd25,auto_non_equivalent,1,8,0,0,0,0,0,0,0,specified,markdown_it/rules_inline/state_inline.py,push,114,STATEMENT_REPLACEMENT,"        token_meta = {""delimiters"": self.delimiters}","        token_meta = {""XXdelimitersXX"": self.delimiters}"
M4efcad2dc033ee14,auto_non_equivalent,1,8,0,0,0,0,0,0,0,specified,markdown_it/rules_inline/autolink.py,autolink,46,CONSTANT_REPLACEMENT,"            token = state.push(""text"", """", 0)","            token = state.push(""TEXT"", """", 0)"
M4f0b2984e01c6e93,auto_non_equivalent,1,8,0,0,0,0,0,0,0,specified,markdown_it/parser_inline.py,parse,210,STATEMENT_REPLACEMENT,"    state = StateInline(src, md, env, tokens)",    state = None
M4f109e59d81e753b,auto_non_equivalent,1,8,0,0,0,0,0,0,0,specified,markdown_it/rules_inline/state_inline.py,scanDelims,152,BOOLEAN_CONNECTOR,"        isNextWhiteSpace
        or (isNextPunctChar and not (isLastWhiteSpace or isLastPunctChar))",        isNextWhiteSpace and (isNextPunctChar and not (isLastWhiteSpace or isLastPunctChar))
M4f1a34b54ee17177,auto_non_equivalent,1,8,0,0,0,0,0,0,0,specified,markdown_it/rules_inline/newline.py,newline,35,CONSTANT_REPLACEMENT,"            state.push(""softbreak"", ""br"", 0)","            state.push(""br"", 0)"
M4f23e422968681bd,auto_non_equivalent,1,8,0,0,0,0,0,0,0,specified,markdown_it/rules_block/heading.py,heading,61,CONSTANT_REPLACEMENT,"    token = state.push(""inline"", """", 0)","    token = state.push(""inline"", """", None)"
M4f267eb8af003219,auto_non_equivalent,1,8,0,0,0,0,0,0,0,specified,markdown_it/rules_block/lheading.py,lheading,81,CONSTANT_REPLACEMENT,"    token = state.push(""heading_close"", ""h"" + str(level), -1)","    token = state.push(""heading_close"", ""h"" + str(level), -2)"
M4f5f36507c370ea1,auto_non_equivalent,1,8,0,0,0,0,0,0,0,specified,markdown_it/rules_block/reference.py,reference,118,CALL_ARGUMENT,"        titleRes = state.md.helpers.parseLinkTitle(string, pos, maximum, titleRes)","        titleRes = state.md.helpers.parseLinkTitle(string, pos, maximum, )"
M4f69680f977e313c,auto_non_equivalent,1,8,0,0,0,0,0,0,0,specified,markdown_it/rules_core/normalize.py,normalize,14,STATEMENT_REPLACEMENT,"    string = NEWLINES_RE.sub(""\n"", state.src)",    string = None
M4f85fc4d04a5c661,auto_non_equivalent,1,8,0,0,0,0,0,0,0,specified,markdown_it/rules_block/blockquote.py,blockquote,320,CALL_ARGUMENT,"        state.md.block.tokenize(state, startLine, nextLine)","        state.md.block.tokenize(state, startLine, )"
M4f99820274cd4bb6,auto_non_equivalent,1,8,0,0,0,0,0,0,0,specified,markdown_it/parser_block.py,tokenize,100,COMPARISON,        if line < endLine and state.isEmpty(line):,        if line < endLine and state.isEmpty(None):
M4fafc2b9f5d62b79,auto_non_equivalent,1,8,0,0,0,0,0,0,0,specified,markdown_it/ruler.py,getRules,263,COMPARISON,    if self.__cache__ is None:,    if self.__cache__ is not None:
M4fc0dd2b0dc82ae9,auto_non_equivalent,1,8,0,0,0,0,0,0,0,specified,markdown_it/rules_block/html_block.py,html_block,42,CONSTANT_REPLACEMENT,        return False,        return True
M4fc5b84f57f83bf9,auto_non_equivalent,1,8,0,0,0,0,0,0,0,specified,markdown_it/rules_block/reference.py,reference,147,COMPARISON,"    if pos < maximum and charCodeAt(string, pos) != 0x0A:","    if pos < maximum and charCodeAt(string, None) != 0x0A:"
M4fd39f312e9e427f,auto_non_equivalent,1,8,0,0,0,0,0,0,0,specified,markdown_it/rules_block/blockquote.py,blockquote,320,CALL_ARGUMENT,"        state.md.block.tokenize(state, startLine, nextLine)","        state.md.block.tokenize(startLine, nextLine)"
M4fdf8eb07afc640c,auto_non_equivalent,1,8,0,0,0,0,0,0,0,specified,markdown_it/parser_block.py,tokenize,101,CONSTANT_REPLACEMENT,            hasEmptyLines = True,            hasEmptyLines = False
M4fe4da9e3dcb06fe,auto_non_equivalent,1,8,0,0,0,0,0,0,0,specified,markdown_it/helpers/parse_link_label.py,parseLinkLabel,34,CONSTANT_REPLACEMENT,                level += 1,                level += 2
M4fef20ea3d25da83,auto_non_equivalent,1,8,0,0,0,0,0,0,0,specified,markdown_it/main.py,validateLink,331,CALL_ARGUMENT,    return normalize_url.validateLink(url),    return normalize_url.validateLink(None)
M4ff2ab87257be801,auto_non_equivalent,1,8,0,0,0,0,0,0,0,specified,markdown_it/rules_block/reference.py,reference,38,CONSTANT_REPLACEMENT,        elif ch == 0x0A:  # /* \n */,        elif ch == 11:  # /* \n */
M4ff39cd7bbf68035,auto_non_equivalent,1,8,0,0,0,0,0,0,0,specified,markdown_it/rules_inline/emphasis.py,_postProcess,64,CONSTANT_REPLACEMENT,            and delimiters[i - 1].end == startDelim.end + 1,            and delimiters[i - 1].end == startDelim.end + 2
M501261b279cdc049,auto_non_equivalent,1,8,0,0,0,0,0,0,0,specified,markdown_it/rules_inline/escape.py,escape,36,STATEMENT_REPLACEMENT,        state.pos = pos,        state.pos = None
M501d0cd86e51a3f8,auto_non_equivalent,1,8,0,0,0,0,0,0,0,specified,markdown_it/rules_block/reference.py,reference,112,CONSTANT_REPLACEMENT,"        if (lineContent := getNextLine(state, nextLine)) is None:",        if (lineContent := getNextLine(nextLine)) is None:
M5028b9fc94c43212,auto_non_equivalent,1,8,0,0,0,0,0,0,0,specified,markdown_it/rules_block/reference.py,reference,142,CALL_ARGUMENT,"            ch = charCodeAt(string, pos)",            ch = charCodeAt(pos)
M50348591efc8968f,auto_non_equivalent,1,8,0,0,0,0,0,0,0,specified,markdown_it/rules_inline/fragments_join.py,fragments_join,51,ARITHMETIC,        curr += 1,        curr -= 1
M50370191e1ab9b91,auto_non_equivalent,1,8,0,0,0,0,0,0,0,specified,markdown_it/rules_inline/image.py,image,80,ARITHMETIC,                pos += 1,                pos = 1
M506ca85ce36b62ea,auto_non_equivalent,1,8,0,0,0,0,0,0,0,specified,markdown_it/main.py,__getitem__,90,STATEMENT_REPLACEMENT,"        ""core"": self.core,","        ""CORE"": self.core,"
M506cbbe9aadea2fb,auto_non_equivalent,1,2,6,0,0,0,0,0,0,specified,markdown_it/rules_block/fence.py,make_fence_rule,76,STATEMENT_REPLACEMENT,        markup = state.src[mem:pos],        markup = None
M5077b7f350b3f2ca,auto_non_equivalent,1,8,0,0,0,0,0,0,0,specified,markdown_it/rules_block/state_block.py,push,121,STATEMENT_REPLACEMENT,"    token = Token(ttype, tag, nesting)",    token = None
M5079f647175946e1,auto_non_equivalent,1,8,0,0,0,0,0,0,0,specified,markdown_it/rules_core/inline.py,inline,10,CALL_ARGUMENT,"            state.md.inline.parse(token.content, state.md, state.env, token.children)","            state.md.inline.parse(token.content, state.md, state.env, None)"
M507c0eb670593a34,auto_non_equivalent,1,8,0,0,0,0,0,0,0,specified,markdown_it/helpers/parse_link_label.py,parseLinkLabel,18,CONSTANT_REPLACEMENT,    level = 1,    level = 2
M5085d59d9e8c7a51,auto_non_equivalent,1,8,0,0,0,0,0,0,0,specified,markdown_it/renderer.py,image,329,CALL_ARGUMENT,"    return self.renderToken(tokens, idx, options, env)","    return self.renderToken(tokens, idx, env)"
M5087e7a497f35052,auto_non_equivalent,1,8,0,0,0,0,0,0,0,specified,markdown_it/ruler.py,push,187,CONSTANT_REPLACEMENT,"        Rule[RuleFuncTv](ruleName, True, fn, (options or {}).get(""alt"", []))","        Rule[RuleFuncTv](ruleName, True, fn, (options or {}).get(""alt"", ))"
M50f691209d4a2e53,auto_non_equivalent,1,8,0,0,0,0,0,0,0,specified,markdown_it/rules_block/blockquote.py,blockquote,248,STATEMENT_REPLACEMENT,            state.lineMax = nextLine,            state.lineMax = None
M50f7ce0f068a8905,auto_non_equivalent,1,8,0,0,0,0,0,0,0,specified,markdown_it/rules_inline/link.py,link,78,STATEMENT_REPLACEMENT,                    ch = state.src[pos],                    ch = None
M5116726b0306c39b,auto_non_equivalent,1,8,0,0,0,0,0,0,0,specified,markdown_it/rules_block/reference.py,reference,100,STATEMENT_REPLACEMENT,                maximum = len(string),                maximum = None
M511897fed77e0271,auto_non_equivalent,1,8,0,0,0,0,0,0,0,specified,markdown_it/rules_block/fence.py,make_fence_rule,136,ARITHMETIC,"        token.content = state.getLines(startLine + 1, nextLine, length, True)",        token.content = None
M51229568fa476c02,auto_non_equivalent,1,8,0,0,0,0,0,0,0,specified,markdown_it/rules_inline/image.py,image,80,CONSTANT_REPLACEMENT,                pos += 1,                pos += 2
M513240b1240b5cdb,auto_non_equivalent,1,8,0,0,0,0,0,0,0,specified,markdown_it/renderer.py,renderAttrs,178,ARITHMETIC,"        result += "" "" + escapeHtml(key) + '=""' + escapeHtml(str(value)) + '""'","        result -= "" "" + escapeHtml(key) + '=""' + escapeHtml(str(value)) + '""'"
M513b961d82aec871,auto_non_equivalent,1,8,0,0,0,0,0,0,0,specified,markdown_it/rules_block/list.py,list_block,179,CONSTANT_REPLACEMENT,"        token = state.push(""bullet_list_open"", ""ul"", 1)","        token = state.push(""bullet_list_open"", ""UL"", 1)"
M514ec77b09df797c,auto_non_equivalent,1,8,0,0,0,0,0,0,0,specified,markdown_it/helpers/parse_link_destination.py,parseLinkDestination,71,CONSTANT_REPLACEMENT,            level -= 1,            level -= 2
M515fa99a1c4f258d,auto_non_equivalent,1,8,0,0,0,0,0,0,0,specified,markdown_it/rules_inline/html_inline.py,html_inline,34,CONSTANT_REPLACEMENT,"        token = state.push(""html_inline"", """", 0)",        token = None
M51651779475fd213,auto_non_equivalent,1,8,0,0,0,0,0,0,0,specified,markdown_it/common/utils.py,escapeHtml,144,COMPARISON,"    raw = raw.replace("">"", ""&gt;"")","    raw = raw.replace(None, ""&gt;"")"
M516ef95034219ac8,auto_non_equivalent,1,8,0,0,0,0,0,0,0,specified,markdown_it/rules_inline/balance_pairs.py,processDelimiters,45,CONTROL_FLOW,            continue,            break
M518073ad0f644443,auto_non_equivalent,1,8,0,0,0,0,0,0,0,specified,markdown_it/rules_block/list.py,list_block,179,CONSTANT_REPLACEMENT,"        token = state.push(""bullet_list_open"", ""ul"", 1)","        token = state.push(""bullet_list_open"", ""ul"", None)"
M51929852735c1504,auto_non_equivalent,1,8,0,0,0,0,0,0,0,specified,markdown_it/main.py,render,287,CALL_ARGUMENT,"    return self.renderer.render(self.parse(src, env), self.options, env)","    return self.renderer.render(self.parse(src, env), None, env)"
M51a71019f53c4fd5,auto_non_equivalent,1,8,0,0,0,0,0,0,0,specified,markdown_it/renderer.py,renderInline,105,CALL_ARGUMENT,"            result += self.renderToken(tokens, i, options, env)","            result += self.renderToken(tokens, options, env)"
M51ae0b1157268e8b,auto_non_equivalent,1,8,0,0,0,0,0,0,0,specified,markdown_it/rules_inline/state_inline.py,pushPending,89,STATEMENT_REPLACEMENT,"    self.pending = """"","    self.pending = ""XXXX"""
M51afd6844940d6e9,auto_non_equivalent,1,8,0,0,0,0,0,0,0,specified,markdown_it/rules_block/hr.py,hr,41,COMPARISON,        if ch == marker:,        if ch != marker:
M51c4876fc4dab2d3,auto_non_equivalent,1,8,0,0,0,0,0,0,0,specified,markdown_it/renderer.py,fence,301,COMPARISON,"            + highlighted
            + ""</code></pre>\n""","            + highlighted - ""</code></pre>\n"""
M51c7e67a145cd19c,auto_non_equivalent,1,8,0,0,0,0,0,0,0,specified,markdown_it/renderer.py,code_inline,235,STATEMENT_REPLACEMENT,    token = tokens[idx],    token = None
M51e79e20e3f4df87,auto_non_equivalent,1,8,0,0,0,0,0,0,0,specified,markdown_it/rules_block/list.py,list_block,263,CONSTANT_REPLACEMENT,        state.tight = True,        state.tight = False
M51e97da670770b1c,auto_non_equivalent,1,8,0,0,0,0,0,0,0,specified,markdown_it/rules_inline/newline.py,newline,21,CONSTANT_REPLACEMENT,"        if pmax >= 0 and charStrAt(state.pending, pmax) == "" "":","        if pmax >= 0 and charStrAt(state.pending, pmax) == ""XX XX"":"
M51f8f50922174353,auto_non_equivalent,1,8,0,0,0,0,0,0,0,specified,markdown_it/rules_block/list.py,skipOrderedListMarker,83,ARITHMETIC,            return -1,            return +1
M5212c5bd55a5c471,auto_non_equivalent,1,8,0,0,0,0,0,0,0,specified,markdown_it/rules_block/fence.py,make_fence_rule,106,COMPARISON,                if state.src[pos] != marker:,                if state.src[pos] == marker:
M521896d86f9e047d,auto_non_equivalent,1,8,0,0,0,0,0,0,0,specified,markdown_it/renderer.py,code_inline,237,STATEMENT_REPLACEMENT,"        ""<code""","        ""<CODE"""
M5223dd9c861fa817,auto_non_equivalent,1,8,0,0,0,0,0,0,0,specified,markdown_it/helpers/parse_link_destination.py,parseLinkDestination,57,COMPARISON,        if code == 0x5C and pos + 1 < maximum:,        if code == 0x5C or pos + 1 < maximum:
M5233e56dea26c088,auto_non_equivalent,1,5,3,0,0,0,0,0,0,specified,markdown_it/rules_inline/escape.py,escape,34,ARITHMETIC,            pos += 1,            pos -= 1
M5247fc6da6c8ff19,auto_non_equivalent,1,8,0,0,0,0,0,0,0,specified,markdown_it/rules_block/blockquote.py,blockquote,77,STATEMENT_REPLACEMENT,        ch = state.src[pos],        ch = None
M524cd3ab4dbc1196,auto_non_equivalent,1,8,0,0,0,0,0,0,0,specified,markdown_it/rules_block/reference.py,reference,21,COMPARISON,"    if state.src[pos] != ""["":","    if state.src[pos] == ""["":"
M52718a55c819c48d,auto_non_equivalent,1,8,0,0,0,0,0,0,0,specified,markdown_it/rules_inline/link.py,link,19,ARITHMETIC,    labelStart = state.pos + 1,    labelStart = state.pos - 1
M52abe37a7ef0a372,auto_non_equivalent,1,8,0,0,0,0,0,0,0,specified,markdown_it/rules_block/blockquote.py,blockquote,316,CONSTANT_REPLACEMENT,"        token = state.push(""blockquote_open"", ""blockquote"", 1)","        token = state.push(""blockquote_open"", ""blockquote"", )"
M52b9e19ff5e0c4b6,auto_non_equivalent,1,8,0,0,0,0,0,0,0,specified,markdown_it/rules_block/html_block.py,html_block,88,CONSTANT_REPLACEMENT,"    token.content = state.getLines(startLine, nextLine, state.blkIndent, True)","    token.content = state.getLines(startLine, nextLine, None, True)"
M52cfbf468d00f21d,auto_non_equivalent,1,8,0,0,0,0,0,0,0,specified,markdown_it/rules_block/state_block.py,is_code_block,261,COMPARISON,    return self._code_enabled and (self.sCount[line] - self.blkIndent) >= 4,    return self._code_enabled and (self.sCount[line] - self.blkIndent) > 4
M52d627896f087486,auto_non_equivalent,1,8,0,0,0,0,0,0,0,specified,markdown_it/rules_block/lheading.py,lheading,72,ARITHMETIC,"    token = state.push(""heading_open"", ""h"" + str(level), 1)","    token = state.push(""heading_open"", None, 1)"
M52da430059a833e5,auto_non_equivalent,1,8,0,0,0,0,0,0,0,specified,markdown_it/rules_block/fence.py,make_fence_rule,69,CALL_ARGUMENT,"        pos = state.skipCharsStr(pos, marker)","        pos = state.skipCharsStr(pos, None)"
M52db70cc2c250c94,auto_non_equivalent,1,8,0,0,0,0,0,0,0,specified,markdown_it/rules_inline/state_inline.py,scanDelims,160,BOOLEAN_CONNECTOR,"    can_open = left_flanking and (
        canSplitWord or (not right_flanking) or isLastPunctChar
    )",    can_open = None
M52eaf4f4c13d0e2f,auto_non_equivalent,1,8,0,0,0,0,0,0,0,specified,markdown_it/rules_core/text_join.py,text_join,32,COMPARISON,"                and new_tokens
                and new_tokens[-1].type == ""text""","                and new_tokens or new_tokens[-1].type == ""text"""
M52ebde8f2eec90b2,auto_non_equivalent,1,8,0,0,0,0,0,0,0,specified,markdown_it/rules_block/state_block.py,skipCharsStrBack,210,COMPARISON,        if ch != self.src[pos]:,        if ch == self.src[pos]:
M52f029a6444a28ed,auto_non_equivalent,1,8,0,0,0,0,0,0,0,specified,markdown_it/common/utils.py,unescapeAll,125,COMPARISON,"    if ""\\"" not in string and ""&"" not in string:","    if ""\\"" in string and ""&"" not in string:"
M52f07b0e6a19c57d,auto_non_equivalent,1,8,0,0,0,0,0,0,0,specified,markdown_it/rules_inline/backticks.py,backtick,61,CONSTANT_REPLACEMENT,            return True,            return False
M52f6b00ec95604ae,auto_non_equivalent,1,8,0,0,0,0,0,0,0,specified,markdown_it/helpers/parse_link_label.py,parseLinkLabel,24,CONSTANT_REPLACEMENT,            if level == 0:,            if level == 1:
M530d7624397bb2ab,auto_non_equivalent,1,7,1,0,0,0,0,0,0,specified,markdown_it/rules_block/state_block.py,getLines,236,CONSTANT_REPLACEMENT,                    lineIndent += 4 - (lineIndent + self.bsCount[line]) % 4,                    lineIndent += 4 - (lineIndent + self.bsCount[line]) % 5
M53243e2d9c97fdb5,auto_non_equivalent,1,8,0,0,0,0,0,0,0,specified,markdown_it/helpers/parse_link_destination.py,parseLinkDestination,58,COMPARISON,"            if charCodeAt(string, pos + 1) == 0x20:","            if charCodeAt(None, pos + 1) == 0x20:"
M533cb4ecca80323f,auto_non_equivalent,1,8,0,0,0,0,0,0,0,specified,markdown_it/rules_inline/escape.py,escape,26,BOOLEAN_CONNECTOR,        if not silent:,        if silent:
M53478a9c9ec88ccd,auto_non_equivalent,1,8,0,0,0,0,0,0,0,specified,markdown_it/rules_block/reference.py,reference,33,COMPARISON,        if ch == 0x5B:  # /* [ */,        if ch != 0x5B:  # /* [ */
M5368ecaa7432c97f,auto_non_equivalent,1,8,0,0,0,0,0,0,0,specified,markdown_it/rules_block/reference.py,reference,68,STATEMENT_REPLACEMENT,                maximum = len(string),                maximum = None
M538d81c0ed7ddfce,auto_non_equivalent,1,8,0,0,0,0,0,0,0,specified,markdown_it/rules_inline/balance_pairs.py,processDelimiters,80,BOOLEAN_CONNECTOR,                    (opener.close or closer.open),                    (opener.close and closer.open)
M53afb428a4fdb84b,auto_non_equivalent,1,8,0,0,0,0,0,0,0,specified,markdown_it/helpers/parse_link_destination.py,parseLinkDestination,24,STATEMENT_REPLACEMENT,"            code = charCodeAt(string, pos)",            code = None
M53bcca11cbd40370,auto_non_equivalent,1,8,0,0,0,0,0,0,0,specified,markdown_it/rules_block/list.py,list_block,290,CONSTANT_REPLACEMENT,            tight = False,            tight = True
M53c9de53ac259889,auto_non_equivalent,1,8,0,0,0,0,0,0,0,specified,markdown_it/rules_inline/image.py,image,94,STATEMENT_REPLACEMENT,"        if ""references"" not in state.env:","        if ""XXreferencesXX"" not in state.env:"
M53ca762db17cd418,auto_non_equivalent,1,8,0,0,0,0,0,0,0,specified,markdown_it/rules_block/list.py,skipBulletListMarker,20,ARITHMETIC,    pos += 1,    pos = 1
M53d4ee8b5f10daa2,auto_non_equivalent,1,8,0,0,0,0,0,0,0,specified,markdown_it/rules_core/text_join.py,text_join,27,STATEMENT_REPLACEMENT,            child_token = children[i],            child_token = None
M53e39b47a1d2222b,auto_non_equivalent,1,8,0,0,0,0,0,0,0,specified,markdown_it/rules_inline/fragments_join.py,fragments_join,42,CALL_ARGUMENT,"            merged.content = """".join(parts)","            merged.content = ""XXXX"".join(parts)"
M53ff4c41c479b060,auto_non_equivalent,1,5,0,0,3,0,0,0,0,specified,markdown_it/rules_inline/balance_pairs.py,processDelimiters,110,ARITHMETIC,            openerIdx -= jumps[openerIdx] + 1,            openerIdx -= jumps[openerIdx] - 1
M5400c2f54c91f4f3,auto_non_equivalent,1,8,0,0,0,0,0,0,0,specified,markdown_it/rules_core/text_join.py,text_join,40,CONSTANT_REPLACEMENT,                i += 1,                i += 2
M5423b81818aa79a3,auto_non_equivalent,1,8,0,0,0,0,0,0,0,specified,markdown_it/rules_inline/state_inline.py,scanDelims,167,CALL_ARGUMENT,"    return Scanned(can_open, can_close, count)","    return Scanned(can_open, can_close, None)"
M5434033c6ad285c1,auto_non_equivalent,1,8,0,0,0,0,0,0,0,specified,markdown_it/rules_inline/state_inline.py,scanDelims,155,BOOLEAN_CONNECTOR,    right_flanking = not (,    right_flanking = (
M5438a30023dae4f3,auto_non_equivalent,1,8,0,0,0,0,0,0,0,specified,markdown_it/rules_block/heading.py,heading,57,CONSTANT_REPLACEMENT,"    token = state.push(""heading_open"", ""h"" + str(level), 1)","    token = state.push(""heading_open"", ""h"" + str(level), 2)"
M5450d4540a436446,auto_non_equivalent,1,8,0,0,0,0,0,0,0,specified,markdown_it/rules_block/blockquote.py,blockquote,322,ARITHMETIC,"        token = state.push(""blockquote_close"", ""blockquote"", -1)","        token = state.push(""blockquote_close"", ""blockquote"", None)"
M546d81c1d40ed2e9,auto_non_equivalent,1,8,0,0,0,0,0,0,0,specified,markdown_it/rules_block/lheading.py,lheading,77,STATEMENT_REPLACEMENT,    token.content = content,    token.content = None
M5476bb8531b2826d,auto_non_equivalent,1,8,0,0,0,0,0,0,0,specified,markdown_it/rules_block/paragraph.py,paragraph,57,CONSTANT_REPLACEMENT,"    token = state.push(""inline"", """", 0)","    token = state.push(""inline"", """", )"
M54799575061b3f4a,auto_non_equivalent,1,8,0,0,0,0,0,0,0,specified,markdown_it/renderer.py,renderToken,149,STATEMENT_REPLACEMENT,"        result += "" /""","        result += ""XX /XX"""
M549a9da657020cda,auto_non_equivalent,1,8,0,0,0,0,0,0,0,specified,markdown_it/rules_block/list.py,list_block,161,CONSTANT_REPLACEMENT,        return False,        return True
M549fc72216373a8d,auto_non_equivalent,1,8,0,0,0,0,0,0,0,specified,markdown_it/rules_block/hr.py,hr,39,COMPARISON,        if ch != marker and not isStrSpace(ch):,        if ch == marker and not isStrSpace(ch):
M54bb811240e2f346,auto_non_equivalent,1,8,0,0,0,0,0,0,0,specified,markdown_it/parser_block.py,tokenize,92,BOOLEAN_CONNECTOR,        state.tight = not hasEmptyLines,        state.tight = hasEmptyLines
M54da9981c3a8d6bd,auto_non_equivalent,1,8,0,0,0,0,0,0,0,specified,markdown_it/rules_inline/entity.py,entity,27,CONSTANT_REPLACEMENT,"                    int(match1[1:], 16) if match1[0].lower() == ""x"" else int(match1, 10)","                    int(match1[1:], 16) if match1[0].lower() == ""x"" else int(10)"
M54dff10c98ac5e63,auto_non_equivalent,1,8,0,0,0,0,0,0,0,specified,markdown_it/ruler.py,__init__,78,STATEMENT_REPLACEMENT,    self.__rules__: list[Rule[RuleFuncTv]] = [],    self.__rules__: list[Rule[RuleFuncTv]] = None
M55103e49d91bfe2e,auto_non_equivalent,1,8,0,0,0,0,0,0,0,specified,markdown_it/rules_inline/backticks.py,backtick,71,ARITHMETIC,    state.pos += openerLength,    state.pos = openerLength
M552ae59e8e23d665,auto_non_equivalent,1,8,0,0,0,0,0,0,0,specified,markdown_it/rules_block/blockquote.py,blockquote,264,CALL_ARGUMENT,        oldTShift.append(state.tShift[nextLine]),        oldTShift.append(None)
M5553e36555a2a887,auto_non_equivalent,1,8,0,0,0,0,0,0,0,specified,markdown_it/ruler.py,after,174,CONSTANT_REPLACEMENT,    self.__cache__ = None,"    self.__cache__ = """""
M555ea7f6e68ad378,auto_non_equivalent,1,8,0,0,0,0,0,0,0,specified,markdown_it/rules_block/paragraph.py,paragraph,17,CALL_ARGUMENT,"    terminatorRules = ruler.getRules(""paragraph"")",    terminatorRules = ruler.getRules(None)
M5562033b9d90e186,auto_non_equivalent,1,8,0,0,0,0,0,0,0,specified,markdown_it/rules_inline/autolink.py,autolink,40,BOOLEAN_CONNECTOR,        if not silent:,        if silent:
M559c80f9e24dc085,auto_non_equivalent,1,8,0,0,0,0,0,0,0,specified,markdown_it/common/utils.py,unescapeAll,125,STATEMENT_REPLACEMENT,"    if ""\\"" not in string and ""&"" not in string:","    if ""\\"" not in string and ""XX&XX"" not in string:"
M55b18681057ad8da,auto_non_equivalent,1,8,0,0,0,0,0,0,0,specified,markdown_it/rules_block/state_block.py,__init__,108,CONSTANT_REPLACEMENT,    self.lineMax = len(self.bMarks) - 1  # don't count last fake line,    self.lineMax = len(self.bMarks) - 2  # don't count last fake line
M55b27d3f984ac70a,auto_non_equivalent,1,8,0,0,0,0,0,0,0,specified,markdown_it/rules_block/blockquote.py,blockquote,239,CONSTANT_REPLACEMENT,"            if terminatorRule(state, nextLine, endLine, True):","            if terminatorRule(None, nextLine, endLine, True):"
M55e9de9fb5bad025,auto_non_equivalent,1,7,0,1,0,0,0,0,0,specified,markdown_it/cli/parse.py,parse_args,115,STATEMENT_REPLACEMENT,"        ""--stdin"", action=""store_true"", help=""read Markdown from standard input""","        ""--stdin"", action=""STORE_TRUE"", help=""read Markdown from standard input"""
M55eabf6a765ef173,auto_non_equivalent,1,8,0,0,0,0,0,0,0,specified,markdown_it/rules_inline/image.py,image,99,ARITHMETIC,            start = pos + 1,            start = None
M55ebe94a888b8386,auto_non_equivalent,1,8,0,0,0,0,0,0,0,specified,markdown_it/rules_inline/backticks.py,backtick,27,BOOLEAN_CONNECTOR,        if not silent:,        if silent:
M55ee6c41a869e8b9,auto_non_equivalent,1,8,0,0,0,0,0,0,0,specified,markdown_it/parser_block.py,tokenize,97,COMPARISON,        if (line - 1) < endLine and state.isEmpty(line - 1):,        if (line - 1) < endLine and state.isEmpty(None):
M560bd30b4847dc8b,auto_non_equivalent,1,8,0,0,0,0,0,0,0,specified,markdown_it/rules_block/reference.py,reference,44,CONSTANT_REPLACEMENT,            pos += 1,            pos += 2
M5668ff9b9315e257,auto_non_equivalent,1,8,0,0,0,0,0,0,0,specified,markdown_it/rules_inline/balance_pairs.py,link_pairs,137,CALL_ARGUMENT,"            processDelimiters(state, curr_meta[""delimiters""])","            processDelimiters(state, curr_meta[""DELIMITERS""])"
M567672a5a0c0aaa8,auto_non_equivalent,1,8,0,0,0,0,0,0,0,specified,markdown_it/helpers/parse_link_title.py,parseLinkTitle,43,CALL_ARGUMENT,"        marker = charCodeAt(string, pos)",        marker = charCodeAt(pos)
M5688cdae8fac77fa,auto_non_equivalent,1,8,0,0,0,0,0,0,0,specified,markdown_it/rules_inline/autolink.py,autolink,49,CONSTANT_REPLACEMENT,"            token = state.push(""link_close"", ""a"", -1)","            token = state.push(""link_close"", ""XXaXX"", -1)"
M56962cd27a1ea080,auto_non_equivalent,1,8,0,0,0,0,0,0,0,specified,markdown_it/rules_block/reference.py,reference,56,COMPARISON,"        labelEnd is None or labelEnd < 0 or charCodeAt(string, labelEnd + 1) != 0x3A","        labelEnd is None or labelEnd < 0 or charCodeAt(None, labelEnd + 1) != 0x3A"
M56b513675c99d8b8,auto_non_equivalent,1,8,0,0,0,0,0,0,0,specified,markdown_it/rules_inline/balance_pairs.py,processDelimiters,91,COMPARISON,                    if openerIdx > 0 and not delimiters[openerIdx - 1].open:,                    if openerIdx > 0 and delimiters[openerIdx - 1].open:
M56c0ca6ba080a84d,auto_non_equivalent,1,8,0,0,0,0,0,0,0,specified,markdown_it/rules_block/paragraph.py,paragraph,21,STATEMENT_REPLACEMENT,"    state.parentType = ""paragraph""","    state.parentType = ""XXparagraphXX"""
M56dba5e837deb06c,auto_non_equivalent,1,8,0,0,0,0,0,0,0,specified,markdown_it/rules_inline/image.py,image,78,COMPARISON,"                if not isStrSpace(ch) and ch != ""\n"":","                if not isStrSpace(ch) and ch == ""\n"":"
M56e02a6b8502927b,auto_non_equivalent,1,8,0,0,0,0,0,0,0,specified,markdown_it/rules_block/lheading.py,lheading,45,CONSTANT_REPLACEMENT,"                        level = 1 if marker == ""="" else 2","                        level = 2 if marker == ""="" else 2"
M56ea7c4273fe5bff,auto_non_equivalent,1,8,0,0,0,0,0,0,0,specified,markdown_it/rules_block/state_block.py,is_code_block,261,CONSTANT_REPLACEMENT,    return self._code_enabled and (self.sCount[line] - self.blkIndent) >= 4,    return self._code_enabled and (self.sCount[line] - self.blkIndent) >= 5
M56f7c45786a0b2ed,auto_non_equivalent,1,8,0,0,0,0,0,0,0,specified,markdown_it/rules_block/heading.py,heading,57,ARITHMETIC,"    token = state.push(""heading_open"", ""h"" + str(level), 1)",    token = None
M56f9d67141f33cb0,auto_non_equivalent,1,8,0,0,0,0,0,0,0,specified,markdown_it/rules_inline/emphasis.py,_postProcess,89,ARITHMETIC,"            state.tokens[delimiters[i - 1].token].content = """"","            state.tokens[delimiters[i + 1].token].content = """""
M570e19b56f5b50e9,auto_non_equivalent,1,8,0,0,0,0,0,0,0,specified,markdown_it/helpers/parse_link_title.py,parseLinkTitle,60,COMPARISON,        if code == state.marker:,        if code != state.marker:
M572d84709f42aaa3,auto_non_equivalent,1,8,0,0,0,0,0,0,0,specified,markdown_it/rules_block/lheading.py,lheading,56,CONSTANT_REPLACEMENT,"            if terminatorRule(state, nextLine, endLine, True):","            if terminatorRule(nextLine, endLine, True):"
M5742326655876148,auto_non_equivalent,1,8,0,0,0,0,0,0,0,specified,markdown_it/renderer.py,renderToken,145,ARITHMETIC,    result += self.renderAttrs(token),    result = self.renderAttrs(token)
M57489a9a194f7b57,auto_non_equivalent,1,8,0,0,0,0,0,0,0,specified,markdown_it/rules_block/list.py,list_block,138,CALL_ARGUMENT,"    posAfterMarker = skipOrderedListMarker(state, startLine)","    posAfterMarker = skipOrderedListMarker(None, startLine)"
M574fb2496ce1de4b,auto_non_equivalent,1,8,0,0,0,0,0,0,0,specified,markdown_it/rules_block/reference.py,getNextLine,214,STATEMENT_REPLACEMENT,"        terminatorRules = state.md.block.ruler.getRules(""reference"")",        terminatorRules = None
M578e6ecdf038ea54,auto_non_equivalent,1,8,0,0,0,0,0,0,0,specified,markdown_it/renderer.py,render,82,CALL_ARGUMENT,"                result += self.renderInline(token.children, options, env)","                result += self.renderInline(options, env)"
M5799e420e9b91a51,auto_non_equivalent,1,8,0,0,0,0,0,0,0,specified,markdown_it/rules_block/hr.py,hr,27,CONSTANT_REPLACEMENT,    pos += 1,    pos += 2
M57aadc808d6f5c04,auto_non_equivalent,1,8,0,0,0,0,0,0,0,specified,markdown_it/rules_block/list.py,list_block,294,COMPARISON,        prevEmptyEnd = (state.line - startLine) > 1 and state.isEmpty(state.line - 1),        prevEmptyEnd = (state.line - startLine) > 1 and state.isEmpty(None)
M57b083546cec8038,auto_non_equivalent,1,5,3,0,0,0,0,0,0,specified,markdown_it/cli/parse.py,convert_file,61,CONSTANT_REPLACEMENT,        sys.exit(1),        sys.exit(None)
M57d2556711aa11d0,auto_non_equivalent,1,8,0,0,0,0,0,0,0,specified,markdown_it/rules_block/list.py,list_block,307,STATEMENT_REPLACEMENT,        nextLine = startLine = state.line,        nextLine = startLine = None
M57dbcf0978303273,auto_non_equivalent,1,8,0,0,0,0,0,0,0,specified,markdown_it/helpers/parse_link_title.py,parseLinkTitle,43,CALL_ARGUMENT,"        marker = charCodeAt(string, pos)","        marker = charCodeAt(string, None)"
M57ec13df5715e45c,auto_non_equivalent,1,8,0,0,0,0,0,0,0,specified,markdown_it/rules_block/code.py,code,36,CONSTANT_REPLACEMENT,    return True,    return False
M57fca47a42ef1a28,auto_non_equivalent,1,8,0,0,0,0,0,0,0,specified,markdown_it/common/utils.py,escapeHtml,145,CALL_ARGUMENT,"    raw = raw.replace('""', ""&quot;"")","    raw = raw.replace(None, ""&quot;"")"
M5800d9bcd79c043f,auto_non_equivalent,1,8,0,0,0,0,0,0,0,specified,markdown_it/rules_inline/entity.py,entity,46,CONSTANT_REPLACEMENT,                token.content = entities[match.group(1)],                token.content = entities[match.group(2)]
M581c219c62dfefb2,auto_non_equivalent,1,8,0,0,0,0,0,0,0,specified,markdown_it/renderer.py,renderToken,138,COMPARISON,    if token.block and token.nesting != -1 and idx and tokens[idx - 1].hidden:,    if token.block or token.nesting != -1 and idx and tokens[idx - 1].hidden:
M583b730b63e54938,auto_non_equivalent,1,8,0,0,0,0,0,0,0,specified,markdown_it/rules_inline/html_inline.py,html_inline,34,CONSTANT_REPLACEMENT,"        token = state.push(""html_inline"", """", 0)","        token = state.push(""html_inline"", 0)"
M585aaf610c012b76,auto_non_equivalent,1,8,0,0,0,0,0,0,0,specified,markdown_it/rules_inline/image.py,image,136,BOOLEAN_CONNECTOR,        token.children = tokens or None,        token.children = tokens and None
M5862b5f45e665315,auto_non_equivalent,1,8,0,0,0,0,0,0,0,specified,markdown_it/helpers/parse_link_destination.py,parseLinkDestination,29,CONSTANT_REPLACEMENT,            if code == 0x3E:  # /* > */) {,            if code == 63:  # /* > */) {
M58682527b09f5093,auto_non_equivalent,1,8,0,0,0,0,0,0,0,specified,markdown_it/rules_block/reference.py,reference,38,COMPARISON,        elif ch == 0x0A:  # /* \n */,        elif ch != 0x0A:  # /* \n */
M58937f119cbab8a3,auto_non_equivalent,1,8,0,0,0,0,0,0,0,specified,markdown_it/renderer.py,fence,298,COMPARISON,"            ""<pre><code""
            + self.renderAttrs(tmpToken)","            ""<pre><code"" - self.renderAttrs(tmpToken)"
M58a1511f68f48de7,auto_non_equivalent,1,8,0,0,0,0,0,0,0,specified,markdown_it/ruler.py,getRules,267,BOOLEAN_CONNECTOR,"    return self.__cache__.get(chainName, []) or []","    return self.__cache__.get(chainName, []) and []"
M58a2e411fcb22d88,auto_non_equivalent,1,8,0,0,0,0,0,0,0,specified,markdown_it/rules_block/list.py,list_block,220,COMPARISON,        indentAfterMarker = 1 if contentStart >= maximum else offset - initial,        indentAfterMarker = None
M58ce72269ff1b2b1,auto_non_equivalent,1,8,0,0,0,0,0,0,0,specified,markdown_it/parser_block.py,parse,111,CALL_ARGUMENT,"    state = StateBlock(src, md, env, outTokens)","    state = StateBlock(src, env, outTokens)"
M58db8c5400508289,auto_non_equivalent,1,8,0,0,0,0,0,0,0,specified,markdown_it/rules_block/list.py,skipOrderedListMarker,38,ARITHMETIC,    start = state.bMarks[startLine] + state.tShift[startLine],    start = None
M58e0817cfaba58fc,auto_non_equivalent,1,6,2,0,0,0,0,0,0,specified,markdown_it/rules_block/blockquote.py,blockquote,95,CONSTANT_REPLACEMENT,        state.sCount[startLine] + 1 + (1 if spaceAfterMarker else 0),        state.sCount[startLine] + 2 + (1 if spaceAfterMarker else 0)
M5905e076339a546c,auto_non_equivalent,1,6,0,0,2,0,0,0,0,specified,markdown_it/rules_inline/backticks.py,backtick,51,CONSTANT_REPLACEMENT,"                token = state.push(""code_inline"", ""code"", 0)","                token = state.push(""code_inline"", ""code"", 1)"
M59641af98fc20d7c,auto_non_equivalent,1,8,0,0,0,0,0,0,0,specified,markdown_it/rules_block/paragraph.py,paragraph,41,CONSTANT_REPLACEMENT,"            if terminatorRule(state, nextLine, endLine, True):","            if terminatorRule(nextLine, endLine, True):"
M5968d86975463513,auto_non_equivalent,1,8,0,0,0,0,0,0,0,specified,markdown_it/rules_inline/fragments_join.py,fragments_join,48,COMPARISON,        if curr != last:,        if curr == last:
M596e1cd1ec1ca6c1,auto_non_equivalent,1,8,0,0,0,0,0,0,0,specified,markdown_it/rules_inline/link.py,link,98,CALL_ARGUMENT,"            pos = state.md.helpers.parseLinkLabel(state, pos)","            pos = state.md.helpers.parseLinkLabel(state, )"
M5976af762258978b,auto_non_equivalent,1,8,0,0,0,0,0,0,0,specified,markdown_it/rules_inline/escape.py,escape,34,CONSTANT_REPLACEMENT,            pos += 1,            pos += 2
M597982552904c4ca,auto_non_equivalent,1,8,0,0,0,0,0,0,0,specified,markdown_it/rules_inline/balance_pairs.py,processDelimiters,52,CONSTANT_REPLACEMENT,"            openersBottom[closer.marker] = [-1, -1, -1, -1, -1, -1]","            openersBottom[closer.marker] = [-1, -1, -1, -1, -1, -2]"
M59884af94fab8803,auto_non_equivalent,1,8,0,0,0,0,0,0,0,specified,markdown_it/rules_inline/link.py,link,14,CONSTANT_REPLACEMENT,    parseReference = True,    parseReference = False
M59afd923dce6c173,auto_non_equivalent,1,8,0,0,0,0,0,0,0,specified,markdown_it/rules_block/list.py,skipOrderedListMarker,78,COMPARISON,    if pos < maximum:,    if pos <= maximum:
M59b77a9a5356a198,auto_non_equivalent,1,8,0,0,0,0,0,0,0,specified,markdown_it/rules_inline/emphasis.py,_postProcess,51,CONSTANT_REPLACEMENT,        if startDelim.end == -1:,        if startDelim.end == -2:
M59bb17a10ed761c5,auto_non_equivalent,1,8,0,0,0,0,0,0,0,specified,markdown_it/rules_block/fence.py,make_fence_rule,73,COMPARISON,        if length < min_markers:,        if length <= min_markers:
M59cf84a30dce1f9a,auto_non_equivalent,1,8,0,0,0,0,0,0,0,specified,markdown_it/renderer.py,render,86,CALL_ARGUMENT,"            result += self.renderToken(tokens, i, options, env)","            result += self.renderToken(tokens, options, env)"
M59fbb119a1cd928b,auto_non_equivalent,1,8,0,0,0,0,0,0,0,specified,markdown_it/rules_block/list.py,list_block,273,COMPARISON,        if contentStart >= maximum and state.isEmpty(startLine + 1):,        if contentStart >= maximum or state.isEmpty(startLine + 1):
M5a0a83a4dfd25a23,auto_non_equivalent,1,8,0,0,0,0,0,0,0,specified,markdown_it/rules_core/inline.py,inline,10,CALL_ARGUMENT,"            state.md.inline.parse(token.content, state.md, state.env, token.children)","            state.md.inline.parse(token.content, state.env, token.children)"
M5a19ae59c28e0acc,auto_non_equivalent,1,8,0,0,0,0,0,0,0,specified,markdown_it/rules_inline/emphasis.py,tokenize,29,CONSTANT_REPLACEMENT,"                end=-1,","                end=-2,"
M5a3903ddd9c210ff,auto_non_equivalent,1,8,0,0,0,0,0,0,0,specified,markdown_it/rules_block/hr.py,hr,44,CONSTANT_REPLACEMENT,    if cnt < 3:,    if cnt < 4:
M5a3b95028954afad,auto_non_equivalent,1,8,0,0,0,0,0,0,0,specified,markdown_it/renderer.py,render,84,CALL_ARGUMENT,"            result += self.rules[token.type](tokens, i, options, env)","            result += self.rules[token.type](tokens, i, env)"
M5a3eb1c43a2743f9,auto_non_equivalent,1,8,0,0,0,0,0,0,0,specified,markdown_it/rules_block/lheading.py,lheading,45,CONSTANT_REPLACEMENT,"                        level = 1 if marker == ""="" else 2","                        level = 1 if marker == ""="" else 3"
M5a71fd8cd5665b2e,auto_non_equivalent,1,8,0,0,0,0,0,0,0,specified,markdown_it/rules_inline/entity.py,entity,32,CALL_ARGUMENT,                    fromCodePoint(code),                    fromCodePoint(None)
M5a849d01c1eed3ad,auto_non_equivalent,1,8,0,0,0,0,0,0,0,specified,markdown_it/rules_block/list.py,list_block,171,STATEMENT_REPLACEMENT,    listTokIdx = len(state.tokens),    listTokIdx = None
M5a92a86178ae1fe2,auto_non_equivalent,1,8,0,0,0,0,0,0,0,specified,markdown_it/parser_block.py,parse,111,CALL_ARGUMENT,"    state = StateBlock(src, md, env, outTokens)","    state = StateBlock(src, md, outTokens)"
M5ac8852591cce24e,auto_non_equivalent,1,8,0,0,0,0,0,0,0,specified,markdown_it/rules_block/paragraph.py,paragraph,57,CONSTANT_REPLACEMENT,"    token = state.push(""inline"", """", 0)","    token = state.push(""XXinlineXX"", """", 0)"
M5ad8112cf76c78fd,auto_non_equivalent,1,8,0,0,0,0,0,0,0,specified,markdown_it/rules_core/text_join.py,text_join,24,BOOLEAN_CONNECTOR,        children = inline_token.children or [],        children = None
M5ae11fded0d0fad8,auto_non_equivalent,1,8,0,0,0,0,0,0,0,specified,markdown_it/rules_inline/entity.py,entity,45,CONSTANT_REPLACEMENT,"                token = state.push(""text_special"", """", 0)","                token = state.push("""", 0)"
M5afeb724a342b7ca,auto_non_equivalent,1,8,0,0,0,0,0,0,0,specified,markdown_it/rules_inline/link.py,link,115,CONSTANT_REPLACEMENT,"        ref = state.env[""references""].get(label, None)","        ref = state.env[""REFERENCES""].get(label, None)"
M5b4943e6582f34fa,auto_non_equivalent,1,8,0,0,0,0,0,0,0,specified,markdown_it/rules_block/blockquote.py,blockquote,91,CONSTANT_REPLACEMENT,        pos += 1,        pos += 2
M5b61be31fd195197,auto_non_equivalent,1,6,2,0,0,0,0,0,0,specified,markdown_it/rules_block/blockquote.py,blockquote,55,CONSTANT_REPLACEMENT,        spaceAfterMarker = True,        spaceAfterMarker = None
M5b6bc154af0516bd,auto_non_equivalent,1,8,0,0,0,0,0,0,0,specified,markdown_it/rules_block/list.py,list_block,259,STATEMENT_REPLACEMENT,        oldListIndent = state.listIndent,        oldListIndent = None
M5b7784359e871b3f,auto_non_equivalent,1,8,0,0,0,0,0,0,0,specified,markdown_it/renderer.py,renderToken,142,COMPARISON,"    result += (""</"" if token.nesting == -1 else ""<"") + token.tag","    result += (""</"" if token.nesting == +1 else ""<"") + token.tag"
M5b7d521f37adf435,auto_non_equivalent,1,8,0,0,0,0,0,0,0,specified,markdown_it/rules_block/state_block.py,__init__,83,CONTROL_FLOW,                continue,                break
M5b8c80859678e717,auto_non_equivalent,1,8,0,0,0,0,0,0,0,specified,markdown_it/rules_inline/html_inline.py,html_inline,20,STATEMENT_REPLACEMENT,    maximum = state.posMax,    maximum = None
M5b999d66fa56c6db,auto_non_equivalent,1,8,0,0,0,0,0,0,0,specified,markdown_it/rules_inline/image.py,image,18,COMPARISON,"    if state.pos + 1 < state.posMax and state.src[state.pos + 1] != ""["":","    if state.pos + 1 < state.posMax or state.src[state.pos + 1] != ""["":"
M5bed70302ac0c0bf,auto_non_equivalent,1,8,0,0,0,0,0,0,0,specified,markdown_it/rules_block/state_block.py,getLines,248,ARITHMETIC,"            queue[i - 1] = ("" "" * (lineIndent - indent)) + self.src[first:last]","            queue[i - 1] = ("" "" * (lineIndent - indent)) - self.src[first:last]"
M5bfcb9ee9c19efec,auto_non_equivalent,1,6,2,0,0,0,0,0,0,specified,markdown_it/rules_block/lheading.py,lheading,72,CONSTANT_REPLACEMENT,"    token = state.push(""heading_open"", ""h"" + str(level), 1)","    token = state.push(""heading_open"", ""h"" + str(level), 2)"
M5c03dacd962f5a83,auto_non_equivalent,1,8,0,0,0,0,0,0,0,specified,markdown_it/rules_block/reference.py,getNextLine,235,CONSTANT_REPLACEMENT,    return state.src[pos : maximum + 1],    return state.src[pos : maximum + 2]
M5c0d15e07581bdcd,auto_non_equivalent,1,8,0,0,0,0,0,0,0,specified,markdown_it/rules_block/blockquote.py,blockquote,94,ARITHMETIC,"    state.bsCount[startLine] = (
        state.sCount[startLine] + 1 + (1 if spaceAfterMarker else 0)
    )",    state.bsCount[startLine] = None
M5c11cfff7b6569a8,auto_non_equivalent,1,8,0,0,0,0,0,0,0,specified,markdown_it/rules_inline/state_inline.py,scanDelims,145,BOOLEAN_CONNECTOR,    isLastPunctChar = isMdAsciiPunct(ord(lastChar)) or isPunctChar(lastChar),    isLastPunctChar = isMdAsciiPunct(ord(lastChar)) or isPunctChar(None)
M5c278f8e2d6bb18d,auto_non_equivalent,1,8,0,0,0,0,0,0,0,specified,markdown_it/rules_block/code.py,code,13,BOOLEAN_CONNECTOR,    if not state.is_code_block(startLine):,    if state.is_code_block(startLine):
M5c2f13223cc056e9,auto_non_equivalent,1,8,0,0,0,0,0,0,0,specified,markdown_it/rules_block/blockquote.py,blockquote,51,CONSTANT_REPLACEMENT,        offset += 1,        offset += 2
M5c449130d2e085ea,auto_non_equivalent,1,8,0,0,0,0,0,0,0,specified,markdown_it/rules_inline/image.py,image,107,ARITHMETIC,            pos = labelEnd + 1,            pos = labelEnd - 1
M5c8f6add2c0e2653,auto_non_equivalent,1,8,0,0,0,0,0,0,0,specified,markdown_it/rules_core/state_core.py,__init__,23,STATEMENT_REPLACEMENT,    self.env = env,    self.env = None
M5ca2206ea48bb097,auto_non_equivalent,1,8,0,0,0,0,0,0,0,specified,markdown_it/rules_block/reference.py,reference,21,STATEMENT_REPLACEMENT,"    if state.src[pos] != ""["":","    if state.src[pos] != ""XX[XX"":"
M5cb15efb7783d7c4,auto_non_equivalent,1,8,0,0,0,0,0,0,0,specified,markdown_it/helpers/parse_link_destination.py,parseLinkDestination,57,COMPARISON,        if code == 0x5C and pos + 1 < maximum:,        if code != 0x5C and pos + 1 < maximum:
M5cc55510f4558c43,auto_non_equivalent,1,8,0,0,0,0,0,0,0,specified,markdown_it/common/utils.py,normalizeReference,301,CALL_ARGUMENT,    return string.lower().upper(),    return string.lower().lower()
M5cc8c35defccbc23,auto_non_equivalent,1,8,0,0,0,0,0,0,0,specified,markdown_it/helpers/parse_link_destination.py,parseLinkDestination,21,CONSTANT_REPLACEMENT,"    if charCodeAt(string, pos) == 0x3C:  # /* < */","    if charCodeAt(string, pos) == 61:  # /* < */"
M5cef855ed1ba35d1,auto_non_equivalent,1,8,0,0,0,0,0,0,0,specified,markdown_it/rules_block/list.py,markTightParagraphs,94,COMPARISON,"        if state.tokens[i].level == level and state.tokens[i].type == ""paragraph_open"":","        if state.tokens[i].level == level and state.tokens[i].type != ""paragraph_open"":"
M5cf260a3cd56d854,auto_non_equivalent,1,8,0,0,0,0,0,0,0,specified,markdown_it/rules_block/html_block.py,html_block,90,CONSTANT_REPLACEMENT,    return True,    return False
M5cfc4ffd29df55b9,auto_non_equivalent,1,8,0,0,0,0,0,0,0,specified,markdown_it/rules_block/blockquote.py,blockquote,211,CONTROL_FLOW,                    break,                    return
M5d2134cebfff2e56,auto_non_equivalent,1,8,0,0,0,0,0,0,0,specified,markdown_it/helpers/parse_link_label.py,parseLinkLabel,23,ARITHMETIC,            level -= 1,            level += 1
M5d559a9d6f5513f7,auto_non_equivalent,1,8,0,0,0,0,0,0,0,specified,markdown_it/rules_block/paragraph.py,paragraph,15,CONSTANT_REPLACEMENT,    nextLine = startLine + 1,    nextLine = startLine + 2
M5d66e6070c2a63fd,auto_non_equivalent,1,7,1,0,0,0,0,0,0,specified,markdown_it/rules_block/state_block.py,getLines,234,CALL_ARGUMENT,            if isStrSpace(ch):,            if isStrSpace(None):
M5d88735d85856e63,auto_non_equivalent,1,8,0,0,0,0,0,0,0,specified,markdown_it/renderer.py,renderInline,105,ARITHMETIC,"            result += self.renderToken(tokens, i, options, env)","            result = self.renderToken(tokens, i, options, env)"
M5d8e7163bfbed865,auto_non_equivalent,1,8,0,0,0,0,0,0,0,specified,markdown_it/main.py,parse,269,BOOLEAN_CONNECTOR,"    if not isinstance(src, str):","    if isinstance(src, str):"
M5dd7c8de2a46bb07,auto_non_equivalent,1,8,0,0,0,0,0,0,0,specified,markdown_it/rules_inline/newline.py,newline,35,CONSTANT_REPLACEMENT,"            state.push(""softbreak"", ""br"", 0)","            state.push(""softbreak"", ""br"", None)"
M5dde10afe3f74b2b,auto_non_equivalent,1,8,0,0,0,0,0,0,0,specified,markdown_it/rules_block/list.py,list_block,370,CONSTANT_REPLACEMENT,"        token = state.push(""bullet_list_close"", ""ul"", -1)","        token = state.push(""bullet_list_close"", ""ul"", -2)"
M5de7c5d2810b80cb,auto_non_equivalent,1,8,0,0,0,0,0,0,0,specified,markdown_it/rules_block/list.py,list_block,265,STATEMENT_REPLACEMENT,        state.sCount[startLine] = offset,        state.sCount[startLine] = None
M5df56ab28fde5bb7,auto_non_equivalent,1,8,0,0,0,0,0,0,0,specified,markdown_it/helpers/parse_link_destination.py,parseLinkDestination,69,COMPARISON,            if level == 0:,            if level != 0:
M5e13d60480a6ad84,auto_non_equivalent,1,8,0,0,0,0,0,0,0,specified,markdown_it/rules_inline/autolink.py,autolink,35,COMPARISON,    if AUTOLINK_RE.search(url) is not None:,    if AUTOLINK_RE.search(url) is None:
M5e18daf53bbc5629,auto_non_equivalent,1,8,0,0,0,0,0,0,0,specified,markdown_it/renderer.py,renderToken,138,COMPARISON,    if token.block and token.nesting != -1 and idx and tokens[idx - 1].hidden:,    if token.block and token.nesting != -1 or idx and tokens[idx - 1].hidden:
M5e1a820e9fd619c9,auto_non_equivalent,1,8,0,0,0,0,0,0,0,specified,markdown_it/rules_inline/backticks.py,backtick,35,CONSTANT_REPLACEMENT,    while True:,    while False:
M5e23e9a4de3b23d8,auto_non_equivalent,1,8,0,0,0,0,0,0,0,specified,markdown_it/parser_core.py,process,45,COMPARISON,"    for rule in self.ruler.getRules(""""):",    for rule in self.ruler.getRules(None):
M5e47f21a935bcc18,auto_non_equivalent,1,8,0,0,0,0,0,0,0,specified,markdown_it/rules_inline/link.py,link,131,CONSTANT_REPLACEMENT,"        token = state.push(""link_open"", ""a"", 1)","        token = state.push(""link_open"", ""XXaXX"", 1)"
M5e4e0b47a089556f,auto_non_equivalent,1,8,0,0,0,0,0,0,0,specified,markdown_it/rules_inline/balance_pairs.py,processDelimiters,70,CONSTANT_REPLACEMENT,                isOddMatch = False,                isOddMatch = True
M5e538a1936893ea4,auto_non_equivalent,1,8,0,0,0,0,0,0,0,specified,markdown_it/rules_inline/link.py,link,85,CONSTANT_REPLACEMENT,            parseReference = True,            parseReference = None
M5e593803147802cf,auto_non_equivalent,1,8,0,0,0,0,0,0,0,specified,markdown_it/rules_block/heading.py,heading,66,ARITHMETIC,"    token = state.push(""heading_close"", ""h"" + str(level), -1)","    token = state.push(""heading_close"", ""h"" + str(level), )"
M5e7140b928cdbaa7,auto_non_equivalent,1,8,0,0,0,0,0,0,0,specified,markdown_it/rules_block/hr.py,hr,52,CONSTANT_REPLACEMENT,"    token = state.push(""hr"", ""hr"", 0)","    token = state.push(""hr"", ""hr"", )"
M5e7627839f9cf6a1,auto_non_equivalent,1,8,0,0,0,0,0,0,0,specified,markdown_it/rules_block/html_block.py,html_block,88,CONSTANT_REPLACEMENT,"    token.content = state.getLines(startLine, nextLine, state.blkIndent, True)","    token.content = state.getLines(startLine, state.blkIndent, True)"
M5e7b759ac5bb4ad6,auto_non_equivalent,1,8,0,0,0,0,0,0,0,specified,markdown_it/rules_block/blockquote.py,blockquote,316,CONSTANT_REPLACEMENT,"        token = state.push(""blockquote_open"", ""blockquote"", 1)","        token = state.push(""blockquote_open"", 1)"
M5ea07e6cf0cf2561,auto_non_equivalent,1,8,0,0,0,0,0,0,0,specified,markdown_it/rules_block/list.py,list_block,294,COMPARISON,        prevEmptyEnd = (state.line - startLine) > 1 and state.isEmpty(state.line - 1),        prevEmptyEnd = (state.line - startLine) > 1 and state.isEmpty(state.line + 1)
M5eab942a9a5fb671,auto_non_equivalent,1,8,0,0,0,0,0,0,0,specified,markdown_it/rules_block/reference.py,reference,65,COMPARISON,        if ch == 0x0A:,        if ch != 0x0A:
M5eae672ca33d41f0,auto_non_equivalent,1,8,0,0,0,0,0,0,0,specified,markdown_it/rules_inline/balance_pairs.py,link_pairs,136,COMPARISON,"        if curr_meta and ""delimiters"" in curr_meta:","        if curr_meta or ""delimiters"" in curr_meta:"
M5eafc51869f1e145,auto_non_equivalent,1,8,0,0,0,0,0,0,0,specified,markdown_it/common/normalize_url.py,normalizeLinkText,48,CONSTANT_REPLACEMENT,"    parsed = mdurl.parse(url, slashes_denote_host=True)",    parsed = None
M5ed429b370fd877d,auto_non_equivalent,1,8,0,0,0,0,0,0,0,specified,markdown_it/rules_block/hr.py,hr,56,CONSTANT_REPLACEMENT,    return True,    return False
M5edb74c13cdc4cc6,auto_non_equivalent,1,8,0,0,0,0,0,0,0,specified,markdown_it/utils.py,__init__,70,STATEMENT_REPLACEMENT,"    self._options = cast(OptionsType, dict(options))",    self._options = None
M5eecac15d4811911,auto_non_equivalent,1,8,0,0,0,0,0,0,0,specified,markdown_it/rules_inline/entity.py,entity,27,CONSTANT_REPLACEMENT,"                    int(match1[1:], 16) if match1[0].lower() == ""x"" else int(match1, 10)","                    int(match1[1:], ) if match1[0].lower() == ""x"" else int(match1, 10)"
M5ef927426e563c8c,auto_non_equivalent,1,8,0,0,0,0,0,0,0,specified,markdown_it/rules_inline/link.py,link,70,CALL_ARGUMENT,"            res = state.md.helpers.parseLinkTitle(state.src, pos, state.posMax)","            res = state.md.helpers.parseLinkTitle(state.src, pos, None)"
M5efddff91c1f3db5,auto_non_equivalent,1,8,0,0,0,0,0,0,0,specified,markdown_it/rules_inline/state_inline.py,scanDelims,161,BOOLEAN_CONNECTOR,        canSplitWord or (not right_flanking) or isLastPunctChar,        canSplitWord or (not right_flanking) and isLastPunctChar
M5f2fe06bab0366f1,auto_non_equivalent,1,8,0,0,0,0,0,0,0,specified,markdown_it/rules_core/text_join.py,text_join,39,ARITHMETIC,"                parts = [new_tokens[-1].content, child_token.content]",                parts = None
M5f5b809982a4e9ee,auto_non_equivalent,1,8,0,0,0,0,0,0,0,specified,markdown_it/rules_block/hr.py,hr,38,CONSTANT_REPLACEMENT,        pos += 1,        pos += 2
M5f80977f7c1f303d,auto_non_equivalent,1,8,0,0,0,0,0,0,0,specified,markdown_it/rules_inline/balance_pairs.py,processDelimiters,80,COMPARISON,"                    (opener.close or closer.open)
                    and ((opener.length + closer.length) % 3 == 0)",                    (opener.close or closer.open) or ((opener.length + closer.length) % 3 == 0)
M5f8b499637fe45a4,auto_non_equivalent,1,8,0,0,0,0,0,0,0,specified,markdown_it/parser_block.py,parse,112,CALL_ARGUMENT,"    self.tokenize(state, state.line, state.lineMax)","    self.tokenize(state, state.lineMax)"
M5f9080eb1c87e4c5,auto_non_equivalent,1,8,0,0,0,0,0,0,0,specified,markdown_it/rules_inline/link.py,link,135,CALL_ARGUMENT,"            token.attrSet(""title"", title)",            token.attrSet(title)
M5fa0f99a7e4dac45,auto_non_equivalent,1,8,0,0,0,0,0,0,0,specified,markdown_it/rules_block/blockquote.py,blockquote,81,ARITHMETIC,                offset += (,                offset = (
M5fa4833abbae1f60,auto_non_equivalent,1,8,0,0,0,0,0,0,0,specified,markdown_it/ruler.py,push,187,BOOLEAN_CONNECTOR,"        Rule[RuleFuncTv](ruleName, True, fn, (options or {}).get(""alt"", []))","        Rule[RuleFuncTv](ruleName, True, fn, None)"
M5fc8ce22a79f9254,auto_non_equivalent,1,8,0,0,0,0,0,0,0,specified,markdown_it/rules_inline/image.py,image,77,STATEMENT_REPLACEMENT,                ch = state.src[pos],                ch = None
M5fcabae9a232d1da,auto_non_equivalent,1,8,0,0,0,0,0,0,0,specified,markdown_it/rules_inline/fragments_join.py,fragments_join,41,ARITHMETIC,            merged = state.tokens[curr - 1],            merged = state.tokens[curr + 1]
M5fd1ed2f3d32fcb9,auto_non_equivalent,1,8,0,0,0,0,0,0,0,specified,markdown_it/rules_core/text_join.py,text_join,25,CONSTANT_REPLACEMENT,        i = 0,        i = 1
M5fd813a18ca6b113,auto_non_equivalent,1,8,0,0,0,0,0,0,0,specified,markdown_it/rules_block/list.py,list_block,118,COMPARISON,        and state.sCount[startLine] - state.listIndent >= 4,        and state.sCount[startLine] - state.listIndent > 4
M5feddceeb09e033e,auto_non_equivalent,1,8,0,0,0,0,0,0,0,specified,markdown_it/rules_inline/balance_pairs.py,link_pairs,136,STATEMENT_REPLACEMENT,"        if curr_meta and ""delimiters"" in curr_meta:","        if curr_meta and ""DELIMITERS"" in curr_meta:"
M5fef76cb30bd15d7,auto_non_equivalent,1,8,0,0,0,0,0,0,0,specified,markdown_it/rules_inline/newline.py,newline,21,CONSTANT_REPLACEMENT,"        if pmax >= 0 and charStrAt(state.pending, pmax) == "" "":","        if pmax >= 0 and charStrAt(state.pending, ) == "" "":"
M600d815b222e1905,auto_non_equivalent,1,8,0,0,0,0,0,0,0,specified,markdown_it/rules_block/reference.py,reference,176,STATEMENT_REPLACEMENT,"    if label not in state.env[""references""]:","    if label not in state.env[""REFERENCES""]:"
M601d622e60528443,auto_non_equivalent,1,8,0,0,0,0,0,0,0,specified,markdown_it/rules_block/reference.py,reference,96,CALL_ARGUMENT,"        ch = charCodeAt(string, pos)","        ch = charCodeAt(string, )"
M602b4777947390d0,auto_non_equivalent,1,8,0,0,0,0,0,0,0,specified,markdown_it/rules_block/hr.py,hr,21,CONSTANT_REPLACEMENT,        return False,        return True
M6048c12614961951,auto_non_equivalent,1,8,0,0,0,0,0,0,0,specified,markdown_it/rules_block/reference.py,reference,132,CONTROL_FLOW,            break,            return
M606f3f445845e99c,auto_non_equivalent,1,8,0,0,0,0,0,0,0,specified,markdown_it/rules_block/list.py,list_block,304,CONSTANT_REPLACEMENT,"        token = state.push(""list_item_close"", ""li"", -1)","        token = state.push(""li"", -1)"
M606f6e1a08519bb9,auto_non_equivalent,1,8,0,0,0,0,0,0,0,specified,markdown_it/rules_inline/link.py,link,113,CALL_ARGUMENT,        label = normalizeReference(label),        label = normalizeReference(None)
M607ea0a379e253fd,auto_non_equivalent,1,8,0,0,0,0,0,0,0,specified,markdown_it/rules_block/state_block.py,__init__,87,COMPARISON,"        if character == ""\n"" or pos == length - 1:","        if character != ""\n"" or pos == length - 1:"
M609dd37589edf304,auto_non_equivalent,1,8,0,0,0,0,0,0,0,specified,markdown_it/rules_block/reference.py,reference,97,COMPARISON,        if ch == 0x0A:,        if ch != 0x0A:
M60c2159e64c7baf6,auto_non_equivalent,1,8,0,0,0,0,0,0,0,specified,markdown_it/rules_inline/html_inline.py,isLetter,8,CONSTANT_REPLACEMENT,    lc = ch | 0x20  # to lower case,    lc = None  # to lower case
M60c8c7dbaa6af5f6,auto_non_equivalent,1,8,0,0,0,0,0,0,0,specified,markdown_it/rules_inline/newline.py,newline,32,CONSTANT_REPLACEMENT,"                state.push(""softbreak"", ""br"", 0)","                state.push(""XXsoftbreakXX"", ""br"", 0)"
M60e556d2f4776b14,auto_non_equivalent,1,8,0,0,0,0,0,0,0,specified,markdown_it/rules_block/paragraph.py,paragraph,50,CONSTANT_REPLACEMENT,"    content = state.getLines(startLine, nextLine, state.blkIndent, False).strip()","    content = state.getLines(startLine, nextLine, None, False).strip()"
M60ea1105bf891503,auto_non_equivalent,1,8,0,0,0,0,0,0,0,specified,markdown_it/rules_inline/link.py,link,43,ARITHMETIC,            pos += 1,            pos -= 1
M60f2755b432023a5,auto_non_equivalent,1,8,0,0,0,0,0,0,0,specified,markdown_it/rules_block/blockquote.py,blockquote,265,CALL_ARGUMENT,        oldSCount.append(state.sCount[nextLine]),        oldSCount.append(None)
M60fac13ba6a9e1ee,auto_non_equivalent,1,8,0,0,0,0,0,0,0,specified,markdown_it/rules_inline/image.py,image,37,CONSTANT_REPLACEMENT,        pos += 1,        pos += 2
M60fcec214e8d2a5b,auto_non_equivalent,1,8,0,0,0,0,0,0,0,specified,markdown_it/rules_block/state_block.py,getLines,248,ARITHMETIC,"            queue[i - 1] = ("" "" * (lineIndent - indent)) + self.src[first:last]","            queue[i - 1] = ("" "" / (lineIndent - indent)) + self.src[first:last]"
M61098644f6e6416a,auto_non_equivalent,1,8,0,0,0,0,0,0,0,specified,markdown_it/rules_block/list.py,list_block,132,STATEMENT_REPLACEMENT,"        and state.parentType == ""paragraph""","        and state.parentType == ""PARAGRAPH"""
M611b6d23fb45d31d,auto_non_equivalent,1,8,0,0,0,0,0,0,0,specified,markdown_it/common/normalize_url.py,normalizeLink,35,STATEMENT_REPLACEMENT,            parsed = parsed._replace(hostname=_punycode.to_ascii(parsed.hostname)),            parsed = None
M6127948a2bb08667,auto_non_equivalent,1,7,1,0,0,0,0,0,0,specified,markdown_it/rules_block/code.py,code,33,CONSTANT_REPLACEMENT,"    token.content = state.getLines(startLine, last, 4 + state.blkIndent, False) + ""\n""","    token.content = state.getLines(startLine, last, 5 + state.blkIndent, False) + ""\n"""
M6153716035482ec9,auto_non_equivalent,1,8,0,0,0,0,0,0,0,specified,markdown_it/rules_block/list.py,list_block,294,CONSTANT_REPLACEMENT,        prevEmptyEnd = (state.line - startLine) > 1 and state.isEmpty(state.line - 1),        prevEmptyEnd = (state.line - startLine) > 1 and state.isEmpty(state.line - 2)
M615e8905058c3757,auto_non_equivalent,1,8,0,0,0,0,0,0,0,specified,markdown_it/renderer.py,render,86,ARITHMETIC,"            result += self.renderToken(tokens, i, options, env)","            result += self.renderToken(tokens, None, options, env)"
M61881aef944e9e3b,auto_non_equivalent,1,8,0,0,0,0,0,0,0,specified,markdown_it/main.py,parse,271,STATEMENT_REPLACEMENT,"    state = StateCore(src, self, env)",    state = None
M6193782a9f3ba683,auto_non_equivalent,1,8,0,0,0,0,0,0,0,specified,markdown_it/rules_block/reference.py,reference,99,ARITHMETIC,                string += lineContent,                string -= lineContent
M61a1886b477dd9ef,auto_non_equivalent,1,7,0,1,0,0,0,0,0,specified,markdown_it/cli/parse.py,parse_args,115,STATEMENT_REPLACEMENT,"        ""--stdin"", action=""store_true"", help=""read Markdown from standard input""","        ""--stdin"", action=""XXstore_trueXX"", help=""read Markdown from standard input"""
M61ab5e78b5657536,auto_non_equivalent,1,8,0,0,0,0,0,0,0,specified,markdown_it/rules_inline/image.py,image,131,STATEMENT_REPLACEMENT,        tokens: list[Token] = [],        tokens: list[Token] = None
M61bf849185cd6ca9,auto_non_equivalent,1,8,0,0,0,0,0,0,0,specified,markdown_it/rules_inline/backticks.py,backtick,53,CALL_ARGUMENT,"                token.content = state.src[pos:matchStart].replace(""\n"", "" "")","                token.content = state.src[pos:matchStart].replace("" "")"
M61d12e5e48ad5ec5,auto_non_equivalent,1,8,0,0,0,0,0,0,0,specified,markdown_it/rules_inline/escape.py,escape,24,STATEMENT_REPLACEMENT,    ch1_ord = ord(ch1),    ch1_ord = None
M61f06871dd3dfd6d,auto_non_equivalent,1,8,0,0,0,0,0,0,0,specified,markdown_it/renderer.py,renderAttrs,178,ARITHMETIC,"        result += "" "" + escapeHtml(key) + '=""' + escapeHtml(str(value)) + '""'","        result += "" "" + escapeHtml(key) + '=""' + escapeHtml(str(None)) + '""'"
M62289037edf29e5a,auto_non_equivalent,1,8,0,0,0,0,0,0,0,specified,markdown_it/rules_inline/link.py,link,101,CONSTANT_REPLACEMENT,                pos += 1,                pos += 2
M623554d7f7aeb1ea,auto_non_equivalent,1,8,0,0,0,0,0,0,0,specified,markdown_it/rules_inline/newline.py,newline,22,COMPARISON,"            if pmax >= 1 and charStrAt(state.pending, pmax - 1) == "" "":","            if pmax >= 1 and charStrAt(state.pending, pmax - 1) != "" "":"
M626ef03840531e1b,auto_non_equivalent,1,8,0,0,0,0,0,0,0,specified,markdown_it/rules_inline/backticks.py,backtick,48,COMPARISON,        if closerLength == openerLength:,        if closerLength != openerLength:
M629743ab604083a1,auto_non_equivalent,1,8,0,0,0,0,0,0,0,specified,markdown_it/common/normalize_url.py,normalizeLinkText,48,CONSTANT_REPLACEMENT,"    parsed = mdurl.parse(url, slashes_denote_host=True)",    parsed = mdurl.parse(slashes_denote_host=True)
M62a8475be6b7ef7e,auto_non_equivalent,1,8,0,0,0,0,0,0,0,specified,markdown_it/rules_block/reference.py,reference,135,CONSTANT_REPLACEMENT,"    if pos < maximum and charCodeAt(string, pos) != 0x0A and title:","    if pos < maximum and charCodeAt(string, pos) != 11 and title:"
M62c82be2e8e70c49,auto_non_equivalent,1,8,0,0,0,0,0,0,0,specified,markdown_it/rules_inline/balance_pairs.py,processDelimiters,17,CONSTANT_REPLACEMENT,    headerIdx = 0,    headerIdx = None
M62daa6bd39131067,auto_non_equivalent,1,8,0,0,0,0,0,0,0,specified,markdown_it/rules_core/text_join.py,text_join,44,STATEMENT_REPLACEMENT,"                        next_token.type = ""text""","                        next_token.type = ""TEXT"""
M630cc3ac78effaa3,auto_non_equivalent,1,8,0,0,0,0,0,0,0,specified,markdown_it/main.py,__init__,50,STATEMENT_REPLACEMENT,    self.helpers = helpers,    self.helpers = None
M63179f5fb859720a,auto_non_equivalent,1,8,0,0,0,0,0,0,0,specified,markdown_it/rules_block/reference.py,reference,160,COMPARISON,"    if ""references"" not in state.env:","    if ""references"" in state.env:"
M632e57d6ba7374a6,auto_non_equivalent,1,8,0,0,0,0,0,0,0,specified,markdown_it/rules_inline/link.py,link,83,STATEMENT_REPLACEMENT,"        if pos >= maximum or state.src[pos] != "")"":","        if pos >= maximum or state.src[pos] != ""XX)XX"":"
M634207a2c0dfcd67,auto_non_equivalent,1,8,0,0,0,0,0,0,0,specified,markdown_it/rules_block/heading.py,heading,42,COMPARISON,    if level > 6 or (pos < maximum and not isStrSpace(ch)):,    if level > 6 and (pos < maximum and not isStrSpace(ch)):
M63b23f99d3d015e3,auto_non_equivalent,1,8,0,0,0,0,0,0,0,specified,markdown_it/rules_block/state_block.py,skipSpaces,152,STATEMENT_REPLACEMENT,            current = self.src[pos],            current = None
M63e42d71f2de254c,auto_non_equivalent,1,8,0,0,0,0,0,0,0,specified,markdown_it/parser_block.py,tokenize,71,COMPARISON,        if state.sCount[line] < state.blkIndent:,        if state.sCount[line] <= state.blkIndent:
M63f33f1086feaba6,auto_non_equivalent,1,8,0,0,0,0,0,0,0,specified,markdown_it/rules_block/heading.py,heading,52,CONSTANT_REPLACEMENT,    if tmp > pos and isStrSpace(state.src[tmp - 1]):,    if tmp > pos and isStrSpace(state.src[tmp - 2]):
M63f52c90ae54280b,auto_non_equivalent,1,8,0,0,0,0,0,0,0,specified,markdown_it/rules_core/text_join.py,text_join,51,CALL_ARGUMENT,                new_tokens.append(child_token),                new_tokens.append(None)
M63fa3f97b70bccfd,auto_non_equivalent,1,8,0,0,0,0,0,0,0,specified,markdown_it/rules_inline/escape.py,escape,27,CONSTANT_REPLACEMENT,"            state.push(""hardbreak"", ""br"", 0)","            state.push(""hardbreak"", ""br"", )"
M63fbab50c820901c,auto_non_equivalent,1,8,0,0,0,0,0,0,0,specified,markdown_it/rules_inline/image.py,image,132,CALL_ARGUMENT,"        state.md.inline.parse(content, state.md, state.env, tokens)","        state.md.inline.parse(content, state.md, tokens)"
M63fc69f6c259a8fb,auto_non_equivalent,1,8,0,0,0,0,0,0,0,specified,markdown_it/rules_inline/emphasis.py,_postProcess,43,STATEMENT_REPLACEMENT,        startDelim = delimiters[i],        startDelim = None
M6436c29e99dc6e7c,auto_non_equivalent,1,8,0,0,0,0,0,0,0,specified,markdown_it/rules_inline/link.py,link,51,CALL_ARGUMENT,"        res = state.md.helpers.parseLinkDestination(state.src, pos, state.posMax)","        res = state.md.helpers.parseLinkDestination(state.src, state.posMax)"
M643e7ed64945a3ad,auto_non_equivalent,1,8,0,0,0,0,0,0,0,specified,markdown_it/rules_inline/emphasis.py,_postProcess,91,CONSTANT_REPLACEMENT,            i -= 1,            i -= 2
M645aaa1fcf7a4999,auto_non_equivalent,1,8,0,0,0,0,0,0,0,specified,markdown_it/renderer.py,renderToken,153,CONSTANT_REPLACEMENT,        needLf = True,        needLf = False
M6472a06200ec5ad2,auto_non_equivalent,1,8,0,0,0,0,0,0,0,specified,markdown_it/rules_block/lheading.py,lheading,81,ARITHMETIC,"    token = state.push(""heading_close"", ""h"" + str(level), -1)","    token = state.push(""heading_close"", -1)"
M64b41d19c50faee2,auto_non_equivalent,1,2,6,0,0,0,0,0,0,specified,markdown_it/rules_block/fence.py,make_fence_rule,137,STATEMENT_REPLACEMENT,        token.markup = markup,        token.markup = None
M64c8185700b63145,auto_non_equivalent,1,8,0,0,0,0,0,0,0,specified,markdown_it/ruler.py,push,187,CONSTANT_REPLACEMENT,"        Rule[RuleFuncTv](ruleName, True, fn, (options or {}).get(""alt"", []))","        Rule[RuleFuncTv](ruleName, True, fn, (options or {}).get(""ALT"", []))"
M6512541a02c28350,auto_non_equivalent,1,8,0,0,0,0,0,0,0,specified,markdown_it/parser_block.py,parse,112,CALL_ARGUMENT,"    self.tokenize(state, state.line, state.lineMax)","    self.tokenize(state.line, state.lineMax)"
M651dea524c0f581c,auto_non_equivalent,1,8,0,0,0,0,0,0,0,specified,markdown_it/parser_inline.py,parse,210,CALL_ARGUMENT,"    state = StateInline(src, md, env, tokens)","    state = StateInline(src, None, env, tokens)"
M6545f0fdefd32b1c,auto_non_equivalent,1,8,0,0,0,0,0,0,0,specified,markdown_it/rules_block/code.py,code,13,BOOLEAN_CONNECTOR,    if not state.is_code_block(startLine):,    if not state.is_code_block(None):
M6557017144bbbafa,auto_non_equivalent,1,8,0,0,0,0,0,0,0,specified,markdown_it/rules_inline/html_inline.py,html_inline,34,CONSTANT_REPLACEMENT,"        token = state.push(""html_inline"", """", 0)","        token = state.push(""html_inline"", """", )"
M65718e39a8347373,auto_non_equivalent,1,8,0,0,0,0,0,0,0,specified,markdown_it/rules_block/blockquote.py,blockquote,233,CONTROL_FLOW,            break,            return
M658c4e751781edc2,auto_non_equivalent,1,8,0,0,0,0,0,0,0,specified,markdown_it/helpers/parse_link_destination.py,parseLinkDestination,80,CALL_ARGUMENT,    result.str = unescapeAll(string[start:pos]),    result.str = unescapeAll(None)
M65909500b9baae47,auto_non_equivalent,1,8,0,0,0,0,0,0,0,specified,markdown_it/rules_block/list.py,list_block,176,STATEMENT_REPLACEMENT,"            token.attrs = {""start"": markerValue}",            token.attrs = None
M6591866e10c738a6,auto_non_equivalent,1,7,0,1,0,0,0,0,0,specified,markdown_it/cli/parse.py,parse_args,113,CALL_ARGUMENT,"    parser.add_argument(""-v"", ""--version"", action=""version"", version=version_str)","    parser.add_argument(""-v"", ""--version"", action=""VERSION"", version=version_str)"
M6591adaca9503c96,auto_non_equivalent,1,8,0,0,0,0,0,0,0,specified,markdown_it/renderer.py,renderToken,145,ARITHMETIC,    result += self.renderAttrs(token),    result -= self.renderAttrs(token)
M65ada3673bb4e68d,auto_non_equivalent,1,8,0,0,0,0,0,0,0,specified,markdown_it/rules_block/code.py,code,33,ARITHMETIC,"    token.content = state.getLines(startLine, last, 4 + state.blkIndent, False) + ""\n""","    token.content = state.getLines(startLine, last, 4 + state.blkIndent, True) + ""\n"""
M65ba800112812b38,auto_non_equivalent,1,8,0,0,0,0,0,0,0,specified,markdown_it/rules_block/list.py,list_block,225,CONSTANT_REPLACEMENT,            indentAfterMarker = 1,            indentAfterMarker = 2
M65c103a85cdf0784,auto_non_equivalent,1,8,0,0,0,0,0,0,0,specified,markdown_it/rules_inline/image.py,image,79,CONTROL_FLOW,                    break,                    return
M65c82c00de839123,auto_non_equivalent,1,8,0,0,0,0,0,0,0,specified,markdown_it/rules_block/heading.py,heading,51,CALL_ARGUMENT,"    tmp = state.skipCharsStrBack(maximum, ""#"", pos)","    tmp = state.skipCharsStrBack(maximum, None, pos)"
M65f802c8990d2da5,auto_non_equivalent,1,8,0,0,0,0,0,0,0,specified,markdown_it/rules_inline/html_inline.py,html_inline,39,CALL_ARGUMENT,        if isLinkClose(token.content):,        if isLinkClose(None):
M6630246c9f67c79c,auto_non_equivalent,1,8,0,0,0,0,0,0,0,specified,markdown_it/rules_block/list.py,list_block,327,CONSTANT_REPLACEMENT,"            if terminatorRule(state, nextLine, endLine, True):","            if terminatorRule(state, nextLine, endLine, ):"
M66360437dce025b1,auto_non_equivalent,1,5,0,0,3,0,0,0,0,specified,markdown_it/rules_inline/balance_pairs.py,processDelimiters,124,ARITHMETIC,        closerIdx += 1,        closerIdx -= 1
M663c9d4f05278217,auto_non_equivalent,1,8,0,0,0,0,0,0,0,specified,markdown_it/rules_inline/newline.py,newline,25,COMPARISON,"                while ws >= 1 and charStrAt(state.pending, ws - 1) == "" "":","                while ws >= 1 and charStrAt(state.pending, ws + 1) == "" "":"
M666c3f29c417dc4c,auto_non_equivalent,1,8,0,0,0,0,0,0,0,specified,markdown_it/rules_inline/image.py,image,15,COMPARISON,"    if state.src[state.pos] != ""!"":","    if state.src[state.pos] == ""!"":"
M666dfcd187f87af3,auto_non_equivalent,1,8,0,0,0,0,0,0,0,specified,markdown_it/rules_block/fence.py,make_fence_rule,114,STATEMENT_REPLACEMENT,"            pos = state.skipCharsStr(pos, marker)",            pos = None
M6684d274c9bb74e9,auto_non_equivalent,1,8,0,0,0,0,0,0,0,specified,markdown_it/rules_block/list.py,list_block,135,CONSTANT_REPLACEMENT,        isTerminatingParagraph = True,        isTerminatingParagraph = None
M669dbff70aa67ecc,auto_non_equivalent,1,8,0,0,0,0,0,0,0,specified,markdown_it/main.py,configure,125,CALL_ARGUMENT,"    options = config.get(""options"", {}) or {}","    options = config.get(""XXoptionsXX"", {}) or {}"
M66b0345da308fdbc,auto_non_equivalent,1,8,0,0,0,0,0,0,0,specified,markdown_it/rules_block/state_block.py,__init__,82,ARITHMETIC,                    offset += 1,                    offset = 1
M66b1b6aec75fe58d,auto_non_equivalent,1,8,0,0,0,0,0,0,0,specified,markdown_it/rules_inline/autolink.py,autolink,67,CONSTANT_REPLACEMENT,"            token = state.push(""text"", """", 0)","            token = state.push(""text"", """", )"
M66d2c4a3d604f62d,auto_non_equivalent,1,8,0,0,0,0,0,0,0,specified,markdown_it/rules_inline/link.py,link,145,CONSTANT_REPLACEMENT,"        token = state.push(""link_close"", ""a"", -1)","        token = state.push(""link_close"", -1)"
M66d4aa5675f046a4,auto_non_equivalent,1,8,0,0,0,0,0,0,0,specified,markdown_it/rules_block/reference.py,reference,112,COMPARISON,"        if (lineContent := getNextLine(state, nextLine)) is None:","        if (lineContent := getNextLine(state, nextLine)) is not None:"
M66dbb935b801cb4d,auto_non_equivalent,1,8,0,0,0,0,0,0,0,specified,markdown_it/rules_inline/backticks.py,backtick,43,CALL_ARGUMENT,"        while matchEnd < maximum and (state.src[matchEnd] == ""`""):","        while matchEnd < maximum and (state.src[matchEnd] == ""XX`XX""):"
M66dcb72765496df8,auto_non_equivalent,1,8,0,0,0,0,0,0,0,specified,markdown_it/rules_inline/image.py,image,22,ARITHMETIC,"    labelEnd = state.md.helpers.parseLinkLabel(state, state.pos + 1, False)","    labelEnd = state.md.helpers.parseLinkLabel(state, state.pos - 1, False)"
M66e2c420b49b071e,auto_non_equivalent,1,8,0,0,0,0,0,0,0,specified,markdown_it/rules_inline/link.py,link,70,CALL_ARGUMENT,"            res = state.md.helpers.parseLinkTitle(state.src, pos, state.posMax)","            res = state.md.helpers.parseLinkTitle(state.src, pos, )"
M66e9899a86f4059a,auto_non_equivalent,1,8,0,0,0,0,0,0,0,specified,markdown_it/renderer.py,softbreak,340,CALL_ARGUMENT,"        (""<br />\n"" if options.xhtmlOut else ""<br>\n"") if options.breaks else ""\n""","        (""<br />\n"" if options.xhtmlOut else ""<br>\n"") if options.breaks else ""XX\nXX"""
M66ec3b604f87156d,auto_non_equivalent,1,8,0,0,0,0,0,0,0,specified,markdown_it/rules_inline/emphasis.py,tokenize,19,COMPARISON,"    scanned = state.scanDelims(state.pos, marker == ""*"")","    scanned = state.scanDelims(state.pos, marker != ""*"")"
M66f0c6fd7292f699,auto_non_equivalent,1,8,0,0,0,0,0,0,0,specified,markdown_it/rules_block/paragraph.py,paragraph,57,CONSTANT_REPLACEMENT,"    token = state.push(""inline"", """", 0)","    token = state.push(""inline"", """", 1)"
M66fc829af38f249c,auto_non_equivalent,1,8,0,0,0,0,0,0,0,specified,markdown_it/rules_block/paragraph.py,paragraph,41,CONSTANT_REPLACEMENT,"            if terminatorRule(state, nextLine, endLine, True):","            if terminatorRule(state, None, endLine, True):"
M66fcfbd523c1bbef,auto_non_equivalent,1,8,0,0,0,0,0,0,0,specified,markdown_it/rules_block/list.py,markTightParagraphs,91,CONSTANT_REPLACEMENT,    i = idx + 2,    i = idx + 3
M674d844cf6a6e243,auto_non_equivalent,1,6,2,0,0,0,0,0,0,specified,markdown_it/renderer.py,renderInlineAsText,205,COMPARISON,"        elif token.type == ""softbreak"":","        elif token.type != ""softbreak"":"
M6756b1baa4afcf81,auto_non_equivalent,1,8,0,0,0,0,0,0,0,specified,markdown_it/rules_block/heading.py,heading,57,ARITHMETIC,"    token = state.push(""heading_open"", ""h"" + str(level), 1)","    token = state.push(""heading_open"", None, 1)"
M67675cb86fd6948e,auto_non_equivalent,1,8,0,0,0,0,0,0,0,specified,markdown_it/rules_block/state_block.py,is_code_block,261,COMPARISON,    return self._code_enabled and (self.sCount[line] - self.blkIndent) >= 4,    return self._code_enabled and (self.sCount[line] + self.blkIndent) >= 4
M6771277e8cb0d836,auto_non_equivalent,1,8,0,0,0,0,0,0,0,specified,markdown_it/rules_inline/entity.py,entity,25,CONSTANT_REPLACEMENT,                match1 = match.group(1),                match1 = None
M6773c4db961c81b7,auto_non_equivalent,1,8,0,0,0,0,0,0,0,specified,markdown_it/parser_block.py,parse,111,CALL_ARGUMENT,"    state = StateBlock(src, md, env, outTokens)","    state = StateBlock(src, md, env, None)"
M67743a03f3b15521,auto_non_equivalent,1,8,0,0,0,0,0,0,0,specified,markdown_it/renderer.py,fence,299,ARITHMETIC,            + self.renderAttrs(tmpToken),            + self.renderAttrs(None)
M6790d1f20712c410,auto_non_equivalent,1,8,0,0,0,0,0,0,0,specified,markdown_it/rules_inline/newline.py,newline,20,BOOLEAN_CONNECTOR,    if not silent:,    if silent:
M67a9af26418773e5,auto_non_equivalent,1,8,0,0,0,0,0,0,0,specified,markdown_it/common/utils.py,isSpace,164,CONSTANT_REPLACEMENT,"    return code in (0x09, 0x20)","    return code in (0x09, 33)"
M67afe7ddb2cfb521,auto_non_equivalent,1,8,0,0,0,0,0,0,0,specified,markdown_it/rules_block/lheading.py,lheading,72,ARITHMETIC,"    token = state.push(""heading_open"", ""h"" + str(level), 1)","    token = state.push(""heading_open"", ""h"" - str(level), 1)"
M67bde72ee22eec3f,auto_non_equivalent,1,8,0,0,0,0,0,0,0,specified,markdown_it/rules_inline/image.py,image,84,COMPARISON,"        if pos >= max or state.src[pos] != "")"":","        if pos >= max or state.src[pos] == "")"":"
M67ce2fa8f444fc39,auto_non_equivalent,1,8,0,0,0,0,0,0,0,specified,markdown_it/rules_block/list.py,skipOrderedListMarker,60,ARITHMETIC,        pos += 1,        pos = 1
M67d5e0784527c47c,auto_non_equivalent,1,8,0,0,0,0,0,0,0,specified,markdown_it/rules_block/reference.py,reference,110,CONSTANT_REPLACEMENT,"    titleRes = state.md.helpers.parseLinkTitle(string, pos, maximum, None)","    titleRes = state.md.helpers.parseLinkTitle(None, pos, maximum, None)"
M67e3705753955159,auto_non_equivalent,1,8,0,0,0,0,0,0,0,specified,markdown_it/rules_block/html_block.py,html_block,69,BOOLEAN_CONNECTOR,    if not html_seq[1].search(lineText):,    if html_seq[1].search(lineText):
M67e46fd0ba3f3ef1,auto_non_equivalent,1,8,0,0,0,0,0,0,0,specified,markdown_it/renderer.py,renderInline,101,COMPARISON,"    for i, token in enumerate(tokens):","    for i, token in enumerate(None):"
M67e970c4361efd47,auto_non_equivalent,1,8,0,0,0,0,0,0,0,specified,markdown_it/rules_block/reference.py,reference,69,CONSTANT_REPLACEMENT,                nextLine += 1,                nextLine += 2
M67edbdce5f7dd9ab,auto_non_equivalent,1,8,0,0,0,0,0,0,0,specified,markdown_it/rules_block/lheading.py,lheading,76,CONSTANT_REPLACEMENT,"    token = state.push(""inline"", """", 0)","    token = state.push(""inline"", """", )"
M681a1558012a9aab,auto_non_equivalent,1,8,0,0,0,0,0,0,0,specified,markdown_it/renderer.py,renderInlineAsText,197,STATEMENT_REPLACEMENT,"    result = """"","    result = ""XXXX"""
M682e1dfe9ae10148,auto_non_equivalent,1,8,0,0,0,0,0,0,0,specified,markdown_it/rules_block/blockquote.py,blockquote,30,ARITHMETIC,    pos += 1,    pos -= 1
M686971e55822f5d1,auto_non_equivalent,1,8,0,0,0,0,0,0,0,specified,markdown_it/rules_inline/autolink.py,autolink,67,CONSTANT_REPLACEMENT,"            token = state.push(""text"", """", 0)","            token = state.push("""", 0)"
M687bc6993bddf387,auto_non_equivalent,1,8,0,0,0,0,0,0,0,specified,markdown_it/helpers/parse_link_title.py,__init__,12,CONSTANT_REPLACEMENT,    self.can_continue = False,    self.can_continue = True
M688171cbaaa482f4,auto_non_equivalent,1,8,0,0,0,0,0,0,0,specified,markdown_it/rules_inline/state_inline.py,scanDelims,167,CALL_ARGUMENT,"    return Scanned(can_open, can_close, count)","    return Scanned(None, can_close, count)"
M6889c77d36ae8c7c,auto_non_equivalent,1,8,0,0,0,0,0,0,0,specified,markdown_it/helpers/parse_link_title.py,parseLinkTitle,59,CALL_ARGUMENT,"        code = charCodeAt(string, pos)","        code = charCodeAt(string, None)"
M68a37a8e650b8a2f,auto_non_equivalent,1,8,0,0,0,0,0,0,0,specified,markdown_it/rules_block/reference.py,reference,117,CONSTANT_REPLACEMENT,        nextLine += 1,        nextLine += 2
M68ac0299926636fc,auto_non_equivalent,1,8,0,0,0,0,0,0,0,specified,markdown_it/rules_block/html_block.py,html_block,88,CONSTANT_REPLACEMENT,"    token.content = state.getLines(startLine, nextLine, state.blkIndent, True)","    token.content = state.getLines(startLine, None, state.blkIndent, True)"
M68b7cdf9004f3631,auto_non_equivalent,1,8,0,0,0,0,0,0,0,specified,markdown_it/rules_core/text_join.py,text_join,19,COMPARISON,"        if inline_token.type != ""inline"":","        if inline_token.type == ""inline"":"
M68d4b4df09c4229c,auto_non_equivalent,1,8,0,0,0,0,0,0,0,specified,markdown_it/rules_inline/html_inline.py,html_inline,26,CALL_ARGUMENT,"    if ch not in (""!"", ""?"", ""/"") and not isLetter(ord(ch)):  # /* / */","    if ch not in (""XX!XX"", ""?"", ""/"") and not isLetter(ord(ch)):  # /* / */"
M68edc04c4e454dc9,auto_non_equivalent,1,8,0,0,0,0,0,0,0,specified,markdown_it/renderer.py,fence,295,CALL_ARGUMENT,"        tmpToken.attrJoin(""class"", options.langPrefix + langName)","        tmpToken.attrJoin(""CLASS"", options.langPrefix + langName)"
M68fe6c3af04ddcb7,auto_non_equivalent,1,8,0,0,0,0,0,0,0,specified,markdown_it/rules_block/list.py,list_block,146,COMPARISON,        if isTerminatingParagraph and markerValue != 1:,        if isTerminatingParagraph and markerValue == 1:
M691d1a30cf3be580,auto_non_equivalent,1,8,0,0,0,0,0,0,0,specified,markdown_it/rules_block/heading.py,heading,52,COMPARISON,    if tmp > pos and isStrSpace(state.src[tmp - 1]):,    if tmp > pos and isStrSpace(None):
M692bd408fe5f0d53,auto_non_equivalent,1,8,0,0,0,0,0,0,0,specified,markdown_it/rules_block/lheading.py,lheading,44,COMPARISON,                    if pos >= maximum:,                    if pos > maximum:
M694b1088ef3ca53f,auto_non_equivalent,1,8,0,0,0,0,0,0,0,specified,markdown_it/rules_inline/balance_pairs.py,link_pairs,134,COMPARISON,    while curr < maximum:,    while curr <= maximum:
M695bc3b46bb6754c,auto_non_equivalent,1,8,0,0,0,0,0,0,0,specified,markdown_it/rules_block/html_block.py,html_block,50,STATEMENT_REPLACEMENT,    lineText = state.src[pos:maximum],    lineText = None
M6986096a992201e7,auto_non_equivalent,1,8,0,0,0,0,0,0,0,specified,markdown_it/rules_core/state_core.py,__init__,21,STATEMENT_REPLACEMENT,    self.src = src,    self.src = None
M698926b5813fa9ce,auto_non_equivalent,1,8,0,0,0,0,0,0,0,specified,markdown_it/rules_block/lheading.py,lheading,68,CONSTANT_REPLACEMENT,"    content = state.getLines(startLine, nextLine, state.blkIndent, False).strip()","    content = state.getLines(startLine, nextLine, None, False).strip()"
M69ab1ecccc57d519,auto_non_equivalent,1,8,0,0,0,0,0,0,0,specified,markdown_it/rules_inline/newline.py,newline,31,ARITHMETIC,                state.pending = state.pending[:-1],                state.pending = None
M69bb135455188863,auto_non_equivalent,1,8,0,0,0,0,0,0,0,specified,markdown_it/rules_inline/backticks.py,backtick,53,CALL_ARGUMENT,"                token.content = state.src[pos:matchStart].replace(""\n"", "" "")","                token.content = state.src[pos:matchStart].replace(""\n"", )"
M69bc55098fe27c7b,auto_non_equivalent,1,8,0,0,0,0,0,0,0,specified,markdown_it/helpers/parse_link_title.py,parseLinkTitle,54,CONSTANT_REPLACEMENT,            marker = 0x29,            marker = 42
M69c03cbbad0c911b,auto_non_equivalent,1,8,0,0,0,0,0,0,0,specified,markdown_it/rules_inline/html_inline.py,html_inline,26,COMPARISON,"    if ch not in (""!"", ""?"", ""/"") and not isLetter(ord(ch)):  # /* / */","    if ch not in (""!"", ""?"", ""/"") and not isLetter(None):  # /* / */"
M69d693558d93ec0d,auto_non_equivalent,1,8,0,0,0,0,0,0,0,specified,markdown_it/rules_inline/emphasis.py,tokenize,19,COMPARISON,"    scanned = state.scanDelims(state.pos, marker == ""*"")","    scanned = state.scanDelims(state.pos, )"
M69f4b07e315aaa7e,auto_non_equivalent,1,8,0,0,0,0,0,0,0,specified,markdown_it/rules_inline/escape.py,escape,48,STATEMENT_REPLACEMENT,"    origStr = ""\\"" + escapedStr","    origStr = ""XX\\XX"" + escapedStr"
M6a01a716afafcc0f,auto_non_equivalent,1,8,0,0,0,0,0,0,0,specified,markdown_it/rules_inline/balance_pairs.py,processDelimiters,96,ARITHMETIC,                    jumps[closerIdx] = closerIdx - openerIdx + lastJump,                    jumps[closerIdx] = None
M6a01fdae885d9209,auto_non_equivalent,1,8,0,0,0,0,0,0,0,specified,markdown_it/rules_block/list.py,list_block,345,COMPARISON,        if markerChar != state.src[posAfterMarker - 1]:,        if markerChar != state.src[posAfterMarker + 1]:
M6a11a5ae96c929a3,auto_non_equivalent,1,8,0,0,0,0,0,0,0,specified,markdown_it/rules_block/state_block.py,push,127,ARITHMETIC,        self.level += 1  # opening tag,        self.level = 1  # opening tag
M6a380d0838a172d2,auto_non_equivalent,1,8,0,0,0,0,0,0,0,specified,markdown_it/parser_inline.py,__init__,100,STATEMENT_REPLACEMENT,    self.ruler = Ruler[RuleFuncInlineType](),    self.ruler = None
M6a476d81ad99e8f1,auto_non_equivalent,1,2,0,0,6,0,0,0,0,specified,markdown_it/parser_inline.py,skipToken,151,CONSTANT_REPLACEMENT,            state.level += 1,            state.level += 2
M6a4da9a269fcd723,auto_non_equivalent,1,8,0,0,0,0,0,0,0,specified,markdown_it/main.py,parse,266,COMPARISON,    env = {} if env is None else env,    env = None
M6a55438208a8ddd3,auto_non_equivalent,1,8,0,0,0,0,0,0,0,specified,markdown_it/rules_block/html_block.py,html_block,88,CONSTANT_REPLACEMENT,"    token.content = state.getLines(startLine, nextLine, state.blkIndent, True)",    token.content = None
M6a6b24d15c88e920,auto_non_equivalent,1,8,0,0,0,0,0,0,0,specified,markdown_it/rules_inline/image.py,image,121,STATEMENT_REPLACEMENT,"        href = ref[""href""]","        href = ref[""HREF""]"
M6a6fd5e514d0cebf,auto_non_equivalent,1,8,0,0,0,0,0,0,0,specified,markdown_it/rules_inline/emphasis.py,tokenize,31,OTHER,"                close=scanned.can_close,
            )",                )
M6a7e174178659eeb,auto_non_equivalent,1,8,0,0,0,0,0,0,0,specified,markdown_it/rules_inline/backticks.py,backtick,51,CONSTANT_REPLACEMENT,"                token = state.push(""code_inline"", ""code"", 0)","                token = state.push(""XXcode_inlineXX"", ""code"", 0)"
M6aa0274a17fc5ef1,auto_non_equivalent,1,8,0,0,0,0,0,0,0,specified,markdown_it/rules_inline/emphasis.py,tokenize,22,CONSTANT_REPLACEMENT,"        token = state.push(""text"", """", 0)","        token = state.push(None, """", 0)"
M6aa746bcec24ea10,auto_non_equivalent,1,8,0,0,0,0,0,0,0,specified,markdown_it/rules_inline/link.py,link,34,CONSTANT_REPLACEMENT,        parseReference = False,        parseReference = True
M6ae5f3d039037123,auto_non_equivalent,1,8,0,0,0,0,0,0,0,specified,markdown_it/rules_inline/emphasis.py,tokenize,29,ARITHMETIC,"                end=-1,","                end=None,"
M6b2353d6b15a1c2c,auto_non_equivalent,1,8,0,0,0,0,0,0,0,specified,markdown_it/rules_inline/emphasis.py,_postProcess,83,STATEMENT_REPLACEMENT,"        token.tag = ""strong"" if isStrong else ""em""",        token.tag = None
M6b32252fd9b93c75,auto_non_equivalent,1,8,0,0,0,0,0,0,0,specified,markdown_it/rules_inline/autolink.py,autolink,13,STATEMENT_REPLACEMENT,    pos = state.pos,    pos = None
M6b342a04454deb5b,auto_non_equivalent,1,7,1,0,0,0,0,0,0,specified,markdown_it/rules_inline/newline.py,newline,25,CONSTANT_REPLACEMENT,"                while ws >= 1 and charStrAt(state.pending, ws - 1) == "" "":","                while ws >= 1 and charStrAt(state.pending, ws - 2) == "" "":"
M6b48d4a7e0d8f8dd,auto_non_equivalent,1,8,0,0,0,0,0,0,0,specified,markdown_it/rules_inline/autolink.py,autolink,33,CONSTANT_REPLACEMENT,    url = state.src[start + 1 : pos],    url = state.src[start + 2 : pos]
M6b5a7013ddc8e971,auto_non_equivalent,1,8,0,0,0,0,0,0,0,specified,markdown_it/rules_inline/emphasis.py,postProcess,102,CALL_ARGUMENT,"            _postProcess(state, token[""delimiters""])","            _postProcess(state, )"
M6b64ecff46cb2d99,auto_non_equivalent,1,8,0,0,0,0,0,0,0,specified,markdown_it/parser_core.py,__init__,39,STATEMENT_REPLACEMENT,    self.ruler = Ruler[RuleFuncCoreType](),    self.ruler = None
M6b794c25f7ed6a9f,auto_non_equivalent,1,8,0,0,0,0,0,0,0,specified,markdown_it/common/utils.py,isValidEntityCode,63,COMPARISON,    if ((c & 0xFFFF) == 0xFFFF) or ((c & 0xFFFF) == 0xFFFE):,    if ((c & 0xFFFF) != 0xFFFF) or ((c & 0xFFFF) == 0xFFFE):
M6b7e227ff843d98f,auto_non_equivalent,1,8,0,0,0,0,0,0,0,specified,markdown_it/rules_block/list.py,list_block,117,COMPARISON,        state.listIndent >= 0,        state.listIndent > 0
M6b8032d96bc30d58,auto_non_equivalent,1,8,0,0,0,0,0,0,0,specified,markdown_it/rules_inline/image.py,image,21,ARITHMETIC,    labelStart = state.pos + 2,    labelStart = state.pos - 2
M6b929cfceeb75acd,auto_non_equivalent,1,8,0,0,0,0,0,0,0,specified,markdown_it/rules_inline/balance_pairs.py,processDelimiters,121,CONSTANT_REPLACEMENT,                (3 if closer.open else 0) + ((closer.length or 0) % 3),                (4 if closer.open else 0) + ((closer.length or 0) % 3)
M6b92a7afb5e34c84,auto_non_equivalent,1,8,0,0,0,0,0,0,0,specified,markdown_it/rules_block/list.py,list_block,346,CONTROL_FLOW,            break,            return
M6b93f8aae1e6b1aa,auto_non_equivalent,1,8,0,0,0,0,0,0,0,specified,markdown_it/rules_inline/escape.py,escape,14,COMPARISON,"    if state.src[pos] != ""\\"":","    if state.src[pos] == ""\\"":"
M6b9f11097817c622,auto_non_equivalent,1,8,0,0,0,0,0,0,0,specified,markdown_it/rules_inline/link.py,link,135,CALL_ARGUMENT,"            token.attrSet(""title"", title)","            token.attrSet(""TITLE"", title)"
M6baaa4951f499b8c,auto_non_equivalent,1,8,0,0,0,0,0,0,0,specified,markdown_it/rules_inline/link.py,link,64,CALL_ARGUMENT,"                if not isStrSpace(ch) and ch != ""\n"":","                if not isStrSpace(ch) and ch != ""XX\nXX"":"
M6bdee6ae18f1c7d8,auto_non_equivalent,1,8,0,0,0,0,0,0,0,specified,markdown_it/rules_block/list.py,list_block,232,CONSTANT_REPLACEMENT,"        token = state.push(""list_item_open"", ""li"", 1)","        token = state.push(""list_item_open"", ""li"", )"
M6bfb760e40e482c3,auto_non_equivalent,1,8,0,0,0,0,0,0,0,specified,markdown_it/rules_block/html_block.py,html_block,54,CONSTANT_REPLACEMENT,        if HTML_SEQUENCE[0].search(lineText):,        if HTML_SEQUENCE[0].search(None):
M6bfbe877d2e2d3c8,auto_non_equivalent,1,8,0,0,0,0,0,0,0,specified,markdown_it/rules_block/html_block.py,html_block,44,BOOLEAN_CONNECTOR,"    if not state.md.options.get(""html"", None):","    if not state.md.options.get(None, None):"
M6c0c8a994a26bd8f,auto_non_equivalent,1,8,0,0,0,0,0,0,0,specified,markdown_it/rules_block/reference.py,getNextLine,221,CONSTANT_REPLACEMENT,"            if terminatorRule(state, nextLine, endLine, True):","            if terminatorRule(state, None, endLine, True):"
M6c1318a0aa409d6c,auto_non_equivalent,1,8,0,0,0,0,0,0,0,specified,markdown_it/rules_inline/backticks.py,backtick,37,CALL_ARGUMENT,"            matchStart = state.src.index(""`"", matchEnd)",            matchStart = state.src.index(matchEnd)
M6c25b50beded9100,auto_non_equivalent,1,8,0,0,0,0,0,0,0,specified,markdown_it/rules_block/state_block.py,getLines,235,COMPARISON,"                if ch == ""\t"":","                if ch != ""\t"":"
M6c296381783b6bb2,auto_non_equivalent,1,8,0,0,0,0,0,0,0,specified,markdown_it/rules_block/list.py,list_block,260,STATEMENT_REPLACEMENT,        state.listIndent = state.blkIndent,        state.listIndent = None
M6c2c17f84e5a2cc3,auto_non_equivalent,1,8,0,0,0,0,0,0,0,specified,markdown_it/rules_block/heading.py,heading,66,ARITHMETIC,"    token = state.push(""heading_close"", ""h"" + str(level), -1)",    token = None
M6c35f6be12d6e613,auto_non_equivalent,1,8,0,0,0,0,0,0,0,specified,markdown_it/rules_inline/entity.py,entity,45,CONSTANT_REPLACEMENT,"                token = state.push(""text_special"", """", 0)","                token = state.push(None, """", 0)"
M6c3b7d4b65ad8982,auto_non_equivalent,1,8,0,0,0,0,0,0,0,specified,markdown_it/ruler.py,at,125,CALL_ARGUMENT,"    self.__rules__[index].alt = options.get(""alt"", [])","    self.__rules__[index].alt = options.get(""alt"", )"
M6c45ba8646b5f028,auto_non_equivalent,1,7,0,1,0,0,0,0,0,specified,markdown_it/cli/parse.py,parse_args,118,STATEMENT_REPLACEMENT,"        ""filenames"", nargs=""*"", help=""specify an optional list of files to convert""","        ""XXfilenamesXX"", nargs=""*"", help=""specify an optional list of files to convert"""
M6c72dcf06c507646,auto_non_equivalent,1,8,0,0,0,0,0,0,0,specified,markdown_it/rules_block/list.py,list_block,232,CONSTANT_REPLACEMENT,"        token = state.push(""list_item_open"", ""li"", 1)","        token = state.push(""list_item_open"", 1)"
M6c741de49dd7a569,auto_non_equivalent,1,8,0,0,0,0,0,0,0,specified,markdown_it/rules_block/blockquote.py,blockquote,150,COMPARISON,"        evaluatesTrue = state.src[pos] == "">"" and not isOutdented","        evaluatesTrue = state.src[pos] != "">"" and not isOutdented"
M6c866eafbac456cd,auto_non_equivalent,1,8,0,0,0,0,0,0,0,specified,markdown_it/common/normalize_url.py,validateLink,81,CONSTANT_REPLACEMENT,    return bool(GOOD_DATA_RE.search(url)) if BAD_PROTO_RE.search(url) else True,    return bool(GOOD_DATA_RE.search(url)) if BAD_PROTO_RE.search(url) else False
M6c8b384259069a24,auto_non_equivalent,1,8,0,0,0,0,0,0,0,specified,markdown_it/renderer.py,list_item_open,220,CALL_ARGUMENT,"    result = self.renderToken(tokens, idx, options, env)","    result = self.renderToken(None, idx, options, env)"
M6c99f1bfeb7cfb7e,auto_non_equivalent,1,8,0,0,0,0,0,0,0,specified,markdown_it/rules_inline/balance_pairs.py,processDelimiters,94,CONSTANT_REPLACEMENT,                        lastJump = 0,                        lastJump = None
M6c9efe0f1698f362,auto_non_equivalent,1,8,0,0,0,0,0,0,0,specified,markdown_it/rules_inline/balance_pairs.py,processDelimiters,82,CONSTANT_REPLACEMENT,                    and (opener.length % 3 != 0 or closer.length % 3 != 0),                    and (opener.length % 3 != 0 or closer.length % 4 != 0)
M6ca6fd41c665bcd0,auto_non_equivalent,1,8,0,0,0,0,0,0,0,specified,markdown_it/rules_core/text_join.py,text_join,46,CONTROL_FLOW,                        break,                        return
M6caa1c7c44f6e34d,auto_non_equivalent,1,8,0,0,0,0,0,0,0,specified,markdown_it/rules_block/reference.py,reference,112,COMPARISON,"        if (lineContent := getNextLine(state, nextLine)) is None:","        if (lineContent := getNextLine(state, None)) is None:"
M6cf0b8f8e5163261,auto_non_equivalent,1,8,0,0,0,0,0,0,0,specified,markdown_it/rules_block/hr.py,hr,37,STATEMENT_REPLACEMENT,        ch = state.src[pos],        ch = None
M6d2a92191df71a66,auto_non_equivalent,1,8,0,0,0,0,0,0,0,specified,markdown_it/rules_block/heading.py,heading,24,STATEMENT_REPLACEMENT,"    if ch != ""#"" or pos >= maximum:","    if ch != ""XX#XX"" or pos >= maximum:"
M6d454d81701c035c,auto_non_equivalent,1,8,0,0,0,0,0,0,0,specified,markdown_it/rules_inline/image.py,image,122,STATEMENT_REPLACEMENT,"        title = ref[""title""]","        title = ref[""XXtitleXX""]"
M6d48572f633654c9,auto_non_equivalent,1,8,0,0,0,0,0,0,0,specified,markdown_it/rules_inline/image.py,image,50,CALL_ARGUMENT,"        res = state.md.helpers.parseLinkDestination(state.src, pos, state.posMax)","        res = state.md.helpers.parseLinkDestination(None, pos, state.posMax)"
M6dc4b6fc7548f92f,auto_non_equivalent,1,8,0,0,0,0,0,0,0,specified,markdown_it/rules_block/lheading.py,lheading,81,ARITHMETIC,"    token = state.push(""heading_close"", ""h"" + str(level), -1)","    token = state.push(""heading_close"", None, -1)"
M6dd0052554396ea5,auto_non_equivalent,1,8,0,0,0,0,0,0,0,specified,markdown_it/helpers/parse_link_destination.py,parseLinkDestination,81,STATEMENT_REPLACEMENT,    result.pos = pos,    result.pos = None
M6e0aa4bb9a8dc4ac,auto_non_equivalent,1,8,0,0,0,0,0,0,0,specified,markdown_it/rules_inline/link.py,link,65,CONTROL_FLOW,                    break,                    return
M6e0f2c3423ec7b72,auto_non_equivalent,1,8,0,0,0,0,0,0,0,specified,markdown_it/rules_inline/autolink.py,autolink,46,CONSTANT_REPLACEMENT,"            token = state.push(""text"", """", 0)","            token = state.push("""", 0)"
M6e284a60be42fd3e,auto_non_equivalent,1,6,0,0,2,0,0,0,0,specified,markdown_it/renderer.py,render,80,COMPARISON,"        if token.type == ""inline"":","        if token.type != ""inline"":"
M6e2e8dbb428f2c0f,auto_non_equivalent,1,8,0,0,0,0,0,0,0,specified,markdown_it/ruler.py,enableOnly,229,CALL_ARGUMENT,"    return self.enable(names, ignoreInvalid)",    return self.enable(ignoreInvalid)
M6e31204470c705a6,auto_non_equivalent,1,8,0,0,0,0,0,0,0,specified,markdown_it/rules_block/paragraph.py,paragraph,62,CONSTANT_REPLACEMENT,"    token = state.push(""paragraph_close"", ""p"", -1)","    token = state.push(""paragraph_close"", -1)"
M6e3efab8a5a1a3cd,auto_non_equivalent,1,8,0,0,0,0,0,0,0,specified,markdown_it/rules_inline/newline.py,newline,32,CONSTANT_REPLACEMENT,"                state.push(""softbreak"", ""br"", 0)","                state.push(""softbreak"", 0)"
M6e47e68f140c571c,auto_non_equivalent,1,8,0,0,0,0,0,0,0,specified,markdown_it/helpers/parse_link_destination.py,parseLinkDestination,24,CALL_ARGUMENT,"            code = charCodeAt(string, pos)","            code = charCodeAt(string, None)"
M6e4ee3d32f839e30,auto_non_equivalent,1,8,0,0,0,0,0,0,0,specified,markdown_it/rules_block/fence.py,make_fence_rule,114,CALL_ARGUMENT,"            pos = state.skipCharsStr(pos, marker)","            pos = state.skipCharsStr(pos, None)"
M6e519585b1f487b9,auto_non_equivalent,1,8,0,0,0,0,0,0,0,specified,markdown_it/rules_block/reference.py,reference,176,COMPARISON,"    if label not in state.env[""references""]:","    if label in state.env[""references""]:"
M6e635f9f6055069c,auto_non_equivalent,1,8,0,0,0,0,0,0,0,specified,markdown_it/rules_block/state_block.py,__init__,50,CONSTANT_REPLACEMENT,"    self.blkIndent = 0  # required block content indent (for example, if we are","    self.blkIndent = 1  # required block content indent (for example, if we are"
M6e65018a943ab7e2,auto_non_equivalent,1,8,0,0,0,0,0,0,0,specified,markdown_it/common/normalize_url.py,validateLink,78,COMPARISON,    if validator is not None:,    if validator is None:
M6e652695992e6a21,auto_non_equivalent,1,6,0,0,2,0,0,0,0,specified,markdown_it/rules_block/blockquote.py,blockquote,228,ARITHMETIC,            nextLine += 1,            nextLine = 1
M6e7dde8019142dd2,auto_non_equivalent,1,8,0,0,0,0,0,0,0,specified,markdown_it/rules_inline/fragments_join.py,fragments_join,37,CONSTANT_REPLACEMENT,            curr += 1,            curr += 2
M6e824f6febcc63a0,auto_non_equivalent,1,8,0,0,0,0,0,0,0,specified,markdown_it/rules_inline/image.py,image,18,CONSTANT_REPLACEMENT,"    if state.pos + 1 < state.posMax and state.src[state.pos + 1] != ""["":","    if state.pos + 1 < state.posMax and state.src[state.pos + 2] != ""["":"
M6e858e1a512157f4,auto_non_equivalent,1,8,0,0,0,0,0,0,0,specified,markdown_it/renderer.py,renderToken,148,CONSTANT_REPLACEMENT,"    if token.nesting == 0 and options[""xhtmlOut""]:","    if token.nesting == 0 and options[""xhtmlout""]:"
M6e941503ffa2cb2b,auto_non_equivalent,1,8,0,0,0,0,0,0,0,specified,markdown_it/renderer.py,renderInlineAsText,204,CALL_ARGUMENT,"                result += self.renderInlineAsText(token.children, options, env)","                result += self.renderInlineAsText(token.children, options, )"
M6ec843eabd47af6c,auto_non_equivalent,1,8,0,0,0,0,0,0,0,specified,markdown_it/rules_inline/balance_pairs.py,processDelimiters,65,COMPARISON,            if opener.marker != closer.marker:,            if opener.marker == closer.marker:
M6ed780bd8391ef34,auto_non_equivalent,1,8,0,0,0,0,0,0,0,specified,markdown_it/helpers/parse_link_label.py,parseLinkLabel,30,COMPARISON,"        if marker == ""["":","        if marker != ""["":"
M6f02425363ab216b,auto_non_equivalent,1,8,0,0,0,0,0,0,0,specified,markdown_it/rules_block/paragraph.py,paragraph,54,CONSTANT_REPLACEMENT,"    token = state.push(""paragraph_open"", ""p"", 1)","    token = state.push(""paragraph_open"", ""XXpXX"", 1)"
M6f27946bc2d07c7e,auto_non_equivalent,1,8,0,0,0,0,0,0,0,specified,markdown_it/rules_inline/balance_pairs.py,processDelimiters,32,CONSTANT_REPLACEMENT,            or lastTokenIdx != closer.token - 1,            or lastTokenIdx != closer.token - 2
M6f29c897726bba2b,auto_non_equivalent,1,8,0,0,0,0,0,0,0,specified,markdown_it/common/utils.py,escapeHtml,143,COMPARISON,"    raw = raw.replace(""<"", ""&lt;"")","    raw = raw.replace(None, ""&lt;"")"
M6f3c8bb4cba59d10,auto_non_equivalent,1,8,0,0,0,0,0,0,0,specified,markdown_it/rules_inline/state_inline.py,pushPending,86,STATEMENT_REPLACEMENT,    token.content = self.pending,    token.content = None
M6f6bcc635a201dcc,auto_non_equivalent,1,8,0,0,0,0,0,0,0,specified,markdown_it/rules_block/list.py,list_block,325,CONSTANT_REPLACEMENT,        terminate = False,        terminate = True
M6f9f095b7cd502e1,auto_non_equivalent,1,8,0,0,0,0,0,0,0,specified,markdown_it/rules_block/paragraph.py,paragraph,54,CONSTANT_REPLACEMENT,"    token = state.push(""paragraph_open"", ""p"", 1)","    token = state.push(""paragraph_open"", 1)"
M6fc0a46418947f4a,auto_non_equivalent,1,8,0,0,0,0,0,0,0,specified,markdown_it/rules_inline/emphasis.py,tokenize,27,STATEMENT_REPLACEMENT,"                length=scanned.length,","                length=None,"
M6fc21f7c2d464e83,auto_non_equivalent,1,7,0,1,0,0,0,0,0,specified,markdown_it/cli/parse.py,main,23,CALL_ARGUMENT,        convert(namespace.filenames),        convert(None)
M6fe23139051be328,auto_non_equivalent,1,8,0,0,0,0,0,0,0,specified,markdown_it/rules_block/list.py,markTightParagraphs,92,ARITHMETIC,    length = len(state.tokens) - 2,    length = None
M7010484b4e6308b7,auto_non_equivalent,1,8,0,0,0,0,0,0,0,specified,markdown_it/rules_block/heading.py,heading,42,COMPARISON,    if level > 6 or (pos < maximum and not isStrSpace(ch)):,    if level > 6 or (pos <= maximum and not isStrSpace(ch)):
M7022cb82d67469e3,auto_non_equivalent,1,8,0,0,0,0,0,0,0,specified,markdown_it/rules_inline/escape.py,escape,57,CONSTANT_REPLACEMENT,    return True,    return False
M7038f520d45468a1,auto_non_equivalent,1,8,0,0,0,0,0,0,0,specified,markdown_it/renderer.py,fence,274,CONSTANT_REPLACEMENT,        arr = info.split(maxsplit=1),        arr = None
M7043656a8e8c1841,auto_non_equivalent,1,8,0,0,0,0,0,0,0,specified,markdown_it/rules_block/heading.py,heading,61,CONSTANT_REPLACEMENT,"    token = state.push(""inline"", """", 0)","    token = state.push(""XXinlineXX"", """", 0)"
M7052a68408ed867d,auto_non_equivalent,1,8,0,0,0,0,0,0,0,specified,markdown_it/rules_block/blockquote.py,blockquote,213,CONSTANT_REPLACEMENT,                pos += 1,                pos += 2
M7067cb6d2a2fc5c7,auto_non_equivalent,1,8,0,0,0,0,0,0,0,specified,markdown_it/renderer.py,fence,295,CALL_ARGUMENT,"        tmpToken.attrJoin(""class"", options.langPrefix + langName)","        tmpToken.attrJoin(""XXclassXX"", options.langPrefix + langName)"
M708757ff97eb5353,auto_non_equivalent,1,8,0,0,0,0,0,0,0,specified,markdown_it/rules_inline/emphasis.py,_postProcess,66,CONSTANT_REPLACEMENT,            and delimiters[i - 1].marker == startDelim.marker,            and delimiters[i - 2].marker == startDelim.marker
M70b10764c5113b29,auto_non_equivalent,1,8,0,0,0,0,0,0,0,specified,markdown_it/renderer.py,renderInline,103,CALL_ARGUMENT,"            result += self.rules[token.type](tokens, i, options, env)","            result += self.rules[token.type](tokens, options, env)"
M70d035961fd0559d,auto_non_equivalent,1,8,0,0,0,0,0,0,0,specified,markdown_it/rules_inline/html_inline.py,html_inline,25,ARITHMETIC,    ch = state.src[pos + 1],    ch = state.src[pos - 1]
M70e1e961a5b77f93,auto_non_equivalent,1,8,0,0,0,0,0,0,0,specified,markdown_it/rules_block/list.py,list_block,286,CALL_ARGUMENT,"            state.md.block.tokenize(state, startLine, endLine)","            state.md.block.tokenize(startLine, endLine)"
M710159d89f0d49e5,auto_non_equivalent,1,8,0,0,0,0,0,0,0,specified,markdown_it/rules_block/blockquote.py,blockquote,322,CONSTANT_REPLACEMENT,"        token = state.push(""blockquote_close"", ""blockquote"", -1)","        token = state.push(""blockquote_close"", ""BLOCKQUOTE"", -1)"
M7117b19e445a682a,auto_non_equivalent,1,8,0,0,0,0,0,0,0,specified,markdown_it/rules_block/blockquote.py,blockquote,273,STATEMENT_REPLACEMENT,    oldIndent = state.blkIndent,    oldIndent = None
M711a561a162ea2a4,auto_non_equivalent,1,3,5,0,0,0,0,0,0,specified,markdown_it/rules_block/fence.py,make_fence_rule,125,CONSTANT_REPLACEMENT,            haveEndMarker = True,            haveEndMarker = False
M712cbdb473ca5c20,auto_non_equivalent,1,8,0,0,0,0,0,0,0,specified,markdown_it/rules_block/fence.py,make_fence_rule,130,STATEMENT_REPLACEMENT,        length = state.sCount[startLine],        length = None
M714fbf9043e97a75,auto_non_equivalent,1,8,0,0,0,0,0,0,0,specified,markdown_it/rules_inline/newline.py,newline,22,COMPARISON,"            if pmax >= 1 and charStrAt(state.pending, pmax - 1) == "" "":","            if pmax >= 1 or charStrAt(state.pending, pmax - 1) == "" "":"
M715362e109189da8,auto_non_equivalent,1,8,0,0,0,0,0,0,0,specified,markdown_it/rules_inline/image.py,image,132,CALL_ARGUMENT,"        state.md.inline.parse(content, state.md, state.env, tokens)","        state.md.inline.parse(None, state.md, state.env, tokens)"
M71695c56ef5302b9,auto_non_equivalent,1,8,0,0,0,0,0,0,0,specified,markdown_it/ruler.py,enable,212,CONSTANT_REPLACEMENT,    self.__cache__ = None,"    self.__cache__ = """""
M71e248a912b65607,auto_non_equivalent,1,8,0,0,0,0,0,0,0,specified,markdown_it/rules_inline/autolink.py,autolink,46,CONSTANT_REPLACEMENT,"            token = state.push(""text"", """", 0)",            token = None
M7202ec8f683cc1dd,auto_non_equivalent,1,8,0,0,0,0,0,0,0,specified,markdown_it/rules_inline/emphasis.py,tokenize,29,ARITHMETIC,"                end=-1,","                end=+1,"
M720fa822007911c5,auto_non_equivalent,1,8,0,0,0,0,0,0,0,specified,markdown_it/rules_core/block.py,block,13,CALL_ARGUMENT,"        state.md.block.parse(state.src, state.md, state.env, state.tokens)","        state.md.block.parse(state.src, state.env, state.tokens)"
M721f41025d34802b,auto_non_equivalent,1,8,0,0,0,0,0,0,0,specified,markdown_it/rules_block/list.py,list_block,149,CALL_ARGUMENT,"        posAfterMarker = skipBulletListMarker(state, startLine)","        posAfterMarker = skipBulletListMarker(state, )"
M7222b115d9da5cf9,auto_non_equivalent,1,8,0,0,0,0,0,0,0,specified,markdown_it/renderer.py,fence,295,ARITHMETIC,"        tmpToken.attrJoin(""class"", options.langPrefix + langName)","        tmpToken.attrJoin(""class"", options.langPrefix - langName)"
M722e0b9f9f0c689e,auto_non_equivalent,1,8,0,0,0,0,0,0,0,specified,markdown_it/rules_block/list.py,list_block,208,STATEMENT_REPLACEMENT,"            if ch == ""\t"":","            if ch == ""XX\tXX"":"
M723756bea8307167,auto_non_equivalent,1,8,0,0,0,0,0,0,0,specified,markdown_it/rules_block/reference.py,reference,47,COMPARISON,"                and charCodeAt(string, pos) == 0x0A","                and charCodeAt(None, pos) == 0x0A"
M72398a0a8e2620e3,auto_non_equivalent,1,8,0,0,0,0,0,0,0,specified,markdown_it/rules_block/list.py,skipOrderedListMarker,76,ARITHMETIC,        return -1,        return +1
M7248d674bd3a58a9,auto_non_equivalent,1,8,0,0,0,0,0,0,0,specified,markdown_it/helpers/parse_link_label.py,parseLinkLabel,31,COMPARISON,            if prevPos == state.pos - 1:,            if prevPos == state.pos + 1:
M724bcde5619f20ac,auto_non_equivalent,1,8,0,0,0,0,0,0,0,specified,markdown_it/rules_block/html_block.py,html_block,86,CONSTANT_REPLACEMENT,"    token = state.push(""html_block"", """", 0)","    token = state.push(""html_block"", """", None)"
M72513f8f6d64c562,auto_non_equivalent,1,8,0,0,0,0,0,0,0,specified,markdown_it/rules_block/heading.py,heading,50,CALL_ARGUMENT,"    maximum = state.skipSpacesBack(maximum, pos)","    maximum = state.skipSpacesBack(maximum, None)"
M7255dd5aba7834f0,auto_non_equivalent,1,7,0,1,0,0,0,0,0,specified,markdown_it/cli/parse.py,parse_args,115,ARITHMETIC,"        ""--stdin"", action=""store_true"", help=""read Markdown from standard input""","        action=""store_true"", help=""read Markdown from standard input"""
M727b5c5bd53d273d,auto_non_equivalent,1,8,0,0,0,0,0,0,0,specified,markdown_it/rules_block/reference.py,reference,135,CONSTANT_REPLACEMENT,"    if pos < maximum and charCodeAt(string, pos) != 0x0A and title:","    if pos < maximum and charCodeAt(string, ) != 0x0A and title:"
M72938803a33ceaa3,auto_non_equivalent,1,8,0,0,0,0,0,0,0,specified,markdown_it/rules_block/paragraph.py,paragraph,34,COMPARISON,        if state.sCount[nextLine] < 0:,        if state.sCount[nextLine] <= 0:
M72a30fce44b39d5a,auto_non_equivalent,1,8,0,0,0,0,0,0,0,specified,markdown_it/rules_inline/balance_pairs.py,link_pairs,136,COMPARISON,"        if curr_meta and ""delimiters"" in curr_meta:","        if curr_meta and ""delimiters"" not in curr_meta:"
M72a5ee645f84dd8e,auto_non_equivalent,1,8,0,0,0,0,0,0,0,specified,markdown_it/renderer.py,list_item_open,220,CALL_ARGUMENT,"    result = self.renderToken(tokens, idx, options, env)","    result = self.renderToken(tokens, options, env)"
M72cbf8e2c383b421,auto_non_equivalent,1,8,0,0,0,0,0,0,0,specified,markdown_it/helpers/parse_link_title.py,parseLinkTitle,46,COMPARISON,        if marker != 0x22 and marker != 0x27 and marker != 0x28:,        if marker == 0x22 and marker != 0x27 and marker != 0x28:
M72eb6559ec4484c9,auto_non_equivalent,1,8,0,0,0,0,0,0,0,specified,markdown_it/rules_inline/state_inline.py,push,102,COMPARISON,    if nesting < 0:,    if nesting <= 0:
M731d2e08611d73af,auto_non_equivalent,1,8,0,0,0,0,0,0,0,specified,markdown_it/rules_block/heading.py,heading,57,ARITHMETIC,"    token = state.push(""heading_open"", ""h"" + str(level), 1)","    token = state.push(""heading_open"", ""h"" - str(level), 1)"
M73211141db0e0d9e,auto_non_equivalent,1,8,0,0,0,0,0,0,0,specified,markdown_it/rules_block/state_block.py,push,127,ARITHMETIC,        self.level += 1  # opening tag,        self.level -= 1  # opening tag
M732a2a4272c1d4fd,auto_non_equivalent,1,8,0,0,0,0,0,0,0,specified,markdown_it/rules_inline/emphasis.py,_postProcess,63,CONSTANT_REPLACEMENT,            i > 0,            i > 1
M733de8ea798e7db9,auto_non_equivalent,1,8,0,0,0,0,0,0,0,specified,markdown_it/rules_inline/link.py,link,147,STATEMENT_REPLACEMENT,    state.pos = pos,    state.pos = None
M736ca2dd8dc88dec,auto_non_equivalent,1,8,0,0,0,0,0,0,0,specified,markdown_it/rules_block/reference.py,reference,96,CALL_ARGUMENT,"        ch = charCodeAt(string, pos)",        ch = charCodeAt(pos)
M737240fe99574c49,auto_non_equivalent,1,8,0,0,0,0,0,0,0,specified,markdown_it/rules_block/list.py,list_block,211,ARITHMETIC,                offset += 1,                offset = 1
M73786fb0d428d7c2,auto_non_equivalent,1,8,0,0,0,0,0,0,0,specified,markdown_it/helpers/parse_link_destination.py,parseLinkDestination,32,CONSTANT_REPLACEMENT,                result.ok = True,                result.ok = False
M7385072afa205d2a,auto_non_equivalent,1,8,0,0,0,0,0,0,0,specified,markdown_it/rules_block/paragraph.py,paragraph,50,CONSTANT_REPLACEMENT,"    content = state.getLines(startLine, nextLine, state.blkIndent, False).strip()","    content = state.getLines(None, nextLine, state.blkIndent, False).strip()"
M738a0063b0ed48ce,auto_non_equivalent,1,8,0,0,0,0,0,0,0,specified,markdown_it/rules_block/list.py,list_block,164,CONSTANT_REPLACEMENT,    markerChar = state.src[posAfterMarker - 1],    markerChar = state.src[posAfterMarker - 2]
M73929abc9b904cff,auto_non_equivalent,1,8,0,0,0,0,0,0,0,specified,markdown_it/parser_inline.py,__init__,102,CALL_ARGUMENT,"        self.ruler.push(name, rule)",        self.ruler.push(rule)
M739d44be1c71c672,auto_non_equivalent,1,8,0,0,0,0,0,0,0,specified,markdown_it/parser_block.py,tokenize,87,CONSTANT_REPLACEMENT,"            if rule(state, line, endLine, False):","            if rule(line, endLine, False):"
M73a9221600a49008,auto_non_equivalent,1,8,0,0,0,0,0,0,0,specified,markdown_it/rules_block/reference.py,reference,106,CONSTANT_REPLACEMENT,        pos += 1,        pos += 2
M73c8720a17c7cc75,auto_non_equivalent,1,8,0,0,0,0,0,0,0,specified,markdown_it/rules_block/blockquote.py,blockquote,254,CALL_ARGUMENT,                oldBMarks.append(state.bMarks[nextLine]),                oldBMarks.append(None)
M740ef9297fe068aa,auto_non_equivalent,1,8,0,0,0,0,0,0,0,specified,markdown_it/rules_block/reference.py,reference,56,CONSTANT_REPLACEMENT,"        labelEnd is None or labelEnd < 0 or charCodeAt(string, labelEnd + 1) != 0x3A",        labelEnd is None or labelEnd < 0 or charCodeAt(labelEnd + 1) != 0x3A
M7439c04ea7968bbb,auto_non_equivalent,1,8,0,0,0,0,0,0,0,specified,markdown_it/renderer.py,render,80,STATEMENT_REPLACEMENT,"        if token.type == ""inline"":","        if token.type == ""INLINE"":"
M743cd795d4e17885,auto_non_equivalent,1,8,0,0,0,0,0,0,0,specified,markdown_it/rules_inline/balance_pairs.py,processDelimiters,19,STATEMENT_REPLACEMENT,    jumps: list[int] = [],    jumps: list[int] = None
M7446ce43ee51413c,auto_non_equivalent,1,8,0,0,0,0,0,0,0,specified,markdown_it/rules_block/reference.py,reference,56,COMPARISON,"        labelEnd is None or labelEnd < 0 or charCodeAt(string, labelEnd + 1) != 0x3A","        labelEnd is None or labelEnd < 0 or charCodeAt(string, ) != 0x3A"
M744f3b2979fdc76e,auto_non_equivalent,1,8,0,0,0,0,0,0,0,specified,markdown_it/rules_block/html_block.py,html_block,84,STATEMENT_REPLACEMENT,    state.line = nextLine,    state.line = None
M74524ce371ee0a74,auto_non_equivalent,1,8,0,0,0,0,0,0,0,specified,markdown_it/rules_block/paragraph.py,paragraph,41,CONSTANT_REPLACEMENT,"            if terminatorRule(state, nextLine, endLine, True):","            if terminatorRule(state, nextLine, endLine, False):"
M746a104ede7f6a20,auto_non_equivalent,1,8,0,0,0,0,0,0,0,specified,markdown_it/rules_inline/escape.py,escape,25,STATEMENT_REPLACEMENT,"    if ch1 == ""\n"":","    if ch1 == ""XX\nXX"":"
M747143f691df5230,auto_non_equivalent,1,8,0,0,0,0,0,0,0,specified,markdown_it/rules_block/heading.py,heading,38,STATEMENT_REPLACEMENT,            ch = state.src[pos],            ch = None
M74a0b7fcca58551c,auto_non_equivalent,1,8,0,0,0,0,0,0,0,specified,markdown_it/rules_inline/text.py,text,12,STATEMENT_REPLACEMENT,"    terminator_char = state.md.inline.terminator_re.search(state.src, pos)",    terminator_char = None
M74b1c5b756749ce5,auto_non_equivalent,1,8,0,0,0,0,0,0,0,specified,markdown_it/rules_block/reference.py,reference,135,COMPARISON,"    if pos < maximum and charCodeAt(string, pos) != 0x0A and title:","    if pos < maximum and charCodeAt(string, pos) == 0x0A and title:"
M74ce95cdc0a6bd7c,auto_non_equivalent,1,8,0,0,0,0,0,0,0,specified,markdown_it/rules_inline/backticks.py,backtick,56,COMPARISON,"                    and token.content.endswith("" "")
                    and len(token.content.strip()) > 0","                    and token.content.endswith("" "") or len(token.content.strip()) > 0"
M74defc864d5d7882,auto_non_equivalent,1,8,0,0,0,0,0,0,0,specified,markdown_it/rules_inline/backticks.py,backtick,51,CONSTANT_REPLACEMENT,"                token = state.push(""code_inline"", ""code"", 0)","                token = state.push(""code_inline"", ""code"", None)"
M74eabb84c7e77902,auto_non_equivalent,1,8,0,0,0,0,0,0,0,specified,markdown_it/rules_block/lheading.py,lheading,37,STATEMENT_REPLACEMENT,                marker = state.src[pos],                marker = None
M74eaf4013dd7e6b2,auto_non_equivalent,1,8,0,0,0,0,0,0,0,specified,markdown_it/rules_inline/link.py,link,28,STATEMENT_REPLACEMENT,"    if pos < maximum and state.src[pos] == ""("":","    if pos < maximum and state.src[pos] == ""XX(XX"":"
M74f33409cff37056,auto_non_equivalent,1,8,0,0,0,0,0,0,0,specified,markdown_it/rules_inline/backticks.py,backtick,51,CONSTANT_REPLACEMENT,"                token = state.push(""code_inline"", ""code"", 0)","                token = state.push(""code_inline"", ""code"", )"
M75098c3eadecc1c5,auto_non_equivalent,1,8,0,0,0,0,0,0,0,specified,markdown_it/rules_inline/newline.py,newline,31,CONSTANT_REPLACEMENT,                state.pending = state.pending[:-1],                state.pending = state.pending[:-2]
M7518b7f50a0a6efb,auto_non_equivalent,1,8,0,0,0,0,0,0,0,specified,markdown_it/renderer.py,image,325,CALL_ARGUMENT,"        token.attrSet(""alt"", self.renderInlineAsText(token.children, options, env))","        token.attrSet(""ALT"", self.renderInlineAsText(token.children, options, env))"
M752023adef410715,auto_non_equivalent,1,8,0,0,0,0,0,0,0,specified,markdown_it/rules_block/list.py,skipOrderedListMarker,64,CONSTANT_REPLACEMENT,        if ch_ord >= 0x30 and ch_ord <= 0x39:,        if ch_ord >= 49 and ch_ord <= 0x39:
M7537fff7d1354f83,auto_non_equivalent,1,8,0,0,0,0,0,0,0,specified,markdown_it/rules_block/list.py,skipOrderedListMarker,73,COMPARISON,"        if ch in ("")"", "".""):","        if ch not in ("")"", "".""):"
M754ffc8d855f4ff2,auto_non_equivalent,1,8,0,0,0,0,0,0,0,specified,markdown_it/rules_block/reference.py,reference,120,COMPARISON,    if pos < maximum and start != pos and titleRes.ok:,    if pos < maximum and start != pos or titleRes.ok:
M755cc75c0e5668b2,auto_non_equivalent,1,8,0,0,0,0,0,0,0,specified,markdown_it/rules_block/code.py,code,32,CONSTANT_REPLACEMENT,"    token = state.push(""code_block"", ""code"", 0)","    token = state.push(""code_block"", ""code"", )"
M757200a5b313c16c,auto_non_equivalent,1,8,0,0,0,0,0,0,0,specified,markdown_it/rules_block/state_block.py,skipEmptyLines,139,COMPARISON,            if (self.bMarks[from_pos] + self.tShift[from_pos]) < self.eMarks[,            if (self.bMarks[from_pos] - self.tShift[from_pos]) < self.eMarks[
M75935794f3f7875f,auto_non_equivalent,1,8,0,0,0,0,0,0,0,specified,markdown_it/rules_inline/balance_pairs.py,processDelimiters,60,STATEMENT_REPLACEMENT,        newMinOpenerIdx = openerIdx,        newMinOpenerIdx = None
M7594dd98b7c1474c,auto_non_equivalent,1,8,0,0,0,0,0,0,0,specified,markdown_it/rules_block/state_block.py,__init__,52,CONSTANT_REPLACEMENT,    self.line = 0  # line index in src,    self.line = 1  # line index in src
M75bd33db9ee24032,auto_non_equivalent,1,8,0,0,0,0,0,0,0,specified,markdown_it/rules_block/state_block.py,skipCharsStr,184,CONSTANT_REPLACEMENT,    while True:,    while False:
M75cb6b0175bd9521,auto_non_equivalent,1,8,0,0,0,0,0,0,0,specified,markdown_it/parser_block.py,tokenize,62,STATEMENT_REPLACEMENT,"    rules = self.ruler.getRules("""")",    rules = None
M75e9090e4df7088c,auto_non_equivalent,1,8,0,0,0,0,0,0,0,specified,markdown_it/rules_inline/state_inline.py,scanDelims,148,CALL_ARGUMENT,    isLastWhiteSpace = isWhiteSpace(ord(lastChar)),    isLastWhiteSpace = isWhiteSpace(None)
M75ec4b97e91ac371,auto_non_equivalent,1,6,0,0,2,0,0,0,0,specified,markdown_it/rules_inline/autolink.py,autolink,53,ARITHMETIC,        state.pos += len(url) + 2,        state.pos = len(url) + 2
M75ff3653f3dbf45b,auto_non_equivalent,1,8,0,0,0,0,0,0,0,specified,markdown_it/rules_block/blockquote.py,blockquote,195,STATEMENT_REPLACEMENT,                ch = state.src[pos],                ch = None
M760ed367e4e2b8de,auto_non_equivalent,1,8,0,0,0,0,0,0,0,specified,markdown_it/rules_inline/emphasis.py,_postProcess,74,STATEMENT_REPLACEMENT,        token = state.tokens[startDelim.token],        token = None
M762bab6300bd514b,auto_non_equivalent,1,8,0,0,0,0,0,0,0,specified,markdown_it/rules_block/reference.py,reference,98,COMPARISON,"            if (lineContent := getNextLine(state, nextLine)) is not None:","            if (lineContent := getNextLine(None, nextLine)) is not None:"
M762f0c70b5344e21,auto_non_equivalent,1,8,0,0,0,0,0,0,0,specified,markdown_it/renderer.py,renderInline,105,CALL_ARGUMENT,"            result += self.renderToken(tokens, i, options, env)","            result += self.renderToken(tokens, i, env)"
M7639f7b2e620805c,auto_non_equivalent,1,8,0,0,0,0,0,0,0,specified,markdown_it/renderer.py,image,325,CALL_ARGUMENT,"        token.attrSet(""alt"", self.renderInlineAsText(token.children, options, env))","        token.attrSet(""XXaltXX"", self.renderInlineAsText(token.children, options, env))"
M763ed0dabf07c952,auto_non_equivalent,1,8,0,0,0,0,0,0,0,specified,markdown_it/rules_block/blockquote.py,blockquote,169,ARITHMETIC,                offset += 1,                offset = 1
M7652d1bbb3cf32d0,auto_non_equivalent,1,8,0,0,0,0,0,0,0,specified,markdown_it/rules_core/text_join.py,text_join,49,ARITHMETIC,"                new_tokens[-1].content = """".join(parts)","                new_tokens[+1].content = """".join(parts)"
M7680e153054c66b4,auto_non_equivalent,1,8,0,0,0,0,0,0,0,specified,markdown_it/rules_inline/autolink.py,autolink,46,CONSTANT_REPLACEMENT,"            token = state.push(""text"", """", 0)","            token = state.push(""text"", """", None)"
M76a18c4054959ba3,auto_non_equivalent,1,8,0,0,0,0,0,0,0,specified,markdown_it/rules_block/blockquote.py,blockquote,335,ARITHMETIC,        state.sCount[i + startLine] = oldSCount[i],        state.sCount[i - startLine] = oldSCount[i]
M76a8c277aebaee45,auto_non_equivalent,1,8,0,0,0,0,0,0,0,specified,markdown_it/rules_block/list.py,list_block,174,CONSTANT_REPLACEMENT,"        token = state.push(""ordered_list_open"", ""ol"", 1)","        token = state.push(""ol"", 1)"
M76c331e74985dcf5,auto_non_equivalent,1,8,0,0,0,0,0,0,0,specified,markdown_it/rules_inline/escape.py,escape,27,CONSTANT_REPLACEMENT,"            state.push(""hardbreak"", ""br"", 0)","            state.push(""hardbreak"", ""br"", None)"
M76c33b38b8c3e006,auto_non_equivalent,1,8,0,0,0,0,0,0,0,specified,markdown_it/rules_inline/link.py,link,51,CALL_ARGUMENT,"        res = state.md.helpers.parseLinkDestination(state.src, pos, state.posMax)","        res = state.md.helpers.parseLinkDestination(pos, state.posMax)"
M76f143723b5961f1,auto_non_equivalent,1,6,2,0,0,0,0,0,0,specified,markdown_it/rules_inline/newline.py,newline,29,CONSTANT_REPLACEMENT,"                state.push(""hardbreak"", ""br"", 0)","                state.push(None, ""br"", 0)"
M7722f0624207990d,auto_non_equivalent,1,8,0,0,0,0,0,0,0,specified,markdown_it/helpers/parse_link_destination.py,parseLinkDestination,58,COMPARISON,"            if charCodeAt(string, pos + 1) == 0x20:","            if charCodeAt(string, ) == 0x20:"
M772336ffa54dcda9,auto_non_equivalent,1,8,0,0,0,0,0,0,0,specified,markdown_it/rules_inline/entity.py,entity,27,CONSTANT_REPLACEMENT,"                    int(match1[1:], 16) if match1[0].lower() == ""x"" else int(match1, 10)","                    int(match1[1:], 16) if match1[0].lower() == ""XXxXX"" else int(match1, 10)"
M7734ea27d1ef4237,auto_non_equivalent,1,8,0,0,0,0,0,0,0,specified,markdown_it/rules_block/reference.py,reference,161,STATEMENT_REPLACEMENT,"        state.env[""references""] = {}","        state.env[""XXreferencesXX""] = {}"
M775d5ae92eb12a5e,auto_non_equivalent,1,8,0,0,0,0,0,0,0,specified,markdown_it/rules_inline/state_inline.py,scanDelims,155,BOOLEAN_CONNECTOR,"    right_flanking = not (
        isLastWhiteSpace
        or (isLastPunctChar and not (isNextWhiteSpace or isNextPunctChar))
    )",    right_flanking = None
M776c08502604bcb7,auto_non_equivalent,1,8,0,0,0,0,0,0,0,specified,markdown_it/rules_inline/link.py,link,132,STATEMENT_REPLACEMENT,"        token.attrs = {""href"": href}",        token.attrs = None
M776dfa122fc44366,auto_non_equivalent,1,8,0,0,0,0,0,0,0,specified,markdown_it/rules_inline/html_inline.py,html_inline,26,CALL_ARGUMENT,"    if ch not in (""!"", ""?"", ""/"") and not isLetter(ord(ch)):  # /* / */","    if ch not in (""!"", ""?"", ""XX/XX"") and not isLetter(ord(ch)):  # /* / */"
M7770a41c236cf962,auto_non_equivalent,1,8,0,0,0,0,0,0,0,specified,markdown_it/rules_block/reference.py,reference,118,CALL_ARGUMENT,"        titleRes = state.md.helpers.parseLinkTitle(string, pos, maximum, titleRes)","        titleRes = state.md.helpers.parseLinkTitle(string, pos, maximum, None)"
M77799fad35085cac,auto_non_equivalent,1,8,0,0,0,0,0,0,0,specified,markdown_it/rules_inline/entity.py,entity,30,CONSTANT_REPLACEMENT,"                token = state.push(""text_special"", """", 0)","                token = state.push(""text_special"", 0)"
M778c0250258c430d,auto_non_equivalent,1,8,0,0,0,0,0,0,0,specified,markdown_it/rules_block/reference.py,reference,69,ARITHMETIC,                nextLine += 1,                nextLine = 1
M77a26e0ec96ea150,auto_non_equivalent,1,8,0,0,0,0,0,0,0,specified,markdown_it/rules_core/normalize.py,normalize,14,CALL_ARGUMENT,"    string = NEWLINES_RE.sub(""\n"", state.src)","    string = NEWLINES_RE.sub(None, state.src)"
M77e6c3b073cbde0f,auto_non_equivalent,1,8,0,0,0,0,0,0,0,specified,markdown_it/rules_block/lheading.py,lheading,81,ARITHMETIC,"    token = state.push(""heading_close"", ""h"" + str(level), -1)",    token = None
M77e6de4442fe0a16,auto_non_equivalent,1,8,0,0,0,0,0,0,0,specified,markdown_it/rules_block/lheading.py,lheading,24,COMPARISON,    while nextLine < endLine and not state.isEmpty(nextLine):,    while nextLine < endLine and state.isEmpty(nextLine):
M780bf0283d582dfe,auto_non_equivalent,1,8,0,0,0,0,0,0,0,specified,markdown_it/helpers/parse_link_title.py,parseLinkTitle,74,ARITHMETIC,    state.str += unescapeAll(string[start:pos]),    state.str = unescapeAll(string[start:pos])
M781119c22d92ebf3,auto_non_equivalent,1,8,0,0,0,0,0,0,0,specified,markdown_it/rules_inline/html_inline.py,html_inline,21,CONSTANT_REPLACEMENT,"    if state.src[pos] != ""<"" or pos + 2 >= maximum:","    if state.src[pos] != ""XX<XX"" or pos + 2 >= maximum:"
M781782402aeb476f,auto_non_equivalent,1,8,0,0,0,0,0,0,0,specified,markdown_it/rules_block/list.py,list_block,338,CONTROL_FLOW,                break,                return
M78247582febfcbac,auto_non_equivalent,1,8,0,0,0,0,0,0,0,specified,markdown_it/rules_inline/html_inline.py,isLetter,10,CONSTANT_REPLACEMENT,    return (lc >= 0x61) and (lc <= 0x7A),    return (lc >= 98) and (lc <= 0x7A)
M783af9a035142d42,auto_non_equivalent,1,8,0,0,0,0,0,0,0,specified,markdown_it/rules_block/state_block.py,skipSpaces,155,BOOLEAN_CONNECTOR,        if not isStrSpace(current):,        if not isStrSpace(None):
M783d7414b19a94a1,auto_non_equivalent,1,8,0,0,0,0,0,0,0,specified,markdown_it/rules_block/heading.py,heading,66,ARITHMETIC,"    token = state.push(""heading_close"", ""h"" + str(level), -1)","    token = state.push(""heading_close"", ""h"" + str(None), -1)"
M784ca511536c38e4,auto_non_equivalent,1,8,0,0,0,0,0,0,0,specified,markdown_it/helpers/parse_link_destination.py,parseLinkDestination,50,COMPARISON,        if code is None or code == 0x20:,        if code is None or code != 0x20:
M7894b06cd8449b23,auto_non_equivalent,1,8,0,0,0,0,0,0,0,specified,markdown_it/renderer.py,renderInlineAsText,204,CALL_ARGUMENT,"                result += self.renderInlineAsText(token.children, options, env)","                result += self.renderInlineAsText(token.children, env)"
M78bc14ed5cea1f0e,auto_non_equivalent,1,8,0,0,0,0,0,0,0,specified,markdown_it/rules_core/normalize.py,normalize,17,CALL_ARGUMENT,"    string = NULL_RE.sub(""\ufffd"", string)","    string = NULL_RE.sub(""\ufffd"", )"
M78c5be14ef2b7da6,auto_non_equivalent,1,8,0,0,0,0,0,0,0,specified,markdown_it/rules_inline/link.py,link,38,ARITHMETIC,        pos += 1,        pos -= 1
M78c9667207c36e30,auto_non_equivalent,1,8,0,0,0,0,0,0,0,specified,markdown_it/rules_inline/image.py,image,134,CONSTANT_REPLACEMENT,"        token = state.push(""image"", ""img"", 0)","        token = state.push(""image"", None, 0)"
M78cba3c992d5c9a2,auto_non_equivalent,1,8,0,0,0,0,0,0,0,specified,markdown_it/rules_block/paragraph.py,paragraph,54,CONSTANT_REPLACEMENT,"    token = state.push(""paragraph_open"", ""p"", 1)","    token = state.push(None, ""p"", 1)"
M78e0456cd33faa49,auto_non_equivalent,1,8,0,0,0,0,0,0,0,specified,markdown_it/rules_block/heading.py,heading,24,COMPARISON,"    if ch != ""#"" or pos >= maximum:","    if ch == ""#"" or pos >= maximum:"
M78e5cb4858764a46,auto_non_equivalent,1,8,0,0,0,0,0,0,0,specified,markdown_it/parser_inline.py,skipToken,142,COMPARISON,    if pos in cache:,    if pos not in cache:
M78facd2a2e0fbe00,auto_non_equivalent,1,8,0,0,0,0,0,0,0,specified,markdown_it/rules_inline/html_inline.py,html_inline,34,CONSTANT_REPLACEMENT,"        token = state.push(""html_inline"", """", 0)","        token = state.push(""XXhtml_inlineXX"", """", 0)"
M79057a1c7a7ad5a7,auto_non_equivalent,1,8,0,0,0,0,0,0,0,specified,markdown_it/rules_inline/image.py,image,135,STATEMENT_REPLACEMENT,"        token.attrs = {""src"": href, ""alt"": """"}","        token.attrs = {""src"": href, ""ALT"": """"}"
M7909e4409374e5a9,auto_non_equivalent,1,8,0,0,0,0,0,0,0,specified,markdown_it/helpers/parse_link_label.py,parseLinkLabel,13,ARITHMETIC,    labelEnd = -1,    labelEnd = None
M790b829489f4481e,auto_non_equivalent,1,8,0,0,0,0,0,0,0,specified,markdown_it/rules_inline/image.py,image,116,CONSTANT_REPLACEMENT,"        ref = state.env[""references""].get(label, None)",        ref = None
M7923f9e4a48db3f3,auto_non_equivalent,1,8,0,0,0,0,0,0,0,specified,markdown_it/rules_block/list.py,skipOrderedListMarker,73,CALL_ARGUMENT,"        if ch in ("")"", "".""):","        if ch in ("")"", ""XX.XX""):"
M7925375e9b043c8e,auto_non_equivalent,1,8,0,0,0,0,0,0,0,specified,markdown_it/rules_block/reference.py,reference,30,CONSTANT_REPLACEMENT,    pos = 1,    pos = None
M79289e82ec19d823,auto_non_equivalent,1,8,0,0,0,0,0,0,0,specified,markdown_it/helpers/parse_link_label.py,parseLinkLabel,17,ARITHMETIC,    state.pos = start + 1,    state.pos = None
M7935f181132dc5a9,auto_non_equivalent,1,8,0,0,0,0,0,0,0,specified,markdown_it/rules_block/list.py,markTightParagraphs,95,ARITHMETIC,            state.tokens[i + 2].hidden = True,            state.tokens[i + 2].hidden = False
M79418c0e8ca18a98,auto_non_equivalent,1,8,0,0,0,0,0,0,0,specified,markdown_it/rules_block/list.py,list_block,308,CONSTANT_REPLACEMENT,        itemLines[1] = nextLine,        itemLines[2] = nextLine
M79478e66723e0098,auto_non_equivalent,1,8,0,0,0,0,0,0,0,specified,markdown_it/rules_inline/escape.py,escape,51,CONSTANT_REPLACEMENT,"        token = state.push(""text_special"", """", 0)","        token = state.push(""XXtext_specialXX"", """", 0)"
M79bb6084210c4cf8,auto_non_equivalent,1,8,0,0,0,0,0,0,0,specified,markdown_it/rules_block/reference.py,reference,64,CALL_ARGUMENT,"        ch = charCodeAt(string, pos)","        ch = charCodeAt(None, pos)"
M79c3f2a7665c1ede,auto_non_equivalent,1,8,0,0,0,0,0,0,0,specified,markdown_it/rules_inline/state_inline.py,push,102,CONSTANT_REPLACEMENT,    if nesting < 0:,    if nesting < 1:
M79d965599afb9e7d,auto_non_equivalent,1,8,0,0,0,0,0,0,0,specified,markdown_it/rules_block/paragraph.py,paragraph,42,CONSTANT_REPLACEMENT,                terminate = True,                terminate = False
M7a05a8aa289f95e5,auto_non_equivalent,1,8,0,0,0,0,0,0,0,specified,markdown_it/rules_inline/autolink.py,autolink,41,CONSTANT_REPLACEMENT,"            token = state.push(""link_open"", ""a"", 1)","            token = state.push(""link_open"", ""XXaXX"", 1)"
M7a22544645190d9a,auto_non_equivalent,1,8,0,0,0,0,0,0,0,specified,markdown_it/rules_inline/link.py,link,19,CONSTANT_REPLACEMENT,    labelStart = state.pos + 1,    labelStart = state.pos + 2
M7a266ef057a7cdda,auto_non_equivalent,1,8,0,0,0,0,0,0,0,specified,markdown_it/rules_inline/entity.py,entity,27,CONSTANT_REPLACEMENT,"                    int(match1[1:], 16) if match1[0].lower() == ""x"" else int(match1, 10)","                    int(match1[1:], 17) if match1[0].lower() == ""x"" else int(match1, 10)"
M7a3f7a7b0adfd3bf,auto_non_equivalent,1,8,0,0,0,0,0,0,0,specified,markdown_it/rules_block/paragraph.py,paragraph,36,CONTROL_FLOW,            continue,            break
M7a52a446180fd03d,auto_non_equivalent,1,8,0,0,0,0,0,0,0,specified,markdown_it/rules_block/list.py,skipOrderedListMarker,60,ARITHMETIC,        pos += 1,        pos -= 1
M7a555d6023c6b307,auto_non_equivalent,1,8,0,0,0,0,0,0,0,specified,markdown_it/rules_inline/autolink.py,autolink,42,STATEMENT_REPLACEMENT,"            token.attrs = {""href"": fullUrl}",            token.attrs = None
M7a82e07a44deb38e,auto_non_equivalent,1,8,0,0,0,0,0,0,0,specified,markdown_it/renderer.py,render,82,ARITHMETIC,"                result += self.renderInline(token.children, options, env)","                result += self.renderInline(token.children, None, env)"
M7a9ebd44baada62f,auto_non_equivalent,1,8,0,0,0,0,0,0,0,specified,markdown_it/rules_block/list.py,skipOrderedListMarker,43,CONSTANT_REPLACEMENT,    if pos + 1 >= maximum:,    if pos + 2 >= maximum:
M7aa70726e7582b0a,auto_non_equivalent,1,8,0,0,0,0,0,0,0,specified,markdown_it/rules_block/blockquote.py,blockquote,104,ARITHMETIC,    state.tShift[startLine] = pos - state.bMarks[startLine],    state.tShift[startLine] = pos + state.bMarks[startLine]
M7aa85f6cea588c5c,auto_non_equivalent,1,8,0,0,0,0,0,0,0,specified,markdown_it/parser_inline.py,tokenize,198,CONTROL_FLOW,            continue,            break
M7ab90a774a2f1ff2,auto_non_equivalent,1,8,0,0,0,0,0,0,0,specified,markdown_it/rules_block/code.py,code,33,ARITHMETIC,"    token.content = state.getLines(startLine, last, 4 + state.blkIndent, False) + ""\n""","    token.content = state.getLines(startLine, last, 4 + state.blkIndent, False) - ""\n"""
M7abff03be7a442c6,auto_non_equivalent,1,8,0,0,0,0,0,0,0,specified,markdown_it/helpers/parse_link_destination.py,parseLinkDestination,77,COMPARISON,    if level != 0:,    if level == 0:
M7ac3594b7ff889ad,auto_non_equivalent,1,8,0,0,0,0,0,0,0,specified,markdown_it/rules_block/reference.py,reference,40,ARITHMETIC,                string += lineContent,                string -= lineContent
M7ac51b81b80d6deb,auto_non_equivalent,1,8,0,0,0,0,0,0,0,specified,markdown_it/parser_block.py,tokenize,97,CONSTANT_REPLACEMENT,        if (line - 1) < endLine and state.isEmpty(line - 1):,        if (line - 1) < endLine and state.isEmpty(line - 2):
M7ae585a34e8bb3c9,auto_non_equivalent,1,8,0,0,0,0,0,0,0,specified,markdown_it/rules_inline/balance_pairs.py,processDelimiters,32,COMPARISON,            or lastTokenIdx != closer.token - 1,            or lastTokenIdx != closer.token + 1
M7b07084ea5612a26,auto_non_equivalent,1,8,0,0,0,0,0,0,0,specified,markdown_it/main.py,__init__,66,CALL_ARGUMENT,"    self.configure(config, options_update=options_update)",    self.configure(options_update=options_update)
M7b09bc19e2aec6e9,auto_non_equivalent,1,8,0,0,0,0,0,0,0,specified,markdown_it/rules_block/hr.py,hr,52,CONSTANT_REPLACEMENT,"    token = state.push(""hr"", ""hr"", 0)","    token = state.push(""hr"", None, 0)"
M7b10ee42713181c6,auto_non_equivalent,1,8,0,0,0,0,0,0,0,specified,markdown_it/rules_block/blockquote.py,blockquote,151,ARITHMETIC,        pos += 1,        pos -= 1
M7b4f07afbd667b6e,auto_non_equivalent,1,8,0,0,0,0,0,0,0,specified,markdown_it/ruler.py,__find__,86,COMPARISON,"    for i, rule in enumerate(self.__rules__):","    for i, rule in enumerate(None):"
M7b542048a2b751a6,auto_non_equivalent,1,6,2,0,0,0,0,0,0,specified,markdown_it/rules_inline/escape.py,escape,31,STATEMENT_REPLACEMENT,            ch = state.src[pos],            ch = None
M7b626c9ecc3dc3c7,auto_non_equivalent,1,8,0,0,0,0,0,0,0,specified,markdown_it/rules_block/blockquote.py,blockquote,35,CONSTANT_REPLACEMENT,        return True,        return False
M7b6a12825f14378a,auto_non_equivalent,1,8,0,0,0,0,0,0,0,specified,markdown_it/renderer.py,__init__,64,BOOLEAN_CONNECTOR,"        if not (k.startswith(""render"") or k.startswith(""_""))","        if not (k.startswith(""render"") or k.startswith(None))"
M7bae60f531e7ea9a,auto_non_equivalent,1,8,0,0,0,0,0,0,0,specified,markdown_it/rules_inline/entity.py,entity,51,CONSTANT_REPLACEMENT,            return True,            return False
M7bbf25b50a3fa284,auto_non_equivalent,1,8,0,0,0,0,0,0,0,specified,markdown_it/rules_inline/entity.py,entity,43,COMPARISON,        if (match := NAMED_RE.search(state.src[pos:])) and match.group(1) in entities:,        if (match := NAMED_RE.search(state.src[pos:])) and match.group(1) not in entities:
M7bc06b9d8b5dea61,auto_non_equivalent,1,8,0,0,0,0,0,0,0,specified,markdown_it/main.py,configure,125,CALL_ARGUMENT,"    options = config.get(""options"", {}) or {}",    options = config.get({}) or {}
M7bd61a18e645f5e1,auto_non_equivalent,1,8,0,0,0,0,0,0,0,specified,markdown_it/rules_block/list.py,list_block,132,STATEMENT_REPLACEMENT,"        and state.parentType == ""paragraph""","        and state.parentType == ""XXparagraphXX"""
M7be5191561326048,auto_non_equivalent,1,8,0,0,0,0,0,0,0,specified,markdown_it/rules_block/reference.py,reference,192,CONSTANT_REPLACEMENT,    return True,    return False
M7bf51fb1a276b597,auto_non_equivalent,1,8,0,0,0,0,0,0,0,specified,markdown_it/rules_inline/state_inline.py,pushPending,85,CONSTANT_REPLACEMENT,"    token = Token(""text"", """", 0)",    token = None
M7c56d2de6e237963,auto_non_equivalent,1,8,0,0,0,0,0,0,0,specified,markdown_it/rules_inline/state_inline.py,__init__,72,CONSTANT_REPLACEMENT,    self.backticksScanned = False,    self.backticksScanned = True
M7c6d2a27ad1d078f,auto_non_equivalent,1,8,0,0,0,0,0,0,0,specified,markdown_it/rules_block/list.py,list_block,138,STATEMENT_REPLACEMENT,"    posAfterMarker = skipOrderedListMarker(state, startLine)",    posAfterMarker = None
M7c892eff37acb783,auto_non_equivalent,1,8,0,0,0,0,0,0,0,specified,markdown_it/rules_inline/newline.py,newline,29,CONSTANT_REPLACEMENT,"                state.push(""hardbreak"", ""br"", 0)","                state.push(""br"", 0)"
M7c97773ce7baabfe,auto_non_equivalent,1,8,0,0,0,0,0,0,0,specified,markdown_it/rules_block/paragraph.py,paragraph,58,STATEMENT_REPLACEMENT,    token.content = content,    token.content = None
M7c9a41793eb95f78,auto_non_equivalent,1,8,0,0,0,0,0,0,0,specified,markdown_it/rules_block/fence.py,make_fence_rule,62,STATEMENT_REPLACEMENT,        marker = state.src[pos],        marker = None
M7cc6debf6649ce3f,auto_non_equivalent,1,8,0,0,0,0,0,0,0,specified,markdown_it/rules_block/blockquote.py,blockquote,167,CONSTANT_REPLACEMENT,                pos += 1,                pos += 2
M7ccc134938d0cdfd,auto_non_equivalent,1,8,0,0,0,0,0,0,0,specified,markdown_it/rules_block/list.py,list_block,297,STATEMENT_REPLACEMENT,        state.listIndent = oldListIndent,        state.listIndent = None
M7ccdc3c242a12cd0,auto_non_equivalent,1,8,0,0,0,0,0,0,0,specified,markdown_it/rules_block/state_block.py,is_code_block,261,COMPARISON,    return self._code_enabled and (self.sCount[line] - self.blkIndent) >= 4,    return self._code_enabled or (self.sCount[line] - self.blkIndent) >= 4
M7cd707d8fa19a333,auto_non_equivalent,1,8,0,0,0,0,0,0,0,specified,markdown_it/rules_inline/fragments_join.py,fragments_join,44,STATEMENT_REPLACEMENT,            state.tokens[last] = merged,            state.tokens[last] = None
M7cd8f91f51ca0593,auto_non_equivalent,1,8,0,0,0,0,0,0,0,specified,markdown_it/rules_block/blockquote.py,blockquote,168,ARITHMETIC,                initial += 1,                initial -= 1
M7cf63249ac5f2903,auto_non_equivalent,1,8,0,0,0,0,0,0,0,specified,markdown_it/rules_inline/autolink.py,autolink,33,ARITHMETIC,    url = state.src[start + 1 : pos],    url = None
M7d06fd2380e3e0f3,auto_non_equivalent,1,8,0,0,0,0,0,0,0,specified,markdown_it/helpers/parse_link_label.py,parseLinkLabel,14,STATEMENT_REPLACEMENT,    oldPos = state.pos,    oldPos = None
M7d08c1be5b41618f,auto_non_equivalent,1,8,0,0,0,0,0,0,0,specified,markdown_it/renderer.py,image,325,CALL_ARGUMENT,"        token.attrSet(""alt"", self.renderInlineAsText(token.children, options, env))","        token.attrSet(""alt"", )"
M7d10dca77d5b8477,auto_non_equivalent,1,8,0,0,0,0,0,0,0,specified,markdown_it/renderer.py,renderToken,156,ARITHMETIC,            nextToken = tokens[idx + 1],            nextToken = tokens[idx - 1]
M7d15757c3b9c67e0,auto_non_equivalent,1,8,0,0,0,0,0,0,0,specified,markdown_it/rules_block/lheading.py,lheading,72,CONSTANT_REPLACEMENT,"    token = state.push(""heading_open"", ""h"" + str(level), 1)","    token = state.push(""heading_open"", ""H"" + str(level), 1)"
M7d5b6b3297390b36,auto_non_equivalent,1,8,0,0,0,0,0,0,0,specified,markdown_it/rules_block/reference.py,reference,47,COMPARISON,"                and charCodeAt(string, pos) == 0x0A","                and charCodeAt(string, None) == 0x0A"
M7d5c570786464b5a,auto_non_equivalent,1,8,0,0,0,0,0,0,0,specified,markdown_it/rules_inline/emphasis.py,_postProcess,52,ARITHMETIC,            i -= 1,            i += 1
M7d5f423d6310b272,auto_non_equivalent,1,8,0,0,0,0,0,0,0,specified,markdown_it/rules_inline/emphasis.py,tokenize,22,CONSTANT_REPLACEMENT,"        token = state.push(""text"", """", 0)","        token = state.push("""", 0)"
M7d62259f426a941c,auto_non_equivalent,1,8,0,0,0,0,0,0,0,specified,markdown_it/helpers/parse_link_destination.py,__init__,12,CONSTANT_REPLACEMENT,    self.ok = False,    self.ok = True
M7d7135ffd98e0a0f,auto_non_equivalent,1,8,0,0,0,0,0,0,0,specified,markdown_it/rules_block/list.py,skipOrderedListMarker,67,CONSTANT_REPLACEMENT,            if pos - start >= 10:,            if pos - start >= 11:
M7dc52ba392c754c8,auto_non_equivalent,1,8,0,0,0,0,0,0,0,specified,markdown_it/rules_inline/autolink.py,autolink,62,CONSTANT_REPLACEMENT,"            token = state.push(""link_open"", ""a"", 1)","            token = state.push(""link_open"", ""A"", 1)"
M7dfe393f9a31d9d9,auto_non_equivalent,1,8,0,0,0,0,0,0,0,specified,markdown_it/rules_inline/entity.py,entity,27,CONSTANT_REPLACEMENT,"                    int(match1[1:], 16) if match1[0].lower() == ""x"" else int(match1, 10)","                    int(16) if match1[0].lower() == ""x"" else int(match1, 10)"
M7e04624072655251,auto_non_equivalent,1,8,0,0,0,0,0,0,0,specified,markdown_it/utils.py,__init__,70,CALL_ARGUMENT,"    self._options = cast(OptionsType, dict(options))","    self._options = cast(OptionsType, None)"
M7e5950e2d89da7fc,auto_non_equivalent,1,8,0,0,0,0,0,0,0,specified,markdown_it/rules_block/blockquote.py,blockquote,257,CALL_ARGUMENT,                oldSCount.append(state.sCount[nextLine]),                oldSCount.append(None)
M7e63953146274181,auto_non_equivalent,1,8,0,0,0,0,0,0,0,specified,markdown_it/rules_block/hr.py,hr,50,ARITHMETIC,    state.line = startLine + 1,    state.line = None
M7e9d043d2f03614a,auto_non_equivalent,1,8,0,0,0,0,0,0,0,specified,markdown_it/rules_block/blockquote.py,blockquote,197,CALL_ARGUMENT,                if isStrSpace(ch):,                if isStrSpace(None):
M7ebd63b04bbfe8cf,auto_non_equivalent,1,8,0,0,0,0,0,0,0,specified,markdown_it/rules_block/heading.py,heading,57,ARITHMETIC,"    token = state.push(""heading_open"", ""h"" + str(level), 1)","    token = state.push(""heading_open"", ""h"" + str(None), 1)"
M7ecd3f1543d89a29,auto_non_equivalent,1,8,0,0,0,0,0,0,0,specified,markdown_it/rules_block/html_block.py,html_block,76,STATEMENT_REPLACEMENT,            lineText = state.src[pos:maximum],            lineText = None
M7ee392356bf2d25b,auto_non_equivalent,1,5,3,0,0,0,0,0,0,specified,markdown_it/cli/parse.py,convert_file,61,CONSTANT_REPLACEMENT,        sys.exit(1),        sys.exit(2)
M7ef402e48c3c388c,auto_non_equivalent,1,8,0,0,0,0,0,0,0,specified,markdown_it/rules_block/blockquote.py,blockquote,322,CONSTANT_REPLACEMENT,"        token = state.push(""blockquote_close"", ""blockquote"", -1)","        token = state.push(""blockquote_close"", ""XXblockquoteXX"", -1)"
M7f06270450f5ee52,auto_non_equivalent,1,8,0,0,0,0,0,0,0,specified,markdown_it/rules_inline/backticks.py,backtick,30,CONSTANT_REPLACEMENT,        return True,        return False
M7f0886161ae909e5,auto_non_equivalent,1,8,0,0,0,0,0,0,0,specified,markdown_it/common/normalize_url.py,normalizeLink,23,CONSTANT_REPLACEMENT,"    parsed = mdurl.parse(url, slashes_denote_host=True)","    parsed = mdurl.parse(None, slashes_denote_host=True)"
M7f2fe157234b3049,auto_non_equivalent,1,8,0,0,0,0,0,0,0,specified,markdown_it/main.py,parse,267,BOOLEAN_CONNECTOR,"    if not isinstance(env, MutableMapping):","    if isinstance(env, MutableMapping):"
M7f43bdece2c49f37,auto_non_equivalent,1,8,0,0,0,0,0,0,0,specified,markdown_it/rules_core/text_join.py,text_join,49,ARITHMETIC,"                new_tokens[-1].content = """".join(parts)","                new_tokens[-1].content = """".join(None)"
M7f6153d2b6e11ee1,auto_non_equivalent,1,8,0,0,0,0,0,0,0,specified,markdown_it/rules_block/state_block.py,__init__,111,CALL_ARGUMENT,"    self._code_enabled = ""code"" in self.md[""block""].ruler.get_active_rules()","    self._code_enabled = ""code"" in self.md[""BLOCK""].ruler.get_active_rules()"
M7f865b482b2ff2bc,auto_non_equivalent,1,8,0,0,0,0,0,0,0,specified,markdown_it/rules_block/state_block.py,getLines,255,CALL_ARGUMENT,"    return """".join(queue)","    return """".join(None)"
M7f910f0d4d7e2f83,auto_non_equivalent,1,8,0,0,0,0,0,0,0,specified,markdown_it/rules_block/state_block.py,__init__,88,STATEMENT_REPLACEMENT,"            if character != ""\n"":","            if character != ""XX\nXX"":"
M7fb8952917949dc3,auto_non_equivalent,1,7,0,1,0,0,0,0,0,specified,markdown_it/cli/parse.py,parse_args,118,STATEMENT_REPLACEMENT,"        ""filenames"", nargs=""*"", help=""specify an optional list of files to convert""","        nargs=""*"", help=""specify an optional list of files to convert"""
M7fdef1ea2326a9b1,auto_non_equivalent,1,8,0,0,0,0,0,0,0,specified,markdown_it/ruler.py,push,187,BOOLEAN_CONNECTOR,"        Rule[RuleFuncTv](ruleName, True, fn, (options or {}).get(""alt"", []))","        Rule[RuleFuncTv](ruleName, True, fn, (options or {}).get(""alt"", None))"
M7fdf33c7674a687d,auto_non_equivalent,1,8,0,0,0,0,0,0,0,specified,markdown_it/rules_block/blockquote.py,blockquote,91,ARITHMETIC,        pos += 1,        pos -= 1
M7fe58a1261fb288e,auto_non_equivalent,1,8,0,0,0,0,0,0,0,specified,markdown_it/rules_block/paragraph.py,paragraph,50,CONSTANT_REPLACEMENT,"    content = state.getLines(startLine, nextLine, state.blkIndent, False).strip()",    content = None
M7ffd831e40cc6755,auto_non_equivalent,1,8,0,0,0,0,0,0,0,specified,markdown_it/rules_block/state_block.py,getLines,239,COMPARISON,            elif first - lineStart < self.tShift[line]:,            elif first + lineStart < self.tShift[line]:
M7ffeb448f3f527cc,auto_non_equivalent,1,8,0,0,0,0,0,0,0,specified,markdown_it/rules_core/state_core.py,__init__,24,BOOLEAN_CONNECTOR,    self.tokens: list[Token] = tokens or [],    self.tokens: list[Token] = None
M8005ea10bdc08aad,auto_non_equivalent,1,8,0,0,0,0,0,0,0,specified,markdown_it/rules_block/list.py,list_block,370,CONSTANT_REPLACEMENT,"        token = state.push(""bullet_list_close"", ""ul"", -1)","        token = state.push(""bullet_list_close"", ""XXulXX"", -1)"
M801d09e9f1a6a196,auto_non_equivalent,1,8,0,0,0,0,0,0,0,specified,markdown_it/helpers/parse_link_title.py,parseLinkTitle,34,COMPARISON,    if prev_state is not None:,    if prev_state is None:
M80256f75b665c496,auto_non_equivalent,1,8,0,0,0,0,0,0,0,specified,markdown_it/parser_inline.py,tokenize,177,CALL_ARGUMENT,"    rules = self.ruler.getRules("""")","    rules = self.ruler.getRules(""XXXX"")"
M8034e54b3bee1a8e,auto_non_equivalent,1,8,0,0,0,0,0,0,0,specified,markdown_it/rules_inline/escape.py,escape,51,CONSTANT_REPLACEMENT,"        token = state.push(""text_special"", """", 0)","        token = state.push(""TEXT_SPECIAL"", """", 0)"
M8035ef4f93f5c676,auto_non_equivalent,1,8,0,0,0,0,0,0,0,specified,markdown_it/rules_block/paragraph.py,paragraph,16,STATEMENT_REPLACEMENT,    ruler = state.md.block.ruler,    ruler = None
M8038c38ef3f822fe,auto_non_equivalent,1,8,0,0,0,0,0,0,0,specified,markdown_it/rules_core/text_join.py,text_join,20,CONTROL_FLOW,            continue,            break
M8039463169182632,auto_non_equivalent,1,8,0,0,0,0,0,0,0,specified,markdown_it/rules_block/reference.py,reference,35,COMPARISON,        elif ch == 0x5D:  # /* ] */,        elif ch != 0x5D:  # /* ] */
M805beffdcdd1e5dd,auto_non_equivalent,1,8,0,0,0,0,0,0,0,specified,markdown_it/rules_inline/html_inline.py,html_inline,34,CONSTANT_REPLACEMENT,"        token = state.push(""html_inline"", """", 0)","        token = state.push("""", 0)"
M806104962e6fe839,auto_non_equivalent,1,8,0,0,0,0,0,0,0,specified,markdown_it/rules_inline/emphasis.py,_postProcess,52,CONSTANT_REPLACEMENT,            i -= 1,            i -= 2
M807a73728c3fcabb,auto_non_equivalent,1,8,0,0,0,0,0,0,0,specified,markdown_it/rules_inline/link.py,link,83,COMPARISON,"        if pos >= maximum or state.src[pos] != "")"":","        if pos > maximum or state.src[pos] != "")"":"
M8094defa8bc0e1c5,auto_non_equivalent,1,8,0,0,0,0,0,0,0,specified,markdown_it/rules_inline/balance_pairs.py,processDelimiters,82,COMPARISON,                    and (opener.length % 3 != 0 or closer.length % 3 != 0),                    and (opener.length % 3 == 0 or closer.length % 3 != 0)
M809aa57bb7299d76,auto_non_equivalent,1,8,0,0,0,0,0,0,0,specified,markdown_it/rules_block/lheading.py,lheading,39,CALL_ARGUMENT,"                if marker in (""-"", ""=""):","                if marker in (""-"", ""XX=XX""):"
M80b639a11c9b8d0e,auto_non_equivalent,1,8,0,0,0,0,0,0,0,specified,markdown_it/rules_block/lheading.py,lheading,40,CALL_ARGUMENT,"                    pos = state.skipCharsStr(pos, marker)","                    pos = state.skipCharsStr(pos, )"
M80bb9eed35fc2a9d,auto_non_equivalent,1,8,0,0,0,0,0,0,0,specified,markdown_it/rules_block/list.py,list_block,105,CONSTANT_REPLACEMENT,    tight = True,    tight = None
M81065f907f6186e6,auto_non_equivalent,1,8,0,0,0,0,0,0,0,specified,markdown_it/rules_block/html_block.py,html_block,44,CONSTANT_REPLACEMENT,"    if not state.md.options.get(""html"", None):",    if not state.md.options.get(None):
M8115148877633aa4,auto_non_equivalent,1,8,0,0,0,0,0,0,0,specified,markdown_it/rules_block/blockquote.py,blockquote,50,ARITHMETIC,        initial += 1,        initial -= 1
M8123f2a7eab27298,auto_non_equivalent,1,8,0,0,0,0,0,0,0,specified,markdown_it/rules_inline/balance_pairs.py,processDelimiters,58,ARITHMETIC,        openerIdx = headerIdx - jumps[headerIdx] - 1,        openerIdx = None
M812636c536e4cc35,auto_non_equivalent,1,8,0,0,0,0,0,0,0,specified,markdown_it/rules_inline/state_inline.py,scanDelims,151,BOOLEAN_CONNECTOR,"    left_flanking = not (
        isNextWhiteSpace
        or (isNextPunctChar and not (isLastWhiteSpace or isLastPunctChar))
    )",    left_flanking = None
M81460ee23ffcd7d0,auto_non_equivalent,1,6,0,0,2,0,0,0,0,specified,markdown_it/rules_inline/link.py,link,87,ARITHMETIC,        pos += 1,        pos = 1
M8147c9f1ac1c5030,auto_non_equivalent,1,8,0,0,0,0,0,0,0,specified,markdown_it/rules_block/blockquote.py,blockquote,86,CONSTANT_REPLACEMENT,                offset += 1,                offset += 2
M8155419067f93871,auto_non_equivalent,1,8,0,0,0,0,0,0,0,specified,markdown_it/rules_block/fence.py,make_fence_rule,69,CALL_ARGUMENT,"        pos = state.skipCharsStr(pos, marker)","        pos = state.skipCharsStr(pos, )"
M815c6c570477f81f,auto_non_equivalent,1,8,0,0,0,0,0,0,0,specified,markdown_it/rules_block/reference.py,reference,110,CONSTANT_REPLACEMENT,"    titleRes = state.md.helpers.parseLinkTitle(string, pos, maximum, None)","    titleRes = state.md.helpers.parseLinkTitle(string, pos, None)"
M8160ea356187d806,auto_non_equivalent,1,8,0,0,0,0,0,0,0,specified,markdown_it/main.py,render,287,CALL_ARGUMENT,"    return self.renderer.render(self.parse(src, env), self.options, env)","    return self.renderer.render(self.options, env)"
M8163469fa3ec7787,auto_non_equivalent,1,8,0,0,0,0,0,0,0,specified,markdown_it/renderer.py,renderInline,105,ARITHMETIC,"            result += self.renderToken(tokens, i, options, env)","            result -= self.renderToken(tokens, i, options, env)"
M816c69f745b8f716,auto_non_equivalent,1,8,0,0,0,0,0,0,0,specified,markdown_it/rules_block/lheading.py,lheading,68,CONSTANT_REPLACEMENT,"    content = state.getLines(startLine, nextLine, state.blkIndent, False).strip()","    content = state.getLines(startLine, nextLine, False).strip()"
M816f09969e4f5e76,auto_non_equivalent,1,8,0,0,0,0,0,0,0,specified,markdown_it/rules_block/fence.py,make_fence_rule,114,CALL_ARGUMENT,"            pos = state.skipCharsStr(pos, marker)","            pos = state.skipCharsStr(pos, )"
M8177ef1b30286a9f,auto_non_equivalent,1,8,0,0,0,0,0,0,0,specified,markdown_it/rules_inline/autolink.py,autolink,62,CONSTANT_REPLACEMENT,"            token = state.push(""link_open"", ""a"", 1)","            token = state.push(""link_open"", 1)"
M817f817d870caf7a,auto_non_equivalent,1,8,0,0,0,0,0,0,0,specified,markdown_it/helpers/parse_link_title.py,__init__,16,STATEMENT_REPLACEMENT,"    self.str = """"","    self.str = ""XXXX"""
M81891b6ecfb51dff,auto_non_equivalent,1,8,0,0,0,0,0,0,0,specified,markdown_it/common/utils.py,escapeHtml,143,CALL_ARGUMENT,"    raw = raw.replace(""<"", ""&lt;"")","    raw = raw.replace(""<"", ""&LT;"")"
M818cbb5edef32c82,auto_non_equivalent,1,8,0,0,0,0,0,0,0,specified,markdown_it/rules_inline/link.py,link,80,CONTROL_FLOW,                        break,                        return
M81a24b106191be6f,auto_non_equivalent,1,8,0,0,0,0,0,0,0,specified,markdown_it/rules_block/state_block.py,getLines,238,CONSTANT_REPLACEMENT,                    lineIndent += 1,                    lineIndent += 2
M81a3c2a5404ad3b1,auto_non_equivalent,1,8,0,0,0,0,0,0,0,specified,markdown_it/ruler.py,enable,205,CALL_ARGUMENT,        idx = self.__find__(name),        idx = self.__find__(None)
M81a87c129519623e,auto_non_equivalent,1,8,0,0,0,0,0,0,0,specified,markdown_it/rules_block/fence.py,make_fence_rule,87,STATEMENT_REPLACEMENT,        nextLine = startLine,        nextLine = None
M81ad00b604834da7,auto_non_equivalent,1,8,0,0,0,0,0,0,0,specified,markdown_it/rules_inline/html_inline.py,html_inline,25,CONSTANT_REPLACEMENT,    ch = state.src[pos + 1],    ch = state.src[pos + 2]
M81bdba02e755f18b,auto_non_equivalent,1,8,0,0,0,0,0,0,0,specified,markdown_it/rules_core/text_join.py,text_join,49,CONSTANT_REPLACEMENT,"                new_tokens[-1].content = """".join(parts)","                new_tokens[-2].content = """".join(parts)"
M81cf9348c1f411a1,auto_non_equivalent,1,8,0,0,0,0,0,0,0,specified,markdown_it/rules_block/blockquote.py,blockquote,239,CONSTANT_REPLACEMENT,"            if terminatorRule(state, nextLine, endLine, True):","            if terminatorRule(state, endLine, True):"
M81cf9f5e85806649,auto_non_equivalent,1,8,0,0,0,0,0,0,0,specified,markdown_it/rules_block/list.py,skipBulletListMarker,20,ARITHMETIC,    pos += 1,    pos -= 1
M81f2160f1da9c5c8,auto_non_equivalent,1,8,0,0,0,0,0,0,0,specified,markdown_it/rules_block/blockquote.py,blockquote,150,COMPARISON,"        evaluatesTrue = state.src[pos] == "">"" and not isOutdented",        evaluatesTrue = None
M81f614eef910687f,auto_non_equivalent,1,8,0,0,0,0,0,0,0,specified,markdown_it/rules_block/reference.py,reference,32,CALL_ARGUMENT,"        ch = charCodeAt(string, pos)","        ch = charCodeAt(string, )"
M81f8850c015038a2,auto_non_equivalent,1,8,0,0,0,0,0,0,0,specified,markdown_it/parser_block.py,tokenize,63,STATEMENT_REPLACEMENT,    line = startLine,    line = None
M81fe8f925f1627c5,auto_non_equivalent,1,8,0,0,0,0,0,0,0,specified,markdown_it/rules_block/code.py,code,28,CONTROL_FLOW,        break,        return
M820d6e115e47b49b,auto_non_equivalent,1,8,0,0,0,0,0,0,0,specified,markdown_it/rules_block/fence.py,make_fence_rule,43,COMPARISON,"        closing_matcher = lambda opening_len, closing_len: closing_len >= opening_len  # noqa: E731","        closing_matcher = lambda opening_len, closing_len: closing_len > opening_len  # noqa: E731"
M8218053a275ac806,auto_non_equivalent,1,8,0,0,0,0,0,0,0,specified,markdown_it/rules_block/state_block.py,__init__,98,CONSTANT_REPLACEMENT,            offset = 0,            offset = 1
M8219330a18318414,auto_non_equivalent,1,8,0,0,0,0,0,0,0,specified,markdown_it/rules_block/lheading.py,lheading,56,CONSTANT_REPLACEMENT,"            if terminatorRule(state, nextLine, endLine, True):","            if terminatorRule(state, nextLine, endLine, ):"
M821f1c526ddf145d,auto_non_equivalent,1,8,0,0,0,0,0,0,0,specified,markdown_it/rules_inline/autolink.py,autolink,57,CALL_ARGUMENT,"        fullUrl = state.md.normalizeLink(""mailto:"" + url)","        fullUrl = state.md.normalizeLink(""XXmailto:XX"" + url)"
M822f5053de43581c,auto_non_equivalent,1,8,0,0,0,0,0,0,0,specified,markdown_it/rules_inline/emphasis.py,_postProcess,64,COMPARISON,"            and delimiters[i - 1].end == startDelim.end + 1
            # check that first two markers match and adjacent
            and delimiters[i - 1].marker == startDelim.marker",            and delimiters[i - 1].end == startDelim.end + 1 or delimiters[i - 1].marker == startDelim.marker
M823bfa65c48efea6,auto_non_equivalent,1,8,0,0,0,0,0,0,0,specified,markdown_it/parser_inline.py,skipToken,152,CONSTANT_REPLACEMENT,"            ok = rule(state, True)",            ok = rule(True)
M824ab7b16629d8eb,auto_non_equivalent,1,8,0,0,0,0,0,0,0,specified,markdown_it/rules_block/heading.py,heading,51,CALL_ARGUMENT,"    tmp = state.skipCharsStrBack(maximum, ""#"", pos)","    tmp = state.skipCharsStrBack(maximum, pos)"
M8253ad9a0c8e05d6,auto_non_equivalent,1,8,0,0,0,0,0,0,0,specified,markdown_it/rules_block/list.py,list_block,232,CONSTANT_REPLACEMENT,"        token = state.push(""list_item_open"", ""li"", 1)","        token = state.push(""list_item_open"", None, 1)"
M825ec398e5206296,auto_non_equivalent,1,8,0,0,0,0,0,0,0,specified,markdown_it/common/utils.py,unescapeAll,127,CALL_ARGUMENT,"    return UNESCAPE_ALL_RE.sub(replacer_func, string)","    return UNESCAPE_ALL_RE.sub(replacer_func, )"
M825fb11b993961ce,auto_non_equivalent,1,8,0,0,0,0,0,0,0,specified,markdown_it/rules_inline/link.py,link,26,ARITHMETIC,    pos = labelEnd + 1,    pos = None
M8278d4ff9f5f6c2a,auto_non_equivalent,1,8,0,0,0,0,0,0,0,specified,markdown_it/rules_block/reference.py,reference,178,STATEMENT_REPLACEMENT,"            ""title"": title,","            ""TITLE"": title,"
M827d9b018d619f10,auto_non_equivalent,1,8,0,0,0,0,0,0,0,specified,markdown_it/renderer.py,fence,275,CONSTANT_REPLACEMENT,        langName = arr[0],        langName = None
M8297005dc7d78cc1,auto_non_equivalent,1,8,0,0,0,0,0,0,0,specified,markdown_it/rules_inline/emphasis.py,_postProcess,62,COMPARISON,"        isStrong = (
            i > 0
            and delimiters[i - 1].end == startDelim.end + 1
            # check that first two markers match and adjacent
            and delimiters[i - 1].marker == startDelim.marker
            and delimiters[i - 1].token == startDelim.token - 1
            # check that last two markers are adjacent (we can safely assume they match)
            and delimiters[startDelim.end + 1].token == endDelim.token + 1
        )",        isStrong = None
M82a539a2fbb639a4,auto_non_equivalent,1,8,0,0,0,0,0,0,0,specified,markdown_it/rules_inline/autolink.py,autolink,63,STATEMENT_REPLACEMENT,"            token.attrs = {""href"": fullUrl}","            token.attrs = {""HREF"": fullUrl}"
M82e66f713ea540c2,auto_non_equivalent,1,8,0,0,0,0,0,0,0,specified,markdown_it/ruler.py,enable,210,CONSTANT_REPLACEMENT,        self.__rules__[idx].enabled = True,        self.__rules__[idx].enabled = None
M82ea04d584c03c8c,auto_non_equivalent,1,8,0,0,0,0,0,0,0,specified,markdown_it/rules_block/blockquote.py,blockquote,334,ARITHMETIC,        state.tShift[i + startLine] = item,        state.tShift[i - startLine] = item
M831b37fc172b6064,auto_non_equivalent,1,8,0,0,0,0,0,0,0,specified,markdown_it/rules_inline/autolink.py,autolink,41,CONSTANT_REPLACEMENT,"            token = state.push(""link_open"", ""a"", 1)","            token = state.push(""link_open"", ""A"", 1)"
M831c5368bc58d509,auto_non_equivalent,1,8,0,0,0,0,0,0,0,specified,markdown_it/rules_block/state_block.py,push,121,CALL_ARGUMENT,"    token = Token(ttype, tag, nesting)","    token = Token(None, tag, nesting)"
M832ed2876375d2a7,auto_non_equivalent,1,8,0,0,0,0,0,0,0,specified,markdown_it/rules_inline/balance_pairs.py,processDelimiters,55,CONSTANT_REPLACEMENT,            (3 if closer.open else 0) + (closer.length % 3),            (4 if closer.open else 0) + (closer.length % 3)
M8346d33edf3a03ff,auto_non_equivalent,1,8,0,0,0,0,0,0,0,specified,markdown_it/rules_inline/emphasis.py,postProcess,102,CALL_ARGUMENT,"            _postProcess(state, token[""delimiters""])","            _postProcess(token[""delimiters""])"
M834da6cb30567222,auto_non_equivalent,1,8,0,0,0,0,0,0,0,specified,markdown_it/common/normalize_url.py,normalizeLinkText,48,CONSTANT_REPLACEMENT,"    parsed = mdurl.parse(url, slashes_denote_host=True)","    parsed = mdurl.parse(None, slashes_denote_host=True)"
M834dad758518f9a5,auto_non_equivalent,1,8,0,0,0,0,0,0,0,specified,markdown_it/parser_inline.py,tokenize,191,CONSTANT_REPLACEMENT,"                ok = rule(state, False)",                ok = None
M83631443c6739a7d,auto_non_equivalent,1,8,0,0,0,0,0,0,0,specified,markdown_it/rules_block/list.py,list_block,370,CONSTANT_REPLACEMENT,"        token = state.push(""bullet_list_close"", ""ul"", -1)","        token = state.push(""ul"", -1)"
M83635bbfcf1b8207,auto_non_equivalent,1,8,0,0,0,0,0,0,0,specified,markdown_it/rules_block/blockquote.py,blockquote,229,CONTROL_FLOW,            continue,            break
M8369b63114cdbb10,auto_non_equivalent,1,8,0,0,0,0,0,0,0,specified,markdown_it/rules_block/lheading.py,lheading,76,CONSTANT_REPLACEMENT,"    token = state.push(""inline"", """", 0)","    token = state.push(""inline"", """", None)"
M837a14ed6df97ec6,auto_non_equivalent,1,8,0,0,0,0,0,0,0,specified,markdown_it/rules_inline/balance_pairs.py,processDelimiters,52,ARITHMETIC,"            openersBottom[closer.marker] = [-1, -1, -1, -1, -1, -1]","            openersBottom[closer.marker] = [+1, -1, -1, -1, -1, -1]"
M83936b6dfbc07f44,auto_non_equivalent,1,8,0,0,0,0,0,0,0,specified,markdown_it/rules_inline/image.py,image,80,ARITHMETIC,                pos += 1,                pos -= 1
M83b87c79146fbe3b,auto_non_equivalent,1,8,0,0,0,0,0,0,0,specified,markdown_it/helpers/parse_link_destination.py,parseLinkDestination,71,ARITHMETIC,            level -= 1,            level += 1
M83ba8e4d5838b0d2,auto_non_equivalent,1,8,0,0,0,0,0,0,0,specified,markdown_it/common/utils.py,escapeHtml,143,CALL_ARGUMENT,"    raw = raw.replace(""<"", ""&lt;"")","    raw = raw.replace(""<"", ""XX&lt;XX"")"
M83c196d5060464d7,auto_non_equivalent,1,8,0,0,0,0,0,0,0,specified,markdown_it/rules_core/block.py,block,13,CALL_ARGUMENT,"        state.md.block.parse(state.src, state.md, state.env, state.tokens)","        state.md.block.parse(state.src, state.md, state.env, )"
M83cceb9b735e6f2a,auto_non_equivalent,1,8,0,0,0,0,0,0,0,specified,markdown_it/rules_block/reference.py,reference,120,COMPARISON,    if pos < maximum and start != pos and titleRes.ok:,    if pos < maximum and start == pos and titleRes.ok:
M83cd29cb76ab4d58,auto_non_equivalent,1,8,0,0,0,0,0,0,0,specified,markdown_it/rules_inline/emphasis.py,tokenize,37,CONSTANT_REPLACEMENT,    return True,    return False
M83cf531c40ba908f,auto_non_equivalent,1,8,0,0,0,0,0,0,0,specified,markdown_it/rules_block/html_block.py,html_block,80,ARITHMETIC,                    nextLine += 1,                    nextLine -= 1
M840bd32d5f5533b2,auto_non_equivalent,1,8,0,0,0,0,0,0,0,specified,markdown_it/rules_block/state_block.py,getLines,218,STATEMENT_REPLACEMENT,"        return """"","        return ""XXXX"""
M840e3160371fff0c,auto_non_equivalent,1,8,0,0,0,0,0,0,0,specified,markdown_it/helpers/parse_link_label.py,parseLinkLabel,24,COMPARISON,            if level == 0:,            if level != 0:
M842e4b49f0cd14a0,auto_non_equivalent,1,8,0,0,0,0,0,0,0,specified,markdown_it/helpers/parse_link_title.py,parseLinkTitle,50,ARITHMETIC,        pos += 1,        pos = 1
M84398617ddf10ec3,auto_non_equivalent,1,8,0,0,0,0,0,0,0,specified,markdown_it/renderer.py,renderToken,138,COMPARISON,    if token.block and token.nesting != -1 and idx and tokens[idx - 1].hidden:,    if token.block and token.nesting != -1 and idx or tokens[idx - 1].hidden:
M843ef90d01ed3bdc,auto_non_equivalent,1,8,0,0,0,0,0,0,0,specified,markdown_it/parser_inline.py,__init__,112,STATEMENT_REPLACEMENT,    self.terminator_re: re.Pattern[str] = _default_terminator_re(),    self.terminator_re: re.Pattern[str] = None
M8449d2d52cd9292d,auto_non_equivalent,1,8,0,0,0,0,0,0,0,specified,markdown_it/rules_inline/backticks.py,backtick,53,STATEMENT_REPLACEMENT,"                token.content = state.src[pos:matchStart].replace(""\n"", "" "")",                token.content = None
M844c2b68230bbf77,auto_non_equivalent,1,8,0,0,0,0,0,0,0,specified,markdown_it/rules_inline/newline.py,newline,24,ARITHMETIC,                ws = pmax - 1,                ws = None
M845b024a2f07baf9,auto_non_equivalent,1,8,0,0,0,0,0,0,0,specified,markdown_it/rules_inline/escape.py,escape,48,ARITHMETIC,"    origStr = ""\\"" + escapedStr","    origStr = ""\\"" - escapedStr"
M84630c58f2d760ab,auto_non_equivalent,1,8,0,0,0,0,0,0,0,specified,markdown_it/rules_block/hr.py,hr,42,ARITHMETIC,            cnt += 1,            cnt = 1
M8463632df1b198f9,auto_non_equivalent,1,8,0,0,0,0,0,0,0,specified,markdown_it/rules_inline/link.py,link,96,COMPARISON,"        if pos < maximum and state.src[pos] == ""["":","        if pos < maximum and state.src[pos] != ""["":"
M8475b7d081f75638,auto_non_equivalent,1,8,0,0,0,0,0,0,0,specified,markdown_it/rules_inline/image.py,image,140,CALL_ARGUMENT,"            token.attrSet(""title"", title)","            token.attrSet(""XXtitleXX"", title)"
M849ef1327f8c7633,auto_non_equivalent,1,6,2,0,0,0,0,0,0,specified,markdown_it/rules_block/blockquote.py,blockquote,95,ARITHMETIC,        state.sCount[startLine] + 1 + (1 if spaceAfterMarker else 0),        state.sCount[startLine] + 1 - (1 if spaceAfterMarker else 0)
M84a348744d687a33,auto_non_equivalent,1,8,0,0,0,0,0,0,0,specified,markdown_it/helpers/parse_link_destination.py,parseLinkDestination,77,CONSTANT_REPLACEMENT,    if level != 0:,    if level != 1:
M84b942f73989dde8,auto_non_equivalent,1,8,0,0,0,0,0,0,0,specified,markdown_it/rules_block/state_block.py,__init__,108,ARITHMETIC,    self.lineMax = len(self.bMarks) - 1  # don't count last fake line,    self.lineMax = None  # don't count last fake line
M84b9ccf55c0a4b57,auto_non_equivalent,1,8,0,0,0,0,0,0,0,specified,markdown_it/rules_block/heading.py,heading,61,CONSTANT_REPLACEMENT,"    token = state.push(""inline"", """", 0)","    token = state.push(""inline"", """", )"
M8502271f758cc578,auto_non_equivalent,1,8,0,0,0,0,0,0,0,specified,markdown_it/rules_inline/newline.py,newline,22,CONSTANT_REPLACEMENT,"            if pmax >= 1 and charStrAt(state.pending, pmax - 1) == "" "":","            if pmax >= 1 and charStrAt(pmax - 1) == "" "":"
M853b6b6d7cb4c24f,auto_non_equivalent,1,8,0,0,0,0,0,0,0,specified,markdown_it/renderer.py,__init__,63,COMPARISON,"        for k, v in inspect.getmembers(self, predicate=inspect.ismethod)","        for k, v in inspect.getmembers(None, predicate=inspect.ismethod)"
M85402b35706e9776,auto_non_equivalent,1,8,0,0,0,0,0,0,0,specified,markdown_it/rules_inline/emphasis.py,postProcess,101,STATEMENT_REPLACEMENT,"        if token and ""delimiters"" in token:","        if token and ""DELIMITERS"" in token:"
M8563568554d0a2f4,auto_non_equivalent,1,8,0,0,0,0,0,0,0,specified,markdown_it/rules_inline/autolink.py,autolink,41,CONSTANT_REPLACEMENT,"            token = state.push(""link_open"", ""a"", 1)","            token = state.push(""link_open"", ""a"", None)"
M85812b7e95e365a3,auto_non_equivalent,1,8,0,0,0,0,0,0,0,specified,markdown_it/rules_inline/balance_pairs.py,processDelimiters,84,CONSTANT_REPLACEMENT,                    isOddMatch = True,                    isOddMatch = False
M858980deb5847b4e,auto_non_equivalent,1,8,0,0,0,0,0,0,0,specified,markdown_it/rules_block/lheading.py,lheading,40,CALL_ARGUMENT,"                    pos = state.skipCharsStr(pos, marker)","                    pos = state.skipCharsStr(pos, None)"
M858c60111dbb37f1,auto_non_equivalent,1,8,0,0,0,0,0,0,0,specified,markdown_it/rules_block/reference.py,getNextLine,231,ARITHMETIC,    pos = state.bMarks[nextLine] + state.tShift[nextLine],    pos = None
M859b3c97edf5f403,auto_non_equivalent,1,8,0,0,0,0,0,0,0,specified,markdown_it/rules_block/lheading.py,lheading,72,CONSTANT_REPLACEMENT,"    token = state.push(""heading_open"", ""h"" + str(level), 1)","    token = state.push(""h"" + str(level), 1)"
M85a4ea73b8685d1d,auto_non_equivalent,1,8,0,0,0,0,0,0,0,specified,markdown_it/renderer.py,image,329,CALL_ARGUMENT,"    return self.renderToken(tokens, idx, options, env)","    return self.renderToken(idx, options, env)"
M85a4ebc2a3a2a844,auto_non_equivalent,1,8,0,0,0,0,0,0,0,specified,markdown_it/rules_block/blockquote.py,blockquote,240,CONSTANT_REPLACEMENT,                terminate = True,                terminate = None
M85ad70e1bf41e60f,auto_non_equivalent,1,8,0,0,0,0,0,0,0,specified,markdown_it/rules_block/state_block.py,__init__,87,COMPARISON,"        if character == ""\n"" or pos == length - 1:","        if character == ""\n"" or pos != length - 1:"
M85bb53c2f5feff3c,auto_non_equivalent,1,8,0,0,0,0,0,0,0,specified,markdown_it/rules_inline/state_inline.py,scanDelims,156,BOOLEAN_CONNECTOR,"        isLastWhiteSpace
        or (isLastPunctChar and not (isNextWhiteSpace or isNextPunctChar))",        isLastWhiteSpace and (isLastPunctChar and not (isNextWhiteSpace or isNextPunctChar))
M85bf65ece8472e3a,auto_non_equivalent,1,8,0,0,0,0,0,0,0,specified,markdown_it/rules_block/html_block.py,html_block,86,CONSTANT_REPLACEMENT,"    token = state.push(""html_block"", """", 0)","    token = state.push("""", 0)"
M85c196706b759773,auto_non_equivalent,1,8,0,0,0,0,0,0,0,specified,markdown_it/rules_block/paragraph.py,paragraph,41,CONSTANT_REPLACEMENT,"            if terminatorRule(state, nextLine, endLine, True):","            if terminatorRule(state, nextLine, True):"
M85c6d1f4307f9075,auto_non_equivalent,1,8,0,0,0,0,0,0,0,specified,markdown_it/helpers/parse_link_destination.py,parseLinkDestination,71,ARITHMETIC,            level -= 1,            level = 1
M85d4523c6cdca217,auto_non_equivalent,1,8,0,0,0,0,0,0,0,specified,markdown_it/renderer.py,render,84,ARITHMETIC,"            result += self.rules[token.type](tokens, i, options, env)","            result -= self.rules[token.type](tokens, i, options, env)"
M85dbf00e6e60434d,auto_non_equivalent,1,8,0,0,0,0,0,0,0,specified,markdown_it/rules_block/reference.py,reference,101,ARITHMETIC,                nextLine += 1,                nextLine -= 1
M85e2a7af362b4571,auto_non_equivalent,1,8,0,0,0,0,0,0,0,specified,markdown_it/rules_inline/newline.py,newline,31,ARITHMETIC,                state.pending = state.pending[:-1],                state.pending = state.pending[:+1]
M86154c4ad78e7f4c,auto_non_equivalent,1,8,0,0,0,0,0,0,0,specified,markdown_it/rules_inline/image.py,image,103,ARITHMETIC,                pos += 1,                pos -= 1
M8620c0ee3e056784,auto_non_equivalent,1,8,0,0,0,0,0,0,0,specified,markdown_it/rules_core/text_join.py,text_join,53,STATEMENT_REPLACEMENT,        inline_token.children = new_tokens,        inline_token.children = None
M86413ea0a48fda83,auto_non_equivalent,1,8,0,0,0,0,0,0,0,specified,markdown_it/helpers/parse_link_label.py,parseLinkLabel,28,STATEMENT_REPLACEMENT,        prevPos = state.pos,        prevPos = None
M8651eb31d0ea13f9,auto_non_equivalent,1,8,0,0,0,0,0,0,0,specified,markdown_it/rules_inline/escape.py,escape,56,CONSTANT_REPLACEMENT,    state.pos = pos + 1,    state.pos = pos + 2
M865c8e429ea480a5,auto_non_equivalent,1,8,0,0,0,0,0,0,0,specified,markdown_it/rules_block/code.py,code,32,CONSTANT_REPLACEMENT,"    token = state.push(""code_block"", ""code"", 0)","    token = state.push(""code"", 0)"
M866f72c528e1322d,auto_non_equivalent,1,8,0,0,0,0,0,0,0,specified,markdown_it/rules_inline/text.py,text,9,STATEMENT_REPLACEMENT,    pos = state.pos,    pos = None
M86a5ff45c29c8179,auto_non_equivalent,1,8,0,0,0,0,0,0,0,specified,markdown_it/rules_block/list.py,list_block,209,CONSTANT_REPLACEMENT,                offset += 4 - (offset + state.bsCount[nextLine]) % 4,                offset += 4 - (offset + state.bsCount[nextLine]) % 5
M86cfb25a75394f48,auto_non_equivalent,1,8,0,0,0,0,0,0,0,specified,markdown_it/rules_inline/autolink.py,autolink,23,COMPARISON,        if pos >= maximum:,        if pos > maximum:
M86e5de01af425d35,auto_non_equivalent,1,8,0,0,0,0,0,0,0,specified,markdown_it/rules_block/paragraph.py,paragraph,62,CONSTANT_REPLACEMENT,"    token = state.push(""paragraph_close"", ""p"", -1)","    token = state.push(""paragraph_close"", ""P"", -1)"
M86f755eb8efaaca0,auto_non_equivalent,1,8,0,0,0,0,0,0,0,specified,markdown_it/rules_block/reference.py,getNextLine,221,CONSTANT_REPLACEMENT,"            if terminatorRule(state, nextLine, endLine, True):","            if terminatorRule(state, nextLine, True):"
M86fbf333f128cb02,auto_non_equivalent,1,8,0,0,0,0,0,0,0,specified,markdown_it/helpers/parse_link_title.py,parseLinkTitle,63,CONSTANT_REPLACEMENT,            state.ok = True,            state.ok = False
M8703d90743ffecc0,auto_non_equivalent,1,8,0,0,0,0,0,0,0,specified,markdown_it/rules_block/list.py,markTightParagraphs,92,ARITHMETIC,    length = len(state.tokens) - 2,    length = len(state.tokens) + 2
M871b3ef793a98ed0,auto_non_equivalent,1,8,0,0,0,0,0,0,0,specified,markdown_it/rules_core/text_join.py,text_join,44,STATEMENT_REPLACEMENT,"                        next_token.type = ""text""",                        next_token.type = None
M8731697d023e034f,auto_non_equivalent,1,8,0,0,0,0,0,0,0,specified,markdown_it/rules_inline/state_inline.py,__init__,68,STATEMENT_REPLACEMENT,    self._prev_delimiters: list[list[Delimiter]] = [],    self._prev_delimiters: list[list[Delimiter]] = None
M877273202900fd0b,auto_non_equivalent,1,8,0,0,0,0,0,0,0,specified,markdown_it/rules_inline/fragments_join.py,fragments_join,49,STATEMENT_REPLACEMENT,            state.tokens[last] = state.tokens[curr],            state.tokens[last] = None
M877ed658e77cef48,auto_non_equivalent,1,8,0,0,0,0,0,0,0,specified,markdown_it/rules_block/paragraph.py,paragraph,29,COMPARISON,        if state.sCount[nextLine] - state.blkIndent > 3:,        if state.sCount[nextLine] + state.blkIndent > 3:
M8797a98cf24954eb,auto_non_equivalent,1,8,0,0,0,0,0,0,0,specified,markdown_it/rules_inline/link.py,link,87,CONSTANT_REPLACEMENT,        pos += 1,        pos += 2
M8798c2cd71bdd306,auto_non_equivalent,1,8,0,0,0,0,0,0,0,specified,markdown_it/rules_inline/link.py,link,121,STATEMENT_REPLACEMENT,"        title = ref[""title""]","        title = ref[""TITLE""]"
M879dbb15f635e35d,auto_non_equivalent,1,8,0,0,0,0,0,0,0,specified,markdown_it/rules_inline/link.py,link,70,CALL_ARGUMENT,"            res = state.md.helpers.parseLinkTitle(state.src, pos, state.posMax)","            res = state.md.helpers.parseLinkTitle(None, pos, state.posMax)"
M87a8fb3f7aeac7de,auto_non_equivalent,1,8,0,0,0,0,0,0,0,specified,markdown_it/rules_inline/balance_pairs.py,link_pairs,129,STATEMENT_REPLACEMENT,    maximum = len(state.tokens_meta),    maximum = None
M87c577a10218fb28,auto_non_equivalent,1,8,0,0,0,0,0,0,0,specified,markdown_it/rules_inline/autolink.py,autolink,70,ARITHMETIC,"            token = state.push(""link_close"", ""a"", -1)","            token = state.push(""link_close"", ""a"", )"
M87d6e58c0d6fed3d,auto_non_equivalent,1,8,0,0,0,0,0,0,0,specified,markdown_it/rules_inline/autolink.py,autolink,67,CONSTANT_REPLACEMENT,"            token = state.push(""text"", """", 0)","            token = state.push(None, """", 0)"
M87f78b28ccd11be3,auto_non_equivalent,1,8,0,0,0,0,0,0,0,specified,markdown_it/rules_inline/image.py,image,63,COMPARISON,"            if not isStrSpace(ch) and ch != ""\n"":","            if not isStrSpace(ch) or ch != ""\n"":"
M87f97fb84cb35f59,auto_non_equivalent,1,8,0,0,0,0,0,0,0,specified,markdown_it/rules_block/hr.py,hr,54,ARITHMETIC,    token.markup = marker * (cnt + 1),    token.markup = marker / (cnt + 1)
M88158a8c449c168c,auto_non_equivalent,1,8,0,0,0,0,0,0,0,specified,markdown_it/rules_inline/autolink.py,autolink,70,CONSTANT_REPLACEMENT,"            token = state.push(""link_close"", ""a"", -1)","            token = state.push(""a"", -1)"
M881d4d6e6cd29524,auto_non_equivalent,1,8,0,0,0,0,0,0,0,specified,markdown_it/common/utils.py,unescapeAll,119,CONSTANT_REPLACEMENT,        escaped = match.group(1),        escaped = match.group(None)
M8820d797d5a6815b,auto_non_equivalent,1,8,0,0,0,0,0,0,0,specified,markdown_it/rules_block/state_block.py,__init__,80,ARITHMETIC,                    offset += 4 - offset % 4,                    offset -= 4 - offset % 4
M88211803758d149b,auto_non_equivalent,1,8,0,0,0,0,0,0,0,specified,markdown_it/rules_inline/state_inline.py,push,99,CALL_ARGUMENT,"    token = Token(ttype, tag, nesting)","    token = Token(ttype, nesting)"
M882757f7abc3f710,auto_non_equivalent,1,8,0,0,0,0,0,0,0,specified,markdown_it/rules_inline/state_inline.py,push,109,CONSTANT_REPLACEMENT,    if nesting > 0:,    if nesting > 1:
M8833d8e27d81bf6c,auto_non_equivalent,1,8,0,0,0,0,0,0,0,specified,markdown_it/rules_block/blockquote.py,blockquote,101,ARITHMETIC,    state.sCount[startLine] = offset - initial,    state.sCount[startLine] = None
M8843701576d33988,auto_non_equivalent,1,8,0,0,0,0,0,0,0,specified,markdown_it/rules_block/reference.py,reference,142,CALL_ARGUMENT,"            ch = charCodeAt(string, pos)","            ch = charCodeAt(string, None)"
M8845a2e8795f618b,auto_non_equivalent,1,8,0,0,0,0,0,0,0,specified,markdown_it/rules_inline/balance_pairs.py,processDelimiters,22,STATEMENT_REPLACEMENT,        closer = delimiters[closerIdx],        closer = None
M885883a9954b596c,auto_non_equivalent,1,8,0,0,0,0,0,0,0,specified,markdown_it/rules_block/list.py,markTightParagraphs,95,ARITHMETIC,            state.tokens[i + 2].hidden = True,            state.tokens[i + 2].hidden = None
M885b4714f8ae01ed,auto_non_equivalent,1,8,0,0,0,0,0,0,0,specified,markdown_it/rules_block/blockquote.py,blockquote,240,CONSTANT_REPLACEMENT,                terminate = True,                terminate = False
M887fc7bc30200cc8,auto_non_equivalent,1,8,0,0,0,0,0,0,0,specified,markdown_it/parser_inline.py,skipToken,152,CONSTANT_REPLACEMENT,"            ok = rule(state, True)",            ok = None
M888993de8d13e7f2,auto_non_equivalent,1,8,0,0,0,0,0,0,0,specified,markdown_it/rules_block/list.py,list_block,211,CONSTANT_REPLACEMENT,                offset += 1,                offset += 2
M889aa2901e195003,auto_non_equivalent,1,8,0,0,0,0,0,0,0,specified,markdown_it/rules_block/blockquote.py,blockquote,164,COMPARISON,"            if next_char == "" "":","            if next_char != "" "":"
M88aa32b1dfd68442,auto_non_equivalent,1,8,0,0,0,0,0,0,0,specified,markdown_it/renderer.py,render,84,CALL_ARGUMENT,"            result += self.rules[token.type](tokens, i, options, env)","            result += self.rules[token.type](i, options, env)"
M88acb82b79694ca3,auto_non_equivalent,1,8,0,0,0,0,0,0,0,specified,markdown_it/renderer.py,fence,310,STATEMENT_REPLACEMENT,"        + ""</code></pre>\n""","        + ""</CODE></PRE>\n"""
M88b06955099ebcde,auto_non_equivalent,1,8,0,0,0,0,0,0,0,specified,markdown_it/rules_block/reference.py,reference,83,BOOLEAN_CONNECTOR,    if not state.md.validateLink(href):,    if not state.md.validateLink(None):
M88bfccae8e44c04c,auto_non_equivalent,1,8,0,0,0,0,0,0,0,specified,markdown_it/rules_block/list.py,skipOrderedListMarker,44,ARITHMETIC,        return -1,        return +1
M88d1a569808ebae5,auto_non_equivalent,1,8,0,0,0,0,0,0,0,specified,markdown_it/rules_inline/backticks.py,backtick,12,COMPARISON,"    if state.src[pos] != ""`"":","    if state.src[pos] == ""`"":"
M8911e7c040a0a3a2,auto_non_equivalent,1,8,0,0,0,0,0,0,0,specified,markdown_it/rules_block/fence.py,make_fence_rule,136,ARITHMETIC,"        token.content = state.getLines(startLine + 1, nextLine, length, True)","        token.content = state.getLines(startLine + 1, nextLine, None, True)"
M892b29028ae23206,auto_non_equivalent,1,7,0,1,0,0,0,0,0,specified,markdown_it/cli/parse.py,parse_args,113,ARITHMETIC,"    parser.add_argument(""-v"", ""--version"", action=""version"", version=version_str)","    parser.add_argument(None, ""--version"", action=""version"", version=version_str)"
M89533f4e5ab3708d,auto_non_equivalent,1,8,0,0,0,0,0,0,0,specified,markdown_it/rules_core/block.py,block,13,CALL_ARGUMENT,"        state.md.block.parse(state.src, state.md, state.env, state.tokens)","        state.md.block.parse(state.src, state.md, state.env, None)"
M89b081b60eafd14c,auto_non_equivalent,1,8,0,0,0,0,0,0,0,specified,markdown_it/cli/parse.py,convert_file,54,STATEMENT_REPLACEMENT,            rendered = MarkdownIt().render(fin.read()),            rendered = None
M89baf1655345b157,auto_non_equivalent,1,8,0,0,0,0,0,0,0,specified,markdown_it/rules_block/list.py,skipOrderedListMarker,52,ARITHMETIC,        return -1,        return +1
M89bc4862b8694a65,auto_non_equivalent,1,8,0,0,0,0,0,0,0,specified,markdown_it/rules_block/reference.py,reference,66,COMPARISON,"            if (lineContent := getNextLine(state, nextLine)) is not None:","            if (lineContent := getNextLine(state, None)) is not None:"
M89df519ec71e278b,auto_non_equivalent,1,8,0,0,0,0,0,0,0,specified,markdown_it/parser_inline.py,__init__,104,STATEMENT_REPLACEMENT,    self.ruler2 = Ruler[RuleFuncInline2Type](),    self.ruler2 = None
M89e092abca22a579,auto_non_equivalent,1,8,0,0,0,0,0,0,0,specified,markdown_it/rules_block/html_block.py,html_block,69,BOOLEAN_CONNECTOR,    if not html_seq[1].search(lineText):,    if not html_seq[1].search(None):
M89e6242ab5af1c96,auto_non_equivalent,1,8,0,0,0,0,0,0,0,specified,markdown_it/common/normalize_url.py,normalizeLinkText,63,ARITHMETIC,"    return mdurl.decode(mdurl.format(parsed), mdurl.DECODE_DEFAULT_CHARS + ""%"")","    return mdurl.decode(None, mdurl.DECODE_DEFAULT_CHARS + ""%"")"
M89e902ad6f9572b8,auto_non_equivalent,1,8,0,0,0,0,0,0,0,specified,markdown_it/rules_inline/image.py,image,50,CALL_ARGUMENT,"        res = state.md.helpers.parseLinkDestination(state.src, pos, state.posMax)","        res = state.md.helpers.parseLinkDestination(pos, state.posMax)"
M8a09f8c526d2bbfd,auto_non_equivalent,1,8,0,0,0,0,0,0,0,specified,markdown_it/rules_inline/entity.py,entity,43,CONSTANT_REPLACEMENT,        if (match := NAMED_RE.search(state.src[pos:])) and match.group(1) in entities:,        if (match := NAMED_RE.search(state.src[pos:])) and match.group(2) in entities:
M8a15d67181afab90,auto_non_equivalent,1,8,0,0,0,0,0,0,0,specified,markdown_it/rules_inline/autolink.py,autolink,41,CONSTANT_REPLACEMENT,"            token = state.push(""link_open"", ""a"", 1)","            token = state.push(""a"", 1)"
M8a1b1cec9e3aaa9f,auto_non_equivalent,1,8,0,0,0,0,0,0,0,specified,markdown_it/rules_inline/image.py,image,100,CALL_ARGUMENT,"            pos = state.md.helpers.parseLinkLabel(state, pos)",            pos = state.md.helpers.parseLinkLabel(pos)
M8a3100a419a4c5df,auto_non_equivalent,1,8,0,0,0,0,0,0,0,specified,markdown_it/rules_core/inline.py,inline,7,COMPARISON,"        if token.type == ""inline"":","        if token.type != ""inline"":"
M8a3ab1981f1a3db7,auto_non_equivalent,1,8,0,0,0,0,0,0,0,specified,markdown_it/parser_inline.py,skipToken,139,STATEMENT_REPLACEMENT,"    maxNesting = state.md.options[""maxNesting""]","    maxNesting = state.md.options[""XXmaxNestingXX""]"
M8a42a669e25d74ae,auto_non_equivalent,1,8,0,0,0,0,0,0,0,specified,markdown_it/rules_block/blockquote.py,blockquote,106,CALL_ARGUMENT,"    terminatorRules = state.md.block.ruler.getRules(""blockquote"")",    terminatorRules = state.md.block.ruler.getRules(None)
M8a626c6b3b546b98,auto_non_equivalent,1,8,0,0,0,0,0,0,0,specified,markdown_it/parser_inline.py,tokenize,177,CALL_ARGUMENT,"    rules = self.ruler.getRules("""")",    rules = self.ruler.getRules(None)
M8a63fb0c8a7dc294,auto_non_equivalent,1,8,0,0,0,0,0,0,0,specified,markdown_it/rules_inline/balance_pairs.py,processDelimiters,32,COMPARISON,            or lastTokenIdx != closer.token - 1,            or lastTokenIdx == closer.token - 1
M8a85034917f0fe33,auto_non_equivalent,1,8,0,0,0,0,0,0,0,specified,markdown_it/rules_block/list.py,list_block,368,CONSTANT_REPLACEMENT,"        token = state.push(""ordered_list_close"", ""ol"", -1)","        token = state.push(""ol"", -1)"
M8a8b2bdd34c355de,auto_non_equivalent,1,6,2,0,0,0,0,0,0,specified,markdown_it/renderer.py,renderToken,155,COMPARISON,        if token.nesting == 1 and (idx + 1 < len(tokens)):,        if token.nesting == 1 or (idx + 1 < len(tokens)):
M8a8cf54cd5fe90b3,auto_non_equivalent,1,8,0,0,0,0,0,0,0,specified,markdown_it/renderer.py,hardbreak,334,STATEMENT_REPLACEMENT,"    return ""<br />\n"" if options.xhtmlOut else ""<br>\n""","    return ""XX<br />\nXX"" if options.xhtmlOut else ""<br>\n"""
M8a9e056adc64e25a,auto_non_equivalent,1,8,0,0,0,0,0,0,0,specified,markdown_it/rules_block/html_block.py,html_block,86,CONSTANT_REPLACEMENT,"    token = state.push(""html_block"", """", 0)","    token = state.push(""html_block"", 0)"
M8aa5d50f92725e10,auto_non_equivalent,1,5,0,0,3,0,0,0,0,specified,markdown_it/rules_block/blockquote.py,blockquote,274,CONSTANT_REPLACEMENT,    state.blkIndent = 0,    state.blkIndent = 1
M8aaf4ef396965622,auto_non_equivalent,1,8,0,0,0,0,0,0,0,specified,markdown_it/common/utils.py,isValidEntityCode,63,COMPARISON,    if ((c & 0xFFFF) == 0xFFFF) or ((c & 0xFFFF) == 0xFFFE):,    if ((c & 0xFFFF) == 0xFFFF) or ((c & 0xFFFF) != 0xFFFE):
M8ab31f6996172295,auto_non_equivalent,1,1,7,0,0,0,0,0,0,specified,markdown_it/renderer.py,renderToken,163,COMPARISON,            elif nextToken.nesting == -1 and nextToken.tag == token.tag:,            elif nextToken.nesting != -1 and nextToken.tag == token.tag:
M8acb54a32549441f,auto_non_equivalent,1,8,0,0,0,0,0,0,0,specified,markdown_it/common/utils.py,unescapeAll,119,CONSTANT_REPLACEMENT,        escaped = match.group(1),        escaped = match.group(2)
M8ad3fa98c0d8b643,auto_non_equivalent,1,8,0,0,0,0,0,0,0,specified,markdown_it/rules_block/html_block.py,html_block,69,CONSTANT_REPLACEMENT,    if not html_seq[1].search(lineText):,    if not html_seq[2].search(lineText):
M8ae3bb233da77bcf,auto_non_equivalent,1,8,0,0,0,0,0,0,0,specified,markdown_it/rules_inline/entity.py,entity,46,CONSTANT_REPLACEMENT,                token.content = entities[match.group(1)],                token.content = entities[match.group(None)]
M8ae806cb14227c9d,auto_non_equivalent,1,8,0,0,0,0,0,0,0,specified,markdown_it/helpers/parse_link_destination.py,parseLinkDestination,22,CONSTANT_REPLACEMENT,        pos += 1,        pos += 2
M8af00b7fba7661bf,auto_non_equivalent,1,8,0,0,0,0,0,0,0,specified,markdown_it/helpers/parse_link_destination.py,parseLinkDestination,21,CONSTANT_REPLACEMENT,"    if charCodeAt(string, pos) == 0x3C:  # /* < */",    if charCodeAt(pos) == 0x3C:  # /* < */
M8b3ec0d5ec2f58c1,auto_non_equivalent,1,8,0,0,0,0,0,0,0,specified,markdown_it/rules_block/reference.py,reference,118,STATEMENT_REPLACEMENT,"        titleRes = state.md.helpers.parseLinkTitle(string, pos, maximum, titleRes)",        titleRes = None
M8b46419415a872c3,auto_non_equivalent,1,8,0,0,0,0,0,0,0,specified,markdown_it/rules_block/state_block.py,__init__,97,CONSTANT_REPLACEMENT,            indent = 0,            indent = None
M8b4c5f184ec78cbe,auto_non_equivalent,1,8,0,0,0,0,0,0,0,specified,markdown_it/rules_block/fence.py,make_fence_rule,116,BOOLEAN_CONNECTOR,"            if not closing_matcher(length, pos - mem):","            if not closing_matcher(None, pos - mem):"
M8b9ab1328d0f8ce5,auto_non_equivalent,1,8,0,0,0,0,0,0,0,specified,markdown_it/parser_inline.py,parse,210,CALL_ARGUMENT,"    state = StateInline(src, md, env, tokens)","    state = StateInline(src, md, env, )"
M8baf59c814725487,auto_non_equivalent,1,8,0,0,0,0,0,0,0,specified,markdown_it/rules_inline/autolink.py,autolink,28,COMPARISON,"        if ch == ""<"":","        if ch != ""<"":"
M8bb960d0bd51787b,auto_non_equivalent,1,8,0,0,0,0,0,0,0,specified,markdown_it/rules_inline/balance_pairs.py,processDelimiters,52,CONSTANT_REPLACEMENT,"            openersBottom[closer.marker] = [-1, -1, -1, -1, -1, -1]","            openersBottom[closer.marker] = [-1, -1, -1, -1, -2, -1]"
M8be3763b0905a80a,auto_non_equivalent,1,8,0,0,0,0,0,0,0,specified,markdown_it/parser_block.py,parse,112,CALL_ARGUMENT,"    self.tokenize(state, state.line, state.lineMax)","    self.tokenize(state, state.line, )"
M8c2f32ab8929a9a6,auto_non_equivalent,1,8,0,0,0,0,0,0,0,specified,markdown_it/rules_inline/html_inline.py,html_inline,26,COMPARISON,"    if ch not in (""!"", ""?"", ""/"") and not isLetter(ord(ch)):  # /* / */","    if ch not in (""!"", ""?"", ""/"") or not isLetter(ord(ch)):  # /* / */"
M8c80d70a18c92cd3,auto_non_equivalent,1,8,0,0,0,0,0,0,0,specified,markdown_it/rules_inline/balance_pairs.py,processDelimiters,24,CONSTANT_REPLACEMENT,        jumps.append(0),        jumps.append(1)
M8c907905b39310cf,auto_non_equivalent,1,8,0,0,0,0,0,0,0,specified,markdown_it/parser_inline.py,parse,212,STATEMENT_REPLACEMENT,"    rules2 = self.ruler2.getRules("""")",    rules2 = None
M8c9492502ab10a1a,auto_non_equivalent,1,8,0,0,0,0,0,0,0,specified,markdown_it/helpers/parse_link_title.py,parseLinkTitle,65,COMPARISON,        elif code == 0x28 and state.marker == 0x29:  # /* ( */  /* ) */,        elif code == 0x28 or state.marker == 0x29:  # /* ( */  /* ) */
M8c9887bbd74eacf5,auto_non_equivalent,1,8,0,0,0,0,0,0,0,specified,markdown_it/rules_block/reference.py,reference,35,CONSTANT_REPLACEMENT,        elif ch == 0x5D:  # /* ] */,        elif ch == 94:  # /* ] */
M8cb8ef94405dd394,auto_non_equivalent,1,8,0,0,0,0,0,0,0,specified,markdown_it/rules_inline/state_inline.py,__init__,76,CONSTANT_REPLACEMENT,    self.linkLevel = 0,    self.linkLevel = None
M8cbe161c81aee3fe,auto_non_equivalent,1,8,0,0,0,0,0,0,0,specified,markdown_it/rules_inline/image.py,image,78,COMPARISON,"                if not isStrSpace(ch) and ch != ""\n"":","                if not isStrSpace(None) and ch != ""\n"":"
M8cd3e54ef9881cad,auto_non_equivalent,1,8,0,0,0,0,0,0,0,specified,markdown_it/rules_inline/image.py,image,140,CALL_ARGUMENT,"            token.attrSet(""title"", title)","            token.attrSet(""TITLE"", title)"
M8cea414892a7b9c9,auto_non_equivalent,1,8,0,0,0,0,0,0,0,specified,markdown_it/rules_block/paragraph.py,paragraph,50,CONSTANT_REPLACEMENT,"    content = state.getLines(startLine, nextLine, state.blkIndent, False).strip()","    content = state.getLines(startLine, nextLine, state.blkIndent, ).strip()"
M8cf90a9e21dd7d90,auto_non_equivalent,1,8,0,0,0,0,0,0,0,specified,markdown_it/rules_inline/balance_pairs.py,processDelimiters,52,ARITHMETIC,"            openersBottom[closer.marker] = [-1, -1, -1, -1, -1, -1]","            openersBottom[closer.marker] = [-1, -1, +1, -1, -1, -1]"
M8d04586d3be66358,auto_non_equivalent,1,8,0,0,0,0,0,0,0,specified,markdown_it/rules_inline/newline.py,newline,32,CONSTANT_REPLACEMENT,"                state.push(""softbreak"", ""br"", 0)","                state.push(""br"", 0)"
M8d048e8d42ee46d4,auto_non_equivalent,1,8,0,0,0,0,0,0,0,specified,markdown_it/helpers/parse_link_title.py,parseLinkTitle,49,CONSTANT_REPLACEMENT,        start += 1,        start += 2
M8d0a51dd5dd6a523,auto_non_equivalent,1,8,0,0,0,0,0,0,0,specified,markdown_it/rules_inline/backticks.py,backtick,59,CONSTANT_REPLACEMENT,                    token.content = token.content[1:-1],                    token.content = token.content[1:-2]
M8d0a766fb98f1d4e,auto_non_equivalent,1,8,0,0,0,0,0,0,0,specified,markdown_it/rules_inline/autolink.py,autolink,30,COMPARISON,"        if ch == "">"":","        if ch != "">"":"
M8d24bf4403b2bbe8,auto_non_equivalent,1,8,0,0,0,0,0,0,0,specified,markdown_it/rules_inline/autolink.py,autolink,15,COMPARISON,"    if state.src[pos] != ""<"":","    if state.src[pos] == ""<"":"
M8d3307e537b38486,auto_non_equivalent,1,8,0,0,0,0,0,0,0,specified,markdown_it/common/utils.py,unescapeAll,125,COMPARISON,"    if ""\\"" not in string and ""&"" not in string:","    if ""\\"" not in string or ""&"" not in string:"
M8d3a7c8c597bc333,auto_non_equivalent,1,8,0,0,0,0,0,0,0,specified,markdown_it/rules_block/html_block.py,html_block,86,CONSTANT_REPLACEMENT,"    token = state.push(""html_block"", """", 0)","    token = state.push(""HTML_BLOCK"", """", 0)"
M8d4280652b2090f7,auto_non_equivalent,1,8,0,0,0,0,0,0,0,specified,markdown_it/rules_block/list.py,list_block,199,ARITHMETIC,"        initial = offset = (
            state.sCount[nextLine]
            + posAfterMarker
            - (state.bMarks[startLine] + state.tShift[startLine])
        )",        initial = offset = None
M8d7ada8610690271,auto_non_equivalent,1,8,0,0,0,0,0,0,0,specified,markdown_it/ruler.py,after,172,ARITHMETIC,"        index + 1, Rule[RuleFuncTv](ruleName, True, fn, options.get(""alt"", []))","        Rule[RuleFuncTv](ruleName, True, fn, options.get(""alt"", []))"
M8d90a688993c76b3,auto_non_equivalent,1,8,0,0,0,0,0,0,0,specified,markdown_it/rules_block/blockquote.py,blockquote,169,ARITHMETIC,                offset += 1,                offset -= 1
M8d925a5422705108,auto_non_equivalent,1,8,0,0,0,0,0,0,0,specified,markdown_it/ruler.py,after,172,ARITHMETIC,"        index + 1, Rule[RuleFuncTv](ruleName, True, fn, options.get(""alt"", []))","        index + 1, Rule[RuleFuncTv](ruleName, fn, options.get(""alt"", []))"
M8dc3ea05cd5fb0e1,auto_non_equivalent,1,8,0,0,0,0,0,0,0,specified,markdown_it/rules_core/text_join.py,text_join,28,COMPARISON,"            if child_token.type == ""text_special"":","            if child_token.type != ""text_special"":"
M8dc6efb5b486b464,auto_non_equivalent,1,8,0,0,0,0,0,0,0,specified,markdown_it/rules_inline/balance_pairs.py,processDelimiters,20,CONSTANT_REPLACEMENT,    closerIdx = 0,    closerIdx = 1
M8de51c874de96116,auto_non_equivalent,1,8,0,0,0,0,0,0,0,specified,markdown_it/helpers/parse_link_label.py,parseLinkLabel,34,ARITHMETIC,                level += 1,                level = 1
M8def8ebadd189c11,auto_non_equivalent,1,8,0,0,0,0,0,0,0,specified,markdown_it/rules_block/reference.py,reference,135,COMPARISON,"    if pos < maximum and charCodeAt(string, pos) != 0x0A and title:","    if pos < maximum and charCodeAt(string, None) != 0x0A and title:"
M8e0a82218491aa86,auto_non_equivalent,1,8,0,0,0,0,0,0,0,specified,markdown_it/rules_inline/backticks.py,backtick,28,ARITHMETIC,            state.pending += marker,            state.pending = marker
M8e1d633c44022c45,auto_non_equivalent,1,8,0,0,0,0,0,0,0,specified,markdown_it/renderer.py,renderInline,103,CALL_ARGUMENT,"            result += self.rules[token.type](tokens, i, options, env)","            result += self.rules[token.type](tokens, i, options, )"
M8e201d5d38f88da8,auto_non_equivalent,1,8,0,0,0,0,0,0,0,specified,markdown_it/common/utils.py,unescapeAll,123,CALL_ARGUMENT,"        return replaceEntityPattern(match.group(), entity)","        return replaceEntityPattern(match.group(), )"
M8e3b329760c52abd,auto_non_equivalent,1,8,0,0,0,0,0,0,0,specified,markdown_it/rules_block/paragraph.py,paragraph,62,CONSTANT_REPLACEMENT,"    token = state.push(""paragraph_close"", ""p"", -1)","    token = state.push(""paragraph_close"", ""XXpXX"", -1)"
M8e3ef8bba11d8b75,auto_non_equivalent,1,8,0,0,0,0,0,0,0,specified,markdown_it/rules_block/code.py,code,33,ARITHMETIC,"    token.content = state.getLines(startLine, last, 4 + state.blkIndent, False) + ""\n""","    token.content = state.getLines(startLine, last, 4 + state.blkIndent, ) + ""\n"""
M8e55fd2d2f1e1691,auto_non_equivalent,1,8,0,0,0,0,0,0,0,specified,markdown_it/rules_inline/image.py,image,50,CALL_ARGUMENT,"        res = state.md.helpers.parseLinkDestination(state.src, pos, state.posMax)","        res = state.md.helpers.parseLinkDestination(state.src, state.posMax)"
M8e695ed66393c43d,auto_non_equivalent,1,8,0,0,0,0,0,0,0,specified,markdown_it/renderer.py,fence,300,COMPARISON,"            + "">""
            + highlighted","            + "">"" - highlighted"
M8e9324560934edcd,auto_non_equivalent,1,8,0,0,0,0,0,0,0,specified,markdown_it/renderer.py,fence,294,CONSTANT_REPLACEMENT,"        tmpToken = Token(type="""", tag="""", nesting=0, attrs=token.attrs.copy())","        tmpToken = Token(type="""", tag="""", attrs=token.attrs.copy())"
M8ee17e7a40a77d9d,auto_non_equivalent,1,8,0,0,0,0,0,0,0,specified,markdown_it/parser_block.py,tokenize,94,STATEMENT_REPLACEMENT,        line = state.line,        line = None
M8ee34d8452bc5a1b,auto_non_equivalent,1,8,0,0,0,0,0,0,0,specified,markdown_it/rules_block/list.py,list_block,332,CONTROL_FLOW,            break,            return
M8f15104accaecb76,auto_non_equivalent,1,8,0,0,0,0,0,0,0,specified,markdown_it/rules_inline/balance_pairs.py,link_pairs,133,CONSTANT_REPLACEMENT,    curr = 0,    curr = None
M8f1a36d63b6bc85c,auto_non_equivalent,1,8,0,0,0,0,0,0,0,specified,markdown_it/rules_block/list.py,list_block,381,CALL_ARGUMENT,"        markTightParagraphs(state, listTokIdx)","        markTightParagraphs(state, None)"
M8f1e17c686ddbc9b,auto_non_equivalent,1,8,0,0,0,0,0,0,0,specified,markdown_it/rules_block/blockquote.py,blockquote,320,CALL_ARGUMENT,"        state.md.block.tokenize(state, startLine, nextLine)","        state.md.block.tokenize(None, startLine, nextLine)"
M8f24326ba30fca9c,auto_non_equivalent,1,8,0,0,0,0,0,0,0,specified,markdown_it/rules_block/state_block.py,__init__,69,CONSTANT_REPLACEMENT,    indent_found = False,    indent_found = True
M8f2c54d28c3223ca,auto_non_equivalent,1,8,0,0,0,0,0,0,0,specified,markdown_it/rules_block/heading.py,heading,57,CONSTANT_REPLACEMENT,"    token = state.push(""heading_open"", ""h"" + str(level), 1)","    token = state.push(""heading_open"", ""h"" + str(level), )"
M8f5e9915643e252e,auto_non_equivalent,1,8,0,0,0,0,0,0,0,specified,markdown_it/renderer.py,renderAttrs,178,ARITHMETIC,"        result += "" "" + escapeHtml(key) + '=""' + escapeHtml(str(value)) + '""'","        result += "" "" + escapeHtml(key) + '=""' - escapeHtml(str(value)) + '""'"
M8f7072c4d9eb35be,auto_non_equivalent,1,8,0,0,0,0,0,0,0,specified,markdown_it/renderer.py,hardbreak,334,STATEMENT_REPLACEMENT,"    return ""<br />\n"" if options.xhtmlOut else ""<br>\n""","    return ""<BR />\n"" if options.xhtmlOut else ""<br>\n"""
M8f919e73d64a1b33,auto_non_equivalent,1,8,0,0,0,0,0,0,0,specified,markdown_it/rules_block/state_block.py,push,123,CONSTANT_REPLACEMENT,    if nesting < 0:,    if nesting < 1:
M8fa05e3b264e14a9,auto_non_equivalent,1,8,0,0,0,0,0,0,0,specified,markdown_it/rules_inline/escape.py,escape,27,CONSTANT_REPLACEMENT,"            state.push(""hardbreak"", ""br"", 0)","            state.push(""hardbreak"", 0)"
M8faae4e1339ea709,auto_non_equivalent,1,8,0,0,0,0,0,0,0,specified,markdown_it/rules_inline/link.py,link,8,STATEMENT_REPLACEMENT,"    href = """"","    href = ""XXXX"""
M8fb1dd231e113b1c,auto_non_equivalent,1,8,0,0,0,0,0,0,0,specified,markdown_it/rules_inline/backticks.py,backtick,12,STATEMENT_REPLACEMENT,"    if state.src[pos] != ""`"":","    if state.src[pos] != ""XX`XX"":"
M8fc07fcb6930d18d,auto_non_equivalent,1,8,0,0,0,0,0,0,0,specified,markdown_it/rules_block/html_block.py,html_block,47,STATEMENT_REPLACEMENT,"    if state.src[pos] != ""<"":","    if state.src[pos] != ""XX<XX"":"
M8fd694d6b55a8650,auto_non_equivalent,1,8,0,0,0,0,0,0,0,specified,markdown_it/rules_block/heading.py,heading,29,ARITHMETIC,    pos += 1,    pos -= 1
M8ff640fdb8648a88,auto_non_equivalent,1,8,0,0,0,0,0,0,0,specified,markdown_it/rules_block/lheading.py,lheading,76,CONSTANT_REPLACEMENT,"    token = state.push(""inline"", """", 0)","    token = state.push("""", 0)"
M9001edc68b898ee9,auto_non_equivalent,1,8,0,0,0,0,0,0,0,specified,markdown_it/rules_inline/entity.py,entity,45,CONSTANT_REPLACEMENT,"                token = state.push(""text_special"", """", 0)","                token = state.push(""TEXT_SPECIAL"", """", 0)"
M900cb2f152bbf1bf,auto_non_equivalent,1,8,0,0,0,0,0,0,0,specified,markdown_it/rules_inline/link.py,link,66,CONSTANT_REPLACEMENT,                pos += 1,                pos += 2
M9024a67e5e439cff,auto_non_equivalent,1,8,0,0,0,0,0,0,0,specified,markdown_it/renderer.py,renderAttrs,175,STATEMENT_REPLACEMENT,"    result = """"","    result = ""XXXX"""
M9026b9f89619f810,auto_non_equivalent,1,8,0,0,0,0,0,0,0,specified,markdown_it/rules_inline/link.py,link,97,ARITHMETIC,            start = pos + 1,            start = None
M902a24a3d845bf86,auto_non_equivalent,1,8,0,0,0,0,0,0,0,specified,markdown_it/rules_block/reference.py,reference,40,ARITHMETIC,                string += lineContent,                string = lineContent
M90426955b2a0756e,auto_non_equivalent,1,6,2,0,0,0,0,0,0,specified,markdown_it/rules_block/blockquote.py,blockquote,55,CONSTANT_REPLACEMENT,        spaceAfterMarker = True,        spaceAfterMarker = False
M9063da388cad91a5,auto_non_equivalent,1,8,0,0,0,0,0,0,0,specified,markdown_it/rules_inline/backticks.py,backtick,37,CALL_ARGUMENT,"            matchStart = state.src.index(""`"", matchEnd)","            matchStart = state.src.rindex(""`"", matchEnd)"
M90807cdd1a493611,auto_non_equivalent,1,8,0,0,0,0,0,0,0,specified,markdown_it/helpers/parse_link_destination.py,parseLinkDestination,50,CONSTANT_REPLACEMENT,        if code is None or code == 0x20:,        if code is None or code == 33:
M90b0b82833c249fa,auto_non_equivalent,1,8,0,0,0,0,0,0,0,specified,markdown_it/rules_block/reference.py,reference,160,STATEMENT_REPLACEMENT,"    if ""references"" not in state.env:","    if ""XXreferencesXX"" not in state.env:"
M90c019ed007bf973,auto_non_equivalent,1,8,0,0,0,0,0,0,0,specified,markdown_it/parser_inline.py,parse,210,CALL_ARGUMENT,"    state = StateInline(src, md, env, tokens)","    state = StateInline(md, env, tokens)"
M90d3b2cbe66e8776,auto_non_equivalent,1,8,0,0,0,0,0,0,0,specified,markdown_it/rules_inline/balance_pairs.py,processDelimiters,24,CONSTANT_REPLACEMENT,        jumps.append(0),        jumps.append(None)
M90ed095e00c44774,auto_non_equivalent,1,8,0,0,0,0,0,0,0,specified,markdown_it/renderer.py,renderInline,99,STATEMENT_REPLACEMENT,"    result = """"",    result = None
M90fdc80f05997c70,auto_non_equivalent,1,8,0,0,0,0,0,0,0,specified,markdown_it/ruler.py,after,172,ARITHMETIC,"        index + 1, Rule[RuleFuncTv](ruleName, True, fn, options.get(""alt"", []))","        index + 1, Rule[RuleFuncTv](ruleName, None, fn, options.get(""alt"", []))"
M90ff1d87add693e2,auto_non_equivalent,1,8,0,0,0,0,0,0,0,specified,markdown_it/rules_inline/image.py,image,100,CALL_ARGUMENT,"            pos = state.md.helpers.parseLinkLabel(state, pos)","            pos = state.md.helpers.parseLinkLabel(None, pos)"
M9109ae2f8285e095,auto_non_equivalent,1,8,0,0,0,0,0,0,0,specified,markdown_it/rules_inline/link.py,link,51,STATEMENT_REPLACEMENT,"        res = state.md.helpers.parseLinkDestination(state.src, pos, state.posMax)",        res = None
M911bb9e05ae55961,auto_non_equivalent,1,8,0,0,0,0,0,0,0,specified,markdown_it/rules_block/list.py,list_block,370,ARITHMETIC,"        token = state.push(""bullet_list_close"", ""ul"", -1)","        token = state.push(""bullet_list_close"", ""ul"", +1)"
M9121b0e76d3e5aa5,auto_non_equivalent,1,8,0,0,0,0,0,0,0,specified,markdown_it/rules_inline/link.py,link,16,STATEMENT_REPLACEMENT,"    if state.src[state.pos] != ""["":","    if state.src[state.pos] != ""XX[XX"":"
M914e9295225ffe97,auto_non_equivalent,1,8,0,0,0,0,0,0,0,specified,markdown_it/rules_inline/emphasis.py,_postProcess,67,CONSTANT_REPLACEMENT,            and delimiters[i - 1].token == startDelim.token - 1,            and delimiters[i - 2].token == startDelim.token - 1
M915338e736f27b7e,auto_non_equivalent,1,8,0,0,0,0,0,0,0,specified,markdown_it/main.py,configure,122,BOOLEAN_CONNECTOR,    if not config:,    if config:
M9161053aeb56c48e,auto_non_equivalent,1,8,0,0,0,0,0,0,0,specified,markdown_it/rules_block/fence.py,make_fence_rule,53,ARITHMETIC,        pos = state.bMarks[startLine] + state.tShift[startLine],        pos = None
M916d42846816b3db,auto_non_equivalent,1,8,0,0,0,0,0,0,0,specified,markdown_it/renderer.py,renderToken,142,CONSTANT_REPLACEMENT,"    result += (""</"" if token.nesting == -1 else ""<"") + token.tag","    result += (""XX</XX"" if token.nesting == -1 else ""<"") + token.tag"
M9178dbdf67c110dc,auto_non_equivalent,1,8,0,0,0,0,0,0,0,specified,markdown_it/rules_inline/backticks.py,backtick,72,CONSTANT_REPLACEMENT,    return True,    return False
M919c40623d3f96f2,auto_non_equivalent,1,8,0,0,0,0,0,0,0,specified,markdown_it/rules_inline/link.py,link,96,COMPARISON,"        if pos < maximum and state.src[pos] == ""["":","        if pos < maximum or state.src[pos] == ""["":"
M91a88c29412fc736,auto_non_equivalent,1,8,0,0,0,0,0,0,0,specified,markdown_it/rules_inline/backticks.py,backtick,59,ARITHMETIC,                    token.content = token.content[1:-1],                    token.content = None
M91b2725bfd14fc0c,auto_non_equivalent,1,8,0,0,0,0,0,0,0,specified,markdown_it/rules_block/reference.py,reference,130,CALL_ARGUMENT,"        ch = charCodeAt(string, pos)","        ch = charCodeAt(None, pos)"
M91caf25c299fc428,auto_non_equivalent,1,8,0,0,0,0,0,0,0,specified,markdown_it/rules_block/list.py,list_block,383,CONSTANT_REPLACEMENT,    return True,    return False
M91dce19d520e6d6a,auto_non_equivalent,1,8,0,0,0,0,0,0,0,specified,markdown_it/rules_inline/fragments_join.py,fragments_join,45,ARITHMETIC,            last += 1,            last = 1
M92000f5dd2e50468,auto_non_equivalent,1,8,0,0,0,0,0,0,0,specified,markdown_it/rules_block/lheading.py,lheading,45,COMPARISON,"                        level = 1 if marker == ""="" else 2",                        level = None
M9208d67fa0b39f4d,auto_non_equivalent,1,8,0,0,0,0,0,0,0,specified,markdown_it/rules_block/state_block.py,push,121,CALL_ARGUMENT,"    token = Token(ttype, tag, nesting)","    token = Token(ttype, nesting)"
M92183aa783f2b4a1,auto_non_equivalent,1,8,0,0,0,0,0,0,0,specified,markdown_it/rules_inline/fragments_join.py,fragments_join,40,CONSTANT_REPLACEMENT,                curr += 1,                curr += 2
M921b66efb8ced05a,auto_non_equivalent,1,8,0,0,0,0,0,0,0,specified,markdown_it/rules_block/list.py,list_block,368,CONSTANT_REPLACEMENT,"        token = state.push(""ordered_list_close"", ""ol"", -1)","        token = state.push(""ordered_list_close"", ""ol"", -2)"
M921e12432b44b893,auto_non_equivalent,1,8,0,0,0,0,0,0,0,specified,markdown_it/rules_block/list.py,skipOrderedListMarker,47,ARITHMETIC,    pos += 1,    pos = 1
M92304d4cdec8b05d,auto_non_equivalent,1,8,0,0,0,0,0,0,0,specified,markdown_it/rules_block/hr.py,hr,39,COMPARISON,        if ch != marker and not isStrSpace(ch):,        if ch != marker and not isStrSpace(None):
M9261588a882da7f6,auto_non_equivalent,1,1,7,0,0,0,0,0,0,specified,markdown_it/rules_inline/image.py,image,18,COMPARISON,"    if state.pos + 1 < state.posMax and state.src[state.pos + 1] != ""["":","    if state.pos - 1 < state.posMax and state.src[state.pos + 1] != ""["":"
M92770eb577db4524,auto_non_equivalent,1,8,0,0,0,0,0,0,0,specified,markdown_it/parser_block.py,tokenize,87,CONSTANT_REPLACEMENT,"            if rule(state, line, endLine, False):","            if rule(state, endLine, False):"
M928dbca88a4e949c,auto_non_equivalent,1,8,0,0,0,0,0,0,0,specified,markdown_it/rules_inline/link.py,link,100,STATEMENT_REPLACEMENT,                label = state.src[start:pos],                label = None
M9295b28c5481101a,auto_non_equivalent,1,8,0,0,0,0,0,0,0,specified,markdown_it/rules_inline/link.py,link,79,COMPARISON,"                    if not isStrSpace(ch) and ch != ""\n"":","                    if not isStrSpace(None) and ch != ""\n"":"
M929cd6ad7b24aeb1,auto_non_equivalent,1,8,0,0,0,0,0,0,0,specified,markdown_it/rules_inline/autolink.py,autolink,67,CONSTANT_REPLACEMENT,"            token = state.push(""text"", """", 0)","            token = state.push(""text"", """", None)"
M92a7bd926b4de021,auto_non_equivalent,1,8,0,0,0,0,0,0,0,specified,markdown_it/helpers/parse_link_title.py,parseLinkTitle,46,COMPARISON,        if marker != 0x22 and marker != 0x27 and marker != 0x28:,        if marker != 0x22 and marker != 0x27 or marker != 0x28:
M92daf9f3ac7a732d,auto_non_equivalent,1,8,0,0,0,0,0,0,0,specified,markdown_it/rules_inline/backticks.py,backtick,55,BOOLEAN_CONNECTOR,"                    token.content.startswith("" "")
                    and token.content.endswith("" "")","                    token.content.startswith("" "") or token.content.endswith("" "")"
M92eb064c27658b1d,auto_non_equivalent,1,8,0,0,0,0,0,0,0,specified,markdown_it/rules_block/heading.py,heading,66,ARITHMETIC,"    token = state.push(""heading_close"", ""h"" + str(level), -1)","    token = state.push(""heading_close"", None, -1)"
M92ed62a2ef9af06f,auto_non_equivalent,1,7,1,0,0,0,0,0,0,specified,markdown_it/rules_inline/newline.py,newline,26,ARITHMETIC,                    ws -= 1,                    ws += 1
M92fb7aa13b1080fd,auto_non_equivalent,1,8,0,0,0,0,0,0,0,specified,markdown_it/parser_inline.py,parse,211,CALL_ARGUMENT,    self.tokenize(state),    self.tokenize(None)
M92fd448ea3553971,auto_non_equivalent,1,8,0,0,0,0,0,0,0,specified,markdown_it/rules_block/blockquote.py,blockquote,21,CALL_ARGUMENT,    if state.is_code_block(startLine):,    if state.is_code_block(None):
M930ee3ef307427c9,auto_non_equivalent,1,8,0,0,0,0,0,0,0,specified,markdown_it/rules_block/list.py,list_block,294,COMPARISON,        prevEmptyEnd = (state.line - startLine) > 1 and state.isEmpty(state.line - 1),        prevEmptyEnd = None
M9315ef037fd6a7c5,auto_non_equivalent,1,8,0,0,0,0,0,0,0,specified,markdown_it/rules_inline/image.py,image,134,CONSTANT_REPLACEMENT,"        token = state.push(""image"", ""img"", 0)","        token = state.push(""XXimageXX"", ""img"", 0)"
M9318077270041ec7,auto_non_equivalent,1,8,0,0,0,0,0,0,0,specified,markdown_it/rules_inline/link.py,link,70,CALL_ARGUMENT,"            res = state.md.helpers.parseLinkTitle(state.src, pos, state.posMax)","            res = state.md.helpers.parseLinkTitle(state.src, state.posMax)"
M9332fb05c65762b1,auto_non_equivalent,1,8,0,0,0,0,0,0,0,specified,markdown_it/rules_inline/balance_pairs.py,processDelimiters,94,CONSTANT_REPLACEMENT,                        lastJump = 0,                        lastJump = 1
M933d9adc283b8da0,auto_non_equivalent,1,8,0,0,0,0,0,0,0,specified,markdown_it/rules_inline/balance_pairs.py,processDelimiters,10,BOOLEAN_CONNECTOR,    if not delimiters:,    if delimiters:
M933f694e0df0b6e2,auto_non_equivalent,1,8,0,0,0,0,0,0,0,specified,markdown_it/rules_inline/link.py,link,96,COMPARISON,"        if pos < maximum and state.src[pos] == ""["":","        if pos <= maximum and state.src[pos] == ""["":"
M935a743ec1602b18,auto_non_equivalent,1,8,0,0,0,0,0,0,0,specified,markdown_it/rules_block/list.py,skipOrderedListMarker,67,COMPARISON,            if pos - start >= 10:,            if pos + start >= 10:
M9388d99291fbb7d2,auto_non_equivalent,1,8,0,0,0,0,0,0,0,specified,markdown_it/helpers/parse_link_destination.py,parseLinkDestination,46,CONSTANT_REPLACEMENT,    level = 0,    level = None
M93c1c9f365dee42d,auto_non_equivalent,1,8,0,0,0,0,0,0,0,specified,markdown_it/rules_inline/backticks.py,backtick,70,ARITHMETIC,        state.pending += marker,        state.pending -= marker
M93d57a348b9419ee,auto_non_equivalent,1,8,0,0,0,0,0,0,0,specified,markdown_it/rules_block/state_block.py,__init__,18,STATEMENT_REPLACEMENT,    self.src = src,    self.src = None
M93e761630326913d,auto_non_equivalent,1,8,0,0,0,0,0,0,0,specified,markdown_it/helpers/parse_link_destination.py,parseLinkDestination,58,COMPARISON,"            if charCodeAt(string, pos + 1) == 0x20:","            if charCodeAt(string, None) == 0x20:"
M93f06f28e7783e05,auto_non_equivalent,1,8,0,0,0,0,0,0,0,specified,markdown_it/rules_inline/image.py,image,65,ARITHMETIC,            pos += 1,            pos = 1
M93f414fdca4c791f,auto_non_equivalent,1,8,0,0,0,0,0,0,0,specified,markdown_it/rules_block/reference.py,reference,133,ARITHMETIC,        pos += 1,        pos = 1
M940a36dda4c7c92e,auto_non_equivalent,1,8,0,0,0,0,0,0,0,specified,markdown_it/rules_block/reference.py,reference,66,CONSTANT_REPLACEMENT,"            if (lineContent := getNextLine(state, nextLine)) is not None:",            if (lineContent := getNextLine(nextLine)) is not None:
M941f1cdd6fce8268,auto_non_equivalent,1,8,0,0,0,0,0,0,0,specified,markdown_it/rules_inline/entity.py,entity,43,COMPARISON,        if (match := NAMED_RE.search(state.src[pos:])) and match.group(1) in entities:,        if (match := NAMED_RE.search(state.src[pos:])) and match.group(None) in entities:
M94308f325418ae13,auto_non_equivalent,1,8,0,0,0,0,0,0,0,specified,markdown_it/parser_inline.py,__init__,102,CALL_ARGUMENT,"        self.ruler.push(name, rule)","        self.ruler.push(None, rule)"
M9435795cc71b8ec9,auto_non_equivalent,1,8,0,0,0,0,0,0,0,specified,markdown_it/rules_inline/autolink.py,autolink,62,CONSTANT_REPLACEMENT,"            token = state.push(""link_open"", ""a"", 1)","            token = state.push(""link_open"", None, 1)"
M945d47ebd18dfddd,auto_non_equivalent,1,8,0,0,0,0,0,0,0,specified,markdown_it/rules_block/hr.py,hr,30,CALL_ARGUMENT,"    if marker not in (""*"", ""-"", ""_""):","    if marker not in (""*"", ""XX-XX"", ""_""):"
M94a3dfc519c5628e,auto_non_equivalent,1,8,0,0,0,0,0,0,0,specified,markdown_it/common/utils.py,isWhiteSpace,191,COMPARISON,    return code in MD_WHITESPACE,    return code not in MD_WHITESPACE
M94c3cf465a9d3018,auto_non_equivalent,1,8,0,0,0,0,0,0,0,specified,markdown_it/common/utils.py,unescapeAll,119,CONSTANT_REPLACEMENT,        escaped = match.group(1),        escaped = None
M94c59b1dda6f4172,auto_non_equivalent,1,8,0,0,0,0,0,0,0,specified,markdown_it/rules_inline/state_inline.py,scanDelims,146,BOOLEAN_CONNECTOR,    isNextPunctChar = isMdAsciiPunct(ord(nextChar)) or isPunctChar(nextChar),    isNextPunctChar = isMdAsciiPunct(ord(nextChar)) or isPunctChar(None)
M94cc555034484822,auto_non_equivalent,1,8,0,0,0,0,0,0,0,specified,markdown_it/rules_block/state_block.py,skipSpaces,157,ARITHMETIC,        pos += 1,        pos -= 1
M94d4f875fde97949,auto_non_equivalent,1,8,0,0,0,0,0,0,0,specified,markdown_it/helpers/parse_link_title.py,parseLinkTitle,62,ARITHMETIC,            state.str += unescapeAll(string[start:pos]),            state.str += unescapeAll(None)
M951b34a0fd00a00e,auto_non_equivalent,1,8,0,0,0,0,0,0,0,specified,markdown_it/rules_inline/balance_pairs.py,link_pairs,137,CALL_ARGUMENT,"            processDelimiters(state, curr_meta[""delimiters""])","            processDelimiters(state, curr_meta[""XXdelimitersXX""])"
M952e6bff5df8ddd8,auto_non_equivalent,1,8,0,0,0,0,0,0,0,specified,markdown_it/rules_block/list.py,skipOrderedListMarker,81,BOOLEAN_CONNECTOR,        if not isStrSpace(ch):,        if not isStrSpace(None):
M957b8053966accb1,auto_non_equivalent,1,8,0,0,0,0,0,0,0,specified,markdown_it/rules_block/reference.py,reference,86,STATEMENT_REPLACEMENT,    pos = destRes.pos,    pos = None
M957f1abfafc34f05,auto_non_equivalent,1,8,0,0,0,0,0,0,0,specified,markdown_it/helpers/parse_link_label.py,parseLinkLabel,23,ARITHMETIC,            level -= 1,            level = 1
M9586a04d5a2abcd3,auto_non_equivalent,1,8,0,0,0,0,0,0,0,specified,markdown_it/rules_block/list.py,skipBulletListMarker,28,BOOLEAN_CONNECTOR,        if not isStrSpace(ch):,        if not isStrSpace(None):
M9588bb914a77d43f,auto_non_equivalent,1,8,0,0,0,0,0,0,0,specified,markdown_it/rules_inline/emphasis.py,tokenize,19,COMPARISON,"    scanned = state.scanDelims(state.pos, marker == ""*"")","    scanned = state.scanDelims(state.pos, None)"
M95907e4199dfaf28,auto_non_equivalent,1,8,0,0,0,0,0,0,0,specified,markdown_it/rules_block/list.py,skipOrderedListMarker,46,STATEMENT_REPLACEMENT,    ch = state.src[pos],    ch = None
M95a8addfcaee87b4,auto_non_equivalent,1,8,0,0,0,0,0,0,0,specified,markdown_it/rules_core/text_join.py,text_join,29,STATEMENT_REPLACEMENT,"                child_token.type = ""text""","                child_token.type = ""XXtextXX"""
M95abcd6906425234,auto_non_equivalent,1,8,0,0,0,0,0,0,0,specified,markdown_it/parser_inline.py,skipToken,152,CONSTANT_REPLACEMENT,"            ok = rule(state, True)","            ok = rule(state, None)"
M95c41dcbbbcf0c05,auto_non_equivalent,1,8,0,0,0,0,0,0,0,specified,markdown_it/rules_block/reference.py,getNextLine,231,ARITHMETIC,    pos = state.bMarks[nextLine] + state.tShift[nextLine],    pos = state.bMarks[nextLine] - state.tShift[nextLine]
M95e45e3549606dbc,auto_non_equivalent,1,8,0,0,0,0,0,0,0,specified,markdown_it/rules_inline/image.py,image,122,STATEMENT_REPLACEMENT,"        title = ref[""title""]","        title = ref[""TITLE""]"
M95e479cde34c64de,auto_non_equivalent,1,8,0,0,0,0,0,0,0,specified,markdown_it/rules_block/list.py,list_block,370,ARITHMETIC,"        token = state.push(""bullet_list_close"", ""ul"", -1)","        token = state.push(""bullet_list_close"", None, -1)"
M95ef0816fe566fb3,auto_non_equivalent,1,8,0,0,0,0,0,0,0,specified,markdown_it/rules_inline/link.py,link,41,COMPARISON,"            if not isStrSpace(ch) and ch != ""\n"":","            if not isStrSpace(ch) or ch != ""\n"":"
M9626344d4c295ad7,auto_non_equivalent,1,8,0,0,0,0,0,0,0,specified,markdown_it/rules_inline/image.py,image,72,STATEMENT_REPLACEMENT,            pos = res.pos,            pos = None
M963a214613220d94,auto_non_equivalent,1,8,0,0,0,0,0,0,0,specified,markdown_it/rules_block/list.py,list_block,142,ARITHMETIC,        markerValue = int(state.src[start : posAfterMarker - 1]),        markerValue = int(state.src[start : posAfterMarker + 1])
M963c6c60c25cce4c,auto_non_equivalent,1,8,0,0,0,0,0,0,0,specified,markdown_it/rules_block/blockquote.py,blockquote,213,ARITHMETIC,                pos += 1,                pos = 1
M964106fd26b20437,auto_non_equivalent,1,8,0,0,0,0,0,0,0,specified,markdown_it/rules_block/reference.py,reference,183,CALL_ARGUMENT,"        state.env.setdefault(""duplicate_refs"", []).append(","        state.env.setdefault(""duplicate_refs"", None).append("
M9697581d45a13713,auto_non_equivalent,1,8,0,0,0,0,0,0,0,specified,markdown_it/rules_block/hr.py,hr,30,COMPARISON,"    if marker not in (""*"", ""-"", ""_""):","    if marker in (""*"", ""-"", ""_""):"
M96b985248787c847,auto_non_equivalent,1,8,0,0,0,0,0,0,0,specified,markdown_it/ruler.py,at,121,BOOLEAN_CONNECTOR,    options = options or {},    options = None
M96e3da28c661f378,auto_non_equivalent,1,6,2,0,0,0,0,0,0,specified,markdown_it/rules_block/state_block.py,getLines,248,ARITHMETIC,"            queue[i - 1] = ("" "" * (lineIndent - indent)) + self.src[first:last]","            queue[i - 1] = ("" "" * (lineIndent + indent)) + self.src[first:last]"
M96edc382456fc9cf,auto_non_equivalent,1,8,0,0,0,0,0,0,0,specified,markdown_it/rules_block/list.py,list_block,168,CONSTANT_REPLACEMENT,        return True,        return False
M96ef1a264ca0dcc7,auto_non_equivalent,1,8,0,0,0,0,0,0,0,specified,markdown_it/helpers/parse_link_destination.py,parseLinkDestination,30,CONSTANT_REPLACEMENT,                result.pos = pos + 1,                result.pos = pos + 2
M9701c31903ff9b73,auto_non_equivalent,1,8,0,0,0,0,0,0,0,specified,markdown_it/rules_block/state_block.py,__init__,93,CALL_ARGUMENT,            self.sCount.append(offset),            self.sCount.append(None)
M970651dec10ec68a,auto_non_equivalent,1,8,0,0,0,0,0,0,0,specified,markdown_it/renderer.py,render,86,ARITHMETIC,"            result += self.renderToken(tokens, i, options, env)","            result += self.renderToken(tokens, i, None, env)"
M97078b77b6b14556,auto_non_equivalent,1,8,0,0,0,0,0,0,0,specified,markdown_it/helpers/parse_link_title.py,parseLinkTitle,46,COMPARISON,        if marker != 0x22 and marker != 0x27 and marker != 0x28:,        if marker != 0x22 and marker == 0x27 and marker != 0x28:
M971236244ab852e0,auto_non_equivalent,1,8,0,0,0,0,0,0,0,specified,markdown_it/helpers/parse_link_destination.py,parseLinkDestination,35,COMPARISON,            if code == 0x5C and pos + 1 < maximum:  # \,            if code != 0x5C and pos + 1 < maximum:  # \
M973f8cb25bdb8856,auto_non_equivalent,1,8,0,0,0,0,0,0,0,specified,markdown_it/rules_inline/autolink.py,autolink,15,STATEMENT_REPLACEMENT,"    if state.src[pos] != ""<"":","    if state.src[pos] != ""XX<XX"":"
M974ca2a9e6f77e32,auto_non_equivalent,1,8,0,0,0,0,0,0,0,specified,markdown_it/rules_block/state_block.py,push,126,COMPARISON,    if nesting > 0:,    if nesting >= 0:
M9787ed443048cd37,auto_non_equivalent,1,1,7,0,0,0,0,0,0,specified,markdown_it/rules_block/html_block.py,html_block,72,CONTROL_FLOW,                break,                return
M978a7cf4c721e632,auto_non_equivalent,1,8,0,0,0,0,0,0,0,specified,markdown_it/main.py,set,102,CALL_ARGUMENT,    self.options = OptionsDict(options),    self.options = OptionsDict(None)
M97a5638daef489fc,auto_non_equivalent,1,8,0,0,0,0,0,0,0,specified,markdown_it/renderer.py,list_item_open,220,STATEMENT_REPLACEMENT,"    result = self.renderToken(tokens, idx, options, env)",    result = None
M97a9f7a697e3646d,auto_non_equivalent,1,8,0,0,0,0,0,0,0,specified,markdown_it/rules_inline/entity.py,entity,22,CONSTANT_REPLACEMENT,"    if state.src[pos + 1] == ""#"":","    if state.src[pos + 1] == ""XX#XX"":"
M97b5ef470701b308,auto_non_equivalent,1,8,0,0,0,0,0,0,0,specified,markdown_it/main.py,render,287,CALL_ARGUMENT,"    return self.renderer.render(self.parse(src, env), self.options, env)","    return self.renderer.render(self.parse(src, env), self.options, )"
M97c8c2370a4ad15c,auto_non_equivalent,1,8,0,0,0,0,0,0,0,specified,markdown_it/parser_block.py,tokenize,87,CONSTANT_REPLACEMENT,"            if rule(state, line, endLine, False):","            if rule(state, line, None, False):"
M97d86a5180990b70,auto_non_equivalent,1,3,5,0,0,0,0,0,0,specified,markdown_it/rules_block/fence.py,make_fence_rule,140,CONSTANT_REPLACEMENT,        return True,        return False
M97e16823e5b15f2c,auto_non_equivalent,1,8,0,0,0,0,0,0,0,specified,markdown_it/rules_block/list.py,skipOrderedListMarker,54,CONSTANT_REPLACEMENT,    while True:,    while False:
M980547b6fdbde74a,auto_non_equivalent,1,8,0,0,0,0,0,0,0,specified,markdown_it/rules_block/blockquote.py,blockquote,209,ARITHMETIC,                        offset += 1,                        offset -= 1
M982869fdf58aa22b,auto_non_equivalent,1,8,0,0,0,0,0,0,0,specified,markdown_it/rules_inline/emphasis.py,_postProcess,63,COMPARISON,"            i > 0
            and delimiters[i - 1].end == startDelim.end + 1",            i > 0 or delimiters[i - 1].end == startDelim.end + 1
M982ca394fc0b43eb,auto_non_equivalent,1,8,0,0,0,0,0,0,0,specified,markdown_it/main.py,parse,271,CALL_ARGUMENT,"    state = StateCore(src, self, env)","    state = StateCore(self, env)"
M984b346faf27c51c,auto_non_equivalent,1,8,0,0,0,0,0,0,0,specified,markdown_it/renderer.py,renderToken,139,STATEMENT_REPLACEMENT,"        result += ""\n""","        result += ""XX\nXX"""
M9877f8de611ea1a7,auto_non_equivalent,1,8,0,0,0,0,0,0,0,specified,markdown_it/parser_inline.py,tokenize,177,STATEMENT_REPLACEMENT,"    rules = self.ruler.getRules("""")",    rules = None
M988d42ea11e4e9ad,auto_non_equivalent,1,8,0,0,0,0,0,0,0,specified,markdown_it/rules_block/reference.py,reference,118,CALL_ARGUMENT,"        titleRes = state.md.helpers.parseLinkTitle(string, pos, maximum, titleRes)","        titleRes = state.md.helpers.parseLinkTitle(pos, maximum, titleRes)"
M9890721d232e8131,auto_non_equivalent,1,8,0,0,0,0,0,0,0,specified,markdown_it/renderer.py,render,80,STATEMENT_REPLACEMENT,"        if token.type == ""inline"":","        if token.type == ""XXinlineXX"":"
M9890d0a7067d83b1,auto_non_equivalent,1,8,0,0,0,0,0,0,0,specified,markdown_it/rules_block/blockquote.py,blockquote,191,CALL_ARGUMENT,            oldBMarks.append(state.bMarks[nextLine]),            oldBMarks.append(None)
M98a72f273193b009,auto_non_equivalent,1,8,0,0,0,0,0,0,0,specified,markdown_it/rules_inline/balance_pairs.py,processDelimiters,51,COMPARISON,        if closer.marker not in openersBottom:,        if closer.marker in openersBottom:
M98a85faa95357241,auto_non_equivalent,1,8,0,0,0,0,0,0,0,specified,markdown_it/rules_inline/backticks.py,backtick,40,ARITHMETIC,        matchEnd = matchStart + 1,        matchEnd = None
M98e00a6c80cff098,auto_non_equivalent,1,8,0,0,0,0,0,0,0,specified,markdown_it/rules_inline/state_inline.py,scanDelims,135,CONSTANT_REPLACEMENT,"    lastChar = self.src[start - 1] if start > 0 else "" ""","    lastChar = self.src[start - 1] if start > 0 else ""XX XX"""
M98e011f8c006de6b,auto_non_equivalent,1,8,0,0,0,0,0,0,0,specified,markdown_it/rules_inline/link.py,link,129,STATEMENT_REPLACEMENT,        state.posMax = labelEnd,        state.posMax = None
M98fb8c27502ca54f,auto_non_equivalent,1,8,0,0,0,0,0,0,0,specified,markdown_it/rules_inline/state_inline.py,scanDelims,164,BOOLEAN_CONNECTOR,        canSplitWord or (not left_flanking) or isNextPunctChar,        canSplitWord and (not left_flanking) or isNextPunctChar
M990e7d62f280f26c,auto_non_equivalent,1,8,0,0,0,0,0,0,0,specified,markdown_it/rules_inline/newline.py,newline,25,COMPARISON,"                while ws >= 1 and charStrAt(state.pending, ws - 1) == "" "":","                while ws >= 1 and charStrAt(state.pending, ws - 1) != "" "":"
M99158ca1025d4538,auto_non_equivalent,1,8,0,0,0,0,0,0,0,specified,markdown_it/common/normalize_url.py,normalizeLinkText,63,CALL_ARGUMENT,"    return mdurl.decode(mdurl.format(parsed), mdurl.DECODE_DEFAULT_CHARS + ""%"")","    return mdurl.decode(mdurl.DECODE_DEFAULT_CHARS + ""%"")"
M991e55bfb7c1532a,auto_non_equivalent,1,6,0,0,2,0,0,0,0,specified,markdown_it/rules_inline/link.py,link,20,CONSTANT_REPLACEMENT,"    labelEnd = state.md.helpers.parseLinkLabel(state, state.pos, True)","    labelEnd = state.md.helpers.parseLinkLabel(state, True)"
M994ee577ff2b7af7,auto_non_equivalent,1,8,0,0,0,0,0,0,0,specified,markdown_it/renderer.py,code_block,256,STATEMENT_REPLACEMENT,"        + ""><code>""","        + ""XX><code>XX"""
M9961732c4454f9ae,auto_non_equivalent,1,8,0,0,0,0,0,0,0,specified,markdown_it/rules_inline/image.py,image,69,CONSTANT_REPLACEMENT,"        res = state.md.helpers.parseLinkTitle(state.src, pos, state.posMax, None)","        res = state.md.helpers.parseLinkTitle(None, pos, state.posMax, None)"
M99cd5f87c00861bb,auto_non_equivalent,1,8,0,0,0,0,0,0,0,specified,markdown_it/rules_inline/link.py,link,43,CONSTANT_REPLACEMENT,            pos += 1,            pos += 2
M99d0547f6c5a0150,auto_non_equivalent,1,5,3,0,0,0,0,0,0,specified,markdown_it/rules_block/html_block.py,html_block,79,CONSTANT_REPLACEMENT,                if len(lineText) != 0:,                if len(lineText) != 1:
M99ecead241bf0bc8,auto_non_equivalent,1,8,0,0,0,0,0,0,0,specified,markdown_it/rules_block/html_block.py,html_block,86,CONSTANT_REPLACEMENT,"    token = state.push(""html_block"", """", 0)","    token = state.push(None, """", 0)"
M9a0929715942e573,auto_non_equivalent,1,8,0,0,0,0,0,0,0,specified,markdown_it/parser_inline.py,tokenize,200,ARITHMETIC,        state.pending += state.src[state.pos],        state.pending = state.src[state.pos]
M9a09f7be4e03fe70,auto_non_equivalent,1,8,0,0,0,0,0,0,0,specified,markdown_it/helpers/parse_link_destination.py,parseLinkDestination,50,COMPARISON,        if code is None or code == 0x20:,        if code is not None or code == 0x20:
M9a1ba3ab34954274,auto_non_equivalent,1,8,0,0,0,0,0,0,0,specified,markdown_it/rules_block/lheading.py,lheading,76,CONSTANT_REPLACEMENT,"    token = state.push(""inline"", """", 0)",    token = None
M9a2799703b0d270f,auto_non_equivalent,1,8,0,0,0,0,0,0,0,specified,markdown_it/rules_inline/image.py,image,65,CONSTANT_REPLACEMENT,            pos += 1,            pos += 2
M9a2eadab6a6d18f1,auto_non_equivalent,1,8,0,0,0,0,0,0,0,specified,markdown_it/renderer.py,__init__,63,CALL_ARGUMENT,"        for k, v in inspect.getmembers(self, predicate=inspect.ismethod)","        for k, v in inspect.getmembers(predicate=inspect.ismethod)"
M9a3e5db5652658a0,auto_non_equivalent,1,8,0,0,0,0,0,0,0,specified,markdown_it/rules_block/reference.py,reference,74,CONSTANT_REPLACEMENT,        pos += 1,        pos += 2
M9a42a3f535bfcbfe,auto_non_equivalent,1,8,0,0,0,0,0,0,0,specified,markdown_it/parser_block.py,tokenize,103,STATEMENT_REPLACEMENT,            state.line = line,            state.line = None
M9a44959dc3c0a8c9,auto_non_equivalent,1,8,0,0,0,0,0,0,0,specified,markdown_it/rules_block/state_block.py,__init__,56,ARITHMETIC,    self.listIndent = -1  # indent of the current list block (-1 if there isn't any),    self.listIndent = None  # indent of the current list block (-1 if there isn't any)
M9a626682a5f781fc,auto_non_equivalent,1,8,0,0,0,0,0,0,0,specified,markdown_it/rules_inline/balance_pairs.py,link_pairs,131,CALL_ARGUMENT,"    processDelimiters(state, state.delimiters)","    processDelimiters(state, )"
M9a68b649cbae3ab0,auto_non_equivalent,1,8,0,0,0,0,0,0,0,specified,markdown_it/rules_inline/state_inline.py,__init__,49,STATEMENT_REPLACEMENT,    self.env = env,    self.env = None
M9a79a764d24efa3c,auto_non_equivalent,1,8,0,0,0,0,0,0,0,specified,markdown_it/rules_inline/state_inline.py,scanDelims,143,STATEMENT_REPLACEMENT,"    nextChar = self.src[pos] if pos < maximum else "" ""","    nextChar = self.src[pos] if pos < maximum else ""XX XX"""
M9a8f3bc172b1b1f0,auto_non_equivalent,1,8,0,0,0,0,0,0,0,specified,markdown_it/common/normalize_url.py,normalizeLink,23,CONSTANT_REPLACEMENT,"    parsed = mdurl.parse(url, slashes_denote_host=True)",    parsed = None
M9a8fa9e3a4f332ec,auto_non_equivalent,1,8,0,0,0,0,0,0,0,specified,markdown_it/rules_block/fence.py,make_fence_rule,114,CALL_ARGUMENT,"            pos = state.skipCharsStr(pos, marker)",            pos = state.skipCharsStr(marker)
M9a92dbb60a7c5e71,auto_non_equivalent,1,8,0,0,0,0,0,0,0,specified,markdown_it/rules_inline/html_inline.py,html_inline,21,COMPARISON,"    if state.src[pos] != ""<"" or pos + 2 >= maximum:","    if state.src[pos] == ""<"" or pos + 2 >= maximum:"
M9aca5f2671b8b2e2,auto_non_equivalent,1,8,0,0,0,0,0,0,0,specified,markdown_it/rules_block/blockquote.py,blockquote,83,CONSTANT_REPLACEMENT,                    - (offset + state.bsCount[startLine] + (1 if adjustTab else 0)) % 4,                    - (offset + state.bsCount[startLine] + (1 if adjustTab else 0)) % 5
M9ad9efdb200f7026,auto_non_equivalent,1,8,0,0,0,0,0,0,0,specified,markdown_it/rules_inline/image.py,image,71,STATEMENT_REPLACEMENT,            title = res.str,            title = None
M9ae8855a64573041,auto_non_equivalent,1,8,0,0,0,0,0,0,0,specified,markdown_it/rules_block/heading.py,heading,51,CALL_ARGUMENT,"    tmp = state.skipCharsStrBack(maximum, ""#"", pos)","    tmp = state.skipCharsStrBack(None, ""#"", pos)"
M9aeef0321b370bc6,auto_non_equivalent,1,8,0,0,0,0,0,0,0,specified,markdown_it/rules_block/list.py,skipOrderedListMarker,67,COMPARISON,            if pos - start >= 10:,            if pos - start > 10:
M9b012a452f78021c,auto_non_equivalent,1,8,0,0,0,0,0,0,0,specified,markdown_it/helpers/parse_link_title.py,parseLinkTitle,70,ARITHMETIC,        pos += 1,        pos -= 1
M9b3af0c80d928eb0,auto_non_equivalent,1,8,0,0,0,0,0,0,0,specified,markdown_it/rules_block/heading.py,heading,24,COMPARISON,"    if ch != ""#"" or pos >= maximum:","    if ch != ""#"" and pos >= maximum:"
M9b4a2b53d573a219,auto_non_equivalent,1,8,0,0,0,0,0,0,0,specified,markdown_it/common/utils.py,escapeHtml,144,COMPARISON,"    raw = raw.replace("">"", ""&gt;"")","    raw = raw.replace("">"", None)"
M9b57a91436bbbba7,auto_non_equivalent,1,8,0,0,0,0,0,0,0,specified,markdown_it/helpers/parse_link_destination.py,parseLinkDestination,24,CALL_ARGUMENT,"            code = charCodeAt(string, pos)","            code = charCodeAt(None, pos)"
M9ba369b3e892e759,auto_non_equivalent,1,8,0,0,0,0,0,0,0,specified,markdown_it/rules_inline/image.py,image,52,CALL_ARGUMENT,            href = state.md.normalizeLink(res.str),            href = state.md.normalizeLink(None)
M9ba7cfb5b7c00a23,auto_non_equivalent,1,8,0,0,0,0,0,0,0,specified,markdown_it/rules_inline/balance_pairs.py,link_pairs,135,STATEMENT_REPLACEMENT,        curr_meta = tokens_meta[curr],        curr_meta = None
M9ba83681a22c8d88,auto_non_equivalent,1,8,0,0,0,0,0,0,0,specified,markdown_it/rules_inline/emphasis.py,tokenize,16,COMPARISON,"    if marker not in (""_"", ""*""):","    if marker in (""_"", ""*""):"
M9bb427b72d2ce8b7,auto_non_equivalent,1,8,0,0,0,0,0,0,0,specified,markdown_it/rules_block/list.py,skipOrderedListMarker,70,CONTROL_FLOW,            continue,            break
M9be064177e14d855,auto_non_equivalent,1,8,0,0,0,0,0,0,0,specified,markdown_it/rules_inline/image.py,image,21,ARITHMETIC,    labelStart = state.pos + 2,    labelStart = None
M9be264983b1bdedf,auto_non_equivalent,1,8,0,0,0,0,0,0,0,specified,markdown_it/renderer.py,fence,284,STATEMENT_REPLACEMENT,        highlighted = escapeHtml(token.content),        highlighted = None
M9be595b4e4caedef,auto_non_equivalent,1,8,0,0,0,0,0,0,0,specified,markdown_it/helpers/parse_link_destination.py,parseLinkDestination,35,COMPARISON,            if code == 0x5C and pos + 1 < maximum:  # \,            if code == 0x5C or pos + 1 < maximum:  # \
M9be87cb4cbdf5bae,auto_non_equivalent,1,8,0,0,0,0,0,0,0,specified,markdown_it/rules_block/reference.py,getNextLine,206,CALL_ARGUMENT,    if state.is_code_block(nextLine):,    if state.is_code_block(None):
M9bf79fc272807030,auto_non_equivalent,1,8,0,0,0,0,0,0,0,specified,markdown_it/rules_block/reference.py,reference,94,STATEMENT_REPLACEMENT,    start = pos,    start = None
M9bf82a8da42728c4,auto_non_equivalent,1,8,0,0,0,0,0,0,0,specified,markdown_it/rules_block/reference.py,reference,161,STATEMENT_REPLACEMENT,"        state.env[""references""] = {}","        state.env[""references""] = None"
M9c332dcd21356d2d,auto_non_equivalent,1,8,0,0,0,0,0,0,0,specified,markdown_it/rules_inline/link.py,link,28,COMPARISON,"    if pos < maximum and state.src[pos] == ""("":","    if pos < maximum or state.src[pos] == ""("":"
M9c33839263f69160,auto_non_equivalent,1,8,0,0,0,0,0,0,0,specified,markdown_it/parser_block.py,__init__,58,CALL_ARGUMENT,"        self.ruler.push(name, rule, {""alt"": alt})","        self.ruler.push(name, rule, {""XXaltXX"": alt})"
M9c4f057538ec6393,auto_non_equivalent,1,8,0,0,0,0,0,0,0,specified,markdown_it/rules_block/lheading.py,lheading,81,CONSTANT_REPLACEMENT,"    token = state.push(""heading_close"", ""h"" + str(level), -1)","    token = state.push(""heading_close"", ""H"" + str(level), -1)"
M9c540d93fd2c42e5,auto_non_equivalent,1,8,0,0,0,0,0,0,0,specified,markdown_it/helpers/parse_link_destination.py,parseLinkDestination,69,CONSTANT_REPLACEMENT,            if level == 0:,            if level == 1:
M9c9bba974520d5f0,auto_non_equivalent,1,8,0,0,0,0,0,0,0,specified,markdown_it/rules_core/text_join.py,text_join,44,STATEMENT_REPLACEMENT,"                        next_token.type = ""text""","                        next_token.type = ""XXtextXX"""
M9cbd96051b465a49,auto_non_equivalent,1,8,0,0,0,0,0,0,0,specified,markdown_it/rules_block/paragraph.py,paragraph,41,CONSTANT_REPLACEMENT,"            if terminatorRule(state, nextLine, endLine, True):","            if terminatorRule(state, nextLine, endLine, ):"
M9cc1baeebe5bb357,auto_non_equivalent,1,8,0,0,0,0,0,0,0,specified,markdown_it/rules_inline/html_inline.py,html_inline,26,COMPARISON,"    if ch not in (""!"", ""?"", ""/"") and not isLetter(ord(ch)):  # /* / */","    if ch in (""!"", ""?"", ""/"") and not isLetter(ord(ch)):  # /* / */"
M9ccbb28553fe7cab,auto_non_equivalent,1,8,0,0,0,0,0,0,0,specified,markdown_it/parser_block.py,tokenize,69,COMPARISON,        if line >= endLine:,        if line > endLine:
M9cfef1afa4acd28c,auto_non_equivalent,1,8,0,0,0,0,0,0,0,specified,markdown_it/rules_block/blockquote.py,blockquote,18,ARITHMETIC,    pos = state.bMarks[startLine] + state.tShift[startLine],    pos = None
M9d0d5643af3b195c,auto_non_equivalent,1,2,0,0,6,0,0,0,0,specified,markdown_it/rules_inline/fragments_join.py,fragments_join,40,ARITHMETIC,                curr += 1,                curr = 1
M9d154200c7802b9d,auto_non_equivalent,1,8,0,0,0,0,0,0,0,specified,markdown_it/rules_block/reference.py,reference,56,COMPARISON,"        labelEnd is None or labelEnd < 0 or charCodeAt(string, labelEnd + 1) != 0x3A","        labelEnd is None or labelEnd < 0 or charCodeAt(string, labelEnd + 1) == 0x3A"
M9d216afd2df2bd5c,auto_non_equivalent,1,8,0,0,0,0,0,0,0,specified,markdown_it/rules_block/heading.py,heading,42,COMPARISON,    if level > 6 or (pos < maximum and not isStrSpace(ch)):,    if level > 6 or (pos < maximum and not isStrSpace(None)):
M9d2174a128d97cee,auto_non_equivalent,1,8,0,0,0,0,0,0,0,specified,markdown_it/rules_inline/emphasis.py,tokenize,19,COMPARISON,"    scanned = state.scanDelims(state.pos, marker == ""*"")",    scanned = None
M9d397a78ace5f7ba,auto_non_equivalent,1,8,0,0,0,0,0,0,0,specified,markdown_it/rules_block/reference.py,reference,56,CONSTANT_REPLACEMENT,"        labelEnd is None or labelEnd < 0 or charCodeAt(string, labelEnd + 1) != 0x3A","        labelEnd is None or labelEnd < 0 or charCodeAt(string, labelEnd + 1) != 59"
M9d438272feb1f708,auto_non_equivalent,1,8,0,0,0,0,0,0,0,specified,markdown_it/rules_inline/image.py,image,103,ARITHMETIC,                pos += 1,                pos = 1
M9d4a7f1e4575b932,auto_non_equivalent,1,8,0,0,0,0,0,0,0,specified,markdown_it/rules_block/reference.py,reference,139,STATEMENT_REPLACEMENT,        pos = destEndPos,        pos = None
M9d5857731c65bc51,auto_non_equivalent,1,8,0,0,0,0,0,0,0,specified,markdown_it/rules_block/reference.py,reference,178,STATEMENT_REPLACEMENT,"            ""title"": title,","            ""XXtitleXX"": title,"
M9d6b32bc7d759625,auto_non_equivalent,1,8,0,0,0,0,0,0,0,specified,markdown_it/rules_inline/balance_pairs.py,processDelimiters,81,CONSTANT_REPLACEMENT,                    and ((opener.length + closer.length) % 3 == 0),                    and ((opener.length + closer.length) % 4 == 0)
M9d73281cffb1d5dd,auto_non_equivalent,1,8,0,0,0,0,0,0,0,specified,markdown_it/rules_block/reference.py,reference,161,STATEMENT_REPLACEMENT,"        state.env[""references""] = {}","        state.env[""REFERENCES""] = {}"
M9d81391b2f9a9741,auto_non_equivalent,1,8,0,0,0,0,0,0,0,specified,markdown_it/rules_block/state_block.py,getLines,248,CONSTANT_REPLACEMENT,"            queue[i - 1] = ("" "" * (lineIndent - indent)) + self.src[first:last]","            queue[i - 1] = (""XX XX"" * (lineIndent - indent)) + self.src[first:last]"
M9d9cf4808fcf2316,auto_non_equivalent,1,8,0,0,0,0,0,0,0,specified,markdown_it/renderer.py,renderToken,142,CONSTANT_REPLACEMENT,"    result += (""</"" if token.nesting == -1 else ""<"") + token.tag","    result += (""</"" if token.nesting == -1 else ""XX<XX"") + token.tag"
M9da8b53b388378b3,auto_non_equivalent,1,8,0,0,0,0,0,0,0,specified,markdown_it/rules_inline/image.py,image,18,CONSTANT_REPLACEMENT,"    if state.pos + 1 < state.posMax and state.src[state.pos + 1] != ""["":","    if state.pos + 1 < state.posMax and state.src[state.pos + 1] != ""XX[XX"":"
M9de26c0e80304e78,auto_non_equivalent,1,8,0,0,0,0,0,0,0,specified,markdown_it/rules_block/html_block.py,html_block,81,CONTROL_FLOW,                break,                return
M9de51823da54f5de,auto_non_equivalent,1,8,0,0,0,0,0,0,0,specified,markdown_it/rules_inline/newline.py,newline,37,CONSTANT_REPLACEMENT,    pos += 1,    pos += 2
M9dec50eeab85c416,auto_non_equivalent,1,8,0,0,0,0,0,0,0,specified,markdown_it/rules_block/lheading.py,lheading,68,CONSTANT_REPLACEMENT,"    content = state.getLines(startLine, nextLine, state.blkIndent, False).strip()","    content = state.getLines(startLine, nextLine, state.blkIndent, ).strip()"
M9df989fa6174a7e2,auto_non_equivalent,1,8,0,0,0,0,0,0,0,specified,markdown_it/rules_block/list.py,list_block,327,CONSTANT_REPLACEMENT,"            if terminatorRule(state, nextLine, endLine, True):","            if terminatorRule(None, nextLine, endLine, True):"
M9e3164ad246c64e4,auto_non_equivalent,1,8,0,0,0,0,0,0,0,specified,markdown_it/main.py,__getitem__,89,STATEMENT_REPLACEMENT,"        ""block"": self.block,","        ""BLOCK"": self.block,"
M9e4d2a558f520ee8,auto_non_equivalent,1,8,0,0,0,0,0,0,0,specified,markdown_it/rules_block/list.py,list_block,304,CONSTANT_REPLACEMENT,"        token = state.push(""list_item_close"", ""li"", -1)","        token = state.push(""list_item_close"", ""XXliXX"", -1)"
M9e676f5d23ab76e9,auto_non_equivalent,1,8,0,0,0,0,0,0,0,specified,markdown_it/rules_block/state_block.py,getLines,220,ARITHMETIC,"    queue = [""""] * (end - begin)","    queue = [""""] / (end - begin)"
M9e8755239f275380,auto_non_equivalent,1,8,0,0,0,0,0,0,0,specified,markdown_it/rules_core/block.py,block,13,CALL_ARGUMENT,"        state.md.block.parse(state.src, state.md, state.env, state.tokens)","        state.md.block.parse(state.md, state.env, state.tokens)"
M9ea3f5aea8f31713,auto_non_equivalent,1,8,0,0,0,0,0,0,0,specified,markdown_it/rules_inline/image.py,image,140,CALL_ARGUMENT,"            token.attrSet(""title"", title)",            token.attrSet(title)
M9eabfb6703024f37,auto_non_equivalent,1,8,0,0,0,0,0,0,0,specified,markdown_it/rules_block/reference.py,reference,160,STATEMENT_REPLACEMENT,"    if ""references"" not in state.env:","    if ""REFERENCES"" not in state.env:"
M9eb522ecf179da50,auto_non_equivalent,1,8,0,0,0,0,0,0,0,specified,markdown_it/rules_inline/image.py,image,28,ARITHMETIC,    pos = labelEnd + 1,    pos = None
M9eb6b84ce6fc564e,auto_non_equivalent,1,8,0,0,0,0,0,0,0,specified,markdown_it/rules_block/heading.py,heading,52,COMPARISON,    if tmp > pos and isStrSpace(state.src[tmp - 1]):,    if tmp > pos and isStrSpace(state.src[tmp + 1]):
M9eb978103d745264,auto_non_equivalent,1,8,0,0,0,0,0,0,0,specified,markdown_it/rules_core/inline.py,inline,7,STATEMENT_REPLACEMENT,"        if token.type == ""inline"":","        if token.type == ""INLINE"":"
M9ebc6c987c481f82,auto_non_equivalent,1,8,0,0,0,0,0,0,0,specified,markdown_it/rules_block/list.py,skipBulletListMarker,28,BOOLEAN_CONNECTOR,        if not isStrSpace(ch):,        if isStrSpace(ch):
M9ee04f41b2af320d,auto_non_equivalent,1,8,0,0,0,0,0,0,0,specified,markdown_it/rules_block/html_block.py,html_block,79,COMPARISON,                if len(lineText) != 0:,                if len(lineText) == 0:
M9eee76a5db0561a6,auto_non_equivalent,1,8,0,0,0,0,0,0,0,specified,markdown_it/rules_block/html_block.py,html_block,65,ARITHMETIC,    nextLine = startLine + 1,    nextLine = None
M9ef42d5b6637e517,auto_non_equivalent,1,8,0,0,0,0,0,0,0,specified,markdown_it/renderer.py,fence,308,COMPARISON,"        + "">""
        + highlighted","        + "">"" - highlighted"
M9ef5b2389d1dc4c7,auto_non_equivalent,1,8,0,0,0,0,0,0,0,specified,markdown_it/parser_block.py,tokenize,87,CONSTANT_REPLACEMENT,"            if rule(state, line, endLine, False):","            if rule(state, None, endLine, False):"
M9f024a425f917d1e,auto_non_equivalent,1,8,0,0,0,0,0,0,0,specified,markdown_it/rules_block/reference.py,reference,24,ARITHMETIC,    string = state.src[pos : maximum + 1],    string = state.src[pos : maximum - 1]
M9f1c1f9114482917,auto_non_equivalent,1,8,0,0,0,0,0,0,0,specified,markdown_it/rules_inline/newline.py,newline,22,COMPARISON,"            if pmax >= 1 and charStrAt(state.pending, pmax - 1) == "" "":","            if pmax >= 1 and charStrAt(state.pending, None) == "" "":"
M9f6634c6c2970e5e,auto_non_equivalent,1,8,0,0,0,0,0,0,0,specified,markdown_it/rules_block/reference.py,reference,39,COMPARISON,"            if (lineContent := getNextLine(state, nextLine)) is not None:","            if (lineContent := getNextLine(state, None)) is not None:"
M9f90b0bf0ea951f7,auto_non_equivalent,1,8,0,0,0,0,0,0,0,specified,markdown_it/rules_inline/autolink.py,autolink,49,ARITHMETIC,"            token = state.push(""link_close"", ""a"", -1)","            token = state.push(""link_close"", None, -1)"
M9f9c15f6c0b6ceb6,auto_non_equivalent,1,8,0,0,0,0,0,0,0,specified,markdown_it/rules_block/list.py,list_block,368,ARITHMETIC,"        token = state.push(""ordered_list_close"", ""ol"", -1)",        token = None
M9fc052d329f83a89,auto_non_equivalent,1,8,0,0,0,0,0,0,0,specified,markdown_it/helpers/parse_link_destination.py,parseLinkDestination,80,STATEMENT_REPLACEMENT,    result.str = unescapeAll(string[start:pos]),    result.str = None
M9fc3378cc145389e,auto_non_equivalent,1,8,0,0,0,0,0,0,0,specified,markdown_it/rules_inline/link.py,link,55,STATEMENT_REPLACEMENT,                pos = res.pos,                pos = None
M9fc75d1e88ec59eb,auto_non_equivalent,1,8,0,0,0,0,0,0,0,specified,markdown_it/rules_block/hr.py,hr,39,COMPARISON,        if ch != marker and not isStrSpace(ch):,        if ch != marker or not isStrSpace(ch):
M9fe8eccb5e640551,auto_non_equivalent,1,8,0,0,0,0,0,0,0,specified,markdown_it/rules_inline/html_inline.py,html_inline,35,ARITHMETIC,        token.content = state.src[pos : pos + len(match.group(0))],        token.content = state.src[pos : pos - len(match.group(0))]
M9ffb64528c15be18,auto_non_equivalent,1,8,0,0,0,0,0,0,0,specified,markdown_it/rules_block/heading.py,heading,34,CONSTANT_REPLACEMENT,"    while ch == ""#"" and pos < maximum and level <= 6:","    while ch == ""XX#XX"" and pos < maximum and level <= 6:"
Ma00fbd87bdced594,auto_non_equivalent,1,8,0,0,0,0,0,0,0,specified,markdown_it/rules_block/lheading.py,lheading,81,ARITHMETIC,"    token = state.push(""heading_close"", ""h"" + str(level), -1)","    token = state.push(""heading_close"", ""h"" + str(level), )"
Ma022f9dca15cbeea,auto_non_equivalent,1,8,0,0,0,0,0,0,0,specified,markdown_it/rules_inline/emphasis.py,tokenize,28,CONSTANT_REPLACEMENT,"                token=len(state.tokens) - 1,","                token=len(state.tokens) - 2,"
Ma032e9d63f20c960,auto_non_equivalent,1,8,0,0,0,0,0,0,0,specified,markdown_it/rules_block/list.py,list_block,149,CALL_ARGUMENT,"        posAfterMarker = skipBulletListMarker(state, startLine)","        posAfterMarker = skipBulletListMarker(None, startLine)"
Ma04d3f87e45c5876,auto_non_equivalent,1,6,0,0,2,0,0,0,0,specified,markdown_it/ruler.py,__compile__,106,COMPARISON,            if chain and (chain not in rule.alt):,            if chain and (chain in rule.alt):
Ma06ba5dbae98010b,auto_non_equivalent,1,8,0,0,0,0,0,0,0,specified,markdown_it/rules_block/blockquote.py,blockquote,269,ARITHMETIC,        state.sCount[nextLine] = -1,        state.sCount[nextLine] = None
Ma08a214f4e848ff9,auto_non_equivalent,1,8,0,0,0,0,0,0,0,specified,markdown_it/rules_block/fence.py,make_fence_rule,136,ARITHMETIC,"        token.content = state.getLines(startLine + 1, nextLine, length, True)","        token.content = state.getLines(startLine + 1, nextLine, length, )"
Ma0fe40bf034bf9dc,auto_non_equivalent,1,3,5,0,0,0,0,0,0,specified,markdown_it/rules_block/fence.py,make_fence_rule,125,CONSTANT_REPLACEMENT,            haveEndMarker = True,            haveEndMarker = None
Ma1051bf2752f1833,auto_non_equivalent,1,8,0,0,0,0,0,0,0,specified,markdown_it/renderer.py,image,325,CALL_ARGUMENT,"        token.attrSet(""alt"", self.renderInlineAsText(token.children, options, env))","        token.attrSet(""alt"", self.renderInlineAsText(token.children, env))"
Ma10d8477f3804d24,auto_non_equivalent,1,8,0,0,0,0,0,0,0,specified,markdown_it/common/utils.py,escapeHtml,144,CALL_ARGUMENT,"    raw = raw.replace("">"", ""&gt;"")","    raw = raw.replace(""XX>XX"", ""&gt;"")"
Ma11a238f010210f0,auto_non_equivalent,1,8,0,0,0,0,0,0,0,specified,markdown_it/rules_inline/link.py,link,135,CALL_ARGUMENT,"            token.attrSet(""title"", title)","            token.attrSet(""title"", None)"
Ma1293c52db32cc2d,auto_non_equivalent,1,8,0,0,0,0,0,0,0,specified,markdown_it/rules_block/state_block.py,__init__,82,ARITHMETIC,                    offset += 1,                    offset -= 1
Ma12e3624c4bfcb1b,auto_non_equivalent,1,8,0,0,0,0,0,0,0,specified,markdown_it/rules_inline/backticks.py,backtick,37,CALL_ARGUMENT,"            matchStart = state.src.index(""`"", matchEnd)","            matchStart = state.src.index(""XX`XX"", matchEnd)"
Ma1433ec69df2f577,auto_non_equivalent,1,8,0,0,0,0,0,0,0,specified,markdown_it/renderer.py,renderToken,156,ARITHMETIC,            nextToken = tokens[idx + 1],            nextToken = None
Ma149fb501b7313be,auto_non_equivalent,1,8,0,0,0,0,0,0,0,specified,markdown_it/parser_inline.py,tokenize,197,CONTROL_FLOW,                break,                return
Ma152153cd891c31f,auto_non_equivalent,1,8,0,0,0,0,0,0,0,specified,markdown_it/rules_inline/image.py,image,129,STATEMENT_REPLACEMENT,        content = state.src[labelStart:labelEnd],        content = None
Ma15b1e140b729726,auto_non_equivalent,1,8,0,0,0,0,0,0,0,specified,markdown_it/rules_inline/backticks.py,backtick,71,ARITHMETIC,    state.pos += openerLength,    state.pos -= openerLength
Ma18460365a5422f1,auto_non_equivalent,1,8,0,0,0,0,0,0,0,specified,markdown_it/rules_block/list.py,list_block,345,COMPARISON,        if markerChar != state.src[posAfterMarker - 1]:,        if markerChar == state.src[posAfterMarker - 1]:
Ma197cdf7e897f010,auto_non_equivalent,1,8,0,0,0,0,0,0,0,specified,markdown_it/rules_inline/autolink.py,autolink,67,CONSTANT_REPLACEMENT,"            token = state.push(""text"", """", 0)",            token = None
Ma1a511223619267d,auto_non_equivalent,1,8,0,0,0,0,0,0,0,specified,markdown_it/rules_block/heading.py,heading,36,ARITHMETIC,        pos += 1,        pos = 1
Ma1ea0ded553b48c0,auto_non_equivalent,1,8,0,0,0,0,0,0,0,specified,markdown_it/rules_block/reference.py,reference,14,ARITHMETIC,    pos = state.bMarks[startLine] + state.tShift[startLine],    pos = state.bMarks[startLine] - state.tShift[startLine]
Ma1f1d8e0f5f8bc1e,auto_non_equivalent,1,8,0,0,0,0,0,0,0,specified,markdown_it/rules_inline/emphasis.py,_postProcess,90,CONSTANT_REPLACEMENT,"            state.tokens[delimiters[startDelim.end + 1].token].content = """"","            state.tokens[delimiters[startDelim.end + 2].token].content = """""
Ma2084d7e52d3b2a1,auto_non_equivalent,1,8,0,0,0,0,0,0,0,specified,markdown_it/helpers/parse_link_destination.py,parseLinkDestination,21,COMPARISON,"    if charCodeAt(string, pos) == 0x3C:  # /* < */","    if charCodeAt(None, pos) == 0x3C:  # /* < */"
Ma20c2fad88c78c7c,auto_non_equivalent,1,8,0,0,0,0,0,0,0,specified,markdown_it/rules_block/reference.py,reference,62,ARITHMETIC,    pos = labelEnd + 2,    pos = labelEnd - 2
Ma2127b97f1b9a1a1,auto_non_equivalent,1,8,0,0,0,0,0,0,0,specified,markdown_it/rules_block/list.py,list_block,117,COMPARISON,"        state.listIndent >= 0
        and state.sCount[startLine] - state.listIndent >= 4",        state.listIndent >= 0 or state.sCount[startLine] - state.listIndent >= 4
Ma215e0c72cf67a0f,auto_non_equivalent,1,8,0,0,0,0,0,0,0,specified,markdown_it/parser_block.py,tokenize,64,STATEMENT_REPLACEMENT,    maxNesting = state.md.options.maxNesting,    maxNesting = None
Ma2186e88d4f32d50,auto_non_equivalent,1,8,0,0,0,0,0,0,0,specified,markdown_it/rules_block/list.py,list_block,209,ARITHMETIC,                offset += 4 - (offset + state.bsCount[nextLine]) % 4,                offset = 4 - (offset + state.bsCount[nextLine]) % 4
Ma24529953a9501d1,auto_non_equivalent,1,8,0,0,0,0,0,0,0,specified,markdown_it/rules_block/reference.py,reference,96,CALL_ARGUMENT,"        ch = charCodeAt(string, pos)","        ch = charCodeAt(string, None)"
Ma25c7218f1593bae,auto_non_equivalent,1,8,0,0,0,0,0,0,0,specified,markdown_it/helpers/parse_link_title.py,parseLinkTitle,43,STATEMENT_REPLACEMENT,"        marker = charCodeAt(string, pos)",        marker = None
Ma27d726001b70fff,auto_non_equivalent,1,8,0,0,0,0,0,0,0,specified,markdown_it/rules_inline/autolink.py,autolink,42,STATEMENT_REPLACEMENT,"            token.attrs = {""href"": fullUrl}","            token.attrs = {""HREF"": fullUrl}"
Ma297a3341d8300c1,auto_non_equivalent,1,8,0,0,0,0,0,0,0,specified,markdown_it/rules_inline/entity.py,entity,45,CONSTANT_REPLACEMENT,"                token = state.push(""text_special"", """", 0)","                token = state.push(""text_special"", """", )"
Ma2b575d95150596d,auto_non_equivalent,1,8,0,0,0,0,0,0,0,specified,markdown_it/renderer.py,fence,275,CONSTANT_REPLACEMENT,        langName = arr[0],        langName = arr[1]
Ma2d06762e528aded,auto_non_equivalent,1,8,0,0,0,0,0,0,0,specified,markdown_it/rules_block/lheading.py,lheading,68,CONSTANT_REPLACEMENT,"    content = state.getLines(startLine, nextLine, state.blkIndent, False).strip()","    content = state.getLines(startLine, state.blkIndent, False).strip()"
Ma2dabdb0a82e4abd,auto_non_equivalent,1,8,0,0,0,0,0,0,0,specified,markdown_it/rules_block/blockquote.py,blockquote,280,CONSTANT_REPLACEMENT,    alert_kind = None,"    alert_kind = """""
Ma3041a0eb9f43cb3,auto_non_equivalent,1,8,0,0,0,0,0,0,0,specified,markdown_it/rules_block/reference.py,reference,142,CALL_ARGUMENT,"            ch = charCodeAt(string, pos)","            ch = charCodeAt(string, )"
Ma309b05613c18793,auto_non_equivalent,1,8,0,0,0,0,0,0,0,specified,markdown_it/rules_inline/emphasis.py,tokenize,31,STATEMENT_REPLACEMENT,"                close=scanned.can_close,","                close=None,"
Ma33c743f9d2e5241,auto_non_equivalent,1,8,0,0,0,0,0,0,0,specified,markdown_it/rules_inline/emphasis.py,_postProcess,81,STATEMENT_REPLACEMENT,        token = state.tokens[endDelim.token],        token = None
Ma341b46ca3ea0da9,auto_non_equivalent,1,8,0,0,0,0,0,0,0,specified,markdown_it/common/utils.py,isValidEntityCode,68,COMPARISON,    if c == 0x0B:,    if c != 0x0B:
Ma357f2e0c4c09d98,auto_non_equivalent,1,8,0,0,0,0,0,0,0,specified,markdown_it/rules_block/state_block.py,__init__,97,CONSTANT_REPLACEMENT,            indent = 0,            indent = 1
Ma3581083665a867e,auto_non_equivalent,1,8,0,0,0,0,0,0,0,specified,markdown_it/common/utils.py,fromCodePoint,85,CALL_ARGUMENT,    return chr(c),    return chr(None)
Ma3778ddc69349c6e,auto_non_equivalent,1,8,0,0,0,0,0,0,0,specified,markdown_it/rules_block/paragraph.py,paragraph,50,CONSTANT_REPLACEMENT,"    content = state.getLines(startLine, nextLine, state.blkIndent, False).strip()","    content = state.getLines(startLine, nextLine, False).strip()"
Ma3dab9037d157837,auto_non_equivalent,1,8,0,0,0,0,0,0,0,specified,markdown_it/renderer.py,renderToken,155,COMPARISON,        if token.nesting == 1 and (idx + 1 < len(tokens)):,        if token.nesting != 1 and (idx + 1 < len(tokens)):
Ma3f89888c8bebb7e,auto_non_equivalent,1,8,0,0,0,0,0,0,0,specified,markdown_it/rules_block/list.py,list_block,304,ARITHMETIC,"        token = state.push(""list_item_close"", ""li"", -1)","        token = state.push(""list_item_close"", None, -1)"
Ma40ffb92744eb123,auto_non_equivalent,1,8,0,0,0,0,0,0,0,specified,markdown_it/renderer.py,renderInlineAsText,204,ARITHMETIC,"                result += self.renderInlineAsText(token.children, options, env)","                result += self.renderInlineAsText(None, options, env)"
Ma41a4c350f379fac,auto_non_equivalent,1,8,0,0,0,0,0,0,0,specified,markdown_it/cli/parse.py,convert_file,58,CONSTANT_REPLACEMENT,        sys.exit(1),        sys.exit(2)
Ma4202bf0e5a11a57,auto_non_equivalent,1,8,0,0,0,0,0,0,0,specified,markdown_it/rules_block/list.py,list_block,179,CONSTANT_REPLACEMENT,"        token = state.push(""bullet_list_open"", ""ul"", 1)","        token = state.push(""bullet_list_open"", 1)"
Ma42bc55aa32a2dfe,auto_non_equivalent,1,8,0,0,0,0,0,0,0,specified,markdown_it/renderer.py,renderToken,148,COMPARISON,"    if token.nesting == 0 and options[""xhtmlOut""]:","    if token.nesting == 0 or options[""xhtmlOut""]:"
Ma43ed30430390372,auto_non_equivalent,1,8,0,0,0,0,0,0,0,specified,markdown_it/renderer.py,renderInline,103,CALL_ARGUMENT,"            result += self.rules[token.type](tokens, i, options, env)","            result += self.rules[token.type](tokens, i, env)"
Ma45e3dc5ce9ccfae,auto_non_equivalent,1,8,0,0,0,0,0,0,0,specified,markdown_it/rules_block/paragraph.py,paragraph,39,CONSTANT_REPLACEMENT,        terminate = False,        terminate = True
Ma46d1a823c27af49,auto_non_equivalent,1,8,0,0,0,0,0,0,0,specified,markdown_it/rules_inline/image.py,image,30,STATEMENT_REPLACEMENT,"    if pos < max and state.src[pos] == ""("":","    if pos < max and state.src[pos] == ""XX(XX"":"
Ma47f8c1d94c24729,auto_non_equivalent,1,8,0,0,0,0,0,0,0,specified,markdown_it/common/utils.py,unescapeAll,122,CONSTANT_REPLACEMENT,        entity = match.group(2),        entity = match.group(3)
Ma48b31ef4cdc822a,auto_non_equivalent,1,8,0,0,0,0,0,0,0,specified,markdown_it/rules_block/state_block.py,push,125,STATEMENT_REPLACEMENT,    token.level = self.level,    token.level = None
Ma4ec762aade83373,auto_non_equivalent,1,8,0,0,0,0,0,0,0,specified,markdown_it/rules_block/list.py,list_block,311,CONTROL_FLOW,            break,            return
Ma4effe4f57def733,auto_non_equivalent,1,8,0,0,0,0,0,0,0,specified,markdown_it/rules_inline/balance_pairs.py,link_pairs,133,CONSTANT_REPLACEMENT,    curr = 0,    curr = 1
Ma4f47052fc75bbcc,auto_non_equivalent,1,8,0,0,0,0,0,0,0,specified,markdown_it/rules_block/reference.py,reference,56,COMPARISON,"        labelEnd is None or labelEnd < 0 or charCodeAt(string, labelEnd + 1) != 0x3A","        labelEnd is not None or labelEnd < 0 or charCodeAt(string, labelEnd + 1) != 0x3A"
Ma4ff7cbb82d5a81d,auto_non_equivalent,1,8,0,0,0,0,0,0,0,specified,markdown_it/rules_core/text_join.py,text_join,40,ARITHMETIC,                i += 1,                i = 1
Ma5005c01201e8c4a,auto_non_equivalent,1,8,0,0,0,0,0,0,0,specified,markdown_it/rules_block/heading.py,heading,66,ARITHMETIC,"    token = state.push(""heading_close"", ""h"" + str(level), -1)","    token = state.push(""heading_close"", ""h"" + str(level), None)"
Ma51a0be725734cca,auto_non_equivalent,1,8,0,0,0,0,0,0,0,specified,markdown_it/rules_core/inline.py,inline,10,CALL_ARGUMENT,"            state.md.inline.parse(token.content, state.md, state.env, token.children)","            state.md.inline.parse(token.content, None, state.env, token.children)"
Ma576c822bd484ff3,auto_non_equivalent,1,8,0,0,0,0,0,0,0,specified,markdown_it/renderer.py,renderInline,103,ARITHMETIC,"            result += self.rules[token.type](tokens, i, options, env)","            result += self.rules[token.type](tokens, None, options, env)"
Ma57c5b49405398e4,auto_non_equivalent,1,8,0,0,0,0,0,0,0,specified,markdown_it/rules_block/html_block.py,html_block,88,CONSTANT_REPLACEMENT,"    token.content = state.getLines(startLine, nextLine, state.blkIndent, True)","    token.content = state.getLines(startLine, nextLine, state.blkIndent, False)"
Ma5882782b3439cdf,auto_non_equivalent,1,8,0,0,0,0,0,0,0,specified,markdown_it/rules_core/normalize.py,normalize,14,CALL_ARGUMENT,"    string = NEWLINES_RE.sub(""\n"", state.src)",    string = NEWLINES_RE.sub(state.src)
Ma5aa18afc325b4da,auto_non_equivalent,1,8,0,0,0,0,0,0,0,specified,markdown_it/rules_block/list.py,list_block,140,CONSTANT_REPLACEMENT,        isOrdered = True,        isOrdered = None
Ma5aa539765673237,auto_non_equivalent,1,8,0,0,0,0,0,0,0,specified,markdown_it/helpers/parse_link_destination.py,parseLinkDestination,35,CONSTANT_REPLACEMENT,            if code == 0x5C and pos + 1 < maximum:  # \,            if code == 93 and pos + 1 < maximum:  # \
Ma5abc3bc9a31391c,auto_non_equivalent,1,8,0,0,0,0,0,0,0,specified,markdown_it/rules_block/code.py,code,32,CONSTANT_REPLACEMENT,"    token = state.push(""code_block"", ""code"", 0)","    token = state.push(""XXcode_blockXX"", ""code"", 0)"
Ma5ec2601ed341b78,auto_non_equivalent,1,8,0,0,0,0,0,0,0,specified,markdown_it/rules_inline/backticks.py,backtick,20,COMPARISON,"    while pos < maximum and (state.src[pos] == ""`""):","    while pos <= maximum and (state.src[pos] == ""`""):"
Ma5eff705e2e3875b,auto_non_equivalent,1,8,0,0,0,0,0,0,0,specified,markdown_it/main.py,parse,271,CALL_ARGUMENT,"    state = StateCore(src, self, env)","    state = StateCore(src, env)"
Ma5fc3b1cb7553996,auto_non_equivalent,1,8,0,0,0,0,0,0,0,specified,markdown_it/rules_inline/html_inline.py,html_inline,16,CONSTANT_REPLACEMENT,"    if not state.md.options.get(""html"", None):",    if not state.md.options.get(None):
Ma618d0f6e42ce1e5,auto_non_equivalent,1,8,0,0,0,0,0,0,0,specified,markdown_it/rules_block/list.py,list_block,304,ARITHMETIC,"        token = state.push(""list_item_close"", ""li"", -1)","        token = state.push(""list_item_close"", ""li"", None)"
Ma61c9945545a7d3a,auto_non_equivalent,1,8,0,0,0,0,0,0,0,specified,markdown_it/rules_inline/emphasis.py,_postProcess,69,COMPARISON,            and delimiters[startDelim.end + 1].token == endDelim.token + 1,            and delimiters[startDelim.end + 1].token != endDelim.token + 1
Ma61d1457e73db670,auto_non_equivalent,1,8,0,0,0,0,0,0,0,specified,markdown_it/ruler.py,push,187,CONSTANT_REPLACEMENT,"        Rule[RuleFuncTv](ruleName, True, fn, (options or {}).get(""alt"", []))","        Rule[RuleFuncTv](ruleName, True, fn, (options or {}).get(""XXaltXX"", []))"
Ma61f24e7c2cd7b7c,auto_non_equivalent,1,8,0,0,0,0,0,0,0,specified,markdown_it/helpers/parse_link_destination.py,parseLinkDestination,48,CALL_ARGUMENT,"        code = charCodeAt(string, pos)",        code = charCodeAt(pos)
Ma62197bd1faa14a9,auto_non_equivalent,1,8,0,0,0,0,0,0,0,specified,markdown_it/common/utils.py,isValidEntityCode,58,COMPARISON,    if c >= 0xD800 and c <= 0xDFFF:,    if c >= 0xD800 or c <= 0xDFFF:
Ma653eac7b7b0b7ac,auto_non_equivalent,1,8,0,0,0,0,0,0,0,specified,markdown_it/rules_block/hr.py,hr,52,CONSTANT_REPLACEMENT,"    token = state.push(""hr"", ""hr"", 0)",    token = None
Ma665636e9e07cc83,auto_non_equivalent,1,8,0,0,0,0,0,0,0,specified,markdown_it/rules_core/text_join.py,text_join,24,BOOLEAN_CONNECTOR,        children = inline_token.children or [],        children = inline_token.children and []
Ma680a4dbea68d718,auto_non_equivalent,1,8,0,0,0,0,0,0,0,specified,markdown_it/rules_block/state_block.py,__init__,80,CONSTANT_REPLACEMENT,                    offset += 4 - offset % 4,                    offset += 4 - offset % 5
Ma6874a03629b0667,auto_non_equivalent,1,8,0,0,0,0,0,0,0,specified,markdown_it/rules_block/fence.py,make_fence_rule,132,ARITHMETIC,        state.line = nextLine + (1 if haveEndMarker else 0),        state.line = None
Ma68ffc07e1bb07f5,auto_non_equivalent,1,8,0,0,0,0,0,0,0,specified,markdown_it/rules_block/reference.py,getNextLine,221,CONSTANT_REPLACEMENT,"            if terminatorRule(state, nextLine, endLine, True):","            if terminatorRule(state, nextLine, endLine, ):"
Ma6923ceb758aa237,auto_non_equivalent,1,8,0,0,0,0,0,0,0,specified,markdown_it/renderer.py,render,82,ARITHMETIC,"                result += self.renderInline(token.children, options, env)","                result = self.renderInline(token.children, options, env)"
Ma6a39024f910bad5,auto_non_equivalent,1,8,0,0,0,0,0,0,0,specified,markdown_it/rules_block/paragraph.py,paragraph,62,ARITHMETIC,"    token = state.push(""paragraph_close"", ""p"", -1)",    token = None
Ma6c3cb10c5e32047,auto_non_equivalent,1,8,0,0,0,0,0,0,0,specified,markdown_it/rules_block/list.py,list_block,304,ARITHMETIC,"        token = state.push(""list_item_close"", ""li"", -1)","        token = state.push(""list_item_close"", ""li"", )"
Ma702cf853e1fdada,auto_non_equivalent,1,8,0,0,0,0,0,0,0,specified,markdown_it/renderer.py,renderToken,142,COMPARISON,"    result += (""</"" if token.nesting == -1 else ""<"") + token.tag","    result += (""</"" if token.nesting == -1 else ""<"") - token.tag"
Ma742a9bfc2274dfc,auto_non_equivalent,1,8,0,0,0,0,0,0,0,specified,markdown_it/ruler.py,__compile__,97,CONTROL_FLOW,            continue,            break
Ma74bae3d22d98a93,auto_non_equivalent,1,8,0,0,0,0,0,0,0,specified,markdown_it/rules_inline/image.py,image,146,STATEMENT_REPLACEMENT,    state.pos = pos,    state.pos = None
Ma753364b13b8bb35,auto_non_equivalent,1,8,0,0,0,0,0,0,0,specified,markdown_it/rules_inline/image.py,image,132,CALL_ARGUMENT,"        state.md.inline.parse(content, state.md, state.env, tokens)","        state.md.inline.parse(content, state.env, tokens)"
Ma76a78bf46ec6f9c,auto_non_equivalent,1,8,0,0,0,0,0,0,0,specified,markdown_it/rules_inline/newline.py,newline,13,ARITHMETIC,    pmax = len(state.pending) - 1,    pmax = len(state.pending) + 1
Ma76b02dbcabff047,auto_non_equivalent,1,8,0,0,0,0,0,0,0,specified,markdown_it/main.py,parse,266,COMPARISON,    env = {} if env is None else env,    env = {} if env is not None else env
Ma76d9b17c100504c,auto_non_equivalent,1,8,0,0,0,0,0,0,0,specified,markdown_it/rules_inline/link.py,link,131,CONSTANT_REPLACEMENT,"        token = state.push(""link_open"", ""a"", 1)","        token = state.push(""link_open"", 1)"
Ma76fa1c5e930a797,auto_non_equivalent,1,8,0,0,0,0,0,0,0,specified,markdown_it/common/utils.py,normalizeReference,257,ARITHMETIC,"    string = re.sub(r""\s+"", "" "", string.strip())","    string = re.sub(r""\s+"", "" "", None)"
Ma771c359ad79a76c,auto_non_equivalent,1,8,0,0,0,0,0,0,0,specified,markdown_it/common/utils.py,isValidEntityCode,66,CONSTANT_REPLACEMENT,    if c >= 0x00 and c <= 0x08:,    if c >= 0x00 and c <= 9:
Ma78f77d06aa65afe,auto_non_equivalent,1,8,0,0,0,0,0,0,0,specified,markdown_it/rules_block/blockquote.py,blockquote,93,STATEMENT_REPLACEMENT,    oldBSCount = [state.bsCount[startLine]],    oldBSCount = None
Ma7ae1d56377b91e4,auto_non_equivalent,1,8,0,0,0,0,0,0,0,specified,markdown_it/parser_inline.py,parse,212,CALL_ARGUMENT,"    rules2 = self.ruler2.getRules("""")",    rules2 = self.ruler2.getRules(None)
Ma7b60c4c6ebe50ff,auto_non_equivalent,1,8,0,0,0,0,0,0,0,specified,markdown_it/rules_inline/backticks.py,backtick,10,STATEMENT_REPLACEMENT,    pos = state.pos,    pos = None
Ma7b7f252209c4466,auto_non_equivalent,1,8,0,0,0,0,0,0,0,specified,markdown_it/rules_block/blockquote.py,blockquote,143,ARITHMETIC,        pos = state.bMarks[nextLine] + state.tShift[nextLine],        pos = None
Ma7efb553c08125a6,auto_non_equivalent,1,8,0,0,0,0,0,0,0,specified,markdown_it/rules_block/heading.py,heading,35,CONSTANT_REPLACEMENT,        level += 1,        level += 2
Ma81ddeeb9cc84f7e,auto_non_equivalent,1,8,0,0,0,0,0,0,0,specified,markdown_it/renderer.py,render,82,ARITHMETIC,"                result += self.renderInline(token.children, options, env)","                result += self.renderInline(None, options, env)"
Ma835ca315ed9e4ba,auto_non_equivalent,1,8,0,0,0,0,0,0,0,specified,markdown_it/rules_block/reference.py,reference,110,CONSTANT_REPLACEMENT,"    titleRes = state.md.helpers.parseLinkTitle(string, pos, maximum, None)","    titleRes = state.md.helpers.parseLinkTitle(pos, maximum, None)"
Ma844fb7d4dfafdf6,auto_non_equivalent,1,8,0,0,0,0,0,0,0,specified,markdown_it/ruler.py,push,187,CONSTANT_REPLACEMENT,"        Rule[RuleFuncTv](ruleName, True, fn, (options or {}).get(""alt"", []))","        Rule[RuleFuncTv](ruleName, True, fn, (options or {}).get([]))"
Ma8586d2314f34169,auto_non_equivalent,1,8,0,0,0,0,0,0,0,specified,markdown_it/rules_block/heading.py,heading,61,CONSTANT_REPLACEMENT,"    token = state.push(""inline"", """", 0)",    token = None
Ma86ab2db8b11fecb,auto_non_equivalent,1,8,0,0,0,0,0,0,0,specified,markdown_it/renderer.py,fence,307,ARITHMETIC,        + self.renderAttrs(token),        + self.renderAttrs(None)
Ma870bfa4efcf64cf,auto_non_equivalent,1,8,0,0,0,0,0,0,0,specified,markdown_it/parser_inline.py,skipToken,139,STATEMENT_REPLACEMENT,"    maxNesting = state.md.options[""maxNesting""]",    maxNesting = None
Ma885085ed252971b,auto_non_equivalent,1,8,0,0,0,0,0,0,0,specified,markdown_it/rules_inline/link.py,link,8,STATEMENT_REPLACEMENT,"    href = """"",    href = None
Ma8a160992290de22,auto_non_equivalent,1,8,0,0,0,0,0,0,0,specified,markdown_it/rules_block/reference.py,reference,183,CALL_ARGUMENT,"        state.env.setdefault(""duplicate_refs"", []).append(","        state.env.setdefault(""duplicate_refs"", ).append("
Ma8b1d6f19cbcdca0,auto_non_equivalent,1,8,0,0,0,0,0,0,0,specified,markdown_it/renderer.py,image,329,CALL_ARGUMENT,"    return self.renderToken(tokens, idx, options, env)","    return self.renderToken(None, idx, options, env)"
Ma8b83738dba4cca8,auto_non_equivalent,1,8,0,0,0,0,0,0,0,specified,markdown_it/parser_inline.py,tokenize,191,CONSTANT_REPLACEMENT,"                ok = rule(state, False)","                ok = rule(state, )"
Ma8bed5ba4a914f22,auto_non_equivalent,1,8,0,0,0,0,0,0,0,specified,markdown_it/rules_inline/balance_pairs.py,processDelimiters,81,COMPARISON,"                    and ((opener.length + closer.length) % 3 == 0)
                    and (opener.length % 3 != 0 or closer.length % 3 != 0)",                    and ((opener.length + closer.length) % 3 == 0) or (opener.length % 3 != 0 or closer.length % 3 != 0)
Ma8c55b49158b30b9,auto_non_equivalent,1,8,0,0,0,0,0,0,0,specified,markdown_it/rules_block/fence.py,make_fence_rule,18,CONSTANT_REPLACEMENT,"    min_markers: int = 3,","    min_markers: int = 4,"
Ma8ce4fe1d12192c5,auto_non_equivalent,1,8,0,0,0,0,0,0,0,specified,markdown_it/rules_inline/newline.py,newline,26,CONSTANT_REPLACEMENT,                    ws -= 1,                    ws -= 2
Ma90420a4f4974438,auto_non_equivalent,1,8,0,0,0,0,0,0,0,specified,markdown_it/rules_block/list.py,list_block,327,CONSTANT_REPLACEMENT,"            if terminatorRule(state, nextLine, endLine, True):","            if terminatorRule(state, nextLine, True):"
Ma905b5e132e1d9ff,auto_non_equivalent,1,8,0,0,0,0,0,0,0,specified,markdown_it/rules_block/state_block.py,skipEmptyLines,145,CONSTANT_REPLACEMENT,        from_pos += 1,        from_pos += 2
Ma909b09893585044,auto_non_equivalent,1,8,0,0,0,0,0,0,0,specified,markdown_it/rules_inline/balance_pairs.py,processDelimiters,81,COMPARISON,                    and ((opener.length + closer.length) % 3 == 0),                    and ((opener.length + closer.length) % 3 != 0)
Ma952a3cf983d41ff,auto_non_equivalent,1,8,0,0,0,0,0,0,0,specified,markdown_it/rules_inline/entity.py,entity,45,CONSTANT_REPLACEMENT,"                token = state.push(""text_special"", """", 0)","                token = state.push(""text_special"", """", None)"
Ma99aa8fda2465165,auto_non_equivalent,1,8,0,0,0,0,0,0,0,specified,markdown_it/rules_block/list.py,skipBulletListMarker,17,STATEMENT_REPLACEMENT,        marker = state.src[pos],        marker = None
Ma9bf9ef0e060e558,auto_non_equivalent,1,7,0,1,0,0,0,0,0,specified,markdown_it/cli/parse.py,parse_args,118,STATEMENT_REPLACEMENT,"        ""filenames"", nargs=""*"", help=""specify an optional list of files to convert""","        ""FILENAMES"", nargs=""*"", help=""specify an optional list of files to convert"""
Ma9c1138fada7d69b,auto_non_equivalent,1,8,0,0,0,0,0,0,0,specified,markdown_it/parser_block.py,parse,111,CALL_ARGUMENT,"    state = StateBlock(src, md, env, outTokens)","    state = StateBlock(md, env, outTokens)"
Ma9c2d6f4e415967a,auto_non_equivalent,1,8,0,0,0,0,0,0,0,specified,markdown_it/rules_block/fence.py,make_fence_rule,127,CONTROL_FLOW,            break,            return
Ma9cfb9e644ce2876,auto_non_equivalent,1,8,0,0,0,0,0,0,0,specified,markdown_it/helpers/parse_link_label.py,parseLinkLabel,26,CONTROL_FLOW,                break,                return
Ma9d0e4c624808757,auto_non_equivalent,1,8,0,0,0,0,0,0,0,specified,markdown_it/rules_block/state_block.py,skipEmptyLines,142,CONTROL_FLOW,                break,                return
Ma9dde9f0a161cf5a,auto_non_equivalent,1,8,0,0,0,0,0,0,0,specified,markdown_it/rules_block/list.py,list_block,252,STATEMENT_REPLACEMENT,        oldTShift = state.tShift[startLine],        oldTShift = None
Maa021184906d0be9,auto_non_equivalent,1,8,0,0,0,0,0,0,0,specified,markdown_it/renderer.py,fence,308,STATEMENT_REPLACEMENT,"        + "">""","        + ""XX>XX"""
Maa31bb39a821dc87,auto_non_equivalent,1,8,0,0,0,0,0,0,0,specified,markdown_it/rules_block/state_block.py,__init__,85,CONSTANT_REPLACEMENT,                indent_found = True,                indent_found = None
Maa4d9a30d1e2048c,auto_non_equivalent,1,8,0,0,0,0,0,0,0,specified,markdown_it/rules_inline/image.py,image,114,CALL_ARGUMENT,        label = normalizeReference(label),        label = normalizeReference(None)
Maa5d826aeea1a823,auto_non_equivalent,1,8,0,0,0,0,0,0,0,specified,markdown_it/rules_block/state_block.py,push,127,CONSTANT_REPLACEMENT,        self.level += 1  # opening tag,        self.level += 2  # opening tag
Maa6bd7685ff468c7,auto_non_equivalent,1,8,0,0,0,0,0,0,0,specified,markdown_it/rules_inline/emphasis.py,tokenize,22,CONSTANT_REPLACEMENT,"        token = state.push(""text"", """", 0)","        token = state.push(""text"", """", None)"
Maa719954980317ac,auto_non_equivalent,1,8,0,0,0,0,0,0,0,specified,markdown_it/rules_inline/image.py,image,13,STATEMENT_REPLACEMENT,    max = state.posMax,    max = None
Maa72cbcd299f8676,auto_non_equivalent,1,8,0,0,0,0,0,0,0,specified,markdown_it/rules_inline/state_inline.py,pushPending,85,CONSTANT_REPLACEMENT,"    token = Token(""text"", """", 0)","    token = Token("""", 0)"
Maa75ad163e978df7,auto_non_equivalent,1,8,0,0,0,0,0,0,0,specified,markdown_it/rules_inline/image.py,image,28,CONSTANT_REPLACEMENT,    pos = labelEnd + 1,    pos = labelEnd + 2
Maab0c20f49908afb,auto_non_equivalent,1,8,0,0,0,0,0,0,0,specified,markdown_it/rules_inline/text.py,text,12,CALL_ARGUMENT,"    terminator_char = state.md.inline.terminator_re.search(state.src, pos)","    terminator_char = state.md.inline.terminator_re.search(None, pos)"
Maad5f08703629417,auto_non_equivalent,1,8,0,0,0,0,0,0,0,specified,markdown_it/rules_block/list.py,list_block,304,ARITHMETIC,"        token = state.push(""list_item_close"", ""li"", -1)","        token = state.push(""list_item_close"", ""li"", +1)"
Maadacbf9e59645c5,auto_non_equivalent,1,8,0,0,0,0,0,0,0,specified,markdown_it/common/normalize_url.py,validateLink,80,STATEMENT_REPLACEMENT,    url = url.strip().lower(),    url = None
Maadf707258d917e5,auto_non_equivalent,1,8,0,0,0,0,0,0,0,specified,markdown_it/rules_inline/link.py,link,64,COMPARISON,"                if not isStrSpace(ch) and ch != ""\n"":","                if isStrSpace(ch) and ch != ""\n"":"
Maae0da81e465f1cb,auto_non_equivalent,1,8,0,0,0,0,0,0,0,specified,markdown_it/rules_block/state_block.py,__init__,104,CONSTANT_REPLACEMENT,    self.tShift.append(0),    self.tShift.append(None)
Maae397a0d0e8d07c,auto_non_equivalent,1,8,0,0,0,0,0,0,0,specified,markdown_it/rules_inline/emphasis.py,tokenize,16,CALL_ARGUMENT,"    if marker not in (""_"", ""*""):","    if marker not in (""_"", ""XX*XX""):"
Mab02d0f6b023ba37,auto_non_equivalent,1,8,0,0,0,0,0,0,0,specified,markdown_it/rules_inline/escape.py,escape,24,CALL_ARGUMENT,    ch1_ord = ord(ch1),    ch1_ord = ord(None)
Mab10a4b513d9f833,auto_non_equivalent,1,8,0,0,0,0,0,0,0,specified,markdown_it/parser_block.py,tokenize,100,COMPARISON,        if line < endLine and state.isEmpty(line):,        if line < endLine or state.isEmpty(line):
Mab6d1e58d72bc263,auto_non_equivalent,1,8,0,0,0,0,0,0,0,specified,markdown_it/rules_inline/newline.py,newline,32,CONSTANT_REPLACEMENT,"                state.push(""softbreak"", ""br"", 0)","                state.push(""softbreak"", ""br"", None)"
Mab9c8ea8177c165c,auto_non_equivalent,1,8,0,0,0,0,0,0,0,specified,markdown_it/rules_block/blockquote.py,blockquote,226,ARITHMETIC,            state.tShift[nextLine] = pos - state.bMarks[nextLine],            state.tShift[nextLine] = pos + state.bMarks[nextLine]
Mabb27f3ac418627d,auto_non_equivalent,1,8,0,0,0,0,0,0,0,specified,markdown_it/ruler.py,__compile__,106,COMPARISON,            if chain and (chain not in rule.alt):,            if chain or (chain not in rule.alt):
Mabba362953c0ba2d,auto_non_equivalent,1,7,0,1,0,0,0,0,0,specified,markdown_it/cli/parse.py,parse_args,113,CALL_ARGUMENT,"    parser.add_argument(""-v"", ""--version"", action=""version"", version=version_str)","    parser.add_argument(""-v"", ""XX--versionXX"", action=""version"", version=version_str)"
Mabd9d58ced659c99,auto_non_equivalent,1,8,0,0,0,0,0,0,0,specified,markdown_it/rules_inline/emphasis.py,_postProcess,41,ARITHMETIC,    i = len(delimiters) - 1,    i = None
Mac04faa62125778b,auto_non_equivalent,1,8,0,0,0,0,0,0,0,specified,markdown_it/rules_block/reference.py,reference,147,COMPARISON,"    if pos < maximum and charCodeAt(string, pos) != 0x0A:","    if pos < maximum and charCodeAt(None, pos) != 0x0A:"
Mac070ccc5968a986,auto_non_equivalent,1,6,2,0,0,0,0,0,0,specified,markdown_it/rules_block/state_block.py,__init__,94,CONSTANT_REPLACEMENT,            self.bsCount.append(0),            self.bsCount.append(1)
Mac10787eafe417c7,auto_non_equivalent,1,8,0,0,0,0,0,0,0,specified,markdown_it/rules_inline/emphasis.py,_postProcess,83,STATEMENT_REPLACEMENT,"        token.tag = ""strong"" if isStrong else ""em""","        token.tag = ""XXstrongXX"" if isStrong else ""em"""
Mac2b5385a5ddc813,auto_non_equivalent,1,8,0,0,0,0,0,0,0,specified,markdown_it/rules_core/text_join.py,text_join,19,STATEMENT_REPLACEMENT,"        if inline_token.type != ""inline"":","        if inline_token.type != ""XXinlineXX"":"
Mac36a25eb45a2519,auto_non_equivalent,1,8,0,0,0,0,0,0,0,specified,markdown_it/rules_block/reference.py,reference,135,CONSTANT_REPLACEMENT,"    if pos < maximum and charCodeAt(string, pos) != 0x0A and title:",    if pos < maximum and charCodeAt(pos) != 0x0A and title:
Mac3e7cdecfb4f0af,auto_non_equivalent,1,8,0,0,0,0,0,0,0,specified,markdown_it/rules_block/state_block.py,getLines,253,CONSTANT_REPLACEMENT,        i += 1,        i += 2
Mac57127224f0b30f,auto_non_equivalent,1,8,0,0,0,0,0,0,0,specified,markdown_it/helpers/parse_link_label.py,parseLinkLabel,23,CONSTANT_REPLACEMENT,            level -= 1,            level -= 2
Mac642e1b418568f7,auto_non_equivalent,1,8,0,0,0,0,0,0,0,specified,markdown_it/rules_inline/entity.py,entity,27,COMPARISON,"                    int(match1[1:], 16) if match1[0].lower() == ""x"" else int(match1, 10)","                    int(match1[1:], None) if match1[0].lower() == ""x"" else int(match1, 10)"
Mac84d3aa59cf17f5,auto_non_equivalent,1,8,0,0,0,0,0,0,0,specified,markdown_it/helpers/parse_link_title.py,parseLinkTitle,46,CONSTANT_REPLACEMENT,        if marker != 0x22 and marker != 0x27 and marker != 0x28:,        if marker != 35 and marker != 0x27 and marker != 0x28:
Mac905daaa6e8b6d9,auto_non_equivalent,1,8,0,0,0,0,0,0,0,specified,markdown_it/rules_inline/newline.py,newline,29,CONSTANT_REPLACEMENT,"                state.push(""hardbreak"", ""br"", 0)","                state.push(""hardbreak"", 0)"
Mac9794a80080aa72,auto_non_equivalent,1,8,0,0,0,0,0,0,0,specified,markdown_it/rules_block/state_block.py,getLines,228,COMPARISON,            if line + 1 < end or keepLastLF,            if line - 1 < end or keepLastLF
Macaf63a3259c9820,auto_non_equivalent,1,8,0,0,0,0,0,0,0,specified,markdown_it/rules_block/blockquote.py,blockquote,167,ARITHMETIC,                pos += 1,                pos = 1
Macb21e5f4f9c8901,auto_non_equivalent,1,8,0,0,0,0,0,0,0,specified,markdown_it/rules_block/blockquote.py,blockquote,198,COMPARISON,"                    if ch == ""\t"":","                    if ch != ""\t"":"
Macb9e33898ad0727,auto_non_equivalent,1,8,0,0,0,0,0,0,0,specified,markdown_it/rules_inline/state_inline.py,__init__,52,ARITHMETIC,"    self.tokens_meta: list[dict[str, Any] | None] = [None] * len(outTokens)","    self.tokens_meta: list[dict[str, Any] | None] = [None] / len(outTokens)"
Macd7291c26123df8,auto_non_equivalent,1,8,0,0,0,0,0,0,0,specified,markdown_it/parser_inline.py,parse,214,CALL_ARGUMENT,        rule(state),        rule(None)
Macdcd69bef2ea6e6,auto_non_equivalent,1,8,0,0,0,0,0,0,0,specified,markdown_it/rules_block/html_block.py,html_block,55,STATEMENT_REPLACEMENT,            html_seq = HTML_SEQUENCE,            html_seq = None
Mad0066c525c71e90,auto_non_equivalent,1,8,0,0,0,0,0,0,0,specified,markdown_it/rules_inline/entity.py,entity,30,CONSTANT_REPLACEMENT,"                token = state.push(""text_special"", """", 0)","                token = state.push(""text_special"", """", )"
Mad04c60ab4c1377f,auto_non_equivalent,1,8,0,0,0,0,0,0,0,specified,markdown_it/rules_inline/backticks.py,backtick,55,CALL_ARGUMENT,"                    token.content.startswith("" "")",                    token.content.startswith(None)
Mad2ef83a29a0bc15,auto_non_equivalent,1,8,0,0,0,0,0,0,0,specified,markdown_it/rules_block/reference.py,reference,130,CALL_ARGUMENT,"        ch = charCodeAt(string, pos)",        ch = charCodeAt(pos)
Mad440e48889dccda,auto_non_equivalent,1,8,0,0,0,0,0,0,0,specified,markdown_it/rules_block/blockquote.py,blockquote,316,CONSTANT_REPLACEMENT,"        token = state.push(""blockquote_open"", ""blockquote"", 1)",        token = None
Mad5665d35f095661,auto_non_equivalent,1,8,0,0,0,0,0,0,0,specified,markdown_it/rules_block/list.py,list_block,132,COMPARISON,"        and state.parentType == ""paragraph""","        and state.parentType != ""paragraph"""
Mad7f852c423ee54d,auto_non_equivalent,1,8,0,0,0,0,0,0,0,specified,markdown_it/rules_inline/newline.py,newline,22,COMPARISON,"            if pmax >= 1 and charStrAt(state.pending, pmax - 1) == "" "":","            if pmax >= 1 and charStrAt(state.pending, pmax + 1) == "" "":"
Madacd0e91bc395d5,auto_non_equivalent,1,8,0,0,0,0,0,0,0,specified,markdown_it/rules_inline/autolink.py,autolink,49,ARITHMETIC,"            token = state.push(""link_close"", ""a"", -1)",            token = None
Madb3aea5e770430b,auto_non_equivalent,1,8,0,0,0,0,0,0,0,specified,markdown_it/rules_block/paragraph.py,paragraph,54,CONSTANT_REPLACEMENT,"    token = state.push(""paragraph_open"", ""p"", 1)","    token = state.push(""p"", 1)"
Madc3b6cef3db1ed3,auto_non_equivalent,1,8,0,0,0,0,0,0,0,specified,markdown_it/rules_block/list.py,list_block,370,ARITHMETIC,"        token = state.push(""bullet_list_close"", ""ul"", -1)","        token = state.push(""bullet_list_close"", ""ul"", )"
Madef09ea4fe3f914,auto_non_equivalent,1,8,0,0,0,0,0,0,0,specified,markdown_it/rules_block/blockquote.py,blockquote,144,STATEMENT_REPLACEMENT,        max = state.eMarks[nextLine],        max = None
Mae0c9b7172e05ed2,auto_non_equivalent,1,8,0,0,0,0,0,0,0,specified,markdown_it/parser_block.py,__init__,58,CALL_ARGUMENT,"        self.ruler.push(name, rule, {""alt"": alt})","        self.ruler.push(name, rule, {""ALT"": alt})"
Mae0d4853f8f3f0b5,auto_non_equivalent,1,8,0,0,0,0,0,0,0,specified,markdown_it/rules_block/reference.py,reference,39,CONSTANT_REPLACEMENT,"            if (lineContent := getNextLine(state, nextLine)) is not None:","            if (lineContent := getNextLine(state, )) is not None:"
Mae338b9c175fbecb,auto_non_equivalent,1,8,0,0,0,0,0,0,0,specified,markdown_it/rules_block/list.py,list_block,149,CALL_ARGUMENT,"        posAfterMarker = skipBulletListMarker(state, startLine)",        posAfterMarker = skipBulletListMarker(startLine)
Mae43a1c5de947121,auto_non_equivalent,1,8,0,0,0,0,0,0,0,specified,markdown_it/renderer.py,image,329,CALL_ARGUMENT,"    return self.renderToken(tokens, idx, options, env)","    return self.renderToken(tokens, idx, options, )"
Mae62ac54c3b85687,auto_non_equivalent,1,8,0,0,0,0,0,0,0,specified,markdown_it/rules_inline/autolink.py,autolink,67,CONSTANT_REPLACEMENT,"            token = state.push(""text"", """", 0)","            token = state.push(""XXtextXX"", """", 0)"
Mae78c19b8d34ead4,auto_non_equivalent,1,8,0,0,0,0,0,0,0,specified,markdown_it/rules_inline/escape.py,escape,25,COMPARISON,"    if ch1 == ""\n"":","    if ch1 != ""\n"":"
Mae8278843f9acfd1,auto_non_equivalent,1,8,0,0,0,0,0,0,0,specified,markdown_it/rules_inline/emphasis.py,_postProcess,76,STATEMENT_REPLACEMENT,"        token.tag = ""strong"" if isStrong else ""em""",        token.tag = None
Mae9b748173757afa,auto_non_equivalent,1,8,0,0,0,0,0,0,0,specified,markdown_it/rules_block/fence.py,make_fence_rule,116,BOOLEAN_CONNECTOR,"            if not closing_matcher(length, pos - mem):","            if not closing_matcher(length, ):"
Maeb5a262b7d52294,auto_non_equivalent,1,8,0,0,0,0,0,0,0,specified,markdown_it/renderer.py,render,82,ARITHMETIC,"                result += self.renderInline(token.children, options, env)","                result -= self.renderInline(token.children, options, env)"
Maedb03d01ddb11ed,auto_non_equivalent,1,8,0,0,0,0,0,0,0,specified,markdown_it/common/utils.py,isPunctChar,199,CALL_ARGUMENT,"    return unicodedata.category(ch).startswith((""P"", ""S""))",    return unicodedata.category(ch).startswith(None)
Maee886b7f8005618,auto_non_equivalent,1,8,0,0,0,0,0,0,0,specified,markdown_it/rules_inline/emphasis.py,_postProcess,90,CONSTANT_REPLACEMENT,"            state.tokens[delimiters[startDelim.end + 1].token].content = """"","            state.tokens[delimiters[startDelim.end + 1].token].content = ""XXXX"""
Maf08d34163785e48,auto_non_equivalent,1,8,0,0,0,0,0,0,0,specified,markdown_it/common/utils.py,unescapeAll,127,CALL_ARGUMENT,"    return UNESCAPE_ALL_RE.sub(replacer_func, string)",    return UNESCAPE_ALL_RE.sub(string)
Maf105421ee72fc9c,auto_non_equivalent,1,8,0,0,0,0,0,0,0,specified,markdown_it/rules_block/reference.py,reference,78,CALL_ARGUMENT,"    destRes = state.md.helpers.parseLinkDestination(string, pos, maximum)","    destRes = state.md.helpers.parseLinkDestination(string, pos, None)"
Maf17f7128e9e4322,auto_non_equivalent,1,8,0,0,0,0,0,0,0,specified,markdown_it/common/normalize_url.py,normalizeLink,35,CALL_ARGUMENT,            parsed = parsed._replace(hostname=_punycode.to_ascii(parsed.hostname)),            parsed = parsed._replace(hostname=None)
Maf42c6c84742031d,auto_non_equivalent,1,8,0,0,0,0,0,0,0,specified,markdown_it/helpers/parse_link_destination.py,parseLinkDestination,39,ARITHMETIC,            pos += 1,            pos -= 1
Maf5df94180546d5a,auto_non_equivalent,1,8,0,0,0,0,0,0,0,specified,markdown_it/common/utils.py,normalizeReference,257,ARITHMETIC,"    string = re.sub(r""\s+"", "" "", string.strip())","    string = re.sub(r""\s+"", None, string.strip())"
Maf655426f1c1e2fd,auto_non_equivalent,1,8,0,0,0,0,0,0,0,specified,markdown_it/helpers/parse_link_destination.py,parseLinkDestination,73,CONSTANT_REPLACEMENT,        pos += 1,        pos += 2
Maf79187c1d00236b,auto_non_equivalent,1,8,0,0,0,0,0,0,0,specified,markdown_it/renderer.py,fence,274,CONSTANT_REPLACEMENT,        arr = info.split(maxsplit=1),        arr = info.rsplit(maxsplit=1)
Maf872e190d8c05d3,auto_non_equivalent,1,6,2,0,0,0,0,0,0,specified,markdown_it/cli/parse.py,convert_file,60,CALL_ARGUMENT,"        sys.stderr.write(f'Cannot open file ""{filename}"".\n')",        sys.stderr.write(None)
Maf9016ae65c60b53,auto_non_equivalent,1,8,0,0,0,0,0,0,0,specified,markdown_it/cli/parse.py,convert_file,57,ARITHMETIC,"        sys.stderr.write(f'Cannot decode file ""{filename}"" as UTF-8.\n')",        sys.stderr.write(None)
Maf9aa601f4097660,auto_non_equivalent,1,8,0,0,0,0,0,0,0,specified,markdown_it/rules_inline/link.py,link,98,CALL_ARGUMENT,"            pos = state.md.helpers.parseLinkLabel(state, pos)","            pos = state.md.helpers.parseLinkLabel(None, pos)"
Mafa6bbd03283745a,auto_non_equivalent,1,8,0,0,0,0,0,0,0,specified,markdown_it/rules_inline/state_inline.py,scanDelims,145,BOOLEAN_CONNECTOR,    isLastPunctChar = isMdAsciiPunct(ord(lastChar)) or isPunctChar(lastChar),    isLastPunctChar = None
Mafc63ede2642487b,auto_non_equivalent,1,8,0,0,0,0,0,0,0,specified,markdown_it/rules_block/state_block.py,__init__,88,COMPARISON,"            if character != ""\n"":","            if character == ""\n"":"
Mafc947220879caeb,auto_non_equivalent,1,8,0,0,0,0,0,0,0,specified,markdown_it/rules_block/fence.py,make_fence_rule,134,CONSTANT_REPLACEMENT,"        token = state.push(token_type, ""code"", 0)","        token = state.push(token_type, ""code"", )"
Mafd09c364816d13a,auto_non_equivalent,1,8,0,0,0,0,0,0,0,specified,markdown_it/rules_block/reference.py,reference,97,CONSTANT_REPLACEMENT,        if ch == 0x0A:,        if ch == 11:
Mafd11724a89e350a,auto_non_equivalent,1,8,0,0,0,0,0,0,0,specified,markdown_it/rules_block/list.py,list_block,164,ARITHMETIC,    markerChar = state.src[posAfterMarker - 1],    markerChar = None
Mafd1ad15aab2527a,auto_non_equivalent,1,8,0,0,0,0,0,0,0,specified,markdown_it/rules_block/list.py,skipOrderedListMarker,47,CONSTANT_REPLACEMENT,    pos += 1,    pos += 2
Mafd45a2fab496f1a,auto_non_equivalent,1,8,0,0,0,0,0,0,0,specified,markdown_it/rules_inline/image.py,image,112,STATEMENT_REPLACEMENT,            label = state.src[labelStart:labelEnd],            label = None
Mb005a91e3a616fff,auto_non_equivalent,1,8,0,0,0,0,0,0,0,specified,markdown_it/rules_inline/backticks.py,backtick,70,ARITHMETIC,        state.pending += marker,        state.pending = marker
Mb018cebbf77d71bd,auto_non_equivalent,1,8,0,0,0,0,0,0,0,specified,markdown_it/rules_block/state_block.py,isEmpty,133,COMPARISON,    return (self.bMarks[line] + self.tShift[line]) >= self.eMarks[line],    return (self.bMarks[line] - self.tShift[line]) >= self.eMarks[line]
Mb01fb68c5a2485e0,auto_non_equivalent,1,8,0,0,0,0,0,0,0,specified,markdown_it/rules_inline/newline.py,newline,35,CONSTANT_REPLACEMENT,"            state.push(""softbreak"", ""br"", 0)","            state.push(""XXsoftbreakXX"", ""br"", 0)"
Mb07004c03bf5a655,auto_non_equivalent,1,8,0,0,0,0,0,0,0,specified,markdown_it/rules_inline/autolink.py,autolink,46,CONSTANT_REPLACEMENT,"            token = state.push(""text"", """", 0)","            token = state.push(""text"", """", )"
Mb07624bf14d8a8e4,auto_non_equivalent,1,8,0,0,0,0,0,0,0,specified,markdown_it/helpers/parse_link_destination.py,parseLinkDestination,75,COMPARISON,    if start == pos:,    if start != pos:
Mb07ac6768fdaf11c,auto_non_equivalent,1,8,0,0,0,0,0,0,0,specified,markdown_it/rules_inline/backticks.py,backtick,40,CONSTANT_REPLACEMENT,        matchEnd = matchStart + 1,        matchEnd = matchStart + 2
Mb081047c7ac26224,auto_non_equivalent,1,7,0,1,0,0,0,0,0,specified,markdown_it/cli/parse.py,parse_args,113,CALL_ARGUMENT,"    parser.add_argument(""-v"", ""--version"", action=""version"", version=version_str)","    parser.add_argument(""-v"", ""--version"", action=""XXversionXX"", version=version_str)"
Mb084da086186bfe7,auto_non_equivalent,1,8,0,0,0,0,0,0,0,specified,markdown_it/rules_block/lheading.py,lheading,72,CONSTANT_REPLACEMENT,"    token = state.push(""heading_open"", ""h"" + str(level), 1)","    token = state.push(""heading_open"", ""XXhXX"" + str(level), 1)"
Mb08775c6c7d09deb,auto_non_equivalent,1,8,0,0,0,0,0,0,0,specified,markdown_it/ruler.py,after,169,COMPARISON,    if index == -1:,    if index != -1:
Mb08f09fd307c7b19,auto_non_equivalent,1,8,0,0,0,0,0,0,0,specified,markdown_it/rules_inline/balance_pairs.py,processDelimiters,102,ARITHMETIC,                    newMinOpenerIdx = -1,                    newMinOpenerIdx = +1
Mb09c14d62fc199c7,auto_non_equivalent,1,8,0,0,0,0,0,0,0,specified,markdown_it/rules_inline/text.py,text,21,STATEMENT_REPLACEMENT,    state.pos = pos,    state.pos = None
Mb0a640ed7e4f5df9,auto_non_equivalent,1,8,0,0,0,0,0,0,0,specified,markdown_it/common/utils.py,unescapeAll,123,CALL_ARGUMENT,"        return replaceEntityPattern(match.group(), entity)","        return replaceEntityPattern(match.group(), None)"
Mb0b4bdfb19cd09a2,auto_non_equivalent,1,8,0,0,0,0,0,0,0,specified,markdown_it/renderer.py,code_inline,238,COMPARISON,"        + self.renderAttrs(token)
        + "">""","        + self.renderAttrs(token) - "">"""
Mb0ba04acfb11bd8f,auto_non_equivalent,1,8,0,0,0,0,0,0,0,specified,markdown_it/rules_inline/emphasis.py,_postProcess,83,STATEMENT_REPLACEMENT,"        token.tag = ""strong"" if isStrong else ""em""","        token.tag = ""strong"" if isStrong else ""XXemXX"""
Mb0c38bda8e373c0f,auto_non_equivalent,1,8,0,0,0,0,0,0,0,specified,markdown_it/rules_block/list.py,list_block,229,ARITHMETIC,        indent = initial + indentAfterMarker,        indent = None
Mb0d9ce3c4146ecf8,auto_non_equivalent,1,8,0,0,0,0,0,0,0,specified,markdown_it/rules_inline/state_inline.py,pushPending,85,CONSTANT_REPLACEMENT,"    token = Token(""text"", """", 0)","    token = Token(""text"", """", None)"
Mb0e601501c856551,auto_non_equivalent,1,8,0,0,0,0,0,0,0,specified,markdown_it/rules_block/heading.py,heading,55,ARITHMETIC,    state.line = startLine + 1,    state.line = None
Mb0f64fd3117d2617,auto_non_equivalent,1,8,0,0,0,0,0,0,0,specified,markdown_it/rules_block/list.py,list_block,197,STATEMENT_REPLACEMENT,        maximum = state.eMarks[nextLine],        maximum = None
Mb126a86da51ff20d,auto_non_equivalent,1,8,0,0,0,0,0,0,0,specified,markdown_it/rules_inline/state_inline.py,push,99,CALL_ARGUMENT,"    token = Token(ttype, tag, nesting)","    token = Token(ttype, tag, None)"
Mb14b35f3bafc1c5f,auto_non_equivalent,1,8,0,0,0,0,0,0,0,specified,markdown_it/rules_block/reference.py,reference,42,CONSTANT_REPLACEMENT,                nextLine += 1,                nextLine += 2
Mb14cbbd339926afc,auto_non_equivalent,1,8,0,0,0,0,0,0,0,specified,markdown_it/rules_inline/state_inline.py,scanDelims,148,CALL_ARGUMENT,    isLastWhiteSpace = isWhiteSpace(ord(lastChar)),    isLastWhiteSpace = isWhiteSpace(ord(None))
Mb19dbbbab7c04b71,auto_non_equivalent,1,8,0,0,0,0,0,0,0,specified,markdown_it/rules_inline/autolink.py,autolink,49,CONSTANT_REPLACEMENT,"            token = state.push(""link_close"", ""a"", -1)","            token = state.push(""link_close"", ""a"", -2)"
Mb1b50e3c325ad8b6,auto_non_equivalent,1,8,0,0,0,0,0,0,0,specified,markdown_it/rules_block/state_block.py,push,126,CONSTANT_REPLACEMENT,    if nesting > 0:,    if nesting > 1:
Mb1be52aaf45f1d3c,auto_non_equivalent,1,8,0,0,0,0,0,0,0,specified,markdown_it/renderer.py,__init__,64,BOOLEAN_CONNECTOR,"        if not (k.startswith(""render"") or k.startswith(""_""))","        if (k.startswith(""render"") or k.startswith(""_""))"
Mb1c75a8a86b64307,auto_non_equivalent,1,8,0,0,0,0,0,0,0,specified,markdown_it/rules_block/hr.py,hr,18,STATEMENT_REPLACEMENT,    maximum = state.eMarks[startLine],    maximum = None
Mb1cec158e9aea1d6,auto_non_equivalent,1,8,0,0,0,0,0,0,0,specified,markdown_it/rules_block/lheading.py,lheading,72,ARITHMETIC,"    token = state.push(""heading_open"", ""h"" + str(level), 1)","    token = state.push(""heading_open"", 1)"
Mb1d78d4ac1a108c2,auto_non_equivalent,1,8,0,0,0,0,0,0,0,specified,markdown_it/rules_block/blockquote.py,blockquote,167,ARITHMETIC,                pos += 1,                pos -= 1
Mb1de7e99b2ae4da3,auto_non_equivalent,1,8,0,0,0,0,0,0,0,specified,markdown_it/rules_block/list.py,list_block,174,CONSTANT_REPLACEMENT,"        token = state.push(""ordered_list_open"", ""ol"", 1)","        token = state.push(""ordered_list_open"", ""ol"", )"
Mb206f0e9a4dd58f7,auto_non_equivalent,1,8,0,0,0,0,0,0,0,specified,markdown_it/rules_inline/autolink.py,autolink,74,ARITHMETIC,        state.pos += len(url) + 2,        state.pos += len(url) - 2
Mb21ec118b4ded506,auto_non_equivalent,1,8,0,0,0,0,0,0,0,specified,markdown_it/rules_inline/emphasis.py,postProcess,98,CALL_ARGUMENT,"    _postProcess(state, state.delimiters)","    _postProcess(state, )"
Mb234c17fab252192,auto_non_equivalent,1,8,0,0,0,0,0,0,0,specified,markdown_it/rules_inline/balance_pairs.py,processDelimiters,44,CONSTANT_REPLACEMENT,            closerIdx += 1,            closerIdx += 2
Mb2482fda44f6c92d,auto_non_equivalent,1,8,0,0,0,0,0,0,0,specified,markdown_it/rules_block/html_block.py,html_block,44,CONSTANT_REPLACEMENT,"    if not state.md.options.get(""html"", None):","    if not state.md.options.get(""XXhtmlXX"", None):"
Mb24884113c8fac04,auto_non_equivalent,1,8,0,0,0,0,0,0,0,specified,markdown_it/helpers/parse_link_destination.py,parseLinkDestination,54,COMPARISON,        if code < 0x20 or code == 0x7F:,        if code < 0x20 and code == 0x7F:
Mb25bef862d7369de,auto_non_equivalent,1,8,0,0,0,0,0,0,0,specified,markdown_it/rules_core/normalize.py,normalize,19,STATEMENT_REPLACEMENT,    state.src = string,    state.src = None
Mb2607af5aed0a394,auto_non_equivalent,1,8,0,0,0,0,0,0,0,specified,markdown_it/renderer.py,image,329,CALL_ARGUMENT,"    return self.renderToken(tokens, idx, options, env)","    return self.renderToken(tokens, idx, None, env)"
Mb271fc405a83be7c,auto_non_equivalent,1,8,0,0,0,0,0,0,0,specified,markdown_it/rules_core/text_join.py,text_join,49,CONSTANT_REPLACEMENT,"                new_tokens[-1].content = """".join(parts)","                new_tokens[-1].content = ""XXXX"".join(parts)"
Mb2797ad8b4e9a667,auto_non_equivalent,1,8,0,0,0,0,0,0,0,specified,markdown_it/rules_inline/link.py,link,145,CONSTANT_REPLACEMENT,"        token = state.push(""link_close"", ""a"", -1)","        token = state.push(""link_close"", ""A"", -1)"
Mb284938ca0385771,auto_non_equivalent,1,8,0,0,0,0,0,0,0,specified,markdown_it/rules_inline/link.py,link,53,STATEMENT_REPLACEMENT,            href = state.md.normalizeLink(res.str),            href = None
Mb28ac3d48cd3a966,auto_non_equivalent,1,8,0,0,0,0,0,0,0,specified,markdown_it/rules_block/list.py,list_block,149,CALL_ARGUMENT,"        posAfterMarker = skipBulletListMarker(state, startLine)","        posAfterMarker = skipBulletListMarker(state, None)"
Mb2a83cd87d9fe727,auto_non_equivalent,1,8,0,0,0,0,0,0,0,specified,markdown_it/rules_inline/autolink.py,autolink,22,CONSTANT_REPLACEMENT,        pos += 1,        pos += 2
Mb2aebbceaf0e730b,auto_non_equivalent,1,8,0,0,0,0,0,0,0,specified,markdown_it/rules_block/reference.py,reference,67,ARITHMETIC,                string += lineContent,                string = lineContent
Mb2b14090b919089a,auto_non_equivalent,1,8,0,0,0,0,0,0,0,specified,markdown_it/rules_block/reference.py,reference,176,STATEMENT_REPLACEMENT,"    if label not in state.env[""references""]:","    if label not in state.env[""XXreferencesXX""]:"
Mb2b20d75f425c405,auto_non_equivalent,1,8,0,0,0,0,0,0,0,specified,markdown_it/rules_block/lheading.py,lheading,27,CONSTANT_REPLACEMENT,        if state.sCount[nextLine] - state.blkIndent > 3:,        if state.sCount[nextLine] - state.blkIndent > 4:
Mb2c4c2c48e989b56,auto_non_equivalent,1,8,0,0,0,0,0,0,0,specified,markdown_it/rules_block/hr.py,hr,39,COMPARISON,        if ch != marker and not isStrSpace(ch):,        if ch != marker and isStrSpace(ch):
Mb2fa461a5486c454,auto_non_equivalent,1,8,0,0,0,0,0,0,0,specified,markdown_it/rules_block/blockquote.py,blockquote,148,CONTROL_FLOW,            break,            return
Mb3076f2d37352c86,auto_non_equivalent,1,8,0,0,0,0,0,0,0,specified,markdown_it/cli/parse.py,convert_file,54,CALL_ARGUMENT,            rendered = MarkdownIt().render(fin.read()),            rendered = MarkdownIt().render(None)
Mb31408e01f8acc40,auto_non_equivalent,1,8,0,0,0,0,0,0,0,specified,markdown_it/rules_inline/link.py,link,70,CALL_ARGUMENT,"            res = state.md.helpers.parseLinkTitle(state.src, pos, state.posMax)","            res = state.md.helpers.parseLinkTitle(pos, state.posMax)"
Mb320cf0f74977992,auto_non_equivalent,1,8,0,0,0,0,0,0,0,specified,markdown_it/rules_block/list.py,skipBulletListMarker,23,ARITHMETIC,        return -1,        return +1
Mb3233165fa3d2f3d,auto_non_equivalent,1,8,0,0,0,0,0,0,0,specified,markdown_it/rules_inline/state_inline.py,__init__,71,STATEMENT_REPLACEMENT,"    self.backticks: dict[int, int] = {}","    self.backticks: dict[int, int] = None"
Mb32390555ab392d5,auto_non_equivalent,1,8,0,0,0,0,0,0,0,specified,markdown_it/rules_block/reference.py,reference,124,STATEMENT_REPLACEMENT,"        title = """"","        title = ""XXXX"""
Mb325c3b55bf628db,auto_non_equivalent,1,8,0,0,0,0,0,0,0,specified,markdown_it/common/utils.py,normalizeReference,257,ARITHMETIC,"    string = re.sub(r""\s+"", "" "", string.strip())","    string = re.sub(None, "" "", string.strip())"
Mb34ef6073b9ab9ec,auto_non_equivalent,1,8,0,0,0,0,0,0,0,specified,markdown_it/rules_block/fence.py,make_fence_rule,120,STATEMENT_REPLACEMENT,            pos = state.skipSpaces(pos),            pos = None
Mb35db0e12ac3b23a,auto_non_equivalent,1,8,0,0,0,0,0,0,0,specified,markdown_it/common/utils.py,unescapeAll,125,STATEMENT_REPLACEMENT,"    if ""\\"" not in string and ""&"" not in string:","    if ""XX\\XX"" not in string and ""&"" not in string:"
Mb367c77ecf8d3323,auto_non_equivalent,1,8,0,0,0,0,0,0,0,specified,markdown_it/helpers/parse_link_title.py,parseLinkTitle,62,ARITHMETIC,            state.str += unescapeAll(string[start:pos]),            state.str = unescapeAll(string[start:pos])
Mb36bce7af803cde1,auto_non_equivalent,1,8,0,0,0,0,0,0,0,specified,markdown_it/rules_inline/balance_pairs.py,processDelimiters,99,CONSTANT_REPLACEMENT,                    closer.open = False,                    closer.open = True
Mb3a2f355d557881f,auto_non_equivalent,1,8,0,0,0,0,0,0,0,specified,markdown_it/common/utils.py,normalizeReference,257,CALL_ARGUMENT,"    string = re.sub(r""\s+"", "" "", string.strip())","    string = re.sub(r""XX\s+XX"", "" "", string.strip())"
Mb3b0b9273116dab6,auto_non_equivalent,1,8,0,0,0,0,0,0,0,specified,markdown_it/rules_block/reference.py,reference,102,CALL_ARGUMENT,        elif isSpace(ch):,        elif isSpace(None):
Mb3b875198444c120,auto_non_equivalent,1,8,0,0,0,0,0,0,0,specified,markdown_it/renderer.py,renderToken,158,COMPARISON,"            if nextToken.type == ""inline"" or nextToken.hidden:","            if nextToken.type != ""inline"" or nextToken.hidden:"
Mb3eba4ab4f1b33fb,auto_non_equivalent,1,8,0,0,0,0,0,0,0,specified,markdown_it/ruler.py,at,126,CONSTANT_REPLACEMENT,    self.__cache__ = None,"    self.__cache__ = """""
Mb3f95fd5443a655d,auto_non_equivalent,1,8,0,0,0,0,0,0,0,specified,markdown_it/rules_block/state_block.py,__init__,94,CONSTANT_REPLACEMENT,            self.bsCount.append(0),            self.bsCount.append(None)
Mb3fcbf9e2c79bc7b,auto_non_equivalent,1,8,0,0,0,0,0,0,0,specified,markdown_it/rules_block/list.py,list_block,174,CONSTANT_REPLACEMENT,"        token = state.push(""ordered_list_open"", ""ol"", 1)",        token = None
Mb4173c4b203a8a59,auto_non_equivalent,1,8,0,0,0,0,0,0,0,specified,markdown_it/rules_block/hr.py,hr,44,COMPARISON,    if cnt < 3:,    if cnt <= 3:
Mb41f9fa41e95e481,auto_non_equivalent,1,8,0,0,0,0,0,0,0,specified,markdown_it/common/normalize_url.py,normalizeLinkText,60,STATEMENT_REPLACEMENT,            parsed = parsed._replace(hostname=_punycode.to_unicode(parsed.hostname)),            parsed = None
Mb42f17b7aedecbdb,auto_non_equivalent,1,8,0,0,0,0,0,0,0,specified,markdown_it/rules_block/blockquote.py,blockquote,271,CONSTANT_REPLACEMENT,        nextLine += 1,        nextLine += 2
Mb4492355e7747f33,auto_non_equivalent,1,8,0,0,0,0,0,0,0,specified,markdown_it/rules_inline/html_inline.py,html_inline,33,BOOLEAN_CONNECTOR,    if not silent:,    if silent:
Mb454e4a9e21a221a,auto_non_equivalent,1,8,0,0,0,0,0,0,0,specified,markdown_it/rules_inline/emphasis.py,_postProcess,84,CONSTANT_REPLACEMENT,        token.nesting = -1,        token.nesting = -2
Mb456533f6bc3c107,auto_non_equivalent,1,8,0,0,0,0,0,0,0,specified,markdown_it/rules_inline/autolink.py,autolink,70,CONSTANT_REPLACEMENT,"            token = state.push(""link_close"", ""a"", -1)","            token = state.push(""link_close"", ""XXaXX"", -1)"
Mb4565d9f8f6ac72c,auto_non_equivalent,1,8,0,0,0,0,0,0,0,specified,markdown_it/rules_block/state_block.py,__init__,99,ARITHMETIC,            start = pos + 1,            start = None
Mb4b01ad0732fc961,auto_non_equivalent,1,8,0,0,0,0,0,0,0,specified,markdown_it/rules_block/list.py,list_block,273,CONSTANT_REPLACEMENT,        if contentStart >= maximum and state.isEmpty(startLine + 1):,        if contentStart >= maximum and state.isEmpty(startLine + 2):
Mb4b5e78f53224ea0,auto_non_equivalent,1,8,0,0,0,0,0,0,0,specified,markdown_it/rules_block/fence.py,make_fence_rule,136,CONSTANT_REPLACEMENT,"        token.content = state.getLines(startLine + 1, nextLine, length, True)","        token.content = state.getLines(startLine + 1, length, True)"
Mb4b755e5e3ea9b5b,auto_non_equivalent,1,8,0,0,0,0,0,0,0,specified,markdown_it/rules_block/blockquote.py,blockquote,209,ARITHMETIC,                        offset += 1,                        offset = 1
Mb4cf2328ce8cc972,auto_non_equivalent,1,8,0,0,0,0,0,0,0,specified,markdown_it/parser_block.py,parse,112,CALL_ARGUMENT,"    self.tokenize(state, state.line, state.lineMax)","    self.tokenize(state, None, state.lineMax)"
Mb4d53cb50d6a2a45,auto_non_equivalent,1,8,0,0,0,0,0,0,0,specified,markdown_it/rules_inline/escape.py,escape,27,CONSTANT_REPLACEMENT,"            state.push(""hardbreak"", ""br"", 0)","            state.push(""hardbreak"", ""br"", 1)"
Mb4d670335e6ffda1,auto_non_equivalent,1,8,0,0,0,0,0,0,0,specified,markdown_it/rules_inline/state_inline.py,scanDelims,146,BOOLEAN_CONNECTOR,    isNextPunctChar = isMdAsciiPunct(ord(nextChar)) or isPunctChar(nextChar),    isNextPunctChar = None
Mb5270129be84d864,auto_non_equivalent,1,8,0,0,0,0,0,0,0,specified,markdown_it/rules_block/heading.py,heading,66,ARITHMETIC,"    token = state.push(""heading_close"", ""h"" + str(level), -1)","    token = state.push(""heading_close"", ""h"" + str(level), +1)"
Mb5287c4984952555,auto_non_equivalent,1,8,0,0,0,0,0,0,0,specified,markdown_it/renderer.py,renderToken,145,ARITHMETIC,    result += self.renderAttrs(token),    result += self.renderAttrs(None)
Mb53bf1bf0bfe9f50,auto_non_equivalent,1,8,0,0,0,0,0,0,0,specified,markdown_it/rules_inline/state_inline.py,scanDelims,164,BOOLEAN_CONNECTOR,        canSplitWord or (not left_flanking) or isNextPunctChar,        canSplitWord or (not left_flanking) and isNextPunctChar
Mb54820558dbe4ed4,auto_non_equivalent,1,1,7,0,0,0,0,0,0,specified,markdown_it/renderer.py,renderToken,163,COMPARISON,            elif nextToken.nesting == -1 and nextToken.tag == token.tag:,            elif nextToken.nesting == +1 and nextToken.tag == token.tag:
Mb554a156e90ae5f8,auto_non_equivalent,1,8,0,0,0,0,0,0,0,specified,markdown_it/common/utils.py,normalizeReference,257,ARITHMETIC,"    string = re.sub(r""\s+"", "" "", string.strip())","    string = re.sub("" "", string.strip())"
Mb58d40aa5bf68e16,auto_non_equivalent,1,8,0,0,0,0,0,0,0,specified,markdown_it/rules_inline/emphasis.py,postProcess,102,CALL_ARGUMENT,"            _postProcess(state, token[""delimiters""])","            _postProcess(state, token[""DELIMITERS""])"
Mb5a09554d8087c1d,auto_non_equivalent,1,8,0,0,0,0,0,0,0,specified,markdown_it/rules_inline/link.py,link,20,CONSTANT_REPLACEMENT,"    labelEnd = state.md.helpers.parseLinkLabel(state, state.pos, True)","    labelEnd = state.md.helpers.parseLinkLabel(state, None, True)"
Mb5a8b8ae9c856a23,auto_non_equivalent,1,8,0,0,0,0,0,0,0,specified,markdown_it/rules_block/state_block.py,getLines,220,ARITHMETIC,"    queue = [""""] * (end - begin)",    queue = None
Mb5d2b045a1dd9583,auto_non_equivalent,1,8,0,0,0,0,0,0,0,specified,markdown_it/rules_inline/emphasis.py,tokenize,22,CONSTANT_REPLACEMENT,"        token = state.push(""text"", """", 0)","        token = state.push(""text"", """", )"
Mb5d2c683ed2e8d7c,auto_non_equivalent,1,8,0,0,0,0,0,0,0,specified,markdown_it/helpers/parse_link_destination.py,parseLinkDestination,18,STATEMENT_REPLACEMENT,    start = pos,    start = None
Mb5eba03a7163a98a,auto_non_equivalent,1,8,0,0,0,0,0,0,0,specified,markdown_it/rules_block/code.py,code,25,STATEMENT_REPLACEMENT,            last = nextLine,            last = None
Mb61d36374a5c72f3,auto_non_equivalent,1,8,0,0,0,0,0,0,0,specified,markdown_it/rules_inline/link.py,link,51,CALL_ARGUMENT,"        res = state.md.helpers.parseLinkDestination(state.src, pos, state.posMax)","        res = state.md.helpers.parseLinkDestination(state.src, pos, )"
Mb649fbe6fd8f0712,auto_non_equivalent,1,8,0,0,0,0,0,0,0,specified,markdown_it/rules_block/reference.py,reference,98,CONSTANT_REPLACEMENT,"            if (lineContent := getNextLine(state, nextLine)) is not None:",            if (lineContent := getNextLine(nextLine)) is not None:
Mb66df810d78690cb,auto_non_equivalent,1,8,0,0,0,0,0,0,0,specified,markdown_it/rules_block/lheading.py,lheading,56,CONSTANT_REPLACEMENT,"            if terminatorRule(state, nextLine, endLine, True):","            if terminatorRule(state, nextLine, True):"
Mb6745da59bfb9396,auto_non_equivalent,1,8,0,0,0,0,0,0,0,specified,markdown_it/rules_block/lheading.py,lheading,72,ARITHMETIC,"    token = state.push(""heading_open"", ""h"" + str(level), 1)","    token = state.push(""heading_open"", ""h"" + str(None), 1)"
Mb678044ba6c440a9,auto_non_equivalent,1,8,0,0,0,0,0,0,0,specified,markdown_it/helpers/parse_link_destination.py,parseLinkDestination,21,COMPARISON,"    if charCodeAt(string, pos) == 0x3C:  # /* < */","    if charCodeAt(string, pos) != 0x3C:  # /* < */"
Mb67ae3a22012ebc0,auto_non_equivalent,1,8,0,0,0,0,0,0,0,specified,markdown_it/helpers/parse_link_title.py,parseLinkTitle,54,CONSTANT_REPLACEMENT,            marker = 0x29,            marker = None
Mb6805387482d422a,auto_non_equivalent,1,8,0,0,0,0,0,0,0,specified,markdown_it/rules_block/hr.py,hr,42,ARITHMETIC,            cnt += 1,            cnt -= 1
Mb681687863d24c7a,auto_non_equivalent,1,8,0,0,0,0,0,0,0,specified,markdown_it/rules_block/reference.py,reference,177,OTHER,"        state.env[""references""][label] = {
            ""title"": title,
            ""href"": href,
            ""map"": [startLine, state.line],
        }","        state.env[""references""][label] = None"
Mb6a22290fa39f550,auto_non_equivalent,1,8,0,0,0,0,0,0,0,specified,markdown_it/rules_inline/link.py,link,19,ARITHMETIC,    labelStart = state.pos + 1,    labelStart = None
Mb6a268dee6e2c29e,auto_non_equivalent,1,8,0,0,0,0,0,0,0,specified,markdown_it/rules_inline/html_inline.py,html_inline,34,CONSTANT_REPLACEMENT,"        token = state.push(""html_inline"", """", 0)","        token = state.push(None, """", 0)"
Mb6b4a7289f54d4f1,auto_non_equivalent,1,8,0,0,0,0,0,0,0,specified,markdown_it/rules_block/reference.py,reference,62,ARITHMETIC,    pos = labelEnd + 2,    pos = None
Mb6ba6e146db8b6a3,auto_non_equivalent,1,8,0,0,0,0,0,0,0,specified,markdown_it/rules_block/state_block.py,__init__,111,COMPARISON,"    self._code_enabled = ""code"" in self.md[""block""].ruler.get_active_rules()",    self._code_enabled = None
Mb6bf245df9ed6906,auto_non_equivalent,1,8,0,0,0,0,0,0,0,specified,markdown_it/rules_inline/link.py,link,41,COMPARISON,"            if not isStrSpace(ch) and ch != ""\n"":","            if isStrSpace(ch) and ch != ""\n"":"
Mb6d2aa892f89c86e,auto_non_equivalent,1,8,0,0,0,0,0,0,0,specified,markdown_it/parser_block.py,parse,111,CALL_ARGUMENT,"    state = StateBlock(src, md, env, outTokens)","    state = StateBlock(None, md, env, outTokens)"
Mb6e9f97209563442,auto_non_equivalent,1,8,0,0,0,0,0,0,0,specified,markdown_it/rules_block/blockquote.py,blockquote,54,COMPARISON,"    elif second_char == ""\t"":","    elif second_char != ""\t"":"
Mb725bfe15e1e12c8,auto_non_equivalent,1,8,0,0,0,0,0,0,0,specified,markdown_it/rules_block/list.py,list_block,174,CONSTANT_REPLACEMENT,"        token = state.push(""ordered_list_open"", ""ol"", 1)","        token = state.push(""ordered_list_open"", ""ol"", None)"
Mb72b98ce3a5ace3b,auto_non_equivalent,1,8,0,0,0,0,0,0,0,specified,markdown_it/common/utils.py,normalizeReference,257,ARITHMETIC,"    string = re.sub(r""\s+"", "" "", string.strip())",    string = None
Mb76e5ad79bcee179,auto_non_equivalent,1,8,0,0,0,0,0,0,0,specified,markdown_it/rules_inline/link.py,link,62,COMPARISON,            while pos < maximum:,            while pos <= maximum:
Mb771952fc7b180fd,auto_non_equivalent,1,8,0,0,0,0,0,0,0,specified,markdown_it/rules_inline/emphasis.py,tokenize,19,CALL_ARGUMENT,"    scanned = state.scanDelims(state.pos, marker == ""*"")","    scanned = state.scanDelims(state.pos, marker == ""XX*XX"")"
Mb77e37c3657d9648,auto_non_equivalent,1,8,0,0,0,0,0,0,0,specified,markdown_it/rules_inline/autolink.py,autolink,68,STATEMENT_REPLACEMENT,            token.content = state.md.normalizeLinkText(url),            token.content = None
Mb787fce459bbf900,auto_non_equivalent,1,8,0,0,0,0,0,0,0,specified,markdown_it/ruler.py,__compile__,108,CALL_ARGUMENT,            self.__cache__[chain].append(rule.fn),            self.__cache__[chain].append(None)
Mb79178d32d8775c7,auto_non_equivalent,1,8,0,0,0,0,0,0,0,specified,markdown_it/rules_inline/backticks.py,backtick,29,ARITHMETIC,        state.pos += openerLength,        state.pos = openerLength
Mb7c313cc70010167,auto_non_equivalent,1,8,0,0,0,0,0,0,0,specified,markdown_it/ruler.py,at,125,CALL_ARGUMENT,"    self.__rules__[index].alt = options.get(""alt"", [])",    self.__rules__[index].alt = options.get([])
Mb7cf6a94ee06428e,auto_non_equivalent,1,8,0,0,0,0,0,0,0,specified,markdown_it/main.py,__init__,66,CALL_ARGUMENT,"    self.configure(config, options_update=options_update)","    self.configure(None, options_update=options_update)"
Mb7eaceda7e74aba5,auto_non_equivalent,1,8,0,0,0,0,0,0,0,specified,markdown_it/rules_inline/fragments_join.py,fragments_join,38,COMPARISON,"            while curr < maximum and state.tokens[curr].type == ""text"":","            while curr <= maximum and state.tokens[curr].type == ""text"":"
Mb7f5c776e67a7457,auto_non_equivalent,1,8,0,0,0,0,0,0,0,specified,markdown_it/rules_block/hr.py,hr,52,CONSTANT_REPLACEMENT,"    token = state.push(""hr"", ""hr"", 0)","    token = state.push(""hr"", ""hr"", None)"
Mb80a96ef40c1bd95,auto_non_equivalent,1,8,0,0,0,0,0,0,0,specified,markdown_it/rules_inline/image.py,image,63,COMPARISON,"            if not isStrSpace(ch) and ch != ""\n"":","            if isStrSpace(ch) and ch != ""\n"":"
Mb81d79a5e3813a6c,auto_non_equivalent,1,8,0,0,0,0,0,0,0,specified,markdown_it/rules_block/paragraph.py,paragraph,21,STATEMENT_REPLACEMENT,"    state.parentType = ""paragraph""",    state.parentType = None
Mb85c02f289bad629,auto_non_equivalent,1,8,0,0,0,0,0,0,0,specified,markdown_it/rules_block/state_block.py,skipCharsStrBack,209,ARITHMETIC,        pos -= 1,        pos += 1
Mb8947e40a9648b31,auto_non_equivalent,1,8,0,0,0,0,0,0,0,specified,markdown_it/rules_block/hr.py,hr,27,ARITHMETIC,    pos += 1,    pos -= 1
Mb8a1d6d148a3befc,auto_non_equivalent,1,8,0,0,0,0,0,0,0,specified,markdown_it/rules_inline/newline.py,newline,26,ARITHMETIC,                    ws -= 1,                    ws = 1
Mb8a3c210d5aa5fce,auto_non_equivalent,1,8,0,0,0,0,0,0,0,specified,markdown_it/rules_block/heading.py,heading,16,ARITHMETIC,    pos = state.bMarks[startLine] + state.tShift[startLine],    pos = state.bMarks[startLine] - state.tShift[startLine]
Mb8a6496b7cf8827e,auto_non_equivalent,1,8,0,0,0,0,0,0,0,specified,markdown_it/rules_inline/autolink.py,autolink,68,CALL_ARGUMENT,            token.content = state.md.normalizeLinkText(url),            token.content = state.md.normalizeLinkText(None)
Mb8d6fa845121ebdc,auto_non_equivalent,1,8,0,0,0,0,0,0,0,specified,markdown_it/main.py,__getitem__,90,STATEMENT_REPLACEMENT,"        ""core"": self.core,","        ""XXcoreXX"": self.core,"
Mb8ddbd00ed83affe,auto_non_equivalent,1,8,0,0,0,0,0,0,0,specified,markdown_it/rules_block/reference.py,reference,83,BOOLEAN_CONNECTOR,    if not state.md.validateLink(href):,    if state.md.validateLink(href):
Mb8ed6e487dd2f140,auto_non_equivalent,1,7,1,0,0,0,0,0,0,specified,markdown_it/rules_block/state_block.py,getLines,236,ARITHMETIC,                    lineIndent += 4 - (lineIndent + self.bsCount[line]) % 4,                    lineIndent = 4 - (lineIndent + self.bsCount[line]) % 4
Mb92872926307f321,auto_non_equivalent,1,8,0,0,0,0,0,0,0,specified,markdown_it/rules_block/hr.py,hr,52,CONSTANT_REPLACEMENT,"    token = state.push(""hr"", ""hr"", 0)","    token = state.push(""hr"", 0)"
Mb9346805ed48076f,auto_non_equivalent,1,8,0,0,0,0,0,0,0,specified,markdown_it/rules_inline/link.py,link,14,CONSTANT_REPLACEMENT,    parseReference = True,    parseReference = None
Mb9417af6b385640d,auto_non_equivalent,1,8,0,0,0,0,0,0,0,specified,markdown_it/rules_block/fence.py,make_fence_rule,97,STATEMENT_REPLACEMENT,            maximum = state.eMarks[nextLine],            maximum = None
Mb9965612054954e0,auto_non_equivalent,1,8,0,0,0,0,0,0,0,specified,markdown_it/rules_inline/balance_pairs.py,processDelimiters,121,BOOLEAN_CONNECTOR,                (3 if closer.open else 0) + ((closer.length or 0) % 3),                (3 if closer.open else 0) - ((closer.length or 0) % 3)
Mb9ba8b441d5c1545,auto_non_equivalent,1,8,0,0,0,0,0,0,0,specified,markdown_it/rules_inline/emphasis.py,tokenize,10,STATEMENT_REPLACEMENT,    start = state.pos,    start = None
Mba0280d3452e0d08,auto_non_equivalent,1,8,0,0,0,0,0,0,0,specified,markdown_it/rules_inline/html_inline.py,html_inline,30,BOOLEAN_CONNECTOR,    if not match:,    if match:
Mba04d8d1ea6fde46,auto_non_equivalent,1,8,0,0,0,0,0,0,0,specified,markdown_it/rules_block/list.py,skipOrderedListMarker,60,CONSTANT_REPLACEMENT,        pos += 1,        pos += 2
Mba080370e8deaf8c,auto_non_equivalent,1,8,0,0,0,0,0,0,0,specified,markdown_it/parser_inline.py,skipToken,152,CONSTANT_REPLACEMENT,"            ok = rule(state, True)","            ok = rule(state, )"
Mba125df733abea28,auto_non_equivalent,1,8,0,0,0,0,0,0,0,specified,markdown_it/main.py,__init__,36,STATEMENT_REPLACEMENT,"    config: str | PresetType = ""commonmark"",","    config: str | PresetType = ""XXcommonmarkXX"","
Mba2da7f66ba8a18e,auto_non_equivalent,1,8,0,0,0,0,0,0,0,specified,markdown_it/rules_block/reference.py,reference,14,ARITHMETIC,    pos = state.bMarks[startLine] + state.tShift[startLine],    pos = None
Mba34f77eb0cd93d2,auto_non_equivalent,1,8,0,0,0,0,0,0,0,specified,markdown_it/rules_inline/backticks.py,backtick,59,ARITHMETIC,                    token.content = token.content[1:-1],                    token.content = token.content[1:+1]
Mba3707fafe24fc83,auto_non_equivalent,1,8,0,0,0,0,0,0,0,specified,markdown_it/rules_inline/state_inline.py,scanDelims,161,BOOLEAN_CONNECTOR,        canSplitWord or (not right_flanking) or isLastPunctChar,        canSplitWord and (not right_flanking) or isLastPunctChar
Mba3cf3b09d2ab643,auto_non_equivalent,1,8,0,0,0,0,0,0,0,specified,markdown_it/rules_block/state_block.py,getLines,228,CONSTANT_REPLACEMENT,            if line + 1 < end or keepLastLF,            if line + 2 < end or keepLastLF
Mba4372d7d5630f56,auto_non_equivalent,1,8,0,0,0,0,0,0,0,specified,markdown_it/renderer.py,renderAttrs,178,ARITHMETIC,"        result += "" "" + escapeHtml(key) + '=""' + escapeHtml(str(value)) + '""'","        result += "" "" - escapeHtml(key) + '=""' + escapeHtml(str(value)) + '""'"
Mba51c87c237fff7c,auto_non_equivalent,1,8,0,0,0,0,0,0,0,specified,markdown_it/rules_inline/image.py,image,22,ARITHMETIC,"    labelEnd = state.md.helpers.parseLinkLabel(state, state.pos + 1, False)","    labelEnd = state.md.helpers.parseLinkLabel(None, state.pos + 1, False)"
Mba6b2487a2a169e5,auto_non_equivalent,1,8,0,0,0,0,0,0,0,specified,markdown_it/parser_block.py,tokenize,87,CONSTANT_REPLACEMENT,"            if rule(state, line, endLine, False):","            if rule(state, line, endLine, ):"
Mba710f536a0efc6c,auto_non_equivalent,1,8,0,0,0,0,0,0,0,specified,markdown_it/rules_block/blockquote.py,blockquote,80,STATEMENT_REPLACEMENT,"            if ch == ""\t"":","            if ch == ""XX\tXX"":"
Mba7cd9ca9c0f38d0,auto_non_equivalent,1,8,0,0,0,0,0,0,0,specified,markdown_it/rules_inline/link.py,link,131,CONSTANT_REPLACEMENT,"        token = state.push(""link_open"", ""a"", 1)","        token = state.push(""link_open"", ""A"", 1)"
Mba8c921f7ea59e77,auto_non_equivalent,1,7,0,1,0,0,0,0,0,specified,markdown_it/cli/parse.py,convert,33,CALL_ARGUMENT,        convert_file(filename),        convert_file(None)
Mba9b1d6dfd050f0f,auto_non_equivalent,1,8,0,0,0,0,0,0,0,specified,markdown_it/rules_inline/state_inline.py,scanDelims,137,COMPARISON,    while pos < maximum and self.src[pos] == marker:,    while pos < maximum or self.src[pos] == marker:
Mbab4686e08c3cf93,auto_non_equivalent,1,8,0,0,0,0,0,0,0,specified,markdown_it/rules_block/list.py,list_block,273,COMPARISON,        if contentStart >= maximum and state.isEmpty(startLine + 1):,        if contentStart > maximum and state.isEmpty(startLine + 1):
Mbb042366335fc1e5,auto_non_equivalent,1,8,0,0,0,0,0,0,0,specified,markdown_it/rules_block/reference.py,reference,110,CONSTANT_REPLACEMENT,"    titleRes = state.md.helpers.parseLinkTitle(string, pos, maximum, None)","    titleRes = state.md.helpers.parseLinkTitle(string, maximum, None)"
Mbb08c7d6b14a799a,auto_non_equivalent,1,8,0,0,0,0,0,0,0,specified,markdown_it/rules_block/list.py,list_block,181,CONSTANT_REPLACEMENT,"    token.map = listLines = [startLine, 0]",    token.map = listLines = None
Mbb0e34cefc0a8adc,auto_non_equivalent,1,8,0,0,0,0,0,0,0,specified,markdown_it/rules_block/code.py,code,33,CONSTANT_REPLACEMENT,"    token.content = state.getLines(startLine, last, 4 + state.blkIndent, False) + ""\n""","    token.content = state.getLines(startLine, last, 4 + state.blkIndent, False) + ""XX\nXX"""
Mbb23ca7880cc84fe,auto_non_equivalent,1,8,0,0,0,0,0,0,0,specified,markdown_it/rules_block/list.py,list_block,188,STATEMENT_REPLACEMENT,    nextLine = startLine,    nextLine = None
Mbb26142cef4889da,auto_non_equivalent,1,8,0,0,0,0,0,0,0,specified,markdown_it/renderer.py,image,327,CALL_ARGUMENT,"        token.attrSet(""alt"", """")","        token.attrSet(""alt"", None)"
Mbb27f220d97c65f6,auto_non_equivalent,1,8,0,0,0,0,0,0,0,specified,markdown_it/rules_block/list.py,skipOrderedListMarker,51,CONSTANT_REPLACEMENT,    if ch_ord < 0x30 or ch_ord > 0x39:,    if ch_ord < 49 or ch_ord > 0x39:
Mbb28de7ce25522b8,auto_non_equivalent,1,8,0,0,0,0,0,0,0,specified,markdown_it/rules_block/blockquote.py,blockquote,239,CONSTANT_REPLACEMENT,"            if terminatorRule(state, nextLine, endLine, True):","            if terminatorRule(state, nextLine, endLine, None):"
Mbb3fe793bdcb370f,auto_non_equivalent,1,8,0,0,0,0,0,0,0,specified,markdown_it/rules_block/code.py,code,32,CONSTANT_REPLACEMENT,"    token = state.push(""code_block"", ""code"", 0)","    token = state.push(""CODE_BLOCK"", ""code"", 0)"
Mbb7a0cb3d1c2aa96,auto_non_equivalent,1,8,0,0,0,0,0,0,0,specified,markdown_it/rules_inline/entity.py,entity,27,CONSTANT_REPLACEMENT,"                    int(match1[1:], 16) if match1[0].lower() == ""x"" else int(match1, 10)","                    int(match1[1:], 16) if match1[1].lower() == ""x"" else int(match1, 10)"
Mbb8f50bfe98b0be4,auto_non_equivalent,1,7,0,0,1,0,0,0,0,specified,markdown_it/rules_block/list.py,markTightParagraphs,98,ARITHMETIC,        i += 1,        i -= 1
Mbbdd7d5e30646c5b,auto_non_equivalent,1,8,0,0,0,0,0,0,0,specified,markdown_it/rules_inline/balance_pairs.py,processDelimiters,122,STATEMENT_REPLACEMENT,            ] = newMinOpenerIdx,            ] = None
Mbbeb33c3e1f589db,auto_non_equivalent,1,8,0,0,0,0,0,0,0,specified,markdown_it/renderer.py,fence,295,ARITHMETIC,"        tmpToken.attrJoin(""class"", options.langPrefix + langName)","        tmpToken.attrJoin(None, options.langPrefix + langName)"
Mbc0afd4e7a1adc93,auto_non_equivalent,1,8,0,0,0,0,0,0,0,specified,markdown_it/rules_block/reference.py,reference,135,COMPARISON,"    if pos < maximum and charCodeAt(string, pos) != 0x0A and title:","    if pos < maximum and charCodeAt(string, pos) != 0x0A or title:"
Mbc0de166fc0fa330,auto_non_equivalent,1,8,0,0,0,0,0,0,0,specified,markdown_it/rules_inline/balance_pairs.py,link_pairs,138,ARITHMETIC,        curr += 1,        curr -= 1
Mbc0f0ef670760706,auto_non_equivalent,1,8,0,0,0,0,0,0,0,specified,markdown_it/common/utils.py,isPunctChar,199,CALL_ARGUMENT,"    return unicodedata.category(ch).startswith((""P"", ""S""))","    return unicodedata.category(ch).startswith((""P"", ""XXSXX""))"
Mbc17e5b0ca506194,auto_non_equivalent,1,8,0,0,0,0,0,0,0,specified,markdown_it/rules_inline/autolink.py,autolink,26,STATEMENT_REPLACEMENT,        ch = state.src[pos],        ch = None
Mbc1c3b4f06ecafbd,auto_non_equivalent,1,8,0,0,0,0,0,0,0,specified,markdown_it/rules_inline/balance_pairs.py,processDelimiters,91,CONSTANT_REPLACEMENT,                    if openerIdx > 0 and not delimiters[openerIdx - 1].open:,                    if openerIdx > 0 and not delimiters[openerIdx - 2].open:
Mbc1efec366ea2c7a,auto_non_equivalent,1,8,0,0,0,0,0,0,0,specified,markdown_it/rules_block/hr.py,hr,52,CONSTANT_REPLACEMENT,"    token = state.push(""hr"", ""hr"", 0)","    token = state.push(""hr"", ""XXhrXX"", 0)"
Mbc28c4f6ab4cd994,auto_non_equivalent,1,8,0,0,0,0,0,0,0,specified,markdown_it/rules_block/html_block.py,html_block,88,CONSTANT_REPLACEMENT,"    token.content = state.getLines(startLine, nextLine, state.blkIndent, True)","    token.content = state.getLines(startLine, nextLine, state.blkIndent, )"
Mbc40ebdd85392b7f,auto_non_equivalent,1,8,0,0,0,0,0,0,0,specified,markdown_it/rules_block/list.py,list_block,104,CONSTANT_REPLACEMENT,    isTerminatingParagraph = False,    isTerminatingParagraph = True
Mbc62c7e85687566d,auto_non_equivalent,1,8,0,0,0,0,0,0,0,specified,markdown_it/common/utils.py,unescapeAll,122,CONSTANT_REPLACEMENT,        entity = match.group(2),        entity = None
Mbc6567851548c890,auto_non_equivalent,1,8,0,0,0,0,0,0,0,specified,markdown_it/parser_inline.py,tokenize,201,CONSTANT_REPLACEMENT,        state.pos += 1,        state.pos += 2
Mbc7d38fd53fb41c1,auto_non_equivalent,1,8,0,0,0,0,0,0,0,specified,markdown_it/rules_block/blockquote.py,blockquote,150,STATEMENT_REPLACEMENT,"        evaluatesTrue = state.src[pos] == "">"" and not isOutdented","        evaluatesTrue = state.src[pos] == ""XX>XX"" and not isOutdented"
Mbc82c7e6dbd9d8de,auto_non_equivalent,1,8,0,0,0,0,0,0,0,specified,markdown_it/rules_block/lheading.py,lheading,13,ARITHMETIC,    nextLine = startLine + 1,    nextLine = None
Mbc8e7da3facdc681,auto_non_equivalent,1,8,0,0,0,0,0,0,0,specified,markdown_it/rules_block/paragraph.py,paragraph,57,CONSTANT_REPLACEMENT,"    token = state.push(""inline"", """", 0)",    token = None
Mbc98c9acafec4d67,auto_non_equivalent,1,8,0,0,0,0,0,0,0,specified,markdown_it/rules_block/reference.py,reference,78,STATEMENT_REPLACEMENT,"    destRes = state.md.helpers.parseLinkDestination(string, pos, maximum)",    destRes = None
Mbc99d7578a0263c0,auto_non_equivalent,1,8,0,0,0,0,0,0,0,specified,markdown_it/renderer.py,fence,269,STATEMENT_REPLACEMENT,"    info = unescapeAll(token.info).strip() if token.info else """"",    info = None
Mbcb0aea5359f11f3,auto_non_equivalent,1,8,0,0,0,0,0,0,0,specified,markdown_it/rules_inline/emphasis.py,_postProcess,78,ARITHMETIC,        token.markup = ch + ch if isStrong else ch,        token.markup = ch - ch if isStrong else ch
Mbcb71e35aeb58a03,auto_non_equivalent,1,8,0,0,0,0,0,0,0,specified,markdown_it/helpers/parse_link_title.py,parseLinkTitle,37,STATEMENT_REPLACEMENT,        state.str = prev_state.str,        state.str = None
Mbccb98d11c8262e4,auto_non_equivalent,1,8,0,0,0,0,0,0,0,specified,markdown_it/rules_core/inline.py,inline,10,CALL_ARGUMENT,"            state.md.inline.parse(token.content, state.md, state.env, token.children)","            state.md.inline.parse(None, state.md, state.env, token.children)"
Mbcceb569ebccb605,auto_non_equivalent,1,8,0,0,0,0,0,0,0,specified,markdown_it/rules_block/list.py,skipOrderedListMarker,74,CONTROL_FLOW,            break,            return
Mbcd5f38009e89ca6,auto_non_equivalent,1,8,0,0,0,0,0,0,0,specified,markdown_it/helpers/parse_link_title.py,parseLinkTitle,46,COMPARISON,        if marker != 0x22 and marker != 0x27 and marker != 0x28:,        if marker != 0x22 and marker != 0x27 and marker == 0x28:
Mbcd900a6c2af5b8c,auto_non_equivalent,1,8,0,0,0,0,0,0,0,specified,markdown_it/main.py,configure,129,CALL_ARGUMENT,    self.set(options),    self.set(None)
Mbcdb7d8b6f5b80aa,auto_non_equivalent,1,8,0,0,0,0,0,0,0,specified,markdown_it/rules_block/blockquote.py,blockquote,151,CONSTANT_REPLACEMENT,        pos += 1,        pos += 2
Mbce15a4ca3b50633,auto_non_equivalent,1,8,0,0,0,0,0,0,0,specified,markdown_it/rules_core/normalize.py,normalize,17,STATEMENT_REPLACEMENT,"    string = NULL_RE.sub(""\ufffd"", string)",    string = None
Mbcf18f9e4f6967c8,auto_non_equivalent,1,8,0,0,0,0,0,0,0,specified,markdown_it/renderer.py,renderToken,142,CONSTANT_REPLACEMENT,"    result += (""</"" if token.nesting == -1 else ""<"") + token.tag","    result += (""</"" if token.nesting == -2 else ""<"") + token.tag"
Mbd19abc6b0874dcd,auto_non_equivalent,1,8,0,0,0,0,0,0,0,specified,markdown_it/rules_block/reference.py,reference,39,COMPARISON,"            if (lineContent := getNextLine(state, nextLine)) is not None:","            if (lineContent := getNextLine(state, nextLine)) is None:"
Mbd4509a007236355,auto_non_equivalent,1,8,0,0,0,0,0,0,0,specified,markdown_it/rules_block/state_block.py,skipCharsStr,191,CONSTANT_REPLACEMENT,        pos += 1,        pos += 2
Mbd567daa2065e309,auto_non_equivalent,1,8,0,0,0,0,0,0,0,specified,markdown_it/rules_block/blockquote.py,blockquote,320,CALL_ARGUMENT,"        state.md.block.tokenize(state, startLine, nextLine)","        state.md.block.tokenize(state, None, nextLine)"
Mbdb276c6b6193090,auto_non_equivalent,1,8,0,0,0,0,0,0,0,specified,markdown_it/renderer.py,renderToken,129,STATEMENT_REPLACEMENT,"        return """"","        return ""XXXX"""
Mbdb9f544220a0421,auto_non_equivalent,1,8,0,0,0,0,0,0,0,specified,markdown_it/helpers/parse_link_destination.py,parseLinkDestination,82,CONSTANT_REPLACEMENT,    result.ok = True,    result.ok = False
Mbdc41b582ce51e35,auto_non_equivalent,1,8,0,0,0,0,0,0,0,specified,markdown_it/rules_block/fence.py,make_fence_rule,99,COMPARISON,            if pos < maximum and state.sCount[nextLine] < state.blkIndent:,            if pos < maximum or state.sCount[nextLine] < state.blkIndent:
Mbdda8842883ebf9b,auto_non_equivalent,1,8,0,0,0,0,0,0,0,specified,markdown_it/parser_inline.py,skipToken,153,ARITHMETIC,            state.level -= 1,            state.level += 1
Mbde3f6137dc7ae0a,auto_non_equivalent,1,8,0,0,0,0,0,0,0,specified,markdown_it/rules_block/state_block.py,getLines,228,COMPARISON,            if line + 1 < end or keepLastLF,            if line + 1 < end and keepLastLF
Mbde77e7c9a0b4fc0,auto_non_equivalent,1,8,0,0,0,0,0,0,0,specified,markdown_it/rules_block/list.py,list_block,138,CALL_ARGUMENT,"    posAfterMarker = skipOrderedListMarker(state, startLine)","    posAfterMarker = skipOrderedListMarker(state, )"
Mbe0ff9780762cdfd,auto_non_equivalent,1,8,0,0,0,0,0,0,0,specified,markdown_it/rules_block/paragraph.py,paragraph,52,STATEMENT_REPLACEMENT,    state.line = nextLine,    state.line = None
Mbe236e8865e46583,auto_non_equivalent,1,8,0,0,0,0,0,0,0,specified,markdown_it/rules_inline/link.py,link,101,ARITHMETIC,                pos += 1,                pos -= 1
Mbe37030a25ac7298,auto_non_equivalent,1,8,0,0,0,0,0,0,0,specified,markdown_it/rules_inline/newline.py,newline,41,CONSTANT_REPLACEMENT,        pos += 1,        pos += 2
Mbe5eed9a0ce0a0e8,auto_non_equivalent,1,8,0,0,0,0,0,0,0,specified,markdown_it/parser_core.py,__init__,41,CALL_ARGUMENT,"        self.ruler.push(name, rule)","        self.ruler.push(name, None)"
Mbe6f0c37499b89f9,auto_non_equivalent,1,8,0,0,0,0,0,0,0,specified,markdown_it/rules_inline/link.py,link,72,STATEMENT_REPLACEMENT,                title = res.str,                title = None
Mbe77a1a34c6608fc,auto_non_equivalent,1,8,0,0,0,0,0,0,0,specified,markdown_it/helpers/parse_link_destination.py,parseLinkDestination,60,ARITHMETIC,            pos += 2,            pos = 2
Mbea7bf748999daab,auto_non_equivalent,1,8,0,0,0,0,0,0,0,specified,markdown_it/rules_inline/image.py,image,140,CALL_ARGUMENT,"            token.attrSet(""title"", title)","            token.attrSet(""title"", None)"
Mbebedaaede214ab2,auto_non_equivalent,1,8,0,0,0,0,0,0,0,specified,markdown_it/renderer.py,renderInline,103,ARITHMETIC,"            result += self.rules[token.type](tokens, i, options, env)","            result += self.rules[token.type](None, i, options, env)"
Mbec1480b29ac7806,auto_non_equivalent,1,8,0,0,0,0,0,0,0,specified,markdown_it/rules_block/reference.py,reference,98,CONSTANT_REPLACEMENT,"            if (lineContent := getNextLine(state, nextLine)) is not None:","            if (lineContent := getNextLine(state, )) is not None:"
Mbec1a22f6ea2ef1c,auto_non_equivalent,1,8,0,0,0,0,0,0,0,specified,markdown_it/rules_inline/balance_pairs.py,processDelimiters,66,CONSTANT_REPLACEMENT,                openerIdx -= jumps[openerIdx] + 1,                openerIdx -= jumps[openerIdx] + 2
Mbec34683905a9f56,auto_non_equivalent,1,8,0,0,0,0,0,0,0,specified,markdown_it/renderer.py,renderToken,138,COMPARISON,    if token.block and token.nesting != -1 and idx and tokens[idx - 1].hidden:,    if token.block and token.nesting != +1 and idx and tokens[idx - 1].hidden:
Mbed5c6b1daaaeb75,auto_non_equivalent,1,8,0,0,0,0,0,0,0,specified,markdown_it/common/utils.py,escapeHtml,142,STATEMENT_REPLACEMENT,"    raw = raw.replace(""&"", ""&amp;"")  # Must be done first!",    raw = None  # Must be done first!
Mbf1a32fe12906fd9,auto_non_equivalent,1,8,0,0,0,0,0,0,0,specified,markdown_it/rules_block/paragraph.py,paragraph,50,CONSTANT_REPLACEMENT,"    content = state.getLines(startLine, nextLine, state.blkIndent, False).strip()","    content = state.getLines(startLine, state.blkIndent, False).strip()"
Mbf23537a5ae034df,auto_non_equivalent,1,8,0,0,0,0,0,0,0,specified,markdown_it/rules_core/state_core.py,__init__,22,STATEMENT_REPLACEMENT,    self.md = md  # link to parser instance,    self.md = None  # link to parser instance
Mbf369e115ec205a6,auto_non_equivalent,1,8,0,0,0,0,0,0,0,specified,markdown_it/rules_block/reference.py,reference,110,CONSTANT_REPLACEMENT,"    titleRes = state.md.helpers.parseLinkTitle(string, pos, maximum, None)","    titleRes = state.md.helpers.parseLinkTitle(string, None, maximum, None)"
Mbf4ec18b4f6d64ad,auto_non_equivalent,1,3,5,0,0,0,0,0,0,specified,markdown_it/rules_block/fence.py,make_fence_rule,132,ARITHMETIC,        state.line = nextLine + (1 if haveEndMarker else 0),        state.line = nextLine - (1 if haveEndMarker else 0)
Mbf5719b63cabb5b8,auto_non_equivalent,1,8,0,0,0,0,0,0,0,specified,markdown_it/rules_block/list.py,skipOrderedListMarker,49,CALL_ARGUMENT,    ch_ord = ord(ch),    ch_ord = ord(None)
Mbf5db0cd465cf342,auto_non_equivalent,1,8,0,0,0,0,0,0,0,specified,markdown_it/ruler.py,enable,208,COMPARISON,        if (idx < 0) and not ignoreInvalid:,        if (idx <= 0) and not ignoreInvalid:
Mbf81e0f8c5d75f67,auto_non_equivalent,1,8,0,0,0,0,0,0,0,specified,markdown_it/helpers/parse_link_label.py,parseLinkLabel,18,CONSTANT_REPLACEMENT,    level = 1,    level = None
Mbf884e638a33866f,auto_non_equivalent,1,8,0,0,0,0,0,0,0,specified,markdown_it/helpers/parse_link_title.py,parseLinkTitle,61,ARITHMETIC,            state.pos = pos + 1,            state.pos = None
Mbf9a4cc770a0d273,auto_non_equivalent,1,8,0,0,0,0,0,0,0,specified,markdown_it/rules_inline/image.py,image,50,STATEMENT_REPLACEMENT,"        res = state.md.helpers.parseLinkDestination(state.src, pos, state.posMax)",        res = None
Mbfc3020f5273214b,auto_non_equivalent,1,8,0,0,0,0,0,0,0,specified,markdown_it/rules_inline/backticks.py,backtick,57,CONSTANT_REPLACEMENT,                    and len(token.content.strip()) > 0,                    and len(token.content.strip()) > 1
Mbfc4191304db1dd2,auto_non_equivalent,1,8,0,0,0,0,0,0,0,specified,markdown_it/rules_inline/newline.py,newline,32,CONSTANT_REPLACEMENT,"                state.push(""softbreak"", ""br"", 0)","                state.push(None, ""br"", 0)"
Mbff0fd8316e8f10c,auto_non_equivalent,1,8,0,0,0,0,0,0,0,specified,markdown_it/helpers/parse_link_destination.py,parseLinkDestination,60,CONSTANT_REPLACEMENT,            pos += 2,            pos += 3
Mbff4dbb1f25693c7,auto_non_equivalent,1,8,0,0,0,0,0,0,0,specified,markdown_it/rules_block/reference.py,reference,90,STATEMENT_REPLACEMENT,    destEndLineNo = nextLine,    destEndLineNo = None
Mc010397a21b3f2c6,auto_non_equivalent,1,8,0,0,0,0,0,0,0,specified,markdown_it/rules_block/list.py,list_block,281,ARITHMETIC,"            state.line = min(state.line + 2, endLine)","            state.line = min(None, endLine)"
Mc02010d6bdf97740,auto_non_equivalent,1,8,0,0,0,0,0,0,0,specified,markdown_it/rules_inline/state_inline.py,scanDelims,138,CONSTANT_REPLACEMENT,        pos += 1,        pos += 2
Mc05e28c950f9c6c0,auto_non_equivalent,1,8,0,0,0,0,0,0,0,specified,markdown_it/main.py,normalizeLinkText,351,CALL_ARGUMENT,    return normalize_url.normalizeLinkText(link),    return normalize_url.normalizeLinkText(None)
Mc0674f41b3e68077,auto_non_equivalent,1,8,0,0,0,0,0,0,0,specified,markdown_it/rules_block/blockquote.py,blockquote,104,ARITHMETIC,    state.tShift[startLine] = pos - state.bMarks[startLine],    state.tShift[startLine] = None
Mc06ec129e9f59576,auto_non_equivalent,1,8,0,0,0,0,0,0,0,specified,markdown_it/rules_block/list.py,skipBulletListMarker,22,COMPARISON,"    if marker not in (""*"", ""-"", ""+""):","    if marker in (""*"", ""-"", ""+""):"
Mc07b33fd695e99eb,auto_non_equivalent,1,8,0,0,0,0,0,0,0,specified,markdown_it/rules_inline/link.py,link,83,COMPARISON,"        if pos >= maximum or state.src[pos] != "")"":","        if pos >= maximum and state.src[pos] != "")"":"
Mc081bf5e0bcbc457,auto_non_equivalent,1,8,0,0,0,0,0,0,0,specified,markdown_it/rules_block/reference.py,reference,24,ARITHMETIC,    string = state.src[pos : maximum + 1],    string = None
Mc09b614109f57557,auto_non_equivalent,1,8,0,0,0,0,0,0,0,specified,markdown_it/rules_inline/state_inline.py,__init__,51,STATEMENT_REPLACEMENT,    self.tokens = outTokens,    self.tokens = None
Mc0b78d20358f69f8,auto_non_equivalent,1,8,0,0,0,0,0,0,0,specified,markdown_it/renderer.py,renderToken,148,CONSTANT_REPLACEMENT,"    if token.nesting == 0 and options[""xhtmlOut""]:","    if token.nesting == 1 and options[""xhtmlOut""]:"
Mc0bee221ae54265e,auto_non_equivalent,1,8,0,0,0,0,0,0,0,specified,markdown_it/renderer.py,renderInlineAsText,200,STATEMENT_REPLACEMENT,"        if token.type == ""text"":","        if token.type == ""XXtextXX"":"
Mc0dc56cd2164ed7e,auto_non_equivalent,1,8,0,0,0,0,0,0,0,specified,markdown_it/rules_inline/image.py,image,30,COMPARISON,"    if pos < max and state.src[pos] == ""("":","    if pos < max or state.src[pos] == ""("":"
Mc0f3769001a735dd,auto_non_equivalent,1,8,0,0,0,0,0,0,0,specified,markdown_it/rules_block/state_block.py,getLines,228,COMPARISON,            if line + 1 < end or keepLastLF,            if line + 1 <= end or keepLastLF
Mc0fb86ff219fb1f4,auto_non_equivalent,1,8,0,0,0,0,0,0,0,specified,markdown_it/rules_inline/html_inline.py,html_inline,26,COMPARISON,"    if ch not in (""!"", ""?"", ""/"") and not isLetter(ord(ch)):  # /* / */","    if ch not in (""!"", ""?"", ""/"") and not isLetter(ord(None)):  # /* / */"
Mc11393b875b835ab,auto_non_equivalent,1,8,0,0,0,0,0,0,0,specified,markdown_it/rules_block/lheading.py,lheading,14,STATEMENT_REPLACEMENT,    ruler = state.md.block.ruler,    ruler = None
Mc11a25d6eeab16c6,auto_non_equivalent,1,8,0,0,0,0,0,0,0,specified,markdown_it/rules_inline/link.py,link,145,ARITHMETIC,"        token = state.push(""link_close"", ""a"", -1)",        token = None
Mc145e0974c1ba397,auto_non_equivalent,1,8,0,0,0,0,0,0,0,specified,markdown_it/common/utils.py,escapeHtml,144,COMPARISON,"    raw = raw.replace("">"", ""&gt;"")","    raw = raw.replace(""&gt;"")"
Mc15f94b4ae1e13df,auto_non_equivalent,1,8,0,0,0,0,0,0,0,specified,markdown_it/rules_block/lheading.py,lheading,40,CALL_ARGUMENT,"                    pos = state.skipCharsStr(pos, marker)","                    pos = state.skipCharsStr(None, marker)"
Mc187cbcc79851bd0,auto_non_equivalent,1,8,0,0,0,0,0,0,0,specified,markdown_it/helpers/parse_link_title.py,parseLinkTitle,70,CONSTANT_REPLACEMENT,        pos += 1,        pos += 2
Mc19dad2b1235daaf,auto_non_equivalent,1,8,0,0,0,0,0,0,0,specified,markdown_it/rules_inline/link.py,link,113,STATEMENT_REPLACEMENT,        label = normalizeReference(label),        label = None
Mc19f37347efcd910,auto_non_equivalent,1,8,0,0,0,0,0,0,0,specified,markdown_it/rules_block/list.py,list_block,201,ARITHMETIC,"            + posAfterMarker
            - (state.bMarks[startLine] + state.tShift[startLine])",            + posAfterMarker + (state.bMarks[startLine] + state.tShift[startLine])
Mc1e015fa740e4faa,auto_non_equivalent,1,8,0,0,0,0,0,0,0,specified,markdown_it/rules_block/hr.py,hr,52,CONSTANT_REPLACEMENT,"    token = state.push(""hr"", ""hr"", 0)","    token = state.push(""hr"", ""hr"", 1)"
Mc208f1c4df143885,auto_non_equivalent,1,8,0,0,0,0,0,0,0,specified,markdown_it/rules_inline/balance_pairs.py,processDelimiters,52,ARITHMETIC,"            openersBottom[closer.marker] = [-1, -1, -1, -1, -1, -1]",            openersBottom[closer.marker] = None
Mc21c4807d7cfa7fa,auto_non_equivalent,1,8,0,0,0,0,0,0,0,specified,markdown_it/rules_inline/emphasis.py,_postProcess,85,ARITHMETIC,        token.markup = ch + ch if isStrong else ch,        token.markup = ch - ch if isStrong else ch
Mc253a9b87c8e13a9,auto_non_equivalent,1,8,0,0,0,0,0,0,0,specified,markdown_it/utils.py,__init__,70,CALL_ARGUMENT,"    self._options = cast(OptionsType, dict(options))",    self._options = cast(dict(options))
Mc259196d1929e4e7,auto_non_equivalent,1,8,0,0,0,0,0,0,0,specified,markdown_it/renderer.py,renderToken,125,STATEMENT_REPLACEMENT,    token = tokens[idx],    token = None
Mc25a415da2e191a5,auto_non_equivalent,1,8,0,0,0,0,0,0,0,specified,markdown_it/rules_inline/escape.py,escape,52,COMPARISON,        token.content = escapedStr if ch1 in _ESCAPED else origStr,        token.content = None
Mc26297e13092b796,auto_non_equivalent,1,8,0,0,0,0,0,0,0,specified,markdown_it/main.py,__init__,53,STATEMENT_REPLACEMENT,    self.inline = ParserInline(),    self.inline = None
Mc264d5e649226171,auto_non_equivalent,1,8,0,0,0,0,0,0,0,specified,markdown_it/rules_inline/escape.py,escape,28,CONSTANT_REPLACEMENT,        pos += 1,        pos += 2
Mc26d88dec9c8cf50,auto_non_equivalent,1,8,0,0,0,0,0,0,0,specified,markdown_it/renderer.py,renderInline,105,CALL_ARGUMENT,"            result += self.renderToken(tokens, i, options, env)","            result += self.renderToken(i, options, env)"
Mc27c32b1a6e273e5,auto_non_equivalent,1,8,0,0,0,0,0,0,0,specified,markdown_it/rules_block/code.py,code,33,ARITHMETIC,"    token.content = state.getLines(startLine, last, 4 + state.blkIndent, False) + ""\n""","    token.content = state.getLines(startLine, last, False) + ""\n"""
Mc27f35806d057999,auto_non_equivalent,1,8,0,0,0,0,0,0,0,specified,markdown_it/rules_inline/autolink.py,autolink,70,ARITHMETIC,"            token = state.push(""link_close"", ""a"", -1)","            token = state.push(""link_close"", ""a"", None)"
Mc284254e425e2876,auto_non_equivalent,1,8,0,0,0,0,0,0,0,specified,markdown_it/rules_block/paragraph.py,paragraph,42,CONSTANT_REPLACEMENT,                terminate = True,                terminate = None
Mc2a62145d478bade,auto_non_equivalent,1,8,0,0,0,0,0,0,0,specified,markdown_it/rules_block/paragraph.py,paragraph,17,STATEMENT_REPLACEMENT,"    terminatorRules = ruler.getRules(""paragraph"")",    terminatorRules = None
Mc2cfdfb5f5591e91,auto_non_equivalent,1,8,0,0,0,0,0,0,0,specified,markdown_it/rules_block/state_block.py,getLines,240,CONSTANT_REPLACEMENT,                lineIndent += 1,                lineIndent += 2
Mc2d1950e88a63591,auto_non_equivalent,1,8,0,0,0,0,0,0,0,specified,markdown_it/rules_inline/state_inline.py,scanDelims,135,COMPARISON,"    lastChar = self.src[start - 1] if start > 0 else "" ""","    lastChar = self.src[start + 1] if start > 0 else "" """
Mc2da59f344c2f5d5,auto_non_equivalent,1,8,0,0,0,0,0,0,0,specified,markdown_it/rules_block/blockquote.py,blockquote,106,STATEMENT_REPLACEMENT,"    terminatorRules = state.md.block.ruler.getRules(""blockquote"")",    terminatorRules = None
Mc2e7cc6edc1bc19d,auto_non_equivalent,1,8,0,0,0,0,0,0,0,specified,markdown_it/rules_block/list.py,list_block,321,CALL_ARGUMENT,        if state.is_code_block(startLine):,        if state.is_code_block(None):
Mc30b5c30d8d7d4c2,auto_non_equivalent,1,8,0,0,0,0,0,0,0,specified,markdown_it/rules_block/list.py,list_block,381,CALL_ARGUMENT,"        markTightParagraphs(state, listTokIdx)","        markTightParagraphs(None, listTokIdx)"
Mc30bc3eef14ae86f,auto_non_equivalent,1,8,0,0,0,0,0,0,0,specified,markdown_it/rules_inline/image.py,image,30,COMPARISON,"    if pos < max and state.src[pos] == ""("":","    if pos < max and state.src[pos] != ""("":"
Mc3148d80f58b66da,auto_non_equivalent,1,8,0,0,0,0,0,0,0,specified,markdown_it/common/utils.py,isValidEntityCode,75,COMPARISON,    return not (c > 0x10FFFF),    return (c > 0x10FFFF)
Mc328da31d9de408f,auto_non_equivalent,1,8,0,0,0,0,0,0,0,specified,markdown_it/rules_inline/state_inline.py,push,99,CALL_ARGUMENT,"    token = Token(ttype, tag, nesting)","    token = Token(tag, nesting)"
Mc330f0ec9fd905dd,auto_non_equivalent,1,8,0,0,0,0,0,0,0,specified,markdown_it/helpers/parse_link_destination.py,parseLinkDestination,30,ARITHMETIC,                result.pos = pos + 1,                result.pos = pos - 1
Mc337dc979fce59cd,auto_non_equivalent,1,8,0,0,0,0,0,0,0,specified,markdown_it/renderer.py,code_block,255,ARITHMETIC,        + self.renderAttrs(token),        + self.renderAttrs(None)
Mc345e8807e4d8b83,auto_non_equivalent,1,8,0,0,0,0,0,0,0,specified,markdown_it/helpers/parse_link_destination.py,parseLinkDestination,19,STATEMENT_REPLACEMENT,    result = _Result(),    result = None
Mc3482e40286dc911,auto_non_equivalent,1,8,0,0,0,0,0,0,0,specified,markdown_it/rules_block/state_block.py,skipSpacesBack,167,CONSTANT_REPLACEMENT,            return pos + 1,            return pos + 2
Mc367b67e208faaff,auto_non_equivalent,1,8,0,0,0,0,0,0,0,specified,markdown_it/main.py,render,287,CALL_ARGUMENT,"    return self.renderer.render(self.parse(src, env), self.options, env)","    return self.renderer.render(self.parse(src, env), env)"
Mc37cd1b03d3e6fe8,auto_non_equivalent,1,8,0,0,0,0,0,0,0,specified,markdown_it/rules_inline/balance_pairs.py,processDelimiters,21,COMPARISON,    while closerIdx < maximum:,    while closerIdx <= maximum:
Mc3920f068aceff97,auto_non_equivalent,1,8,0,0,0,0,0,0,0,specified,markdown_it/common/utils.py,isValidEntityCode,66,COMPARISON,    if c >= 0x00 and c <= 0x08:,    if c > 0x00 and c <= 0x08:
Mc3ab5f0058ca31a7,auto_non_equivalent,1,8,0,0,0,0,0,0,0,specified,markdown_it/rules_inline/link.py,link,71,COMPARISON,            if pos < maximum and start != pos and res.ok:,            if pos < maximum or start != pos and res.ok:
Mc3b85a020c71f50e,auto_non_equivalent,1,8,0,0,0,0,0,0,0,specified,markdown_it/rules_block/paragraph.py,paragraph,25,CALL_ARGUMENT,        if state.isEmpty(nextLine):,        if state.isEmpty(None):
Mc3ceaa93ce50f737,auto_non_equivalent,1,8,0,0,0,0,0,0,0,specified,markdown_it/rules_inline/newline.py,newline,35,CONSTANT_REPLACEMENT,"            state.push(""softbreak"", ""br"", 0)","            state.push(""softbreak"", 0)"
Mc3cf3fcbe49dd827,auto_non_equivalent,1,8,0,0,0,0,0,0,0,specified,markdown_it/ruler.py,after,172,ARITHMETIC,"        index + 1, Rule[RuleFuncTv](ruleName, True, fn, options.get(""alt"", []))","        index + 1, Rule[RuleFuncTv](ruleName, True, fn, None)"
Mc3d699d9a77058ad,auto_non_equivalent,1,8,0,0,0,0,0,0,0,specified,markdown_it/rules_block/blockquote.py,blockquote,106,CALL_ARGUMENT,"    terminatorRules = state.md.block.ruler.getRules(""blockquote"")","    terminatorRules = state.md.block.ruler.getRules(""BLOCKQUOTE"")"
Mc4011e9457f995c1,auto_non_equivalent,1,8,0,0,0,0,0,0,0,specified,markdown_it/rules_block/code.py,code,16,ARITHMETIC,    last = nextLine = startLine + 1,    last = nextLine = None
Mc40514769da6f827,auto_non_equivalent,1,8,0,0,0,0,0,0,0,specified,markdown_it/helpers/parse_link_title.py,__init__,10,CONSTANT_REPLACEMENT,    self.ok = False,    self.ok = True
Mc4107158d1eaf099,auto_non_equivalent,1,8,0,0,0,0,0,0,0,specified,markdown_it/rules_inline/entity.py,entity,30,CONSTANT_REPLACEMENT,"                token = state.push(""text_special"", """", 0)",                token = None
Mc43f775d4b016bc0,auto_non_equivalent,1,8,0,0,0,0,0,0,0,specified,markdown_it/parser_inline.py,tokenize,179,STATEMENT_REPLACEMENT,"    maxNesting = state.md.options[""maxNesting""]","    maxNesting = state.md.options[""maxnesting""]"
Mc44213c26109aab2,auto_non_equivalent,1,2,6,0,0,0,0,0,0,specified,markdown_it/rules_inline/backticks.py,backtick,57,COMPARISON,                    and len(token.content.strip()) > 0,                    and len(token.content.strip()) >= 0
Mc4528b68348296b1,auto_non_equivalent,1,8,0,0,0,0,0,0,0,specified,markdown_it/common/utils.py,charCodeAt,23,CALL_ARGUMENT,        return ord(src[pos]),        return ord(None)
Mc46702fb1366a665,auto_non_equivalent,1,8,0,0,0,0,0,0,0,specified,markdown_it/rules_block/reference.py,reference,67,ARITHMETIC,                string += lineContent,                string -= lineContent
Mc469f6cb48eec73f,auto_non_equivalent,1,8,0,0,0,0,0,0,0,specified,markdown_it/renderer.py,fence,277,CONSTANT_REPLACEMENT,            langAttrs = arr[1],            langAttrs = arr[2]
Mc476c7b18454cfac,auto_non_equivalent,1,8,0,0,0,0,0,0,0,specified,markdown_it/rules_inline/image.py,image,134,CONSTANT_REPLACEMENT,"        token = state.push(""image"", ""img"", 0)",        token = None
Mc4787a69a4ebeaf8,auto_non_equivalent,1,8,0,0,0,0,0,0,0,specified,markdown_it/rules_block/lheading.py,lheading,68,CONSTANT_REPLACEMENT,"    content = state.getLines(startLine, nextLine, state.blkIndent, False).strip()",    content = None
Mc47e67c551abd074,auto_non_equivalent,1,8,0,0,0,0,0,0,0,specified,markdown_it/rules_inline/emphasis.py,_postProcess,89,CONSTANT_REPLACEMENT,"            state.tokens[delimiters[i - 1].token].content = """"","            state.tokens[delimiters[i - 2].token].content = """""
Mc4842df5b43d8d22,auto_non_equivalent,1,8,0,0,0,0,0,0,0,specified,markdown_it/rules_block/blockquote.py,blockquote,141,COMPARISON,        isOutdented = state.sCount[nextLine] < state.blkIndent,        isOutdented = state.sCount[nextLine] <= state.blkIndent
Mc48bd08e02bd2fd6,auto_non_equivalent,1,8,0,0,0,0,0,0,0,specified,markdown_it/rules_inline/newline.py,newline,27,STATEMENT_REPLACEMENT,                state.pending = state.pending[:ws],                state.pending = None
Mc49fdf2be48ac993,auto_non_equivalent,1,8,0,0,0,0,0,0,0,specified,markdown_it/rules_inline/fragments_join.py,fragments_join,29,COMPARISON,            and curr + 1 < maximum,            and curr + 1 <= maximum
Mc4f46cfab5de0197,auto_non_equivalent,1,8,0,0,0,0,0,0,0,specified,markdown_it/rules_inline/autolink.py,autolink,70,ARITHMETIC,"            token = state.push(""link_close"", ""a"", -1)","            token = state.push(""link_close"", ""a"", +1)"
Mc521d491838bebc7,auto_non_equivalent,1,8,0,0,0,0,0,0,0,specified,markdown_it/rules_inline/entity.py,entity,43,COMPARISON,        if (match := NAMED_RE.search(state.src[pos:])) and match.group(1) in entities:,        if (match := NAMED_RE.search(None)) and match.group(1) in entities:
Mc53cb4ff7248aa82,auto_non_equivalent,1,8,0,0,0,0,0,0,0,specified,markdown_it/rules_block/state_block.py,getLines,252,ARITHMETIC,        line += 1,        line = 1
Mc55915e58dcf7eb6,auto_non_equivalent,1,8,0,0,0,0,0,0,0,specified,markdown_it/rules_block/blockquote.py,blockquote,41,CONSTANT_REPLACEMENT,        second_char: str | None = state.src[pos],        second_char: str | None = None
Mc57877a407199351,auto_non_equivalent,1,8,0,0,0,0,0,0,0,specified,markdown_it/rules_inline/entity.py,entity,30,CONSTANT_REPLACEMENT,"                token = state.push(""text_special"", """", 0)","                token = state.push(""XXtext_specialXX"", """", 0)"
Mc5835644ac828d50,auto_non_equivalent,1,8,0,0,0,0,0,0,0,specified,markdown_it/rules_inline/state_inline.py,push,105,STATEMENT_REPLACEMENT,        self.delimiters = self._prev_delimiters.pop(),        self.delimiters = None
Mc584ae8f7be2d9a2,auto_non_equivalent,1,8,0,0,0,0,0,0,0,specified,markdown_it/rules_block/heading.py,heading,66,CONSTANT_REPLACEMENT,"    token = state.push(""heading_close"", ""h"" + str(level), -1)","    token = state.push(""heading_close"", ""XXhXX"" + str(level), -1)"
Mc5bd80cda67c4f5e,auto_non_equivalent,1,8,0,0,0,0,0,0,0,specified,markdown_it/helpers/parse_link_label.py,parseLinkLabel,36,STATEMENT_REPLACEMENT,                state.pos = oldPos,                state.pos = None
Mc5ca1ffff2164b44,auto_non_equivalent,1,8,0,0,0,0,0,0,0,specified,markdown_it/rules_inline/balance_pairs.py,processDelimiters,41,BOOLEAN_CONNECTOR,        closer.length = closer.length or 0,        closer.length = None
Mc5cb8c3081b9eef3,auto_non_equivalent,1,8,0,0,0,0,0,0,0,specified,markdown_it/rules_inline/escape.py,escape,27,CONSTANT_REPLACEMENT,"            state.push(""hardbreak"", ""br"", 0)","            state.push(""br"", 0)"
Mc5f8e18afff36570,auto_non_equivalent,1,8,0,0,0,0,0,0,0,specified,markdown_it/rules_inline/link.py,link,127,BOOLEAN_CONNECTOR,    if not silent:,    if silent:
Mc61a0207d4c03005,auto_non_equivalent,1,8,0,0,0,0,0,0,0,specified,markdown_it/rules_inline/emphasis.py,tokenize,22,CONSTANT_REPLACEMENT,"        token = state.push(""text"", """", 0)","        token = state.push(""TEXT"", """", 0)"
Mc65659b7995464cb,auto_non_equivalent,1,8,0,0,0,0,0,0,0,specified,markdown_it/rules_block/reference.py,reference,151,CONSTANT_REPLACEMENT,    label = normalizeReference(string[1:labelEnd]),    label = normalizeReference(None)
Mc6694bc26b402393,auto_non_equivalent,1,8,0,0,0,0,0,0,0,specified,markdown_it/rules_inline/entity.py,entity,22,COMPARISON,"    if state.src[pos + 1] == ""#"":","    if state.src[pos + 1] != ""#"":"
Mc66ccfaa2826db9e,auto_non_equivalent,1,8,0,0,0,0,0,0,0,specified,markdown_it/helpers/parse_link_label.py,parseLinkLabel,34,ARITHMETIC,                level += 1,                level -= 1
Mc6966e01982475ea,auto_non_equivalent,1,8,0,0,0,0,0,0,0,specified,markdown_it/rules_block/lheading.py,lheading,70,ARITHMETIC,    state.line = nextLine + 1,    state.line = None
Mc6a17cd24f635bf9,auto_non_equivalent,1,8,0,0,0,0,0,0,0,specified,markdown_it/renderer.py,__init__,64,BOOLEAN_CONNECTOR,"        if not (k.startswith(""render"") or k.startswith(""_""))","        if not (k.startswith(None) or k.startswith(""_""))"
Mc6b7f83675f7b6b2,auto_non_equivalent,1,8,0,0,0,0,0,0,0,specified,markdown_it/parser_inline.py,__init__,106,CALL_ARGUMENT,"        self.ruler2.push(name, rule2)","        self.ruler2.push(name, )"
Mc6bdbdd3cd404300,auto_non_equivalent,1,8,0,0,0,0,0,0,0,specified,markdown_it/rules_inline/link.py,link,131,CONSTANT_REPLACEMENT,"        token = state.push(""link_open"", ""a"", 1)","        token = state.push(""link_open"", ""a"", )"
Mc6c255717e5657f3,auto_non_equivalent,1,8,0,0,0,0,0,0,0,specified,markdown_it/renderer.py,render,86,CALL_ARGUMENT,"            result += self.renderToken(tokens, i, options, env)","            result += self.renderToken(tokens, i, env)"
Mc70c8e12ef7789ee,auto_non_equivalent,1,8,0,0,0,0,0,0,0,specified,markdown_it/rules_block/blockquote.py,blockquote,322,CONSTANT_REPLACEMENT,"        token = state.push(""blockquote_close"", ""blockquote"", -1)","        token = state.push(""blockquote_close"", -1)"
Mc71295d63a3c53f5,auto_non_equivalent,1,8,0,0,0,0,0,0,0,specified,markdown_it/cli/parse.py,convert_file,53,CALL_ARGUMENT,"        with open(filename, encoding=""utf8"") as fin:","        with open(None, encoding=""utf8"") as fin:"
Mc72244833b62e9fc,auto_non_equivalent,1,8,0,0,0,0,0,0,0,specified,markdown_it/renderer.py,render,84,ARITHMETIC,"            result += self.rules[token.type](tokens, i, options, env)","            result += self.rules[token.type](tokens, None, options, env)"
Mc72edd125466b1dc,auto_non_equivalent,1,8,0,0,0,0,0,0,0,specified,markdown_it/common/utils.py,unescapeAll,127,CALL_ARGUMENT,"    return UNESCAPE_ALL_RE.sub(replacer_func, string)","    return UNESCAPE_ALL_RE.sub(replacer_func, None)"
Mc73237965e7399c2,auto_non_equivalent,1,8,0,0,0,0,0,0,0,specified,markdown_it/rules_block/list.py,list_block,108,CONSTANT_REPLACEMENT,        return False,        return True
Mc73adb670577fd54,auto_non_equivalent,1,8,0,0,0,0,0,0,0,specified,markdown_it/rules_block/heading.py,heading,66,ARITHMETIC,"    token = state.push(""heading_close"", ""h"" + str(level), -1)","    token = state.push(""heading_close"", ""h"" - str(level), -1)"
Mc73be2d21fc69510,auto_non_equivalent,1,8,0,0,0,0,0,0,0,specified,markdown_it/rules_inline/newline.py,newline,35,CONSTANT_REPLACEMENT,"            state.push(""softbreak"", ""br"", 0)","            state.push(""softbreak"", ""br"", )"
Mc7439c3322a7f41a,auto_non_equivalent,1,8,0,0,0,0,0,0,0,specified,markdown_it/helpers/parse_link_title.py,parseLinkTitle,49,ARITHMETIC,        start += 1,        start -= 1
Mc762ed0c477efcff,auto_non_equivalent,1,8,0,0,0,0,0,0,0,specified,markdown_it/rules_block/blockquote.py,blockquote,80,COMPARISON,"            if ch == ""\t"":","            if ch != ""\t"":"
Mc76340dcc85bab3d,auto_non_equivalent,1,8,0,0,0,0,0,0,0,specified,markdown_it/rules_inline/state_inline.py,scanDelims,151,BOOLEAN_CONNECTOR,    left_flanking = not (,    left_flanking = (
Mc768de459b08b9f4,auto_non_equivalent,1,8,0,0,0,0,0,0,0,specified,markdown_it/rules_block/code.py,code,20,CONSTANT_REPLACEMENT,            nextLine += 1,            nextLine += 2
Mc78da41f2cec54be,auto_non_equivalent,1,8,0,0,0,0,0,0,0,specified,markdown_it/rules_inline/fragments_join.py,fragments_join,28,COMPARISON,"            state.tokens[curr].type == ""text""
            and curr + 1 < maximum","            state.tokens[curr].type == ""text"" or curr + 1 < maximum"
Mc79c5d4ab785d8d2,auto_non_equivalent,1,8,0,0,0,0,0,0,0,specified,markdown_it/rules_inline/image.py,image,53,CALL_ARGUMENT,            if state.md.validateLink(href):,            if state.md.validateLink(None):
Mc7a7599f2814f605,auto_non_equivalent,1,8,0,0,0,0,0,0,0,specified,markdown_it/parser_inline.py,parse,210,CALL_ARGUMENT,"    state = StateInline(src, md, env, tokens)","    state = StateInline(src, md, env, None)"
Mc7c1fc28426cb1eb,auto_non_equivalent,1,8,0,0,0,0,0,0,0,specified,markdown_it/rules_block/list.py,list_block,239,CONSTANT_REPLACEMENT,        checkboxLen = 0,        checkboxLen = 1
Mc7c5b45d206e6bec,auto_non_equivalent,1,8,0,0,0,0,0,0,0,specified,markdown_it/rules_inline/entity.py,entity,14,STATEMENT_REPLACEMENT,    maximum = state.posMax,    maximum = None
Mc7c6cd875f00cb1e,auto_non_equivalent,1,8,0,0,0,0,0,0,0,specified,markdown_it/renderer.py,code_block,254,COMPARISON,"        ""<pre""
        + self.renderAttrs(token)","        ""<pre"" - self.renderAttrs(token)"
Mc7cec8bceba7d677,auto_non_equivalent,1,8,0,0,0,0,0,0,0,specified,markdown_it/rules_block/blockquote.py,blockquote,26,STATEMENT_REPLACEMENT,"        if state.src[pos] != "">"":","        if state.src[pos] != ""XX>XX"":"
Mc7d250dfa5767c35,auto_non_equivalent,1,8,0,0,0,0,0,0,0,specified,markdown_it/renderer.py,fence,302,STATEMENT_REPLACEMENT,"            + ""</code></pre>\n""","            + ""XX</code></pre>\nXX"""
Mc7d40ba2edb4854c,auto_non_equivalent,1,8,0,0,0,0,0,0,0,specified,markdown_it/rules_inline/state_inline.py,scanDelims,149,CALL_ARGUMENT,    isNextWhiteSpace = isWhiteSpace(ord(nextChar)),    isNextWhiteSpace = isWhiteSpace(ord(None))
Mc7eb43e45c74a1f9,auto_non_equivalent,1,8,0,0,0,0,0,0,0,specified,markdown_it/renderer.py,renderAttrs,178,ARITHMETIC,"        result += "" "" + escapeHtml(key) + '=""' + escapeHtml(str(value)) + '""'","        result += "" "" + escapeHtml(key) + '=""' + escapeHtml(None) + '""'"
Mc7efa2d2c8f8c6f1,auto_non_equivalent,1,8,0,0,0,0,0,0,0,specified,markdown_it/rules_block/state_block.py,skipSpaces,157,ARITHMETIC,        pos += 1,        pos = 1
Mc80f63d965ba4279,auto_non_equivalent,1,8,0,0,0,0,0,0,0,specified,markdown_it/renderer.py,list_item_open,220,CALL_ARGUMENT,"    result = self.renderToken(tokens, idx, options, env)","    result = self.renderToken(idx, options, env)"
Mc8144575847825a3,auto_non_equivalent,1,8,0,0,0,0,0,0,0,specified,markdown_it/common/utils.py,escapeHtml,144,CALL_ARGUMENT,"    raw = raw.replace("">"", ""&gt;"")","    raw = raw.replace("">"", ""XX&gt;XX"")"
Mc8254a538a928a7f,auto_non_equivalent,1,8,0,0,0,0,0,0,0,specified,markdown_it/rules_block/lheading.py,lheading,72,ARITHMETIC,"    token = state.push(""heading_open"", ""h"" + str(level), 1)","    token = state.push(""heading_open"", ""h"" + str(level), None)"
Mc84991468d8be19b,auto_non_equivalent,1,8,0,0,0,0,0,0,0,specified,markdown_it/rules_block/list.py,list_block,121,CONSTANT_REPLACEMENT,        return False,        return True
Mc850982c1ce60aa9,auto_non_equivalent,1,8,0,0,0,0,0,0,0,specified,markdown_it/helpers/parse_link_destination.py,parseLinkDestination,24,CALL_ARGUMENT,"            code = charCodeAt(string, pos)","            code = charCodeAt(string, )"
Mc8535fef9abe8281,auto_non_equivalent,1,7,0,1,0,0,0,0,0,specified,markdown_it/cli/parse.py,parse_args,118,ARITHMETIC,"        ""filenames"", nargs=""*"", help=""specify an optional list of files to convert""","        ""filenames"", help=""specify an optional list of files to convert"""
Mc8904a7f9f09f8ed,auto_non_equivalent,1,8,0,0,0,0,0,0,0,specified,markdown_it/rules_block/reference.py,reference,53,CONSTANT_REPLACEMENT,        pos += 1,        pos += 2
Mc89cd17390ed81de,auto_non_equivalent,1,8,0,0,0,0,0,0,0,specified,markdown_it/rules_inline/image.py,image,78,COMPARISON,"                if not isStrSpace(ch) and ch != ""\n"":","                if isStrSpace(ch) and ch != ""\n"":"
Mc8a03dbe18e880a8,auto_non_equivalent,1,8,0,0,0,0,0,0,0,specified,markdown_it/ruler.py,at,125,STATEMENT_REPLACEMENT,"    self.__rules__[index].alt = options.get(""alt"", [])",    self.__rules__[index].alt = None
Mc8b37ea2e70e06fa,auto_non_equivalent,1,8,0,0,0,0,0,0,0,specified,markdown_it/rules_block/paragraph.py,paragraph,54,CONSTANT_REPLACEMENT,"    token = state.push(""paragraph_open"", ""p"", 1)","    token = state.push(""paragraph_open"", ""p"", )"
Mc8c24d4ae4063e90,auto_non_equivalent,1,8,0,0,0,0,0,0,0,specified,markdown_it/rules_inline/emphasis.py,postProcess,101,COMPARISON,"        if token and ""delimiters"" in token:","        if token or ""delimiters"" in token:"
Mc8f250247eb188ff,auto_non_equivalent,1,8,0,0,0,0,0,0,0,specified,markdown_it/renderer.py,renderAttrs,178,ARITHMETIC,"        result += "" "" + escapeHtml(key) + '=""' + escapeHtml(str(value)) + '""'","        result += "" "" + escapeHtml(key) + '=""' + escapeHtml(str(value)) - '""'"
Mc91ad63a289b93d9,auto_non_equivalent,1,8,0,0,0,0,0,0,0,specified,markdown_it/rules_block/heading.py,heading,51,CALL_ARGUMENT,"    tmp = state.skipCharsStrBack(maximum, ""#"", pos)","    tmp = state.skipCharsStrBack(maximum, ""#"", )"
Mc9202a8c0341d0f9,auto_non_equivalent,1,8,0,0,0,0,0,0,0,specified,markdown_it/rules_inline/state_inline.py,scanDelims,157,BOOLEAN_CONNECTOR,        or (isLastPunctChar and not (isNextWhiteSpace or isNextPunctChar)),        or (isLastPunctChar or not (isNextWhiteSpace or isNextPunctChar))
Mc921abc1464b9cd8,auto_non_equivalent,1,8,0,0,0,0,0,0,0,specified,markdown_it/rules_inline/link.py,link,11,STATEMENT_REPLACEMENT,    oldPos = state.pos,    oldPos = None
Mc9226ee94f8507a5,auto_non_equivalent,1,8,0,0,0,0,0,0,0,specified,markdown_it/common/utils.py,escapeHtml,143,CALL_ARGUMENT,"    raw = raw.replace(""<"", ""&lt;"")","    raw = raw.replace(""<"", )"
Mc9244ed83974074d,auto_non_equivalent,1,8,0,0,0,0,0,0,0,specified,markdown_it/rules_inline/newline.py,newline,21,CONSTANT_REPLACEMENT,"        if pmax >= 0 and charStrAt(state.pending, pmax) == "" "":","        if pmax >= 0 and charStrAt(pmax) == "" "":"
Mc932dc04f6d9d6f7,auto_non_equivalent,1,7,0,1,0,0,0,0,0,specified,markdown_it/cli/parse.py,main,21,CALL_ARGUMENT,    namespace = parse_args(args),    namespace = parse_args(None)
Mc945c1b061dc2dc0,auto_non_equivalent,1,8,0,0,0,0,0,0,0,specified,markdown_it/rules_inline/emphasis.py,tokenize,26,STATEMENT_REPLACEMENT,"                marker=ord(marker),","                marker=None,"
Mc94b8593a366bbc2,auto_non_equivalent,1,8,0,0,0,0,0,0,0,specified,markdown_it/rules_core/text_join.py,text_join,28,STATEMENT_REPLACEMENT,"            if child_token.type == ""text_special"":","            if child_token.type == ""XXtext_specialXX"":"
Mc955b9ad5c99381b,auto_non_equivalent,1,8,0,0,0,0,0,0,0,specified,markdown_it/rules_inline/image.py,image,128,BOOLEAN_CONNECTOR,    if not silent:,    if silent:
Mc967eae9a5236060,auto_non_equivalent,1,6,2,0,0,0,0,0,0,specified,markdown_it/rules_inline/newline.py,newline,29,CONSTANT_REPLACEMENT,"                state.push(""hardbreak"", ""br"", 0)","                state.push(""HARDBREAK"", ""br"", 0)"
Mc9785680ae530ff6,auto_non_equivalent,1,8,0,0,0,0,0,0,0,specified,markdown_it/main.py,__init__,56,STATEMENT_REPLACEMENT,    self.renderer = renderer_cls(self),    self.renderer = None
Mc982adb909308f0f,auto_non_equivalent,1,8,0,0,0,0,0,0,0,specified,markdown_it/rules_inline/link.py,link,85,CONSTANT_REPLACEMENT,            parseReference = True,            parseReference = False
Mc985de878199f557,auto_non_equivalent,1,8,0,0,0,0,0,0,0,specified,markdown_it/rules_block/html_block.py,html_block,74,ARITHMETIC,            pos = state.bMarks[nextLine] + state.tShift[nextLine],            pos = None
Mc986f7c184b25ecd,auto_non_equivalent,1,8,0,0,0,0,0,0,0,specified,markdown_it/rules_block/state_block.py,getLines,222,CONSTANT_REPLACEMENT,    i = 1,    i = None
Mc9a5435357ebadc6,auto_non_equivalent,1,8,0,0,0,0,0,0,0,specified,markdown_it/common/normalize_url.py,normalizeLink,37,CALL_ARGUMENT,    return mdurl.encode(mdurl.format(parsed)),    return mdurl.encode(None)
Mc9ad3d8a633db388,auto_non_equivalent,1,8,0,0,0,0,0,0,0,specified,markdown_it/rules_inline/balance_pairs.py,processDelimiters,91,COMPARISON,                    if openerIdx > 0 and not delimiters[openerIdx - 1].open:,                    if openerIdx > 0 or not delimiters[openerIdx - 1].open:
Mc9bd8403329059ef,auto_non_equivalent,1,8,0,0,0,0,0,0,0,specified,markdown_it/rules_block/state_block.py,getLines,224,CONSTANT_REPLACEMENT,        lineIndent = 0,        lineIndent = None
Mc9c04eaf4f9f068f,auto_non_equivalent,1,8,0,0,0,0,0,0,0,specified,markdown_it/rules_core/text_join.py,text_join,40,ARITHMETIC,                i += 1,                i -= 1
Mc9e1600c5eab09d1,auto_non_equivalent,1,8,0,0,0,0,0,0,0,specified,markdown_it/rules_inline/image.py,image,134,CONSTANT_REPLACEMENT,"        token = state.push(""image"", ""img"", 0)","        token = state.push(None, ""img"", 0)"
Mca0deb06268135c9,auto_non_equivalent,1,8,0,0,0,0,0,0,0,specified,markdown_it/helpers/parse_link_destination.py,parseLinkDestination,22,ARITHMETIC,        pos += 1,        pos = 1
Mca2674522f759181,auto_non_equivalent,1,8,0,0,0,0,0,0,0,specified,markdown_it/rules_block/lheading.py,lheading,39,CALL_ARGUMENT,"                if marker in (""-"", ""=""):","                if marker in (""XX-XX"", ""=""):"
Mca2a7a232c82d2c7,auto_non_equivalent,1,8,0,0,0,0,0,0,0,specified,markdown_it/rules_inline/autolink.py,autolink,49,CONSTANT_REPLACEMENT,"            token = state.push(""link_close"", ""a"", -1)","            token = state.push(""link_close"", ""A"", -1)"
Mca47ed40a82fa815,auto_non_equivalent,1,8,0,0,0,0,0,0,0,specified,markdown_it/rules_block/list.py,list_block,190,CALL_ARGUMENT,"    terminatorRules = state.md.block.ruler.getRules(""list"")",    terminatorRules = state.md.block.ruler.getRules(None)
Mca483d712a15f511,auto_non_equivalent,1,8,0,0,0,0,0,0,0,specified,markdown_it/rules_block/list.py,list_block,329,CONTROL_FLOW,                break,                return
Mca52255413a191a6,auto_non_equivalent,1,8,0,0,0,0,0,0,0,specified,markdown_it/renderer.py,fence,298,STATEMENT_REPLACEMENT,"            ""<pre><code""","            ""<PRE><CODE"""
Mca52725591ffc22f,auto_non_equivalent,1,8,0,0,0,0,0,0,0,specified,markdown_it/rules_block/list.py,list_block,147,CONSTANT_REPLACEMENT,            return False,            return True
Mca63664de86274f6,auto_non_equivalent,1,8,0,0,0,0,0,0,0,specified,markdown_it/helpers/parse_link_destination.py,parseLinkDestination,31,ARITHMETIC,                result.str = unescapeAll(string[start + 1 : pos]),                result.str = unescapeAll(string[start - 1 : pos])
Mca84b674a6ccbdd0,auto_non_equivalent,1,8,0,0,0,0,0,0,0,specified,markdown_it/rules_block/list.py,markTightParagraphs,89,ARITHMETIC,    level = state.level + 2,    level = None
Mca8f02fb5dfa4960,auto_non_equivalent,1,8,0,0,0,0,0,0,0,specified,markdown_it/rules_inline/state_inline.py,pushPending,85,CONSTANT_REPLACEMENT,"    token = Token(""text"", """", 0)","    token = Token(""text"", """", )"
Mca9472a2b90d0cb6,auto_non_equivalent,1,7,1,0,0,0,0,0,0,specified,markdown_it/rules_block/blockquote.py,blockquote,164,STATEMENT_REPLACEMENT,"            if next_char == "" "":","            if next_char == ""XX XX"":"
Mca9aa4c9dc61e15c,auto_non_equivalent,1,8,0,0,0,0,0,0,0,specified,markdown_it/rules_block/paragraph.py,paragraph,62,ARITHMETIC,"    token = state.push(""paragraph_close"", ""p"", -1)","    token = state.push(""paragraph_close"", ""p"", +1)"
Mcaa590b6a202ffa3,auto_non_equivalent,1,8,0,0,0,0,0,0,0,specified,markdown_it/rules_inline/backticks.py,backtick,37,CALL_ARGUMENT,"            matchStart = state.src.index(""`"", matchEnd)","            matchStart = state.src.index(None, matchEnd)"
Mcaaeefc4aed63bd7,auto_non_equivalent,1,8,0,0,0,0,0,0,0,specified,markdown_it/rules_block/blockquote.py,blockquote,239,CONSTANT_REPLACEMENT,"            if terminatorRule(state, nextLine, endLine, True):","            if terminatorRule(nextLine, endLine, True):"
Mcab1256eb7a7b008,auto_non_equivalent,1,8,0,0,0,0,0,0,0,specified,markdown_it/rules_block/list.py,list_block,220,CONSTANT_REPLACEMENT,        indentAfterMarker = 1 if contentStart >= maximum else offset - initial,        indentAfterMarker = 2 if contentStart >= maximum else offset - initial
Mcab60039483eab15,auto_non_equivalent,1,8,0,0,0,0,0,0,0,specified,markdown_it/rules_block/blockquote.py,blockquote,17,STATEMENT_REPLACEMENT,    oldLineMax = state.lineMax,    oldLineMax = None
Mcae577ea88557436,auto_non_equivalent,1,8,0,0,0,0,0,0,0,specified,markdown_it/rules_inline/link.py,link,98,STATEMENT_REPLACEMENT,"            pos = state.md.helpers.parseLinkLabel(state, pos)",            pos = None
Mcaf04dc7d3a2efb5,auto_non_equivalent,1,8,0,0,0,0,0,0,0,specified,markdown_it/rules_block/state_block.py,skipCharsStr,189,COMPARISON,        if current != ch:,        if current == ch:
Mcaf2829143cbef2a,auto_non_equivalent,1,8,0,0,0,0,0,0,0,specified,markdown_it/rules_inline/state_inline.py,scanDelims,163,BOOLEAN_CONNECTOR,"    can_close = right_flanking and (
        canSplitWord or (not left_flanking) or isNextPunctChar
    )",    can_close = None
Mcafe7a8c541a82b7,auto_non_equivalent,1,8,0,0,0,0,0,0,0,specified,markdown_it/common/utils.py,unescapeAll,123,CALL_ARGUMENT,"        return replaceEntityPattern(match.group(), entity)",        return replaceEntityPattern(entity)
Mcb5115f1d5809812,auto_non_equivalent,1,8,0,0,0,0,0,0,0,specified,markdown_it/renderer.py,fence,299,COMPARISON,"            + self.renderAttrs(tmpToken)
            + "">""","            + self.renderAttrs(tmpToken) - "">"""
Mcb5850810dc0bc9b,auto_non_equivalent,1,8,0,0,0,0,0,0,0,specified,markdown_it/rules_inline/link.py,link,40,STATEMENT_REPLACEMENT,            ch = state.src[pos],            ch = None
Mcb7969c0aa201f75,auto_non_equivalent,1,8,0,0,0,0,0,0,0,specified,markdown_it/rules_inline/escape.py,escape,56,ARITHMETIC,    state.pos = pos + 1,    state.pos = None
Mcb8e48f6f10d2dd6,auto_non_equivalent,1,8,0,0,0,0,0,0,0,specified,markdown_it/rules_inline/image.py,image,94,STATEMENT_REPLACEMENT,"        if ""references"" not in state.env:","        if ""REFERENCES"" not in state.env:"
Mcba3d662993ebabb,auto_non_equivalent,1,8,0,0,0,0,0,0,0,specified,markdown_it/rules_inline/emphasis.py,_postProcess,46,CONSTANT_REPLACEMENT,        if startDelim.marker != 0x5F and startDelim.marker != 0x2A:,        if startDelim.marker != 96 and startDelim.marker != 0x2A:
Mcbbe542b8565ae2c,auto_non_equivalent,1,8,0,0,0,0,0,0,0,specified,markdown_it/helpers/parse_link_destination.py,parseLinkDestination,29,COMPARISON,            if code == 0x3E:  # /* > */) {,            if code != 0x3E:  # /* > */) {
Mcc090472e5bffdec,auto_non_equivalent,1,8,0,0,0,0,0,0,0,specified,markdown_it/rules_block/heading.py,heading,42,COMPARISON,    if level > 6 or (pos < maximum and not isStrSpace(ch)):,    if level >= 6 or (pos < maximum and not isStrSpace(ch)):
Mcc0ee47e15ccae4e,auto_non_equivalent,1,8,0,0,0,0,0,0,0,specified,markdown_it/rules_block/blockquote.py,blockquote,150,COMPARISON,"        evaluatesTrue = state.src[pos] == "">"" and not isOutdented","        evaluatesTrue = state.src[pos] == "">"" or not isOutdented"
Mcc14d4fd0e01b974,auto_non_equivalent,1,8,0,0,0,0,0,0,0,specified,markdown_it/rules_block/hr.py,hr,35,CONSTANT_REPLACEMENT,    cnt = 1,    cnt = None
Mcc2ea0414b621a42,auto_non_equivalent,1,8,0,0,0,0,0,0,0,specified,markdown_it/rules_inline/image.py,image,121,STATEMENT_REPLACEMENT,"        href = ref[""href""]","        href = ref[""XXhrefXX""]"
Mcc2f127b59a5ae97,auto_non_equivalent,1,8,0,0,0,0,0,0,0,specified,markdown_it/rules_inline/backticks.py,backtick,56,CALL_ARGUMENT,"                    and token.content.endswith("" "")","                    and token.content.endswith(""XX XX"")"
Mcc36a937bd659253,auto_non_equivalent,1,8,0,0,0,0,0,0,0,specified,markdown_it/main.py,parse,272,CALL_ARGUMENT,    self.core.process(state),    self.core.process(None)
Mcc3849aed6c0680a,auto_non_equivalent,1,8,0,0,0,0,0,0,0,specified,markdown_it/rules_inline/emphasis.py,tokenize,26,CALL_ARGUMENT,"                marker=ord(marker),","                marker=ord(None),"
Mcc42e184153c02e9,auto_non_equivalent,1,8,0,0,0,0,0,0,0,specified,markdown_it/rules_inline/image.py,image,15,STATEMENT_REPLACEMENT,"    if state.src[state.pos] != ""!"":","    if state.src[state.pos] != ""XX!XX"":"
Mcc43ac2997b038b6,auto_non_equivalent,1,8,0,0,0,0,0,0,0,specified,markdown_it/rules_inline/balance_pairs.py,processDelimiters,58,ARITHMETIC,        openerIdx = headerIdx - jumps[headerIdx] - 1,        openerIdx = headerIdx - jumps[headerIdx] + 1
Mcc4aaf2fccf3bbb5,auto_non_equivalent,1,8,0,0,0,0,0,0,0,specified,markdown_it/helpers/parse_link_title.py,parseLinkTitle,50,ARITHMETIC,        pos += 1,        pos -= 1
Mcc5017d4ffc6e94c,auto_non_equivalent,1,8,0,0,0,0,0,0,0,specified,markdown_it/rules_inline/balance_pairs.py,processDelimiters,92,CONSTANT_REPLACEMENT,                        lastJump = jumps[openerIdx - 1] + 1,                        lastJump = jumps[openerIdx - 1] + 2
Mcc53b09a6b467f14,auto_non_equivalent,1,8,0,0,0,0,0,0,0,specified,markdown_it/helpers/parse_link_label.py,parseLinkLabel,25,CONSTANT_REPLACEMENT,                found = True,                found = False
Mcc6e86163958d665,auto_non_equivalent,1,8,0,0,0,0,0,0,0,specified,markdown_it/helpers/parse_link_destination.py,parseLinkDestination,31,ARITHMETIC,                result.str = unescapeAll(string[start + 1 : pos]),                result.str = None
Mcc7ed9e9de2c747f,auto_non_equivalent,1,8,0,0,0,0,0,0,0,specified,markdown_it/renderer.py,fence,269,CALL_ARGUMENT,"    info = unescapeAll(token.info).strip() if token.info else """"","    info = unescapeAll(token.info).strip() if token.info else ""XXXX"""
Mcc84dff13e8fb05e,auto_non_equivalent,1,8,0,0,0,0,0,0,0,specified,markdown_it/rules_inline/link.py,link,120,STATEMENT_REPLACEMENT,"        href = ref[""href""]",        href = None
Mccc6ff9bc6846b64,auto_non_equivalent,1,8,0,0,0,0,0,0,0,specified,markdown_it/rules_core/text_join.py,text_join,48,CONSTANT_REPLACEMENT,                    i += 1,                    i += 2
Mccccd17748cf910b,auto_non_equivalent,1,8,0,0,0,0,0,0,0,specified,markdown_it/renderer.py,code_inline,237,STATEMENT_REPLACEMENT,"        ""<code""","        ""XX<codeXX"""
Mccde65239c2c9eee,auto_non_equivalent,1,8,0,0,0,0,0,0,0,specified,markdown_it/rules_inline/state_inline.py,push,113,STATEMENT_REPLACEMENT,        self.delimiters = [],        self.delimiters = None
Mcce047ac73cb4beb,auto_non_equivalent,1,8,0,0,0,0,0,0,0,specified,markdown_it/renderer.py,render,84,ARITHMETIC,"            result += self.rules[token.type](tokens, i, options, env)","            result += self.rules[token.type](None, i, options, env)"
Mcce82056af63920a,auto_non_equivalent,1,8,0,0,0,0,0,0,0,specified,markdown_it/rules_inline/state_inline.py,scanDelims,143,COMPARISON,"    nextChar = self.src[pos] if pos < maximum else "" """,    nextChar = None
Mccfd53b65f2bc7cc,auto_non_equivalent,1,8,0,0,0,0,0,0,0,specified,markdown_it/rules_block/state_block.py,skipCharsStrBack,211,CONSTANT_REPLACEMENT,            return pos + 1,            return pos + 2
Mcd02a2c473587d21,auto_non_equivalent,1,8,0,0,0,0,0,0,0,specified,markdown_it/rules_inline/link.py,link,131,CONSTANT_REPLACEMENT,"        token = state.push(""link_open"", ""a"", 1)","        token = state.push(""link_open"", None, 1)"
Mcd06bb31aa758282,auto_non_equivalent,1,8,0,0,0,0,0,0,0,specified,markdown_it/rules_inline/balance_pairs.py,processDelimiters,82,CONSTANT_REPLACEMENT,                    and (opener.length % 3 != 0 or closer.length % 3 != 0),                    and (opener.length % 3 != 1 or closer.length % 3 != 0)
Mcd09f982cf7404d1,auto_non_equivalent,1,8,0,0,0,0,0,0,0,specified,markdown_it/helpers/parse_link_title.py,parseLinkTitle,65,COMPARISON,        elif code == 0x28 and state.marker == 0x29:  # /* ( */  /* ) */,        elif code != 0x28 and state.marker == 0x29:  # /* ( */  /* ) */
Mcd0d8651c9a44224,auto_non_equivalent,1,8,0,0,0,0,0,0,0,specified,markdown_it/rules_inline/emphasis.py,tokenize,23,STATEMENT_REPLACEMENT,        token.content = marker,        token.content = None
Mcd126acc14b58a98,auto_non_equivalent,1,8,0,0,0,0,0,0,0,specified,markdown_it/renderer.py,fence,274,CONSTANT_REPLACEMENT,        arr = info.split(maxsplit=1),        arr = info.split(maxsplit=None)
Mcd12f2bad0f6c18e,auto_non_equivalent,1,8,0,0,0,0,0,0,0,specified,markdown_it/rules_inline/emphasis.py,postProcess,102,CALL_ARGUMENT,"            _postProcess(state, token[""delimiters""])","            _postProcess(state, None)"
Mcd36f8d8af6e8682,auto_non_equivalent,1,8,0,0,0,0,0,0,0,specified,markdown_it/rules_block/heading.py,heading,61,CONSTANT_REPLACEMENT,"    token = state.push(""inline"", """", 0)","    token = state.push(None, """", 0)"
Mcd454be8ae246e6d,auto_non_equivalent,1,8,0,0,0,0,0,0,0,specified,markdown_it/rules_inline/balance_pairs.py,processDelimiters,43,BOOLEAN_CONNECTOR,        if not closer.close:,        if closer.close:
Mcd4717379ed7d604,auto_non_equivalent,1,8,0,0,0,0,0,0,0,specified,markdown_it/rules_block/fence.py,make_fence_rule,116,BOOLEAN_CONNECTOR,"            if not closing_matcher(length, pos - mem):","            if closing_matcher(length, pos - mem):"
Mcd4b01127309ea94,auto_non_equivalent,1,8,0,0,0,0,0,0,0,specified,markdown_it/helpers/parse_link_label.py,parseLinkLabel,17,CONSTANT_REPLACEMENT,    state.pos = start + 1,    state.pos = start + 2
Mcd61f9ef9a9184a6,auto_non_equivalent,1,8,0,0,0,0,0,0,0,specified,markdown_it/rules_block/list.py,list_block,213,CONTROL_FLOW,                break,                return
Mcd643bdfcb1dfb13,auto_non_equivalent,1,8,0,0,0,0,0,0,0,specified,markdown_it/cli/parse.py,convert_file,58,CONSTANT_REPLACEMENT,        sys.exit(1),        sys.exit(None)
Mcd8917243abe6eb2,auto_non_equivalent,1,8,0,0,0,0,0,0,0,specified,markdown_it/rules_inline/entity.py,entity,27,CONSTANT_REPLACEMENT,"                    int(match1[1:], 16) if match1[0].lower() == ""x"" else int(match1, 10)","                    int(match1[1:], 16) if match1[0].upper() == ""x"" else int(match1, 10)"
Mcd9090a4dfda9ceb,auto_non_equivalent,1,8,0,0,0,0,0,0,0,specified,markdown_it/rules_inline/link.py,link,145,ARITHMETIC,"        token = state.push(""link_close"", ""a"", -1)","        token = state.push(""link_close"", ""a"", +1)"
Mcd985a9d32977d28,auto_non_equivalent,1,8,0,0,0,0,0,0,0,specified,markdown_it/rules_inline/emphasis.py,_postProcess,90,ARITHMETIC,"            state.tokens[delimiters[startDelim.end + 1].token].content = """"",            state.tokens[delimiters[startDelim.end + 1].token].content = None
Mcdaef09629d9653d,auto_non_equivalent,1,8,0,0,0,0,0,0,0,specified,markdown_it/rules_block/blockquote.py,blockquote,209,CONSTANT_REPLACEMENT,                        offset += 1,                        offset += 2
Mcdc732564241ca56,auto_non_equivalent,1,1,7,0,0,0,0,0,0,specified,markdown_it/rules_block/blockquote.py,blockquote,316,CONSTANT_REPLACEMENT,"        token = state.push(""blockquote_open"", ""blockquote"", 1)","        token = state.push(""blockquote_open"", ""blockquote"", 2)"
Mcddd0f1ae33472a4,auto_non_equivalent,1,8,0,0,0,0,0,0,0,specified,markdown_it/helpers/parse_link_title.py,parseLinkTitle,62,ARITHMETIC,            state.str += unescapeAll(string[start:pos]),            state.str -= unescapeAll(string[start:pos])
Mcddf16bb19428169,auto_non_equivalent,1,8,0,0,0,0,0,0,0,specified,markdown_it/rules_inline/link.py,link,106,ARITHMETIC,            pos = labelEnd + 1,            pos = None
Mcde0ff651d020b48,auto_non_equivalent,1,8,0,0,0,0,0,0,0,specified,markdown_it/renderer.py,image,325,CALL_ARGUMENT,"        token.attrSet(""alt"", self.renderInlineAsText(token.children, options, env))","        token.attrSet(None, self.renderInlineAsText(token.children, options, env))"
Mcdf27a8928a6a3d3,auto_non_equivalent,1,8,0,0,0,0,0,0,0,specified,markdown_it/rules_block/blockquote.py,blockquote,172,COMPARISON,"            elif next_char == ""\t"":","            elif next_char != ""\t"":"
Mcdf4ebc391e7210c,auto_non_equivalent,1,8,0,0,0,0,0,0,0,specified,markdown_it/common/normalize_url.py,normalizeLinkText,63,ARITHMETIC,"    return mdurl.decode(mdurl.format(parsed), mdurl.DECODE_DEFAULT_CHARS + ""%"")","    return mdurl.decode(mdurl.format(None), mdurl.DECODE_DEFAULT_CHARS + ""%"")"
Mcdfbe077263885bc,auto_non_equivalent,1,8,0,0,0,0,0,0,0,specified,markdown_it/rules_inline/balance_pairs.py,processDelimiters,67,CONTROL_FLOW,                continue,                break
Mcdfcfb47610cbfeb,auto_non_equivalent,1,8,0,0,0,0,0,0,0,specified,markdown_it/renderer.py,fence,295,ARITHMETIC,"        tmpToken.attrJoin(""class"", options.langPrefix + langName)","        tmpToken.attrJoin(""class"", )"
Mce0596d5b6f531aa,auto_non_equivalent,1,8,0,0,0,0,0,0,0,specified,markdown_it/helpers/parse_link_label.py,parseLinkLabel,25,CONSTANT_REPLACEMENT,                found = True,                found = None
Mce3f45422fc27161,auto_non_equivalent,1,8,0,0,0,0,0,0,0,specified,markdown_it/rules_block/list.py,markTightParagraphs,89,CONSTANT_REPLACEMENT,    level = state.level + 2,    level = state.level + 3
Mce498450ad42db69,auto_non_equivalent,1,8,0,0,0,0,0,0,0,specified,markdown_it/rules_inline/autolink.py,autolink,57,CALL_ARGUMENT,"        fullUrl = state.md.normalizeLink(""mailto:"" + url)","        fullUrl = state.md.normalizeLink(""MAILTO:"" + url)"
Mce500f75dec3fa2a,auto_non_equivalent,1,8,0,0,0,0,0,0,0,specified,markdown_it/rules_inline/autolink.py,autolink,18,STATEMENT_REPLACEMENT,    start = state.pos,    start = None
Mce53742e95386766,auto_non_equivalent,1,8,0,0,0,0,0,0,0,specified,markdown_it/rules_block/list.py,list_block,215,ARITHMETIC,            pos += 1,            pos -= 1
Mce60bf1dcc40cf0c,auto_non_equivalent,1,8,0,0,0,0,0,0,0,specified,markdown_it/rules_inline/emphasis.py,_postProcess,83,STATEMENT_REPLACEMENT,"        token.tag = ""strong"" if isStrong else ""em""","        token.tag = ""strong"" if isStrong else ""EM"""
Mce61a932fc4ccc67,auto_non_equivalent,1,8,0,0,0,0,0,0,0,specified,markdown_it/helpers/parse_link_destination.py,parseLinkDestination,64,ARITHMETIC,            level += 1,            level -= 1
Mce71efdfef8ba079,auto_non_equivalent,1,8,0,0,0,0,0,0,0,specified,markdown_it/helpers/parse_link_title.py,parseLinkTitle,61,CONSTANT_REPLACEMENT,            state.pos = pos + 1,            state.pos = pos + 2
Mce7468f439b8598e,auto_non_equivalent,1,8,0,0,0,0,0,0,0,specified,markdown_it/renderer.py,image,327,CALL_ARGUMENT,"        token.attrSet(""alt"", """")","        token.attrSet(""alt"", )"
Mce896ba88dfe07f3,auto_non_equivalent,1,8,0,0,0,0,0,0,0,specified,markdown_it/rules_block/hr.py,hr,17,ARITHMETIC,    pos = state.bMarks[startLine] + state.tShift[startLine],    pos = state.bMarks[startLine] - state.tShift[startLine]
Mceaf873512ffa2a1,auto_non_equivalent,1,8,0,0,0,0,0,0,0,specified,markdown_it/rules_inline/state_inline.py,scanDelims,161,BOOLEAN_CONNECTOR,        canSplitWord or (not right_flanking) or isLastPunctChar,        canSplitWord or right_flanking or isLastPunctChar
Mceb32cb4cd7322a5,auto_non_equivalent,1,8,0,0,0,0,0,0,0,specified,markdown_it/parser_core.py,process,46,CALL_ARGUMENT,        rule(state),        rule(None)
Mced80b37d7adfea5,auto_non_equivalent,1,8,0,0,0,0,0,0,0,specified,markdown_it/rules_inline/emphasis.py,_postProcess,66,COMPARISON,"            and delimiters[i - 1].marker == startDelim.marker
            and delimiters[i - 1].token == startDelim.token - 1",            and delimiters[i - 1].marker == startDelim.marker or delimiters[i - 1].token == startDelim.token - 1
Mceec87339a66ac27,auto_non_equivalent,1,8,0,0,0,0,0,0,0,specified,markdown_it/rules_block/list.py,list_block,164,ARITHMETIC,    markerChar = state.src[posAfterMarker - 1],    markerChar = state.src[posAfterMarker + 1]
Mcef76cebf53d6c83,auto_non_equivalent,1,8,0,0,0,0,0,0,0,specified,markdown_it/rules_block/state_block.py,push,121,CALL_ARGUMENT,"    token = Token(ttype, tag, nesting)","    token = Token(ttype, None, nesting)"
Mcf0406cc30490e96,auto_non_equivalent,1,8,0,0,0,0,0,0,0,specified,markdown_it/rules_inline/image.py,image,107,ARITHMETIC,            pos = labelEnd + 1,            pos = None
Mcf07c17847d79a16,auto_non_equivalent,1,8,0,0,0,0,0,0,0,specified,markdown_it/rules_block/blockquote.py,blockquote,49,ARITHMETIC,        pos += 1,        pos -= 1
Mcf0832a78cfd0cab,auto_non_equivalent,1,8,0,0,0,0,0,0,0,specified,markdown_it/rules_inline/escape.py,escape,17,CONSTANT_REPLACEMENT,    pos += 1,    pos += 2
Mcf10f467b612eb51,auto_non_equivalent,1,8,0,0,0,0,0,0,0,specified,markdown_it/rules_inline/newline.py,newline,32,CONSTANT_REPLACEMENT,"                state.push(""softbreak"", ""br"", 0)","                state.push(""SOFTBREAK"", ""br"", 0)"
Mcf1e69af5266fb96,auto_non_equivalent,1,8,0,0,0,0,0,0,0,specified,markdown_it/rules_inline/backticks.py,backtick,51,CONSTANT_REPLACEMENT,"                token = state.push(""code_inline"", ""code"", 0)","                token = state.push(None, ""code"", 0)"
Mcf1f41a07804df54,auto_non_equivalent,1,8,0,0,0,0,0,0,0,specified,markdown_it/rules_inline/image.py,image,98,COMPARISON,"        if pos < max and state.src[pos] == ""["":","        if pos < max and state.src[pos] != ""["":"
Mcf2346413d849041,auto_non_equivalent,1,8,0,0,0,0,0,0,0,specified,markdown_it/rules_inline/newline.py,newline,10,COMPARISON,"    if state.src[pos] != ""\n"":","    if state.src[pos] == ""\n"":"
Mcf26337b0cb3d655,auto_non_equivalent,1,8,0,0,0,0,0,0,0,specified,markdown_it/rules_inline/autolink.py,autolink,53,ARITHMETIC,        state.pos += len(url) + 2,        state.pos += len(url) - 2
Mcf36673a49504605,auto_non_equivalent,1,8,0,0,0,0,0,0,0,specified,markdown_it/rules_inline/emphasis.py,_postProcess,46,COMPARISON,        if startDelim.marker != 0x5F and startDelim.marker != 0x2A:,        if startDelim.marker != 0x5F and startDelim.marker == 0x2A:
Mcf3f65d5a116a686,auto_non_equivalent,1,8,0,0,0,0,0,0,0,specified,markdown_it/rules_inline/fragments_join.py,fragments_join,37,ARITHMETIC,            curr += 1,            curr -= 1
Mcf4a3aaf986d56b7,auto_non_equivalent,1,8,0,0,0,0,0,0,0,specified,markdown_it/rules_inline/image.py,image,63,COMPARISON,"            if not isStrSpace(ch) and ch != ""\n"":","            if not isStrSpace(None) and ch != ""\n"":"
Mcf56350103f58cf8,auto_non_equivalent,1,8,0,0,0,0,0,0,0,specified,markdown_it/rules_inline/newline.py,newline,25,COMPARISON,"                while ws >= 1 and charStrAt(state.pending, ws - 1) == "" "":","                while ws >= 1 and charStrAt(state.pending, ) == "" "":"
Mcf61e7c99bc74157,auto_non_equivalent,1,8,0,0,0,0,0,0,0,specified,markdown_it/rules_inline/autolink.py,autolink,31,CONTROL_FLOW,            break,            return
Mcf75c38ea893a1cb,auto_non_equivalent,1,8,0,0,0,0,0,0,0,specified,markdown_it/helpers/parse_link_label.py,parseLinkLabel,22,STATEMENT_REPLACEMENT,"        if marker == ""]"":","        if marker == ""XX]XX"":"
Mcf93d99f8f5b2d81,auto_non_equivalent,1,7,1,0,0,0,0,0,0,specified,markdown_it/rules_inline/newline.py,newline,25,CONSTANT_REPLACEMENT,"                while ws >= 1 and charStrAt(state.pending, ws - 1) == "" "":","                while ws >= 1 and charStrAt(state.pending, ws - 1) == ""XX XX"":"
Mcfd105c60898215d,auto_non_equivalent,1,8,0,0,0,0,0,0,0,specified,markdown_it/rules_block/list.py,list_block,210,COMPARISON,"            elif ch == "" "":","            elif ch != "" "":"
Mcfd8879a71112a99,auto_non_equivalent,1,8,0,0,0,0,0,0,0,specified,markdown_it/rules_inline/image.py,image,121,STATEMENT_REPLACEMENT,"        href = ref[""href""]",        href = None
Md02294f45a19a8a9,auto_non_equivalent,1,8,0,0,0,0,0,0,0,specified,markdown_it/rules_block/list.py,list_block,281,ARITHMETIC,"            state.line = min(state.line + 2, endLine)",            state.line = min(endLine)
Md04f495c71d973a0,auto_non_equivalent,1,8,0,0,0,0,0,0,0,specified,markdown_it/rules_inline/balance_pairs.py,processDelimiters,84,CONSTANT_REPLACEMENT,                    isOddMatch = True,                    isOddMatch = None
Md053f59efbca11b4,auto_non_equivalent,1,8,0,0,0,0,0,0,0,specified,markdown_it/rules_block/state_block.py,__init__,77,ARITHMETIC,                indent += 1,                indent = 1
Md05fd5e77edb55b2,auto_non_equivalent,1,8,0,0,0,0,0,0,0,specified,markdown_it/renderer.py,image,327,CALL_ARGUMENT,"        token.attrSet(""alt"", """")","        token.attrSet("""")"
Md0790310fd3961bc,auto_non_equivalent,1,8,0,0,0,0,0,0,0,specified,markdown_it/rules_core/block.py,block,13,CALL_ARGUMENT,"        state.md.block.parse(state.src, state.md, state.env, state.tokens)","        state.md.block.parse(state.src, state.md, None, state.tokens)"
Md0845d0311325120,auto_non_equivalent,1,8,0,0,0,0,0,0,0,specified,markdown_it/rules_inline/autolink.py,autolink,49,ARITHMETIC,"            token = state.push(""link_close"", ""a"", -1)","            token = state.push(""link_close"", ""a"", )"
Md09948c2dbeb0ae8,auto_non_equivalent,1,8,0,0,0,0,0,0,0,specified,markdown_it/renderer.py,renderToken,124,CONSTANT_REPLACEMENT,    needLf = False,    needLf = True
Md0a979345878c832,auto_non_equivalent,1,8,0,0,0,0,0,0,0,specified,markdown_it/rules_block/list.py,list_block,368,CONSTANT_REPLACEMENT,"        token = state.push(""ordered_list_close"", ""ol"", -1)","        token = state.push(""ordered_list_close"", ""OL"", -1)"
Md0b8739f7f90b89a,auto_non_equivalent,1,8,0,0,0,0,0,0,0,specified,markdown_it/rules_inline/fragments_join.py,fragments_join,15,STATEMENT_REPLACEMENT,    maximum = len(state.tokens),    maximum = None
Md0bc07173ed22acd,auto_non_equivalent,1,8,0,0,0,0,0,0,0,specified,markdown_it/rules_inline/entity.py,entity,34,CONSTANT_REPLACEMENT,                    else fromCodePoint(0xFFFD),                    else fromCodePoint(65534)
Md0bca56482cf6bf9,auto_non_equivalent,1,8,0,0,0,0,0,0,0,specified,markdown_it/rules_block/state_block.py,__init__,111,CALL_ARGUMENT,"    self._code_enabled = ""code"" in self.md[""block""].ruler.get_active_rules()","    self._code_enabled = ""CODE"" in self.md[""block""].ruler.get_active_rules()"
Md0d36718644ff57c,auto_non_equivalent,1,8,0,0,0,0,0,0,0,specified,markdown_it/ruler.py,push,187,CONSTANT_REPLACEMENT,"        Rule[RuleFuncTv](ruleName, True, fn, (options or {}).get(""alt"", []))","        Rule[RuleFuncTv](True, fn, (options or {}).get(""alt"", []))"
Md0e21c6033e828f1,auto_non_equivalent,1,8,0,0,0,0,0,0,0,specified,markdown_it/ruler.py,__compile__,93,STATEMENT_REPLACEMENT,"    chains = {""""}",    chains = None
Md0e7344d979b455c,auto_non_equivalent,1,8,0,0,0,0,0,0,0,specified,markdown_it/rules_block/blockquote.py,blockquote,49,ARITHMETIC,        pos += 1,        pos = 1
Md0ea0ba58cb3e618,auto_non_equivalent,1,8,0,0,0,0,0,0,0,specified,markdown_it/renderer.py,fence,268,STATEMENT_REPLACEMENT,    token = tokens[idx],    token = None
Md0fe9bede55e4f4f,auto_non_equivalent,1,8,0,0,0,0,0,0,0,specified,markdown_it/rules_inline/entity.py,entity,27,COMPARISON,"                    int(match1[1:], 16) if match1[0].lower() == ""x"" else int(match1, 10)","                    int(None, 16) if match1[0].lower() == ""x"" else int(match1, 10)"
Md109569cff1207dd,auto_non_equivalent,1,8,0,0,0,0,0,0,0,specified,markdown_it/rules_block/reference.py,reference,39,COMPARISON,"            if (lineContent := getNextLine(state, nextLine)) is not None:","            if (lineContent := getNextLine(None, nextLine)) is not None:"
Md10ee449ed6bedbc,auto_non_equivalent,1,8,0,0,0,0,0,0,0,specified,markdown_it/main.py,configure,135,CALL_ARGUMENT,                self[name].ruler.enableOnly(rules),                self[name].ruler.enableOnly(None)
Md1381ac309f02a8e,auto_non_equivalent,1,8,0,0,0,0,0,0,0,specified,markdown_it/rules_block/reference.py,reference,177,STATEMENT_REPLACEMENT,"        state.env[""references""][label] = {","        state.env[""XXreferencesXX""][label] = {"
Md170389cf73c1e86,auto_non_equivalent,1,8,0,0,0,0,0,0,0,specified,markdown_it/rules_block/state_block.py,__init__,92,CALL_ARGUMENT,            self.tShift.append(indent),            self.tShift.append(None)
Md1782f85ee271cbb,auto_non_equivalent,1,8,0,0,0,0,0,0,0,specified,markdown_it/main.py,__getitem__,88,STATEMENT_REPLACEMENT,"        ""inline"": self.inline,","        ""XXinlineXX"": self.inline,"
Md1790b679dca7a1f,auto_non_equivalent,1,8,0,0,0,0,0,0,0,specified,markdown_it/rules_inline/state_inline.py,scanDelims,167,CALL_ARGUMENT,"    return Scanned(can_open, can_close, count)","    return Scanned(can_open, can_close, )"
Md1791cb96ade4adc,auto_non_equivalent,1,8,0,0,0,0,0,0,0,specified,markdown_it/rules_block/reference.py,getNextLine,221,CONSTANT_REPLACEMENT,"            if terminatorRule(state, nextLine, endLine, True):","            if terminatorRule(state, nextLine, endLine, None):"
Md183303202cb9bea,auto_non_equivalent,1,8,0,0,0,0,0,0,0,specified,markdown_it/rules_inline/fragments_join.py,fragments_join,42,STATEMENT_REPLACEMENT,"            merged.content = """".join(parts)",            merged.content = None
Md187fc36779bbc4c,auto_non_equivalent,1,8,0,0,0,0,0,0,0,specified,markdown_it/renderer.py,fence,294,CONSTANT_REPLACEMENT,"        tmpToken = Token(type="""", tag="""", nesting=0, attrs=token.attrs.copy())",        tmpToken = None
Md1a39309ce7ef724,auto_non_equivalent,1,8,0,0,0,0,0,0,0,specified,markdown_it/rules_block/code.py,code,33,ARITHMETIC,"    token.content = state.getLines(startLine, last, 4 + state.blkIndent, False) + ""\n""","    token.content = state.getLines(startLine, last, None, False) + ""\n"""
Md1a47a2410d37b45,auto_non_equivalent,1,8,0,0,0,0,0,0,0,specified,markdown_it/rules_block/heading.py,heading,28,CONSTANT_REPLACEMENT,    level = 1,    level = 2
Md1aa5e65506c3de8,auto_non_equivalent,1,8,0,0,0,0,0,0,0,specified,markdown_it/helpers/parse_link_destination.py,parseLinkDestination,64,CONSTANT_REPLACEMENT,            level += 1,            level += 2
Md1bd1d3226b459fe,auto_non_equivalent,1,8,0,0,0,0,0,0,0,specified,markdown_it/rules_inline/backticks.py,backtick,26,COMPARISON,"    if state.backticksScanned and state.backticks.get(openerLength, 0) <= start:","    if state.backticksScanned and state.backticks.get(None, 0) <= start:"
Md1df61c52306a45b,auto_non_equivalent,1,8,0,0,0,0,0,0,0,specified,markdown_it/rules_block/hr.py,hr,24,STATEMENT_REPLACEMENT,        marker = state.src[pos],        marker = None
Md1e6d5232a81e3d0,auto_non_equivalent,1,8,0,0,0,0,0,0,0,specified,markdown_it/renderer.py,renderInline,103,CALL_ARGUMENT,"            result += self.rules[token.type](tokens, i, options, env)","            result += self.rules[token.type](i, options, env)"
Md1f404e2b26f6a52,auto_non_equivalent,1,8,0,0,0,0,0,0,0,specified,markdown_it/rules_block/reference.py,reference,74,ARITHMETIC,        pos += 1,        pos = 1
Md2134cf9b7e7eb71,auto_non_equivalent,1,8,0,0,0,0,0,0,0,specified,markdown_it/rules_inline/text.py,text,12,CALL_ARGUMENT,"    terminator_char = state.md.inline.terminator_re.search(state.src, pos)",    terminator_char = state.md.inline.terminator_re.search(pos)
Md22353324f763722,auto_non_equivalent,1,8,0,0,0,0,0,0,0,specified,markdown_it/rules_block/blockquote.py,blockquote,286,COMPARISON,    if alert_kind is not None:,    if alert_kind is None:
Md2251d2268d9736e,auto_non_equivalent,1,8,0,0,0,0,0,0,0,specified,markdown_it/rules_inline/image.py,image,135,STATEMENT_REPLACEMENT,"        token.attrs = {""src"": href, ""alt"": """"}","        token.attrs = {""src"": href, ""XXaltXX"": """"}"
Md23d682f5db80d62,auto_non_equivalent,1,8,0,0,0,0,0,0,0,specified,markdown_it/rules_inline/balance_pairs.py,processDelimiters,52,CONSTANT_REPLACEMENT,"            openersBottom[closer.marker] = [-1, -1, -1, -1, -1, -1]","            openersBottom[closer.marker] = [-1, -1, -1, -2, -1, -1]"
Md25a3d6bfa78e243,auto_non_equivalent,1,8,0,0,0,0,0,0,0,specified,markdown_it/rules_block/lheading.py,lheading,54,CONSTANT_REPLACEMENT,        terminate = False,        terminate = True
Md26a2e43a2439332,auto_non_equivalent,1,8,0,0,0,0,0,0,0,specified,markdown_it/rules_inline/link.py,link,120,STATEMENT_REPLACEMENT,"        href = ref[""href""]","        href = ref[""HREF""]"
Md276493db2b9751f,auto_non_equivalent,1,8,0,0,0,0,0,0,0,specified,markdown_it/rules_block/lheading.py,lheading,72,CONSTANT_REPLACEMENT,"    token = state.push(""heading_open"", ""h"" + str(level), 1)","    token = state.push(""heading_open"", ""h"" + str(level), )"
Md2aa06a0e317ba66,auto_non_equivalent,1,8,0,0,0,0,0,0,0,specified,markdown_it/renderer.py,renderToken,158,COMPARISON,"            if nextToken.type == ""inline"" or nextToken.hidden:","            if nextToken.type == ""inline"" and nextToken.hidden:"
Md2d10338deea2566,auto_non_equivalent,1,8,0,0,0,0,0,0,0,specified,markdown_it/rules_block/reference.py,reference,115,STATEMENT_REPLACEMENT,        pos = maximum,        pos = None
Md2df131269d294f2,auto_non_equivalent,1,8,0,0,0,0,0,0,0,specified,markdown_it/rules_inline/link.py,link,42,CONTROL_FLOW,                break,                return
Md2dff62128e8f342,auto_non_equivalent,1,8,0,0,0,0,0,0,0,specified,markdown_it/common/utils.py,escapeHtml,145,STATEMENT_REPLACEMENT,"    raw = raw.replace('""', ""&quot;"")",    raw = None
Md2e0948eee1c8aeb,auto_non_equivalent,1,8,0,0,0,0,0,0,0,specified,markdown_it/rules_block/list.py,list_block,105,CONSTANT_REPLACEMENT,    tight = True,    tight = False
Md2e1ecabb7c10868,auto_non_equivalent,1,8,0,0,0,0,0,0,0,specified,markdown_it/rules_block/state_block.py,getLines,236,ARITHMETIC,                    lineIndent += 4 - (lineIndent + self.bsCount[line]) % 4,                    lineIndent += 4 - (lineIndent + self.bsCount[line]) / 4
Md2e5e81ea70ffdd5,auto_non_equivalent,1,8,0,0,0,0,0,0,0,specified,markdown_it/rules_block/heading.py,heading,50,CALL_ARGUMENT,"    maximum = state.skipSpacesBack(maximum, pos)",    maximum = state.skipSpacesBack(pos)
Md2e71f2759aab45b,auto_non_equivalent,1,8,0,0,0,0,0,0,0,specified,markdown_it/rules_inline/state_inline.py,scanDelims,149,STATEMENT_REPLACEMENT,    isNextWhiteSpace = isWhiteSpace(ord(nextChar)),    isNextWhiteSpace = None
Md2f7b658768b17f0,auto_non_equivalent,1,8,0,0,0,0,0,0,0,specified,markdown_it/rules_inline/balance_pairs.py,processDelimiters,69,COMPARISON,            if opener.open and opener.end < 0:,            if opener.open or opener.end < 0:
Md319a04394d68863,auto_non_equivalent,1,8,0,0,0,0,0,0,0,specified,markdown_it/rules_core/inline.py,inline,10,CALL_ARGUMENT,"            state.md.inline.parse(token.content, state.md, state.env, token.children)","            state.md.inline.parse(state.md, state.env, token.children)"
Md344013efdff2fbe,auto_non_equivalent,1,8,0,0,0,0,0,0,0,specified,markdown_it/rules_inline/link.py,link,38,CONSTANT_REPLACEMENT,        pos += 1,        pos += 2
Md34c1507fd2bc526,auto_non_equivalent,1,8,0,0,0,0,0,0,0,specified,markdown_it/rules_inline/html_inline.py,html_inline,25,ARITHMETIC,    ch = state.src[pos + 1],    ch = None
Md3a1185355a8a1f9,auto_non_equivalent,1,8,0,0,0,0,0,0,0,specified,markdown_it/rules_block/list.py,skipOrderedListMarker,51,COMPARISON,    if ch_ord < 0x30 or ch_ord > 0x39:,    if ch_ord < 0x30 and ch_ord > 0x39:
Md3bff2a106e77cc1,auto_non_equivalent,1,8,0,0,0,0,0,0,0,specified,markdown_it/renderer.py,renderToken,168,STATEMENT_REPLACEMENT,"    result += "">\n"" if needLf else "">""","    result += "">\n"" if needLf else ""XX>XX"""
Md3d43188a10ee0fd,auto_non_equivalent,1,3,5,0,0,0,0,0,0,specified,markdown_it/ruler.py,after,172,CONSTANT_REPLACEMENT,"        index + 1, Rule[RuleFuncTv](ruleName, True, fn, options.get(""alt"", []))","        index + 2, Rule[RuleFuncTv](ruleName, True, fn, options.get(""alt"", []))"
Md3e6787537abf161,auto_non_equivalent,1,8,0,0,0,0,0,0,0,specified,markdown_it/rules_inline/autolink.py,autolink,42,STATEMENT_REPLACEMENT,"            token.attrs = {""href"": fullUrl}","            token.attrs = {""XXhrefXX"": fullUrl}"
Md3f3207c588ad498,auto_non_equivalent,1,8,0,0,0,0,0,0,0,specified,markdown_it/renderer.py,fence,294,CONSTANT_REPLACEMENT,"        tmpToken = Token(type="""", tag="""", nesting=0, attrs=token.attrs.copy())","        tmpToken = Token(tag="""", nesting=0, attrs=token.attrs.copy())"
Md40deb2a5fb3a5fa,auto_non_equivalent,1,8,0,0,0,0,0,0,0,specified,markdown_it/parser_inline.py,__init__,106,CALL_ARGUMENT,"        self.ruler2.push(name, rule2)","        self.ruler2.push(name, None)"
Md4110b7cea0326ec,auto_non_equivalent,1,8,0,0,0,0,0,0,0,specified,markdown_it/rules_inline/backticks.py,backtick,56,BOOLEAN_CONNECTOR,"                    and token.content.endswith("" "")",                    and token.content.endswith(None)
Md416552af4019295,auto_non_equivalent,1,8,0,0,0,0,0,0,0,specified,markdown_it/rules_block/state_block.py,__init__,77,ARITHMETIC,                indent += 1,                indent -= 1
Md417d4a9d30bc5e4,auto_non_equivalent,1,8,0,0,0,0,0,0,0,specified,markdown_it/rules_block/list.py,skipBulletListMarker,30,ARITHMETIC,            return -1,            return +1
Md41b60b55ab2e9b2,auto_non_equivalent,1,8,0,0,0,0,0,0,0,specified,markdown_it/rules_block/code.py,code,32,CONSTANT_REPLACEMENT,"    token = state.push(""code_block"", ""code"", 0)","    token = state.push(None, ""code"", 0)"
Md43ba0b0e2a94f87,auto_non_equivalent,1,8,0,0,0,0,0,0,0,specified,markdown_it/rules_inline/autolink.py,autolink,62,CONSTANT_REPLACEMENT,"            token = state.push(""link_open"", ""a"", 1)",            token = None
Md45eb438245001d6,auto_non_equivalent,1,8,0,0,0,0,0,0,0,specified,markdown_it/rules_inline/image.py,image,100,CALL_ARGUMENT,"            pos = state.md.helpers.parseLinkLabel(state, pos)","            pos = state.md.helpers.parseLinkLabel(state, )"
Md462bd454775b4c3,auto_non_equivalent,1,8,0,0,0,0,0,0,0,specified,markdown_it/rules_inline/emphasis.py,_postProcess,84,ARITHMETIC,        token.nesting = -1,        token.nesting = +1
Md47299907690b354,auto_non_equivalent,1,8,0,0,0,0,0,0,0,specified,markdown_it/rules_block/fence.py,make_fence_rule,116,BOOLEAN_CONNECTOR,"            if not closing_matcher(length, pos - mem):","            if not closing_matcher(length, None):"
Md475adc92c9b6f3b,auto_non_equivalent,1,8,0,0,0,0,0,0,0,specified,markdown_it/rules_inline/autolink.py,autolink,49,ARITHMETIC,"            token = state.push(""link_close"", ""a"", -1)","            token = state.push(""link_close"", ""a"", None)"
Md47baa15f17011b9,auto_non_equivalent,1,8,0,0,0,0,0,0,0,specified,markdown_it/renderer.py,renderAttrs,178,ARITHMETIC,"        result += "" "" + escapeHtml(key) + '=""' + escapeHtml(str(value)) + '""'","        result += "" "" + escapeHtml(key) - '=""' + escapeHtml(str(value)) + '""'"
Md49c58da1e369d9b,auto_non_equivalent,1,8,0,0,0,0,0,0,0,specified,markdown_it/rules_inline/newline.py,newline,14,STATEMENT_REPLACEMENT,    maximum = state.posMax,    maximum = None
Md4a6524817078c44,auto_non_equivalent,1,8,0,0,0,0,0,0,0,specified,markdown_it/rules_block/reference.py,reference,142,CALL_ARGUMENT,"            ch = charCodeAt(string, pos)","            ch = charCodeAt(None, pos)"
Md4cc8198b88666a8,auto_non_equivalent,1,8,0,0,0,0,0,0,0,specified,markdown_it/main.py,configure,132,CALL_ARGUMENT,"        for name, component in config[""components""].items():","        for name, component in config[""COMPONENTS""].items():"
Md4e65a988bcd1470,auto_non_equivalent,1,8,0,0,0,0,0,0,0,specified,markdown_it/rules_block/state_block.py,push,124,CONSTANT_REPLACEMENT,        self.level -= 1  # closing tag,        self.level -= 2  # closing tag
Md4f245ab54ff8acf,auto_non_equivalent,1,8,0,0,0,0,0,0,0,specified,markdown_it/rules_inline/link.py,link,64,COMPARISON,"                if not isStrSpace(ch) and ch != ""\n"":","                if not isStrSpace(None) and ch != ""\n"":"
Md51807c9ba23d409,auto_non_equivalent,1,8,0,0,0,0,0,0,0,specified,markdown_it/parser_block.py,parse,111,CALL_ARGUMENT,"    state = StateBlock(src, md, env, outTokens)","    state = StateBlock(src, md, None, outTokens)"
Md52535a3cca4ea49,auto_non_equivalent,1,8,0,0,0,0,0,0,0,specified,markdown_it/rules_block/blockquote.py,blockquote,74,STATEMENT_REPLACEMENT,    state.bMarks[startLine] = pos,    state.bMarks[startLine] = None
Md529461a5e290261,auto_non_equivalent,1,8,0,0,0,0,0,0,0,specified,markdown_it/rules_inline/link.py,link,96,STATEMENT_REPLACEMENT,"        if pos < maximum and state.src[pos] == ""["":","        if pos < maximum and state.src[pos] == ""XX[XX"":"
Md54e98c6eff297e8,auto_non_equivalent,1,8,0,0,0,0,0,0,0,specified,markdown_it/rules_block/paragraph.py,paragraph,31,CONTROL_FLOW,            continue,            break
Md5514b0cd99c399b,auto_non_equivalent,1,8,0,0,0,0,0,0,0,specified,markdown_it/rules_inline/image.py,image,98,STATEMENT_REPLACEMENT,"        if pos < max and state.src[pos] == ""["":","        if pos < max and state.src[pos] == ""XX[XX"":"
Md5cfd9a246d50b6a,auto_non_equivalent,1,8,0,0,0,0,0,0,0,specified,markdown_it/rules_block/reference.py,getNextLine,221,CONSTANT_REPLACEMENT,"            if terminatorRule(state, nextLine, endLine, True):","            if terminatorRule(None, nextLine, endLine, True):"
Md5d4394d8b2eb7b0,auto_non_equivalent,1,8,0,0,0,0,0,0,0,specified,markdown_it/rules_block/list.py,skipBulletListMarker,13,ARITHMETIC,    pos = state.bMarks[startLine] + state.tShift[startLine],    pos = None
Md5d8c0b988c691f7,auto_non_equivalent,1,8,0,0,0,0,0,0,0,specified,markdown_it/rules_inline/emphasis.py,tokenize,26,OTHER,"                marker=ord(marker),",
Md5ee78657686fd92,auto_non_equivalent,1,8,0,0,0,0,0,0,0,specified,markdown_it/helpers/parse_link_destination.py,parseLinkDestination,54,COMPARISON,        if code < 0x20 or code == 0x7F:,        if code < 0x20 or code != 0x7F:
Md5f30d0669002d55,auto_non_equivalent,1,8,0,0,0,0,0,0,0,specified,markdown_it/parser_inline.py,parse,210,CALL_ARGUMENT,"    state = StateInline(src, md, env, tokens)","    state = StateInline(src, env, tokens)"
Md5fb69dbf59a150a,auto_non_equivalent,1,8,0,0,0,0,0,0,0,specified,markdown_it/rules_inline/balance_pairs.py,processDelimiters,124,CONSTANT_REPLACEMENT,        closerIdx += 1,        closerIdx += 2
Md601ab43ca790765,auto_non_equivalent,1,8,0,0,0,0,0,0,0,specified,markdown_it/rules_block/state_block.py,__init__,99,ARITHMETIC,            start = pos + 1,            start = pos - 1
Md6069b583cdba6ee,auto_non_equivalent,1,8,0,0,0,0,0,0,0,specified,markdown_it/rules_block/reference.py,reference,118,CALL_ARGUMENT,"        titleRes = state.md.helpers.parseLinkTitle(string, pos, maximum, titleRes)","        titleRes = state.md.helpers.parseLinkTitle(string, None, maximum, titleRes)"
Md61da5b3ef4274c9,auto_non_equivalent,1,8,0,0,0,0,0,0,0,specified,markdown_it/rules_inline/autolink.py,autolink,46,CONSTANT_REPLACEMENT,"            token = state.push(""text"", """", 0)","            token = state.push(""XXtextXX"", """", 0)"
Md61f0373ab9ca458,auto_non_equivalent,1,8,0,0,0,0,0,0,0,specified,markdown_it/rules_block/reference.py,reference,130,CALL_ARGUMENT,"        ch = charCodeAt(string, pos)","        ch = charCodeAt(string, None)"
Md65afcfccff1c156,auto_non_equivalent,1,8,0,0,0,0,0,0,0,specified,markdown_it/rules_block/list.py,list_block,327,CONSTANT_REPLACEMENT,"            if terminatorRule(state, nextLine, endLine, True):","            if terminatorRule(nextLine, endLine, True):"
Md65f6d5ee10a6902,auto_non_equivalent,1,8,0,0,0,0,0,0,0,specified,markdown_it/rules_block/fence.py,make_fence_rule,43,COMPARISON,"        closing_matcher = lambda opening_len, closing_len: closing_len >= opening_len  # noqa: E731",        closing_matcher = None  # noqa: E731
Md66caa9758cbe079,auto_non_equivalent,1,1,7,0,0,0,0,0,0,specified,markdown_it/rules_inline/image.py,image,18,COMPARISON,"    if state.pos + 1 < state.posMax and state.src[state.pos + 1] != ""["":","    if state.pos + 1 <= state.posMax and state.src[state.pos + 1] != ""["":"
Md6a74df57e2edc2a,auto_non_equivalent,1,8,0,0,0,0,0,0,0,specified,markdown_it/common/utils.py,escapeHtml,142,CALL_ARGUMENT,"    raw = raw.replace(""&"", ""&amp;"")  # Must be done first!","    raw = raw.replace(""&"", )  # Must be done first!"
Md6afa7f09234db4f,auto_non_equivalent,1,8,0,0,0,0,0,0,0,specified,markdown_it/rules_block/blockquote.py,blockquote,322,ARITHMETIC,"        token = state.push(""blockquote_close"", ""blockquote"", -1)","        token = state.push(""blockquote_close"", None, -1)"
Md6b2b54439ab8869,auto_non_equivalent,1,8,0,0,0,0,0,0,0,specified,markdown_it/rules_block/state_block.py,push,121,CALL_ARGUMENT,"    token = Token(ttype, tag, nesting)","    token = Token(ttype, tag, )"
Md6e271bdb20eaf0e,auto_non_equivalent,1,8,0,0,0,0,0,0,0,specified,markdown_it/rules_inline/fragments_join.py,fragments_join,40,ARITHMETIC,                curr += 1,                curr -= 1
Md6ebcc60ecbe8b90,auto_non_equivalent,1,8,0,0,0,0,0,0,0,specified,markdown_it/renderer.py,renderInlineAsText,204,CALL_ARGUMENT,"                result += self.renderInlineAsText(token.children, options, env)","                result += self.renderInlineAsText(options, env)"
Md6fb9f285bf2cd3f,auto_non_equivalent,1,8,0,0,0,0,0,0,0,specified,markdown_it/rules_inline/fragments_join.py,fragments_join,37,ARITHMETIC,            curr += 1,            curr = 1
Md71c9e3a10b126ea,auto_non_equivalent,1,8,0,0,0,0,0,0,0,specified,markdown_it/rules_inline/entity.py,entity,22,COMPARISON,"    if state.src[pos + 1] == ""#"":","    if state.src[pos - 1] == ""#"":"
Md71d08f6944f2c1d,auto_non_equivalent,1,8,0,0,0,0,0,0,0,specified,markdown_it/ruler.py,enable,203,STATEMENT_REPLACEMENT,    result: list[str] = [],    result: list[str] = None
Md72ea644cf491c94,auto_non_equivalent,1,8,0,0,0,0,0,0,0,specified,markdown_it/parser_inline.py,parse,210,CALL_ARGUMENT,"    state = StateInline(src, md, env, tokens)","    state = StateInline(src, md, None, tokens)"
Md7600192db9ca274,auto_non_equivalent,1,8,0,0,0,0,0,0,0,specified,markdown_it/rules_inline/link.py,link,64,COMPARISON,"                if not isStrSpace(ch) and ch != ""\n"":","                if not isStrSpace(ch) or ch != ""\n"":"
Md769d4364569421a,auto_non_equivalent,1,8,0,0,0,0,0,0,0,specified,markdown_it/rules_core/text_join.py,text_join,33,COMPARISON,"                and new_tokens[-1].type == ""text""","                and new_tokens[+1].type == ""text"""
Md77fa302bf55957f,auto_non_equivalent,1,8,0,0,0,0,0,0,0,specified,markdown_it/parser_block.py,tokenize,97,COMPARISON,        if (line - 1) < endLine and state.isEmpty(line - 1):,        if (line - 1) < endLine and state.isEmpty(line + 1):
Md78c28f55723159e,auto_non_equivalent,1,8,0,0,0,0,0,0,0,specified,markdown_it/rules_inline/state_inline.py,scanDelims,167,CALL_ARGUMENT,"    return Scanned(can_open, can_close, count)","    return Scanned(can_close, count)"
Md7aa5789b8f4788f,auto_non_equivalent,1,8,0,0,0,0,0,0,0,specified,markdown_it/rules_block/list.py,list_block,132,COMPARISON,"        and state.parentType == ""paragraph""
        and state.sCount[startLine] >= state.blkIndent","        and state.parentType == ""paragraph"" or state.sCount[startLine] >= state.blkIndent"
Md7bef0d248545df5,auto_non_equivalent,1,8,0,0,0,0,0,0,0,specified,markdown_it/common/utils.py,escapeHtml,144,CALL_ARGUMENT,"    raw = raw.replace("">"", ""&gt;"")","    raw = raw.replace("">"", )"
Md7f387e080effa47,auto_non_equivalent,1,8,0,0,0,0,0,0,0,specified,markdown_it/rules_inline/link.py,link,79,COMPARISON,"                    if not isStrSpace(ch) and ch != ""\n"":","                    if not isStrSpace(ch) or ch != ""\n"":"
Md81da9efd3c6d74b,auto_non_equivalent,1,8,0,0,0,0,0,0,0,specified,markdown_it/parser_block.py,tokenize,87,CONSTANT_REPLACEMENT,"            if rule(state, line, endLine, False):","            if rule(None, line, endLine, False):"
Md878eb9c5f853b4a,auto_non_equivalent,1,8,0,0,0,0,0,0,0,specified,markdown_it/common/utils.py,escapeHtml,145,CALL_ARGUMENT,"    raw = raw.replace('""', ""&quot;"")","    raw = raw.replace('XX""XX', ""&quot;"")"
Md89514e40a5a4780,auto_non_equivalent,1,8,0,0,0,0,0,0,0,specified,markdown_it/rules_inline/emphasis.py,_postProcess,42,CONSTANT_REPLACEMENT,    while i >= 0:,    while i >= 1:
Md89535abf914027d,auto_non_equivalent,1,8,0,0,0,0,0,0,0,specified,markdown_it/rules_inline/emphasis.py,_postProcess,69,CONSTANT_REPLACEMENT,            and delimiters[startDelim.end + 1].token == endDelim.token + 1,            and delimiters[startDelim.end + 1].token == endDelim.token + 2
Md898edae83a6cec3,auto_non_equivalent,1,8,0,0,0,0,0,0,0,specified,markdown_it/rules_block/state_block.py,skipSpacesBack,167,ARITHMETIC,            return pos + 1,            return pos - 1
Md89dc5679700257e,auto_non_equivalent,1,8,0,0,0,0,0,0,0,specified,markdown_it/rules_inline/emphasis.py,_postProcess,76,STATEMENT_REPLACEMENT,"        token.tag = ""strong"" if isStrong else ""em""","        token.tag = ""strong"" if isStrong else ""XXemXX"""
Md8a432700244651e,auto_non_equivalent,1,8,0,0,0,0,0,0,0,specified,markdown_it/rules_inline/image.py,image,98,COMPARISON,"        if pos < max and state.src[pos] == ""["":","        if pos < max or state.src[pos] == ""["":"
Md8a8ae342d2de306,auto_non_equivalent,1,8,0,0,0,0,0,0,0,specified,markdown_it/helpers/parse_link_title.py,parseLinkTitle,59,CALL_ARGUMENT,"        code = charCodeAt(string, pos)","        code = charCodeAt(string, )"
Md8b4f90ad8ee2757,auto_non_equivalent,1,8,0,0,0,0,0,0,0,specified,markdown_it/rules_block/list.py,list_block,381,CALL_ARGUMENT,"        markTightParagraphs(state, listTokIdx)","        markTightParagraphs(state, )"
Md8b9d724eb529c70,auto_non_equivalent,1,8,0,0,0,0,0,0,0,specified,markdown_it/ruler.py,after,172,CONSTANT_REPLACEMENT,"        index + 1, Rule[RuleFuncTv](ruleName, True, fn, options.get(""alt"", []))","        index + 1, Rule[RuleFuncTv](ruleName, True, fn, )"
Md9196d6920c45095,auto_non_equivalent,1,8,0,0,0,0,0,0,0,specified,markdown_it/helpers/parse_link_destination.py,parseLinkDestination,58,COMPARISON,"            if charCodeAt(string, pos + 1) == 0x20:","            if charCodeAt(string, pos + 1) != 0x20:"
Md91a9e47b687f405,auto_non_equivalent,1,8,0,0,0,0,0,0,0,specified,markdown_it/rules_inline/balance_pairs.py,processDelimiters,54,ARITHMETIC,"        minOpenerIdx = openersBottom[closer.marker][
            (3 if closer.open else 0) + (closer.length % 3)
        ]",        minOpenerIdx = None
Md92906f2bc003263,auto_non_equivalent,1,8,0,0,0,0,0,0,0,specified,markdown_it/rules_block/paragraph.py,paragraph,15,ARITHMETIC,    nextLine = startLine + 1,    nextLine = None
Md930ba91eba9acf1,auto_non_equivalent,1,8,0,0,0,0,0,0,0,specified,markdown_it/rules_inline/link.py,link,128,STATEMENT_REPLACEMENT,        state.pos = labelStart,        state.pos = None
Md96870c4dc711d50,auto_non_equivalent,1,8,0,0,0,0,0,0,0,specified,markdown_it/rules_block/paragraph.py,paragraph,57,CONSTANT_REPLACEMENT,"    token = state.push(""inline"", """", 0)","    token = state.push(""inline"", """", None)"
Md972c3086d7012fd,auto_non_equivalent,1,8,0,0,0,0,0,0,0,specified,markdown_it/rules_inline/autolink.py,autolink,49,ARITHMETIC,"            token = state.push(""link_close"", ""a"", -1)","            token = state.push(""link_close"", ""a"", +1)"
Md9b8c3826a7fb6e1,auto_non_equivalent,1,8,0,0,0,0,0,0,0,specified,markdown_it/helpers/parse_link_title.py,parseLinkTitle,46,COMPARISON,        if marker != 0x22 and marker != 0x27 and marker != 0x28:,        if marker != 0x22 or marker != 0x27 and marker != 0x28:
Md9eb6392be28dd12,auto_non_equivalent,1,8,0,0,0,0,0,0,0,specified,markdown_it/rules_block/lheading.py,lheading,27,COMPARISON,        if state.sCount[nextLine] - state.blkIndent > 3:,        if state.sCount[nextLine] - state.blkIndent >= 3:
Md9efcc01d0ac1f89,auto_non_equivalent,1,8,0,0,0,0,0,0,0,specified,markdown_it/renderer.py,code_block,257,COMPARISON,"        + escapeHtml(tokens[idx].content)
        + ""</code></pre>\n""","        + escapeHtml(tokens[idx].content) - ""</code></pre>\n"""
Mda147ebced0c4dd9,auto_non_equivalent,1,8,0,0,0,0,0,0,0,specified,markdown_it/rules_inline/link.py,link,111,STATEMENT_REPLACEMENT,            label = state.src[labelStart:labelEnd],            label = None
Mda19ceaebcc3ad3c,auto_non_equivalent,1,8,0,0,0,0,0,0,0,specified,markdown_it/helpers/parse_link_destination.py,parseLinkDestination,48,CALL_ARGUMENT,"        code = charCodeAt(string, pos)","        code = charCodeAt(string, )"
Mda1c81d905e3d935,auto_non_equivalent,1,8,0,0,0,0,0,0,0,specified,markdown_it/rules_block/reference.py,reference,118,CALL_ARGUMENT,"        titleRes = state.md.helpers.parseLinkTitle(string, pos, maximum, titleRes)","        titleRes = state.md.helpers.parseLinkTitle(None, pos, maximum, titleRes)"
Mda5575b249682075,auto_non_equivalent,1,8,0,0,0,0,0,0,0,specified,markdown_it/parser_inline.py,tokenize,179,STATEMENT_REPLACEMENT,"    maxNesting = state.md.options[""maxNesting""]","    maxNesting = state.md.options[""MAXNESTING""]"
Mda97a5ef10860dd3,auto_non_equivalent,1,8,0,0,0,0,0,0,0,specified,markdown_it/rules_block/list.py,list_block,151,CONSTANT_REPLACEMENT,            isOrdered = False,            isOrdered = True
Mdad5e4848cf5ecdb,auto_non_equivalent,1,8,0,0,0,0,0,0,0,specified,markdown_it/rules_inline/state_inline.py,__init__,54,CONSTANT_REPLACEMENT,    self.pos = 0,    self.pos = None
Mdad6f28f53fd3801,auto_non_equivalent,1,8,0,0,0,0,0,0,0,specified,markdown_it/rules_inline/entity.py,entity,44,BOOLEAN_CONNECTOR,            if not silent:,            if silent:
Mdad8e163b82bc6a4,auto_non_equivalent,1,8,0,0,0,0,0,0,0,specified,markdown_it/rules_inline/link.py,link,145,CONSTANT_REPLACEMENT,"        token = state.push(""link_close"", ""a"", -1)","        token = state.push(""a"", -1)"
Mdae6e162047a8fea,auto_non_equivalent,1,8,0,0,0,0,0,0,0,specified,markdown_it/ruler.py,__compile__,104,BOOLEAN_CONNECTOR,            if not rule.enabled:,            if rule.enabled:
Mdae9b7fc8416d9d3,auto_non_equivalent,1,8,0,0,0,0,0,0,0,specified,markdown_it/rules_block/lheading.py,lheading,81,ARITHMETIC,"    token = state.push(""heading_close"", ""h"" + str(level), -1)","    token = state.push(""heading_close"", ""h"" + str(None), -1)"
Mdb10b804ec1be052,auto_non_equivalent,1,8,0,0,0,0,0,0,0,specified,markdown_it/rules_block/html_block.py,html_block,86,CONSTANT_REPLACEMENT,"    token = state.push(""html_block"", """", 0)",    token = None
Mdb301c2c87729644,auto_non_equivalent,1,8,0,0,0,0,0,0,0,specified,markdown_it/rules_block/state_block.py,skipSpaces,150,CONSTANT_REPLACEMENT,    while True:,    while False:
Mdb398ff3e25d8482,auto_non_equivalent,1,8,0,0,0,0,0,0,0,specified,markdown_it/parser_inline.py,__init__,102,CALL_ARGUMENT,"        self.ruler.push(name, rule)","        self.ruler.push(name, None)"
Mdb4a30d548cdb4d8,auto_non_equivalent,1,8,0,0,0,0,0,0,0,specified,markdown_it/rules_block/state_block.py,__init__,34,STATEMENT_REPLACEMENT,    self.tShift: list[int] = [],    self.tShift: list[int] = None
Mdb4f2626f4e63ce1,auto_non_equivalent,1,8,0,0,0,0,0,0,0,specified,markdown_it/rules_inline/link.py,link,87,ARITHMETIC,        pos += 1,        pos -= 1
Mdb691f43147aa616,auto_non_equivalent,1,8,0,0,0,0,0,0,0,specified,markdown_it/helpers/parse_link_destination.py,parseLinkDestination,48,STATEMENT_REPLACEMENT,"        code = charCodeAt(string, pos)",        code = None
Mdba11a39a5be8cfb,auto_non_equivalent,1,8,0,0,0,0,0,0,0,specified,markdown_it/rules_inline/html_inline.py,html_inline,16,CONSTANT_REPLACEMENT,"    if not state.md.options.get(""html"", None):","    if not state.md.options.get(""HTML"", None):"
Mdba4c22f98768faf,auto_non_equivalent,1,8,0,0,0,0,0,0,0,specified,markdown_it/rules_block/state_block.py,__init__,62,CONSTANT_REPLACEMENT,    self.level = 0,    self.level = None
Mdbb5f532def22db6,auto_non_equivalent,1,7,0,1,0,0,0,0,0,specified,markdown_it/cli/parse.py,parse_args,118,STATEMENT_REPLACEMENT,"        ""filenames"", nargs=""*"", help=""specify an optional list of files to convert""","        ""filenames"", nargs=""XX*XX"", help=""specify an optional list of files to convert"""
Mdbbac1b0fa3640dc,auto_non_equivalent,1,8,0,0,0,0,0,0,0,specified,markdown_it/rules_inline/link.py,link,93,COMPARISON,"        if ""references"" not in state.env:","        if ""references"" in state.env:"
Mdbd9f6a0d4e55e17,auto_non_equivalent,1,8,0,0,0,0,0,0,0,specified,markdown_it/renderer.py,renderInlineAsText,201,ARITHMETIC,            result += token.content,            result -= token.content
Mdc03f690ee418b1e,auto_non_equivalent,1,8,0,0,0,0,0,0,0,specified,markdown_it/rules_inline/balance_pairs.py,processDelimiters,55,CONSTANT_REPLACEMENT,            (3 if closer.open else 0) + (closer.length % 3),            (3 if closer.open else 0) + (closer.length % 4)
Mdc2d3920409fa04f,auto_non_equivalent,1,8,0,0,0,0,0,0,0,specified,markdown_it/rules_block/fence.py,make_fence_rule,134,CONSTANT_REPLACEMENT,"        token = state.push(token_type, ""code"", 0)","        token = state.push(token_type, 0)"
Mdc3f1cdc00c69c96,auto_non_equivalent,1,8,0,0,0,0,0,0,0,specified,markdown_it/rules_block/list.py,list_block,304,ARITHMETIC,"        token = state.push(""list_item_close"", ""li"", -1)",        token = None
Mdc4f034a2898084b,auto_non_equivalent,1,8,0,0,0,0,0,0,0,specified,markdown_it/rules_block/heading.py,heading,28,CONSTANT_REPLACEMENT,    level = 1,    level = None
Mdc57b97978c4dab3,auto_non_equivalent,1,8,0,0,0,0,0,0,0,specified,markdown_it/rules_inline/state_inline.py,push,118,CALL_ARGUMENT,    self.tokens_meta.append(token_meta),    self.tokens_meta.append(None)
Mdc7dd3f2a5dfb016,auto_non_equivalent,1,8,0,0,0,0,0,0,0,specified,markdown_it/rules_block/list.py,list_block,179,CONSTANT_REPLACEMENT,"        token = state.push(""bullet_list_open"", ""ul"", 1)","        token = state.push(""bullet_list_open"", ""XXulXX"", 1)"
Mdc8957fff55158a2,auto_non_equivalent,1,8,0,0,0,0,0,0,0,specified,markdown_it/rules_inline/newline.py,newline,21,COMPARISON,"        if pmax >= 0 and charStrAt(state.pending, pmax) == "" "":","        if pmax >= 0 and charStrAt(None, pmax) == "" "":"
Mdc98eddce28b321e,auto_non_equivalent,1,8,0,0,0,0,0,0,0,specified,markdown_it/rules_inline/autolink.py,autolink,70,ARITHMETIC,"            token = state.push(""link_close"", ""a"", -1)","            token = state.push(""link_close"", None, -1)"
Mdcac0c16063f73b7,auto_non_equivalent,1,8,0,0,0,0,0,0,0,specified,markdown_it/rules_inline/link.py,link,110,BOOLEAN_CONNECTOR,        if not label:,        if label:
Mdcbccb2160c2d4c6,auto_non_equivalent,1,8,0,0,0,0,0,0,0,specified,markdown_it/rules_inline/state_inline.py,scanDelims,146,BOOLEAN_CONNECTOR,    isNextPunctChar = isMdAsciiPunct(ord(nextChar)) or isPunctChar(nextChar),    isNextPunctChar = isMdAsciiPunct(ord(None)) or isPunctChar(nextChar)
Mdcc23329817b24ce,auto_non_equivalent,1,8,0,0,0,0,0,0,0,specified,markdown_it/rules_block/list.py,list_block,117,CONSTANT_REPLACEMENT,        state.listIndent >= 0,        state.listIndent >= 1
Mdcc4e9d60349facf,auto_non_equivalent,1,8,0,0,0,0,0,0,0,specified,markdown_it/rules_block/lheading.py,lheading,70,CONSTANT_REPLACEMENT,    state.line = nextLine + 1,    state.line = nextLine + 2
Mdcdd1c17c86fad84,auto_non_equivalent,1,8,0,0,0,0,0,0,0,specified,markdown_it/rules_inline/emphasis.py,_postProcess,72,STATEMENT_REPLACEMENT,        ch = chr(startDelim.marker),        ch = None
Mdcdd6b5e6fe5ccc9,auto_non_equivalent,1,8,0,0,0,0,0,0,0,specified,markdown_it/parser_block.py,__init__,58,CALL_ARGUMENT,"        self.ruler.push(name, rule, {""alt"": alt})","        self.ruler.push(name, rule, )"
Mdceb0b1504c507d6,auto_non_equivalent,1,8,0,0,0,0,0,0,0,specified,markdown_it/rules_block/fence.py,make_fence_rule,43,COMPARISON,"        closing_matcher = lambda opening_len, closing_len: closing_len >= opening_len  # noqa: E731","        closing_matcher = lambda opening_len, closing_len: None  # noqa: E731"
Mdd1927acdeadeea0,auto_non_equivalent,1,8,0,0,0,0,0,0,0,specified,markdown_it/rules_block/state_block.py,getLines,238,ARITHMETIC,                    lineIndent += 1,                    lineIndent = 1
Mdd314ed3dd269565,auto_non_equivalent,1,8,0,0,0,0,0,0,0,specified,markdown_it/rules_block/heading.py,heading,34,COMPARISON,"    while ch == ""#"" and pos < maximum and level <= 6:","    while ch != ""#"" and pos < maximum and level <= 6:"
Mdd3df6fd1596197a,auto_non_equivalent,1,8,0,0,0,0,0,0,0,specified,markdown_it/main.py,__getitem__,88,STATEMENT_REPLACEMENT,"        ""inline"": self.inline,","        ""INLINE"": self.inline,"
Mdd4149045191473a,auto_non_equivalent,1,8,0,0,0,0,0,0,0,specified,markdown_it/rules_inline/escape.py,escape,14,STATEMENT_REPLACEMENT,"    if state.src[pos] != ""\\"":","    if state.src[pos] != ""XX\\XX"":"
Mdd67aeb916a54c1b,auto_non_equivalent,1,8,0,0,0,0,0,0,0,specified,markdown_it/rules_inline/newline.py,newline,43,STATEMENT_REPLACEMENT,    state.pos = pos,    state.pos = None
Mdd6f2855b9fae93d,auto_non_equivalent,1,8,0,0,0,0,0,0,0,specified,markdown_it/renderer.py,list_item_open,220,CALL_ARGUMENT,"    result = self.renderToken(tokens, idx, options, env)","    result = self.renderToken(tokens, idx, options, )"
Mdd85a8c3fe03ebc8,auto_non_equivalent,1,8,0,0,0,0,0,0,0,specified,markdown_it/rules_inline/newline.py,newline,25,COMPARISON,"                while ws >= 1 and charStrAt(state.pending, ws - 1) == "" "":","                while ws >= 1 and charStrAt(state.pending, None) == "" "":"
Mdd8dcc9a163188ca,auto_non_equivalent,1,8,0,0,0,0,0,0,0,specified,markdown_it/rules_block/heading.py,heading,42,CONSTANT_REPLACEMENT,    if level > 6 or (pos < maximum and not isStrSpace(ch)):,    if level > 7 or (pos < maximum and not isStrSpace(ch)):
Mddc7a2653ff8b4d9,auto_non_equivalent,1,8,0,0,0,0,0,0,0,specified,markdown_it/common/utils.py,isPunctChar,199,CALL_ARGUMENT,"    return unicodedata.category(ch).startswith((""P"", ""S""))","    return unicodedata.category(ch).startswith((""P"", ""s""))"
Mddda462c46e10fb2,auto_non_equivalent,1,8,0,0,0,0,0,0,0,specified,markdown_it/rules_inline/image.py,image,50,CALL_ARGUMENT,"        res = state.md.helpers.parseLinkDestination(state.src, pos, state.posMax)","        res = state.md.helpers.parseLinkDestination(state.src, pos, )"
Mdddbf0917f448aff,auto_non_equivalent,1,8,0,0,0,0,0,0,0,specified,markdown_it/rules_block/lheading.py,lheading,13,CONSTANT_REPLACEMENT,    nextLine = startLine + 1,    nextLine = startLine + 2
Mde07d7e59c21f3f5,auto_non_equivalent,1,8,0,0,0,0,0,0,0,specified,markdown_it/rules_inline/fragments_join.py,fragments_join,38,COMPARISON,"            while curr < maximum and state.tokens[curr].type == ""text"":","            while curr < maximum or state.tokens[curr].type == ""text"":"
Mde13275417d6b427,auto_non_equivalent,1,8,0,0,0,0,0,0,0,specified,markdown_it/rules_block/blockquote.py,blockquote,334,ARITHMETIC,        state.tShift[i + startLine] = item,        state.tShift[i + startLine] = None
Mde221031135a196f,auto_non_equivalent,1,8,0,0,0,0,0,0,0,specified,markdown_it/rules_block/reference.py,reference,41,STATEMENT_REPLACEMENT,                maximum = len(string),                maximum = None
Mde38d9aa423a8d29,auto_non_equivalent,1,8,0,0,0,0,0,0,0,specified,markdown_it/renderer.py,fence,276,COMPARISON,        if len(arr) == 2:,        if len(arr) != 2:
Mde398dccc907a287,auto_non_equivalent,1,8,0,0,0,0,0,0,0,specified,markdown_it/rules_block/state_block.py,skipSpacesBack,165,CONSTANT_REPLACEMENT,        pos -= 1,        pos -= 2
Mde4b8f6a148235f3,auto_non_equivalent,1,8,0,0,0,0,0,0,0,specified,markdown_it/rules_inline/autolink.py,autolink,36,STATEMENT_REPLACEMENT,        fullUrl = state.md.normalizeLink(url),        fullUrl = None
Mde617e0ed58aad54,auto_non_equivalent,1,8,0,0,0,0,0,0,0,specified,markdown_it/renderer.py,renderAttrs,178,CALL_ARGUMENT,"        result += "" "" + escapeHtml(key) + '=""' + escapeHtml(str(value)) + '""'","        result += "" "" + escapeHtml(key) + 'XX=""XX' + escapeHtml(str(value)) + '""'"
Mde8af61834467c88,auto_non_equivalent,1,8,0,0,0,0,0,0,0,specified,markdown_it/rules_inline/link.py,link,53,CALL_ARGUMENT,            href = state.md.normalizeLink(res.str),            href = state.md.normalizeLink(None)
Mde90f38ca0e26e56,auto_non_equivalent,1,8,0,0,0,0,0,0,0,specified,markdown_it/rules_block/state_block.py,getLines,252,ARITHMETIC,        line += 1,        line -= 1
Mdeabbb911d71d646,auto_non_equivalent,1,8,0,0,0,0,0,0,0,specified,markdown_it/helpers/parse_link_title.py,parseLinkTitle,49,ARITHMETIC,        start += 1,        start = 1
Mdeb3911552e39554,auto_non_equivalent,1,8,0,0,0,0,0,0,0,specified,markdown_it/renderer.py,renderToken,148,COMPARISON,"    if token.nesting == 0 and options[""xhtmlOut""]:","    if token.nesting != 0 and options[""xhtmlOut""]:"
Mdec4013fd6333477,auto_non_equivalent,1,8,0,0,0,0,0,0,0,specified,markdown_it/helpers/parse_link_title.py,parseLinkTitle,56,STATEMENT_REPLACEMENT,        state.marker = marker,        state.marker = None
Mdec8bf6b84b78023,auto_non_equivalent,1,8,0,0,0,0,0,0,0,specified,markdown_it/common/utils.py,normalizeReference,257,CALL_ARGUMENT,"    string = re.sub(r""\s+"", "" "", string.strip())","    string = re.sub(r""\s+"", string.strip())"
Mdef3e799013bfc74,auto_non_equivalent,1,8,0,0,0,0,0,0,0,specified,markdown_it/rules_block/list.py,list_block,300,STATEMENT_REPLACEMENT,        state.tShift[startLine] = oldTShift,        state.tShift[startLine] = None
Mdf0f91bb5ffc2131,auto_non_equivalent,1,8,0,0,0,0,0,0,0,specified,markdown_it/rules_block/lheading.py,lheading,34,STATEMENT_REPLACEMENT,            maximum = state.eMarks[nextLine],            maximum = None
Mdf182c7e276749de,auto_non_equivalent,1,8,0,0,0,0,0,0,0,specified,markdown_it/rules_block/blockquote.py,blockquote,269,ARITHMETIC,        state.sCount[nextLine] = -1,        state.sCount[nextLine] = +1
Mdf1b83e6f0c5788a,auto_non_equivalent,1,8,0,0,0,0,0,0,0,specified,markdown_it/rules_inline/emphasis.py,tokenize,19,CALL_ARGUMENT,"    scanned = state.scanDelims(state.pos, marker == ""*"")","    scanned = state.scanDelims(marker == ""*"")"
Mdf670b8557d299b7,auto_non_equivalent,1,8,0,0,0,0,0,0,0,specified,markdown_it/rules_inline/link.py,link,20,CONSTANT_REPLACEMENT,"    labelEnd = state.md.helpers.parseLinkLabel(state, state.pos, True)","    labelEnd = state.md.helpers.parseLinkLabel(state.pos, True)"
Mdf6aa3cfa4c49635,auto_non_equivalent,1,8,0,0,0,0,0,0,0,specified,markdown_it/rules_inline/link.py,link,135,CALL_ARGUMENT,"            token.attrSet(""title"", title)","            token.attrSet(""XXtitleXX"", title)"
Mdf8590071e8f585c,auto_non_equivalent,1,8,0,0,0,0,0,0,0,specified,markdown_it/rules_inline/newline.py,newline,40,COMPARISON,    while pos < maximum and isStrSpace(state.src[pos]):,    while pos < maximum and isStrSpace(None):
Mdf886a4f79af9aaf,auto_non_equivalent,1,8,0,0,0,0,0,0,0,specified,markdown_it/rules_block/heading.py,heading,36,CONSTANT_REPLACEMENT,        pos += 1,        pos += 2
Mdf94384d8a71fb91,auto_non_equivalent,1,8,0,0,0,0,0,0,0,specified,markdown_it/rules_block/reference.py,reference,73,CONTROL_FLOW,            break,            return
Mdf94ffb509e04af2,auto_non_equivalent,1,8,0,0,0,0,0,0,0,specified,markdown_it/rules_inline/link.py,link,149,CONSTANT_REPLACEMENT,    return True,    return False
Mdfe602e35954cc69,auto_non_equivalent,1,8,0,0,0,0,0,0,0,specified,markdown_it/rules_block/blockquote.py,blockquote,57,COMPARISON,        if (state.bsCount[startLine] + offset) % 4 == 3:,        if (state.bsCount[startLine] + offset) % 4 != 3:
Mdfee3cd9adf10387,auto_non_equivalent,1,8,0,0,0,0,0,0,0,specified,markdown_it/rules_block/list.py,list_block,286,CALL_ARGUMENT,"            state.md.block.tokenize(state, startLine, endLine)","            state.md.block.tokenize(state, endLine)"
Me00389a562b81641,auto_non_equivalent,1,8,0,0,0,0,0,0,0,specified,markdown_it/renderer.py,renderInline,103,ARITHMETIC,"            result += self.rules[token.type](tokens, i, options, env)","            result = self.rules[token.type](tokens, i, options, env)"
Me03f2a7b5133fb11,auto_non_equivalent,1,8,0,0,0,0,0,0,0,specified,markdown_it/rules_block/list.py,skipOrderedListMarker,49,STATEMENT_REPLACEMENT,    ch_ord = ord(ch),    ch_ord = None
Me04f563a9fe761c4,auto_non_equivalent,1,8,0,0,0,0,0,0,0,specified,markdown_it/renderer.py,image,329,CALL_ARGUMENT,"    return self.renderToken(tokens, idx, options, env)","    return self.renderToken(tokens, None, options, env)"
Me0660067b9fdf2eb,auto_non_equivalent,1,8,0,0,0,0,0,0,0,specified,markdown_it/rules_block/code.py,code,30,STATEMENT_REPLACEMENT,    state.line = last,    state.line = None
Me08c9849aafcf9fb,auto_non_equivalent,1,8,0,0,0,0,0,0,0,specified,markdown_it/ruler.py,push,187,BOOLEAN_CONNECTOR,"        Rule[RuleFuncTv](ruleName, True, fn, (options or {}).get(""alt"", []))","        Rule[RuleFuncTv](ruleName, True, fn, (options or {}).get(None, []))"
Me096b92e6a8cf79b,auto_non_equivalent,1,8,0,0,0,0,0,0,0,specified,markdown_it/rules_inline/escape.py,escape,52,COMPARISON,        token.content = escapedStr if ch1 in _ESCAPED else origStr,        token.content = escapedStr if ch1 not in _ESCAPED else origStr
Me09928383a9bb7be,auto_non_equivalent,1,8,0,0,0,0,0,0,0,specified,markdown_it/rules_block/list.py,list_block,141,ARITHMETIC,        start = state.bMarks[startLine] + state.tShift[startLine],        start = state.bMarks[startLine] - state.tShift[startLine]
Me0b713053737a872,auto_non_equivalent,1,8,0,0,0,0,0,0,0,specified,markdown_it/rules_block/reference.py,reference,64,CALL_ARGUMENT,"        ch = charCodeAt(string, pos)",        ch = charCodeAt(pos)
Me0b8f7b0049fb080,auto_non_equivalent,1,8,0,0,0,0,0,0,0,specified,markdown_it/rules_block/list.py,list_block,281,ARITHMETIC,"            state.line = min(state.line + 2, endLine)",            state.line = None
Me0d2f89d71f52a4f,auto_non_equivalent,1,8,0,0,0,0,0,0,0,specified,markdown_it/rules_block/list.py,list_block,220,COMPARISON,        indentAfterMarker = 1 if contentStart >= maximum else offset - initial,        indentAfterMarker = 1 if contentStart > maximum else offset - initial
Me0d7b29280b9d44c,auto_non_equivalent,1,8,0,0,0,0,0,0,0,specified,markdown_it/rules_block/lheading.py,lheading,40,CALL_ARGUMENT,"                    pos = state.skipCharsStr(pos, marker)",                    pos = state.skipCharsStr(marker)
Me0d7f68415d5ba81,auto_non_equivalent,1,8,0,0,0,0,0,0,0,specified,markdown_it/ruler.py,after,172,CONSTANT_REPLACEMENT,"        index + 1, Rule[RuleFuncTv](ruleName, True, fn, options.get(""alt"", []))","        index + 1, Rule[RuleFuncTv](ruleName, True, fn, options.get([]))"
Me0ed9358cbe8656b,auto_non_equivalent,1,8,0,0,0,0,0,0,0,specified,markdown_it/rules_inline/autolink.py,autolink,57,ARITHMETIC,"        fullUrl = state.md.normalizeLink(""mailto:"" + url)",        fullUrl = None
Me1100a7ce21dbf8d,auto_non_equivalent,1,8,0,0,0,0,0,0,0,specified,markdown_it/rules_inline/backticks.py,backtick,26,CONSTANT_REPLACEMENT,"    if state.backticksScanned and state.backticks.get(openerLength, 0) <= start:",    if state.backticksScanned and state.backticks.get(0) <= start:
Me144bf6017e482d0,auto_non_equivalent,1,8,0,0,0,0,0,0,0,specified,markdown_it/ruler.py,after,172,CONSTANT_REPLACEMENT,"        index + 1, Rule[RuleFuncTv](ruleName, True, fn, options.get(""alt"", []))","        index + 1, Rule[RuleFuncTv](ruleName, True, fn, options.get(""alt"", ))"
Me16070c5ea9f1064,auto_non_equivalent,1,8,0,0,0,0,0,0,0,specified,markdown_it/rules_inline/image.py,image,22,CONSTANT_REPLACEMENT,"    labelEnd = state.md.helpers.parseLinkLabel(state, state.pos + 1, False)","    labelEnd = state.md.helpers.parseLinkLabel(state, state.pos + 2, False)"
Me161843ac1fa6da8,auto_non_equivalent,1,8,0,0,0,0,0,0,0,specified,markdown_it/rules_block/list.py,list_block,158,COMPARISON,"        isTerminatingParagraph
        and state.skipSpaces(posAfterMarker) >= state.eMarks[startLine]",        isTerminatingParagraph or state.skipSpaces(posAfterMarker) >= state.eMarks[startLine]
Me1725ced038136d3,auto_non_equivalent,1,8,0,0,0,0,0,0,0,specified,markdown_it/rules_inline/html_inline.py,html_inline,29,CALL_ARGUMENT,    match = HTML_TAG_RE.search(state.src[pos:]),    match = HTML_TAG_RE.search(None)
Me194901dde87369c,auto_non_equivalent,1,8,0,0,0,0,0,0,0,specified,markdown_it/ruler.py,after,168,BOOLEAN_CONNECTOR,    options = options or {},    options = None
Me1ab76f2367554d4,auto_non_equivalent,1,8,0,0,0,0,0,0,0,specified,markdown_it/rules_inline/balance_pairs.py,processDelimiters,52,ARITHMETIC,"            openersBottom[closer.marker] = [-1, -1, -1, -1, -1, -1]","            openersBottom[closer.marker] = [-1, -1, -1, -1, -1, +1]"
Me1ba8533034695b6,auto_non_equivalent,1,8,0,0,0,0,0,0,0,specified,markdown_it/rules_block/list.py,list_block,289,BOOLEAN_CONNECTOR,        if (not state.tight) or prevEmptyEnd:,        if state.tight or prevEmptyEnd:
Me1bcd4dcdf523912,auto_non_equivalent,1,8,0,0,0,0,0,0,0,specified,markdown_it/rules_block/list.py,list_block,286,CALL_ARGUMENT,"            state.md.block.tokenize(state, startLine, endLine)","            state.md.block.tokenize(state, None, endLine)"
Me1c5bc020245db65,auto_non_equivalent,1,8,0,0,0,0,0,0,0,specified,markdown_it/rules_block/state_block.py,getLines,238,ARITHMETIC,                    lineIndent += 1,                    lineIndent -= 1
Me1d8a1406698bd77,auto_non_equivalent,1,8,0,0,0,0,0,0,0,specified,markdown_it/rules_inline/link.py,link,135,CALL_ARGUMENT,"            token.attrSet(""title"", title)","            token.attrSet(""title"", )"
Me1f40cecb5c2aa04,auto_non_equivalent,1,8,0,0,0,0,0,0,0,specified,markdown_it/rules_inline/escape.py,escape,48,ARITHMETIC,"    origStr = ""\\"" + escapedStr",    origStr = None
Me1f8ab1fe4b3fd3f,auto_non_equivalent,1,8,0,0,0,0,0,0,0,specified,markdown_it/rules_inline/link.py,link,16,COMPARISON,"    if state.src[state.pos] != ""["":","    if state.src[state.pos] == ""["":"
Me222e46da5752f13,auto_non_equivalent,1,8,0,0,0,0,0,0,0,specified,markdown_it/rules_inline/escape.py,escape,51,CONSTANT_REPLACEMENT,"        token = state.push(""text_special"", """", 0)","        token = state.push(None, """", 0)"
Me227539cd538a579,auto_non_equivalent,1,8,0,0,0,0,0,0,0,specified,markdown_it/common/utils.py,isWhiteSpace,189,COMPARISON,    if code >= 0x2000 and code <= 0x200A:,    if code >= 0x2000 or code <= 0x200A:
Me237ac30cd539be4,auto_non_equivalent,1,8,0,0,0,0,0,0,0,specified,markdown_it/rules_block/lheading.py,lheading,56,CONSTANT_REPLACEMENT,"            if terminatorRule(state, nextLine, endLine, True):","            if terminatorRule(state, nextLine, endLine, False):"
Me2460954497c8448,auto_non_equivalent,1,8,0,0,0,0,0,0,0,specified,markdown_it/rules_block/list.py,list_block,294,COMPARISON,        prevEmptyEnd = (state.line - startLine) > 1 and state.isEmpty(state.line - 1),        prevEmptyEnd = (state.line + startLine) > 1 and state.isEmpty(state.line - 1)
Me24d9c3889c1efd6,auto_non_equivalent,1,8,0,0,0,0,0,0,0,specified,markdown_it/_punycode.py,map_domain,48,CALL_ARGUMENT,"    encoded = ""."".join(fn(label) for label in labels)","    encoded = ""XX.XX"".join(fn(label) for label in labels)"
Me26f11735e42f1dc,auto_non_equivalent,1,8,0,0,0,0,0,0,0,specified,markdown_it/rules_inline/html_inline.py,html_inline,26,CALL_ARGUMENT,"    if ch not in (""!"", ""?"", ""/"") and not isLetter(ord(ch)):  # /* / */","    if ch not in (""!"", ""XX?XX"", ""/"") and not isLetter(ord(ch)):  # /* / */"
Me27a4176946dfaf5,auto_non_equivalent,1,8,0,0,0,0,0,0,0,specified,markdown_it/rules_block/fence.py,make_fence_rule,69,STATEMENT_REPLACEMENT,"        pos = state.skipCharsStr(pos, marker)",        pos = None
Me27cd83de069e45a,auto_non_equivalent,1,8,0,0,0,0,0,0,0,specified,markdown_it/rules_block/reference.py,reference,133,ARITHMETIC,        pos += 1,        pos -= 1
Me292f1816e1b6b00,auto_non_equivalent,1,8,0,0,0,0,0,0,0,specified,markdown_it/rules_block/paragraph.py,paragraph,62,CONSTANT_REPLACEMENT,"    token = state.push(""paragraph_close"", ""p"", -1)","    token = state.push(""p"", -1)"
Me2a1a10bf8129d4f,auto_non_equivalent,1,8,0,0,0,0,0,0,0,specified,markdown_it/rules_block/list.py,list_block,368,CONSTANT_REPLACEMENT,"        token = state.push(""ordered_list_close"", ""ol"", -1)","        token = state.push(""ordered_list_close"", ""XXolXX"", -1)"
Me2a3be9546dfc3be,auto_non_equivalent,1,8,0,0,0,0,0,0,0,specified,markdown_it/rules_block/state_block.py,__init__,74,COMPARISON,"    for pos, character in enumerate(self.src):","    for pos, character in enumerate(None):"
Me2b22f1741de68df,auto_non_equivalent,1,8,0,0,0,0,0,0,0,specified,markdown_it/rules_block/state_block.py,skipCharsStr,186,STATEMENT_REPLACEMENT,            current = self.src[pos],            current = None
Me2dfa72859e4d69a,auto_non_equivalent,1,8,0,0,0,0,0,0,0,specified,markdown_it/rules_block/heading.py,heading,42,COMPARISON,    if level > 6 or (pos < maximum and not isStrSpace(ch)):,    if level > 6 or (pos < maximum or not isStrSpace(ch)):
Me2eb48a2be5036d8,auto_non_equivalent,1,8,0,0,0,0,0,0,0,specified,markdown_it/rules_block/blockquote.py,blockquote,223,ARITHMETIC,            state.sCount[nextLine] = offset - initial,            state.sCount[nextLine] = None
Me33cb5bfa4da179d,auto_non_equivalent,1,8,0,0,0,0,0,0,0,specified,markdown_it/common/utils.py,escapeHtml,142,CALL_ARGUMENT,"    raw = raw.replace(""&"", ""&amp;"")  # Must be done first!","    raw = raw.replace(""&amp;"")  # Must be done first!"
Me341a5edd1013123,auto_non_equivalent,1,8,0,0,0,0,0,0,0,specified,markdown_it/rules_inline/backticks.py,backtick,55,CALL_ARGUMENT,"                    token.content.startswith("" "")","                    token.content.startswith(""XX XX"")"
Me36b2a13ba663f47,auto_non_equivalent,1,8,0,0,0,0,0,0,0,specified,markdown_it/common/utils.py,isMdAsciiPunct,250,COMPARISON,    return ch in MD_ASCII_PUNCT,    return ch not in MD_ASCII_PUNCT
Me37b4ccabfbd5e5c,auto_non_equivalent,1,8,0,0,0,0,0,0,0,specified,markdown_it/ruler.py,after,168,BOOLEAN_CONNECTOR,    options = options or {},    options = options and {}
Me390c3f36751ad8a,auto_non_equivalent,1,6,2,0,0,0,0,0,0,specified,markdown_it/rules_block/blockquote.py,blockquote,95,CONSTANT_REPLACEMENT,        state.sCount[startLine] + 1 + (1 if spaceAfterMarker else 0),        state.sCount[startLine] + 1 + (2 if spaceAfterMarker else 0)
Me3b52f8f90d7f70b,auto_non_equivalent,1,8,0,0,0,0,0,0,0,specified,markdown_it/rules_inline/balance_pairs.py,link_pairs,131,CALL_ARGUMENT,"    processDelimiters(state, state.delimiters)","    processDelimiters(state, None)"
Me3d2df8f683116b5,auto_non_equivalent,1,8,0,0,0,0,0,0,0,specified,markdown_it/rules_block/reference.py,reference,114,ARITHMETIC,        string += lineContent,        string = lineContent
Me3f40fb4aeebd263,auto_non_equivalent,1,8,0,0,0,0,0,0,0,specified,markdown_it/rules_block/reference.py,reference,56,COMPARISON,"        labelEnd is None or labelEnd < 0 or charCodeAt(string, labelEnd + 1) != 0x3A","        labelEnd is None or labelEnd < 0 and charCodeAt(string, labelEnd + 1) != 0x3A"
Me3fba38f14fa691a,auto_non_equivalent,1,8,0,0,0,0,0,0,0,specified,markdown_it/rules_inline/emphasis.py,_postProcess,66,COMPARISON,            and delimiters[i - 1].marker == startDelim.marker,            and delimiters[i - 1].marker != startDelim.marker
Me40322354e1f10c0,auto_non_equivalent,1,8,0,0,0,0,0,0,0,specified,markdown_it/parser_block.py,tokenize,92,BOOLEAN_CONNECTOR,        state.tight = not hasEmptyLines,        state.tight = None
Me414e40757d5eaae,auto_non_equivalent,1,8,0,0,0,0,0,0,0,specified,markdown_it/rules_inline/image.py,image,94,COMPARISON,"        if ""references"" not in state.env:","        if ""references"" in state.env:"
Me41dc9bec342c227,auto_non_equivalent,1,8,0,0,0,0,0,0,0,specified,markdown_it/rules_block/list.py,list_block,296,STATEMENT_REPLACEMENT,        state.blkIndent = state.listIndent,        state.blkIndent = None
Me41fa7b781741f94,auto_non_equivalent,1,7,1,0,0,0,0,0,0,specified,markdown_it/rules_block/state_block.py,getLines,236,ARITHMETIC,                    lineIndent += 4 - (lineIndent + self.bsCount[line]) % 4,                    lineIndent += 4 + (lineIndent + self.bsCount[line]) % 4
Me43ee3d821e576c3,auto_non_equivalent,1,8,0,0,0,0,0,0,0,specified,markdown_it/helpers/parse_link_destination.py,parseLinkDestination,55,CONTROL_FLOW,            break,            return
Me4504d8528de7193,auto_non_equivalent,1,8,0,0,0,0,0,0,0,specified,markdown_it/rules_block/reference.py,reference,78,CALL_ARGUMENT,"    destRes = state.md.helpers.parseLinkDestination(string, pos, maximum)","    destRes = state.md.helpers.parseLinkDestination(string, None, maximum)"
Me4615ee17c178643,auto_non_equivalent,1,8,0,0,0,0,0,0,0,specified,markdown_it/rules_core/text_join.py,text_join,31,COMPARISON,"                child_token.type == ""text""","                child_token.type != ""text"""
Me48a4a66c5892040,auto_non_equivalent,1,8,0,0,0,0,0,0,0,specified,markdown_it/rules_block/code.py,code,32,CONSTANT_REPLACEMENT,"    token = state.push(""code_block"", ""code"", 0)","    token = state.push(""code_block"", ""code"", 1)"
Me49040f5b50abae6,auto_non_equivalent,1,8,0,0,0,0,0,0,0,specified,markdown_it/rules_block/reference.py,reference,144,CONTROL_FLOW,                break,                return
Me49203a3ec63a5a8,auto_non_equivalent,1,8,0,0,0,0,0,0,0,specified,markdown_it/rules_block/reference.py,reference,32,CALL_ARGUMENT,"        ch = charCodeAt(string, pos)",        ch = charCodeAt(pos)
Me496424b6b2364a7,auto_non_equivalent,1,8,0,0,0,0,0,0,0,specified,markdown_it/rules_block/list.py,list_block,234,CONSTANT_REPLACEMENT,"        token.map = itemLines = [startLine, 0]",        token.map = itemLines = None
Me4a8e7c80c9e85bd,auto_non_equivalent,1,8,0,0,0,0,0,0,0,specified,markdown_it/helpers/parse_link_destination.py,parseLinkDestination,63,CONSTANT_REPLACEMENT,        if code == 0x28:  # /* ( */),        if code == 41:  # /* ( */)
Me4be1f9c4ca6f35d,auto_non_equivalent,1,8,0,0,0,0,0,0,0,specified,markdown_it/rules_inline/image.py,image,37,ARITHMETIC,        pos += 1,        pos = 1
Me4bf254b2df0758d,auto_non_equivalent,1,8,0,0,0,0,0,0,0,specified,markdown_it/rules_inline/fragments_join.py,fragments_join,29,COMPARISON,"            and curr + 1 < maximum
            and state.tokens[curr + 1].type == ""text""","            and curr + 1 < maximum or state.tokens[curr + 1].type == ""text"""
Me4c53cb1a17735ea,auto_non_equivalent,1,8,0,0,0,0,0,0,0,specified,markdown_it/rules_block/blockquote.py,blockquote,54,STATEMENT_REPLACEMENT,"    elif second_char == ""\t"":","    elif second_char == ""XX\tXX"":"
Me4c9f253ba559fb6,auto_non_equivalent,1,8,0,0,0,0,0,0,0,specified,markdown_it/renderer.py,code_inline,241,STATEMENT_REPLACEMENT,"        + ""</code>""","        + ""</CODE>"""
Me4caa603cbb3027c,auto_non_equivalent,1,8,0,0,0,0,0,0,0,specified,markdown_it/rules_inline/state_inline.py,scanDelims,148,STATEMENT_REPLACEMENT,    isLastWhiteSpace = isWhiteSpace(ord(lastChar)),    isLastWhiteSpace = None
Me4d7d9ff28727872,auto_non_equivalent,1,8,0,0,0,0,0,0,0,specified,markdown_it/rules_inline/emphasis.py,_postProcess,90,ARITHMETIC,"            state.tokens[delimiters[startDelim.end + 1].token].content = """"","            state.tokens[delimiters[startDelim.end - 1].token].content = """""
Me50440cab7c347fc,auto_non_equivalent,1,8,0,0,0,0,0,0,0,specified,markdown_it/rules_block/state_block.py,__init__,77,CONSTANT_REPLACEMENT,                indent += 1,                indent += 2
Me51ba2824fac0d5f,auto_non_equivalent,1,8,0,0,0,0,0,0,0,specified,markdown_it/rules_block/paragraph.py,paragraph,54,CONSTANT_REPLACEMENT,"    token = state.push(""paragraph_open"", ""p"", 1)",    token = None
Me52666143f4181c5,auto_non_equivalent,1,8,0,0,0,0,0,0,0,specified,markdown_it/rules_block/list.py,skipBulletListMarker,14,STATEMENT_REPLACEMENT,    maximum = state.eMarks[startLine],    maximum = None
Me551864615e625b5,auto_non_equivalent,1,8,0,0,0,0,0,0,0,specified,markdown_it/renderer.py,image,329,CALL_ARGUMENT,"    return self.renderToken(tokens, idx, options, env)","    return self.renderToken(tokens, options, env)"
Me563b8c049f5e606,auto_non_equivalent,1,8,0,0,0,0,0,0,0,specified,markdown_it/rules_block/list.py,list_block,336,CALL_ARGUMENT,"            posAfterMarker = skipOrderedListMarker(state, nextLine)",            posAfterMarker = skipOrderedListMarker(nextLine)
Me580cf25b381aac7,auto_non_equivalent,1,8,0,0,0,0,0,0,0,specified,markdown_it/parser_inline.py,tokenize,200,ARITHMETIC,        state.pending += state.src[state.pos],        state.pending -= state.src[state.pos]
Me581fec8ad131d23,auto_non_equivalent,1,8,0,0,0,0,0,0,0,specified,markdown_it/rules_block/fence.py,make_fence_rule,136,ARITHMETIC,"        token.content = state.getLines(startLine + 1, nextLine, length, True)","        token.content = state.getLines(startLine + 1, nextLine, length, False)"
Me582561aa8988fb6,auto_non_equivalent,1,8,0,0,0,0,0,0,0,specified,markdown_it/rules_block/blockquote.py,blockquote,156,ARITHMETIC,            initial = offset = state.sCount[nextLine] + 1,            initial = offset = None
Me58bc1a5b1337ad6,auto_non_equivalent,1,8,0,0,0,0,0,0,0,specified,markdown_it/rules_inline/escape.py,escape,11,STATEMENT_REPLACEMENT,    pos = state.pos,    pos = None
Me5903e2334b7bdd6,auto_non_equivalent,1,8,0,0,0,0,0,0,0,specified,markdown_it/rules_block/lheading.py,lheading,24,COMPARISON,    while nextLine < endLine and not state.isEmpty(nextLine):,    while nextLine <= endLine and not state.isEmpty(nextLine):
Me592360b0e254695,auto_non_equivalent,1,8,0,0,0,0,0,0,0,specified,markdown_it/rules_block/blockquote.py,blockquote,239,CONSTANT_REPLACEMENT,"            if terminatorRule(state, nextLine, endLine, True):","            if terminatorRule(state, None, endLine, True):"
Me59ff7742c5bb3c3,auto_non_equivalent,1,8,0,0,0,0,0,0,0,specified,markdown_it/helpers/parse_link_label.py,parseLinkLabel,22,COMPARISON,"        if marker == ""]"":","        if marker != ""]"":"
Me5b2bbb3ecad3828,auto_non_equivalent,1,8,0,0,0,0,0,0,0,specified,markdown_it/rules_block/blockquote.py,blockquote,226,ARITHMETIC,            state.tShift[nextLine] = pos - state.bMarks[nextLine],            state.tShift[nextLine] = None
Me5ba39a22a3056eb,auto_non_equivalent,1,8,0,0,0,0,0,0,0,specified,markdown_it/rules_block/reference.py,reference,62,CONSTANT_REPLACEMENT,    pos = labelEnd + 2,    pos = labelEnd + 3
Me5babb91d047f0a3,auto_non_equivalent,1,8,0,0,0,0,0,0,0,specified,markdown_it/rules_block/reference.py,reference,135,COMPARISON,"    if pos < maximum and charCodeAt(string, pos) != 0x0A and title:","    if pos < maximum or charCodeAt(string, pos) != 0x0A and title:"
Me5bdb79b87597a68,auto_non_equivalent,1,8,0,0,0,0,0,0,0,specified,markdown_it/rules_inline/autolink.py,autolink,47,STATEMENT_REPLACEMENT,            token.content = state.md.normalizeLinkText(url),            token.content = None
Me5c28f1a64160666,auto_non_equivalent,1,8,0,0,0,0,0,0,0,specified,markdown_it/rules_inline/html_inline.py,html_inline,43,CONSTANT_REPLACEMENT,    return True,    return False
Me5e4fb61f51c3412,auto_non_equivalent,1,8,0,0,0,0,0,0,0,specified,markdown_it/rules_block/blockquote.py,blockquote,236,CONSTANT_REPLACEMENT,        terminate = False,        terminate = True
Me5ead183d1b9a322,auto_non_equivalent,1,8,0,0,0,0,0,0,0,specified,markdown_it/rules_block/list.py,list_block,341,CALL_ARGUMENT,"            posAfterMarker = skipBulletListMarker(state, nextLine)",            posAfterMarker = skipBulletListMarker(nextLine)
Me6183a9ae42e7e7c,auto_non_equivalent,1,8,0,0,0,0,0,0,0,specified,markdown_it/rules_inline/state_inline.py,scanDelims,131,STATEMENT_REPLACEMENT,    maximum = self.posMax,    maximum = None
Me620185c4210fd4e,auto_non_equivalent,1,8,0,0,0,0,0,0,0,specified,markdown_it/rules_inline/emphasis.py,_postProcess,67,COMPARISON,            and delimiters[i - 1].token == startDelim.token - 1,            and delimiters[i - 1].token == startDelim.token + 1
Me6209bb9eb60f0d1,auto_non_equivalent,1,8,0,0,0,0,0,0,0,specified,markdown_it/ruler.py,enable,208,CONSTANT_REPLACEMENT,        if (idx < 0) and not ignoreInvalid:,        if (idx < 1) and not ignoreInvalid:
Me6218c0d3f0ef06c,auto_non_equivalent,1,8,0,0,0,0,0,0,0,specified,markdown_it/rules_block/reference.py,getNextLine,235,ARITHMETIC,    return state.src[pos : maximum + 1],    return state.src[pos : maximum - 1]
Me6313d5122c7ea9a,auto_non_equivalent,1,8,0,0,0,0,0,0,0,specified,markdown_it/renderer.py,image,325,CALL_ARGUMENT,"        token.attrSet(""alt"", self.renderInlineAsText(token.children, options, env))","        token.attrSet(""alt"", self.renderInlineAsText(token.children, options, ))"
Me64c8a584de4b11a,auto_non_equivalent,1,8,0,0,0,0,0,0,0,specified,markdown_it/rules_block/paragraph.py,paragraph,41,CONSTANT_REPLACEMENT,"            if terminatorRule(state, nextLine, endLine, True):","            if terminatorRule(None, nextLine, endLine, True):"
Me69b5d847ac902cd,auto_non_equivalent,1,2,6,0,0,0,0,0,0,specified,markdown_it/ruler.py,getRules,255,CALL_ARGUMENT,"def getRules(self, chainName: str = """") -> list[RuleFuncTv]:","def getRules(self, chainName: str = ""XXXX"") -> list[RuleFuncTv]:"
Me6a7ed856110e555,auto_non_equivalent,1,8,0,0,0,0,0,0,0,specified,markdown_it/rules_inline/autolink.py,autolink,63,STATEMENT_REPLACEMENT,"            token.attrs = {""href"": fullUrl}","            token.attrs = {""XXhrefXX"": fullUrl}"
Me6b9fb7935866f86,auto_non_equivalent,1,8,0,0,0,0,0,0,0,specified,markdown_it/rules_block/code.py,code,19,CALL_ARGUMENT,        if state.isEmpty(nextLine):,        if state.isEmpty(None):
Me6c2c791efe554b4,auto_non_equivalent,1,8,0,0,0,0,0,0,0,specified,markdown_it/rules_block/state_block.py,skipCharsStr,190,CONTROL_FLOW,            break,            return
Me6c6224fb3421679,auto_non_equivalent,1,8,0,0,0,0,0,0,0,specified,markdown_it/rules_inline/emphasis.py,_postProcess,53,CONTROL_FLOW,            continue,            break
Me6cd5611e38be20c,auto_non_equivalent,1,8,0,0,0,0,0,0,0,specified,markdown_it/rules_inline/text.py,text,12,CALL_ARGUMENT,"    terminator_char = state.md.inline.terminator_re.search(state.src, pos)","    terminator_char = state.md.inline.terminator_re.search(state.src, None)"
Me6d5d06391b05051,auto_non_equivalent,1,8,0,0,0,0,0,0,0,specified,markdown_it/renderer.py,fence,306,STATEMENT_REPLACEMENT,"        ""<pre><code""","        ""XX<pre><codeXX"""
Me6f3168a49fec16c,auto_non_equivalent,1,8,0,0,0,0,0,0,0,specified,markdown_it/rules_block/fence.py,make_fence_rule,114,CALL_ARGUMENT,"            pos = state.skipCharsStr(pos, marker)","            pos = state.skipCharsStr(None, marker)"
Me6f91d8ba251e732,auto_non_equivalent,1,8,0,0,0,0,0,0,0,specified,markdown_it/rules_inline/link.py,link,43,ARITHMETIC,            pos += 1,            pos = 1
Me71d1ea323f52d8b,auto_non_equivalent,1,6,2,0,0,0,0,0,0,specified,markdown_it/rules_inline/newline.py,newline,21,COMPARISON,"        if pmax >= 0 and charStrAt(state.pending, pmax) == "" "":","        if pmax > 0 and charStrAt(state.pending, pmax) == "" "":"
Me71d553ce4527ab5,auto_non_equivalent,1,8,0,0,0,0,0,0,0,specified,markdown_it/parser_inline.py,skipToken,140,STATEMENT_REPLACEMENT,    cache = state.cache,    cache = None
Me72a92bfe826d8a0,auto_non_equivalent,1,8,0,0,0,0,0,0,0,specified,markdown_it/rules_inline/autolink.py,autolink,70,CONSTANT_REPLACEMENT,"            token = state.push(""link_close"", ""a"", -1)","            token = state.push(""link_close"", -1)"
Me74b273e265b227d,auto_non_equivalent,1,8,0,0,0,0,0,0,0,specified,markdown_it/rules_block/code.py,code,33,ARITHMETIC,"    token.content = state.getLines(startLine, last, 4 + state.blkIndent, False) + ""\n""","    token.content = state.getLines(startLine, last, 4 - state.blkIndent, False) + ""\n"""
Me769bcffbdd8548b,auto_non_equivalent,1,8,0,0,0,0,0,0,0,specified,markdown_it/rules_block/state_block.py,push,128,CALL_ARGUMENT,    self.tokens.append(token),    self.tokens.append(None)
Me774bc7c6cbe02a4,auto_non_equivalent,1,8,0,0,0,0,0,0,0,specified,markdown_it/rules_block/reference.py,reference,112,COMPARISON,"        if (lineContent := getNextLine(state, nextLine)) is None:","        if (lineContent := getNextLine(None, nextLine)) is None:"
Me78260f9a530eac4,auto_non_equivalent,1,8,0,0,0,0,0,0,0,specified,markdown_it/rules_core/text_join.py,text_join,25,CONSTANT_REPLACEMENT,        i = 0,        i = None
Me7a25a664af3fab4,auto_non_equivalent,1,8,0,0,0,0,0,0,0,specified,markdown_it/rules_block/state_block.py,__init__,52,COMPARISON,    self.line = 0  # line index in src,    self.line = None  # line index in src
Me7a38973bfbdc6ee,auto_non_equivalent,1,8,0,0,0,0,0,0,0,specified,markdown_it/renderer.py,image,327,CALL_ARGUMENT,"        token.attrSet(""alt"", """")","        token.attrSet(""XXaltXX"", """")"
Me7d2ba802ffbccf1,auto_non_equivalent,1,8,0,0,0,0,0,0,0,specified,markdown_it/rules_inline/link.py,link,66,ARITHMETIC,                pos += 1,                pos = 1
Me7ed43a424e15ede,auto_non_equivalent,1,8,0,0,0,0,0,0,0,specified,markdown_it/renderer.py,render,84,CALL_ARGUMENT,"            result += self.rules[token.type](tokens, i, options, env)","            result += self.rules[token.type](tokens, i, options, )"
Me7ef9052c2f21f92,auto_non_equivalent,1,8,0,0,0,0,0,0,0,specified,markdown_it/rules_block/list.py,list_block,318,COMPARISON,        if state.sCount[nextLine] < state.blkIndent:,        if state.sCount[nextLine] <= state.blkIndent:
Me7f84e9ef0c57e6f,auto_non_equivalent,1,8,0,0,0,0,0,0,0,specified,markdown_it/rules_inline/image.py,image,136,BOOLEAN_CONNECTOR,        token.children = tokens or None,        token.children = None
Me7fbad23ecab5073,auto_non_equivalent,1,8,0,0,0,0,0,0,0,specified,markdown_it/main.py,configure,125,BOOLEAN_CONNECTOR,"    options = config.get(""options"", {}) or {}","    options = config.get(""options"", {}) and {}"
Me7fd20496ca88937,auto_non_equivalent,1,2,0,0,6,0,0,0,0,specified,markdown_it/rules_block/list.py,list_block,215,ARITHMETIC,            pos += 1,            pos = 1
Me80ab080bf0adfd2,auto_non_equivalent,1,8,0,0,0,0,0,0,0,specified,markdown_it/ruler.py,after,167,CALL_ARGUMENT,    index = self.__find__(afterName),    index = self.__find__(None)
Me80cde269dfeeb60,auto_non_equivalent,1,8,0,0,0,0,0,0,0,specified,markdown_it/rules_inline/backticks.py,backtick,43,COMPARISON,"        while matchEnd < maximum and (state.src[matchEnd] == ""`""):","        while matchEnd < maximum or (state.src[matchEnd] == ""`""):"
Me81ac5b216b61ce1,auto_non_equivalent,1,8,0,0,0,0,0,0,0,specified,markdown_it/rules_inline/image.py,image,135,STATEMENT_REPLACEMENT,"        token.attrs = {""src"": href, ""alt"": """"}",        token.attrs = None
Me823f402d00785cc,auto_non_equivalent,1,8,0,0,0,0,0,0,0,specified,markdown_it/renderer.py,render,86,ARITHMETIC,"            result += self.renderToken(tokens, i, options, env)","            result = self.renderToken(tokens, i, options, env)"
Me8376965622b7043,auto_non_equivalent,1,8,0,0,0,0,0,0,0,specified,markdown_it/helpers/parse_link_destination.py,parseLinkDestination,21,CONSTANT_REPLACEMENT,"    if charCodeAt(string, pos) == 0x3C:  # /* < */","    if charCodeAt(string, ) == 0x3C:  # /* < */"
Me83d70946b316d86,auto_non_equivalent,1,8,0,0,0,0,0,0,0,specified,markdown_it/rules_block/list.py,list_block,264,ARITHMETIC,        state.tShift[startLine] = contentStart - state.bMarks[startLine],        state.tShift[startLine] = None
Me8405be7fcbd5dea,auto_non_equivalent,1,8,0,0,0,0,0,0,0,specified,markdown_it/rules_block/code.py,code,33,CONSTANT_REPLACEMENT,"    token.content = state.getLines(startLine, last, 4 + state.blkIndent, False) + ""\n""","    token.content = state.getLines(startLine, 4 + state.blkIndent, False) + ""\n"""
Me8580d9fb3e47d76,auto_non_equivalent,1,8,0,0,0,0,0,0,0,specified,markdown_it/rules_block/lheading.py,lheading,76,CONSTANT_REPLACEMENT,"    token = state.push(""inline"", """", 0)","    token = state.push(""INLINE"", """", 0)"
Me86b89a2dbdceedb,auto_non_equivalent,1,8,0,0,0,0,0,0,0,specified,markdown_it/rules_block/html_block.py,html_block,86,CONSTANT_REPLACEMENT,"    token = state.push(""html_block"", """", 0)","    token = state.push(""html_block"", """", )"
Me875ae7ece20a2cd,auto_non_equivalent,1,8,0,0,0,0,0,0,0,specified,markdown_it/helpers/parse_link_destination.py,parseLinkDestination,27,COMPARISON,            if code == 0x3C:  # / * < * /,            if code != 0x3C:  # / * < * /
Me876105560d9862e,auto_non_equivalent,1,8,0,0,0,0,0,0,0,specified,markdown_it/main.py,configure,116,COMPARISON,        if presets not in _PRESETS:,        if presets in _PRESETS:
Me87f5ba7fc61e4e0,auto_non_equivalent,1,8,0,0,0,0,0,0,0,specified,markdown_it/renderer.py,list_item_open,220,CALL_ARGUMENT,"    result = self.renderToken(tokens, idx, options, env)","    result = self.renderToken(tokens, None, options, env)"
Me8bbbbe8bcba1a5f,auto_non_equivalent,1,8,0,0,0,0,0,0,0,specified,markdown_it/rules_inline/backticks.py,backtick,20,CALL_ARGUMENT,"    while pos < maximum and (state.src[pos] == ""`""):","    while pos < maximum and (state.src[pos] == ""XX`XX""):"
Me8cfe7d891248a39,auto_non_equivalent,1,8,0,0,0,0,0,0,0,specified,markdown_it/rules_block/heading.py,heading,62,STATEMENT_REPLACEMENT,    token.content = state.src[pos:maximum].strip(),    token.content = None
Me8d16f4f16a6d89f,auto_non_equivalent,1,8,0,0,0,0,0,0,0,specified,markdown_it/renderer.py,renderInline,105,ARITHMETIC,"            result += self.renderToken(tokens, i, options, env)","            result += self.renderToken(tokens, None, options, env)"
Me8e3673b9f970df6,auto_non_equivalent,1,8,0,0,0,0,0,0,0,specified,markdown_it/rules_block/reference.py,reference,96,STATEMENT_REPLACEMENT,"        ch = charCodeAt(string, pos)",        ch = None
Me8ef2de52be368ec,auto_non_equivalent,1,8,0,0,0,0,0,0,0,specified,markdown_it/renderer.py,code_block,258,STATEMENT_REPLACEMENT,"        + ""</code></pre>\n""","        + ""</CODE></PRE>\n"""
Me90a77a7626ca42c,auto_non_equivalent,1,8,0,0,0,0,0,0,0,specified,markdown_it/rules_block/state_block.py,getLines,248,ARITHMETIC,"            queue[i - 1] = ("" "" * (lineIndent - indent)) + self.src[first:last]","            queue[i + 1] = ("" "" * (lineIndent - indent)) + self.src[first:last]"
Me9217f97b67c92fb,auto_non_equivalent,1,8,0,0,0,0,0,0,0,specified,markdown_it/parser_block.py,tokenize,97,COMPARISON,        if (line - 1) < endLine and state.isEmpty(line - 1):,        if (line + 1) < endLine and state.isEmpty(line - 1):
Me92aa40c4d614efc,auto_non_equivalent,1,8,0,0,0,0,0,0,0,specified,markdown_it/parser_block.py,tokenize,102,CONSTANT_REPLACEMENT,            line += 1,            line += 2
Me9319a7f98e39b7c,auto_non_equivalent,1,8,0,0,0,0,0,0,0,specified,markdown_it/rules_inline/balance_pairs.py,processDelimiters,110,CONSTANT_REPLACEMENT,            openerIdx -= jumps[openerIdx] + 1,            openerIdx -= jumps[openerIdx] + 2
Me932a755762a877e,auto_non_equivalent,1,8,0,0,0,0,0,0,0,specified,markdown_it/rules_block/state_block.py,__init__,32,STATEMENT_REPLACEMENT,    self.eMarks: list[int] = []  # line end offsets for fast jumps,    self.eMarks: list[int] = None  # line end offsets for fast jumps
Me9330706a904d64f,auto_non_equivalent,1,8,0,0,0,0,0,0,0,specified,markdown_it/rules_inline/image.py,image,134,CONSTANT_REPLACEMENT,"        token = state.push(""image"", ""img"", 0)","        token = state.push(""image"", ""img"", 1)"
Me94535270d4ee3df,auto_non_equivalent,1,8,0,0,0,0,0,0,0,specified,markdown_it/rules_block/state_block.py,getLines,222,CONSTANT_REPLACEMENT,    i = 1,    i = 2
Me9540dca043120f9,auto_non_equivalent,1,8,0,0,0,0,0,0,0,specified,markdown_it/renderer.py,list_item_open,219,STATEMENT_REPLACEMENT,    token = tokens[idx],    token = None
Me96745c4fb55ae5c,auto_non_equivalent,1,8,0,0,0,0,0,0,0,specified,markdown_it/rules_block/reference.py,reference,143,BOOLEAN_CONNECTOR,            if not isSpace(ch):,            if isSpace(ch):
Me96ba6208660d1c6,auto_non_equivalent,1,8,0,0,0,0,0,0,0,specified,markdown_it/rules_inline/balance_pairs.py,processDelimiters,20,CONSTANT_REPLACEMENT,    closerIdx = 0,    closerIdx = None
Me9852c2d5f51d84b,auto_non_equivalent,1,8,0,0,0,0,0,0,0,specified,markdown_it/rules_inline/backticks.py,backtick,53,CALL_ARGUMENT,"                token.content = state.src[pos:matchStart].replace(""\n"", "" "")","                token.content = state.src[pos:matchStart].replace(None, "" "")"
Me9af951760199920,auto_non_equivalent,1,8,0,0,0,0,0,0,0,specified,markdown_it/renderer.py,renderToken,142,COMPARISON,"    result += (""</"" if token.nesting == -1 else ""<"") + token.tag","    result -= (""</"" if token.nesting == -1 else ""<"") + token.tag"
Me9b4ab411546407c,auto_non_equivalent,1,8,0,0,0,0,0,0,0,specified,markdown_it/helpers/parse_link_title.py,parseLinkTitle,43,CALL_ARGUMENT,"        marker = charCodeAt(string, pos)","        marker = charCodeAt(string, )"
Me9b87e2460bff11b,auto_non_equivalent,1,8,0,0,0,0,0,0,0,specified,markdown_it/ruler.py,getRules,267,BOOLEAN_CONNECTOR,"    return self.__cache__.get(chainName, []) or []","    return self.__cache__.get(None, []) or []"
Me9b9f06e60e2ae63,auto_non_equivalent,1,8,0,0,0,0,0,0,0,specified,markdown_it/helpers/parse_link_destination.py,parseLinkDestination,68,COMPARISON,        if code == 0x29:  # /* ) */),        if code != 0x29:  # /* ) */)
Me9c8207fa3cc9f97,auto_non_equivalent,1,8,0,0,0,0,0,0,0,specified,markdown_it/rules_block/reference.py,reference,151,CONSTANT_REPLACEMENT,    label = normalizeReference(string[1:labelEnd]),    label = normalizeReference(string[2:labelEnd])
Me9cb633b8fcc0936,auto_non_equivalent,1,8,0,0,0,0,0,0,0,specified,markdown_it/rules_block/reference.py,reference,78,CALL_ARGUMENT,"    destRes = state.md.helpers.parseLinkDestination(string, pos, maximum)","    destRes = state.md.helpers.parseLinkDestination(string, pos, )"
Me9d00efbb4007669,auto_non_equivalent,1,8,0,0,0,0,0,0,0,specified,markdown_it/renderer.py,renderInlineAsText,202,COMPARISON,"        elif token.type == ""image"":","        elif token.type != ""image"":"
Me9d25dce3d116dce,auto_non_equivalent,1,8,0,0,0,0,0,0,0,specified,markdown_it/renderer.py,renderAttrs,178,ARITHMETIC,"        result += "" "" + escapeHtml(key) + '=""' + escapeHtml(str(value)) + '""'","        result = "" "" + escapeHtml(key) + '=""' + escapeHtml(str(value)) + '""'"
Me9d31c76f4b526a7,auto_non_equivalent,1,8,0,0,0,0,0,0,0,specified,markdown_it/rules_block/lheading.py,lheading,81,ARITHMETIC,"    token = state.push(""heading_close"", ""h"" + str(level), -1)","    token = state.push(""heading_close"", ""h"" + str(level), None)"
Me9d73f6ac5512cda,auto_non_equivalent,1,8,0,0,0,0,0,0,0,specified,markdown_it/rules_inline/entity.py,entity,27,COMPARISON,"                    int(match1[1:], 16) if match1[0].lower() == ""x"" else int(match1, 10)","                    int(match1[1:], 16) if match1[0].lower() == ""x"" else int(match1, None)"
Me9edd376355275fc,auto_non_equivalent,1,8,0,0,0,0,0,0,0,specified,markdown_it/rules_block/list.py,skipBulletListMarker,20,CONSTANT_REPLACEMENT,    pos += 1,    pos += 2
Me9fb7c520b7dc6fb,auto_non_equivalent,1,8,0,0,0,0,0,0,0,specified,markdown_it/rules_block/lheading.py,lheading,68,CONSTANT_REPLACEMENT,"    content = state.getLines(startLine, nextLine, state.blkIndent, False).strip()","    content = state.getLines(nextLine, state.blkIndent, False).strip()"
Mea05cd11a977f6f3,auto_non_equivalent,1,8,0,0,0,0,0,0,0,specified,markdown_it/rules_inline/fragments_join.py,fragments_join,50,ARITHMETIC,        last += 1,        last -= 1
Mea0f3083d4b44ad6,auto_non_equivalent,1,8,0,0,0,0,0,0,0,specified,markdown_it/helpers/parse_link_destination.py,parseLinkDestination,64,ARITHMETIC,            level += 1,            level = 1
Mea14cda54d99e665,auto_non_equivalent,1,8,0,0,0,0,0,0,0,specified,markdown_it/rules_inline/entity.py,entity,27,COMPARISON,"                    int(match1[1:], 16) if match1[0].lower() == ""x"" else int(match1, 10)","                    int(match1[1:], 16) if match1[0].lower() == ""x"" else int(None, 10)"
Mea1b970a2a364f4b,auto_non_equivalent,1,8,0,0,0,0,0,0,0,specified,markdown_it/rules_block/list.py,list_block,281,CONSTANT_REPLACEMENT,"            state.line = min(state.line + 2, endLine)","            state.line = min(state.line + 2, )"
Mea1da5145e000aac,auto_non_equivalent,1,8,0,0,0,0,0,0,0,specified,markdown_it/rules_inline/html_inline.py,html_inline,35,ARITHMETIC,        token.content = state.src[pos : pos + len(match.group(0))],        token.content = None
Mea38db16714e4de1,auto_non_equivalent,1,8,0,0,0,0,0,0,0,specified,markdown_it/rules_block/paragraph.py,paragraph,48,CONSTANT_REPLACEMENT,        nextLine += 1,        nextLine += 2
Mea4f72e209c2d2d1,auto_non_equivalent,1,8,0,0,0,0,0,0,0,specified,markdown_it/rules_block/reference.py,reference,18,CALL_ARGUMENT,    if state.is_code_block(startLine):,    if state.is_code_block(None):
Mea50d71f187c6a36,auto_non_equivalent,1,8,0,0,0,0,0,0,0,specified,markdown_it/main.py,__init__,60,BOOLEAN_CONNECTOR,"    if options_update and not isinstance(options_update, Mapping):","    if options_update or not isinstance(options_update, Mapping):"
Mea5bad91c8b8ad3a,auto_non_equivalent,1,8,0,0,0,0,0,0,0,specified,markdown_it/rules_block/fence.py,make_fence_rule,111,CALL_ARGUMENT,            if state.is_code_block(nextLine):,            if state.is_code_block(None):
Mea7be0da1590c4ac,auto_non_equivalent,1,8,0,0,0,0,0,0,0,specified,markdown_it/rules_block/list.py,list_block,206,STATEMENT_REPLACEMENT,            ch = state.src[pos],            ch = None
Mea89c182d3b36433,auto_non_equivalent,1,8,0,0,0,0,0,0,0,specified,markdown_it/parser_inline.py,skipToken,172,STATEMENT_REPLACEMENT,    cache[pos] = state.pos,    cache[pos] = None
Mea8d1155275be5a8,auto_non_equivalent,1,8,0,0,0,0,0,0,0,specified,markdown_it/rules_inline/image.py,image,21,CONSTANT_REPLACEMENT,    labelStart = state.pos + 2,    labelStart = state.pos + 3
Mea96d79e2738ad80,auto_non_equivalent,1,8,0,0,0,0,0,0,0,specified,markdown_it/main.py,parse,271,CALL_ARGUMENT,"    state = StateCore(src, self, env)","    state = StateCore(None, self, env)"
Meaa028580ab66a18,auto_non_equivalent,1,8,0,0,0,0,0,0,0,specified,markdown_it/rules_block/blockquote.py,blockquote,241,CONTROL_FLOW,                break,                return
Meaa0b34268cacb25,auto_non_equivalent,1,8,0,0,0,0,0,0,0,specified,markdown_it/rules_block/blockquote.py,blockquote,46,STATEMENT_REPLACEMENT,"    if second_char == "" "":","    if second_char == ""XX XX"":"
Meaa88456a789957b,auto_non_equivalent,1,8,0,0,0,0,0,0,0,specified,markdown_it/rules_block/reference.py,reference,125,STATEMENT_REPLACEMENT,        pos = destEndPos,        pos = None
Meabfba06c61977ca,auto_non_equivalent,1,8,0,0,0,0,0,0,0,specified,markdown_it/ruler.py,push,187,CONSTANT_REPLACEMENT,"        Rule[RuleFuncTv](ruleName, True, fn, (options or {}).get(""alt"", []))","        Rule[RuleFuncTv](ruleName, True, (options or {}).get(""alt"", []))"
Meac448682e6d3555,auto_non_equivalent,1,8,0,0,0,0,0,0,0,specified,markdown_it/rules_inline/emphasis.py,_postProcess,76,STATEMENT_REPLACEMENT,"        token.tag = ""strong"" if isStrong else ""em""","        token.tag = ""strong"" if isStrong else ""EM"""
Mead5b0f05560695d,auto_non_equivalent,1,8,0,0,0,0,0,0,0,specified,markdown_it/rules_inline/image.py,image,116,CONSTANT_REPLACEMENT,"        ref = state.env[""references""].get(label, None)","        ref = state.env[""references""].get(None, None)"
Mead5cd452b5f7e53,auto_non_equivalent,1,8,0,0,0,0,0,0,0,specified,markdown_it/helpers/parse_link_title.py,parseLinkTitle,73,CONSTANT_REPLACEMENT,    state.can_continue = True,    state.can_continue = False
Meae3efbbe4cc46f2,auto_non_equivalent,1,8,0,0,0,0,0,0,0,specified,markdown_it/rules_inline/backticks.py,backtick,53,CALL_ARGUMENT,"                token.content = state.src[pos:matchStart].replace(""\n"", "" "")","                token.content = state.src[pos:matchStart].replace(""XX\nXX"", "" "")"
Meb2da43be616c8ab,auto_non_equivalent,1,8,0,0,0,0,0,0,0,specified,markdown_it/rules_inline/image.py,image,134,CONSTANT_REPLACEMENT,"        token = state.push(""image"", ""img"", 0)","        token = state.push(""img"", 0)"
Meb2ef22a3089bddc,auto_non_equivalent,1,8,0,0,0,0,0,0,0,specified,markdown_it/rules_block/heading.py,heading,35,ARITHMETIC,        level += 1,        level -= 1
Meb39c1234f153b9d,auto_non_equivalent,1,8,0,0,0,0,0,0,0,specified,markdown_it/rules_inline/link.py,link,145,ARITHMETIC,"        token = state.push(""link_close"", ""a"", -1)","        token = state.push(""link_close"", ""a"", )"
Meb3c06e8d813d3ca,auto_non_equivalent,1,8,0,0,0,0,0,0,0,specified,markdown_it/rules_block/lheading.py,lheading,15,STATEMENT_REPLACEMENT,"    terminatorRules = ruler.getRules(""paragraph"")",    terminatorRules = None
Meb641e4223091b10,auto_non_equivalent,1,8,0,0,0,0,0,0,0,specified,markdown_it/rules_block/state_block.py,getLines,242,CONTROL_FLOW,                break,                return
Meb6c925cfa0deb3d,auto_non_equivalent,1,8,0,0,0,0,0,0,0,specified,markdown_it/main.py,render,287,CALL_ARGUMENT,"    return self.renderer.render(self.parse(src, env), self.options, env)","    return self.renderer.render(self.parse(None, env), self.options, env)"
Meb86e21d616fbbfe,auto_non_equivalent,1,8,0,0,0,0,0,0,0,specified,markdown_it/rules_block/html_block.py,html_block,80,ARITHMETIC,                    nextLine += 1,                    nextLine = 1
Meba9707ea8612e0e,auto_non_equivalent,1,8,0,0,0,0,0,0,0,specified,markdown_it/parser_block.py,parse,111,STATEMENT_REPLACEMENT,"    state = StateBlock(src, md, env, outTokens)",    state = None
Mebd1592266e9689b,auto_non_equivalent,1,8,0,0,0,0,0,0,0,specified,markdown_it/rules_inline/emphasis.py,_postProcess,83,STATEMENT_REPLACEMENT,"        token.tag = ""strong"" if isStrong else ""em""","        token.tag = ""STRONG"" if isStrong else ""em"""
Mebd4666f77ef82ee,auto_non_equivalent,1,8,0,0,0,0,0,0,0,specified,markdown_it/renderer.py,image,325,CALL_ARGUMENT,"        token.attrSet(""alt"", self.renderInlineAsText(token.children, options, env))","        token.attrSet(""alt"", None)"
Mebdcfe3f601d0d07,auto_non_equivalent,1,8,0,0,0,0,0,0,0,specified,markdown_it/rules_inline/entity.py,entity,45,CONSTANT_REPLACEMENT,"                token = state.push(""text_special"", """", 0)","                token = state.push(""XXtext_specialXX"", """", 0)"
Mebf929bef0b99b3f,auto_non_equivalent,1,8,0,0,0,0,0,0,0,specified,markdown_it/rules_inline/html_inline.py,html_inline,34,CONSTANT_REPLACEMENT,"        token = state.push(""html_inline"", """", 0)","        token = state.push(""html_inline"", """", 1)"
Mec17a7ae9a8b6878,auto_non_equivalent,1,8,0,0,0,0,0,0,0,specified,markdown_it/renderer.py,renderToken,156,CONSTANT_REPLACEMENT,            nextToken = tokens[idx + 1],            nextToken = tokens[idx + 2]
Mec579da7272b076a,auto_non_equivalent,1,8,0,0,0,0,0,0,0,specified,markdown_it/rules_inline/image.py,image,22,ARITHMETIC,"    labelEnd = state.md.helpers.parseLinkLabel(state, state.pos + 1, False)",    labelEnd = None
Mec618984a4a8d06e,auto_non_equivalent,1,8,0,0,0,0,0,0,0,specified,markdown_it/rules_inline/newline.py,newline,21,COMPARISON,"        if pmax >= 0 and charStrAt(state.pending, pmax) == "" "":","        if pmax >= 0 or charStrAt(state.pending, pmax) == "" "":"
Mec86354429347b61,auto_non_equivalent,1,8,0,0,0,0,0,0,0,specified,markdown_it/renderer.py,renderInlineAsText,199,COMPARISON,    for token in tokens or []:,    for token in tokens and []:
Meca36f8bdf2b388b,auto_non_equivalent,1,8,0,0,0,0,0,0,0,specified,markdown_it/common/normalize_url.py,normalizeLinkText,63,ARITHMETIC,"    return mdurl.decode(mdurl.format(parsed), mdurl.DECODE_DEFAULT_CHARS + ""%"")","    return mdurl.decode(mdurl.format(parsed), mdurl.DECODE_DEFAULT_CHARS - ""%"")"
Mecb73378e2a2a85c,auto_non_equivalent,1,8,0,0,0,0,0,0,0,specified,markdown_it/rules_inline/html_inline.py,html_inline,34,CONSTANT_REPLACEMENT,"        token = state.push(""html_inline"", """", 0)","        token = state.push(""html_inline"", """", None)"
Mecf29bc539bf1244,auto_non_equivalent,1,8,0,0,0,0,0,0,0,specified,markdown_it/helpers/parse_link_title.py,__init__,16,STATEMENT_REPLACEMENT,"    self.str = """"",    self.str = None
Med0f498387f0877c,auto_non_equivalent,1,8,0,0,0,0,0,0,0,specified,markdown_it/rules_block/state_block.py,skipSpaces,156,CONTROL_FLOW,            break,            return
Med4d4d691fb8b30e,auto_non_equivalent,1,8,0,0,0,0,0,0,0,specified,markdown_it/rules_inline/image.py,image,100,STATEMENT_REPLACEMENT,"            pos = state.md.helpers.parseLinkLabel(state, pos)",            pos = None
Med6e00ee3821725c,auto_non_equivalent,1,8,0,0,0,0,0,0,0,specified,markdown_it/rules_inline/autolink.py,autolink,70,ARITHMETIC,"            token = state.push(""link_close"", ""a"", -1)",            token = None
Med744e967634a391,auto_non_equivalent,1,8,0,0,0,0,0,0,0,specified,markdown_it/rules_inline/backticks.py,backtick,51,CONSTANT_REPLACEMENT,"                token = state.push(""code_inline"", ""code"", 0)","                token = state.push(""code_inline"", 0)"
Meda1dca8d7c15326,auto_non_equivalent,1,8,0,0,0,0,0,0,0,specified,markdown_it/rules_block/list.py,markTightParagraphs,94,COMPARISON,"        if state.tokens[i].level == level and state.tokens[i].type == ""paragraph_open"":","        if state.tokens[i].level == level or state.tokens[i].type == ""paragraph_open"":"
Meda5e890cc519d12,auto_non_equivalent,1,8,0,0,0,0,0,0,0,specified,markdown_it/rules_block/state_block.py,getLines,227,ARITHMETIC,            self.eMarks[line] + 1,            self.eMarks[line] - 1
Medb4ceadcffa1533,auto_non_equivalent,1,8,0,0,0,0,0,0,0,specified,markdown_it/rules_inline/balance_pairs.py,processDelimiters,82,CONSTANT_REPLACEMENT,                    and (opener.length % 3 != 0 or closer.length % 3 != 0),                    and (opener.length % 4 != 0 or closer.length % 3 != 0)
Medd3eb29b012dab5,auto_non_equivalent,1,8,0,0,0,0,0,0,0,specified,markdown_it/renderer.py,renderToken,138,CONSTANT_REPLACEMENT,    if token.block and token.nesting != -1 and idx and tokens[idx - 1].hidden:,    if token.block and token.nesting != -2 and idx and tokens[idx - 1].hidden:
Meddb609cd4d57622,auto_non_equivalent,1,8,0,0,0,0,0,0,0,specified,markdown_it/rules_block/hr.py,hr,52,CONSTANT_REPLACEMENT,"    token = state.push(""hr"", ""hr"", 0)","    token = state.push(""hr"", 0)"
Medea22278f1cbbd6,auto_non_equivalent,1,8,0,0,0,0,0,0,0,specified,markdown_it/rules_inline/balance_pairs.py,processDelimiters,31,COMPARISON,"            delimiters[headerIdx].marker != closer.marker
            or lastTokenIdx != closer.token - 1",            delimiters[headerIdx].marker != closer.marker and lastTokenIdx != closer.token - 1
Medf97819107a1080,auto_non_equivalent,1,8,0,0,0,0,0,0,0,specified,markdown_it/ruler.py,after,172,ARITHMETIC,"        index + 1, Rule[RuleFuncTv](ruleName, True, fn, options.get(""alt"", []))","        index + 1, Rule[RuleFuncTv](ruleName, True, None, options.get(""alt"", []))"
Mee1cb0f27d95127e,auto_non_equivalent,1,7,1,0,0,0,0,0,0,specified,markdown_it/rules_block/state_block.py,getLines,236,ARITHMETIC,                    lineIndent += 4 - (lineIndent + self.bsCount[line]) % 4,                    lineIndent -= 4 - (lineIndent + self.bsCount[line]) % 4
Mee3e9221fb4a2364,auto_non_equivalent,1,8,0,0,0,0,0,0,0,specified,markdown_it/rules_inline/link.py,link,20,CONSTANT_REPLACEMENT,"    labelEnd = state.md.helpers.parseLinkLabel(state, state.pos, True)",    labelEnd = None
Mee435c053af4a88b,auto_non_equivalent,1,8,0,0,0,0,0,0,0,specified,markdown_it/rules_inline/link.py,link,38,ARITHMETIC,        pos += 1,        pos = 1
Mee5f7893b3cd5789,auto_non_equivalent,1,8,0,0,0,0,0,0,0,specified,markdown_it/renderer.py,renderInlineAsText,197,STATEMENT_REPLACEMENT,"    result = """"",    result = None
Mee685b99dc17f34e,auto_non_equivalent,1,8,0,0,0,0,0,0,0,specified,markdown_it/rules_block/code.py,code,33,CONSTANT_REPLACEMENT,"    token.content = state.getLines(startLine, last, 4 + state.blkIndent, False) + ""\n""","    token.content = state.getLines(last, 4 + state.blkIndent, False) + ""\n"""
Mee95d2f64d3cf053,auto_non_equivalent,1,8,0,0,0,0,0,0,0,specified,markdown_it/rules_block/list.py,list_block,294,CONSTANT_REPLACEMENT,        prevEmptyEnd = (state.line - startLine) > 1 and state.isEmpty(state.line - 1),        prevEmptyEnd = (state.line - startLine) > 2 and state.isEmpty(state.line - 1)
Mee9ef3b4a3a9b1fa,auto_non_equivalent,1,8,0,0,0,0,0,0,0,specified,markdown_it/rules_block/paragraph.py,paragraph,54,CONSTANT_REPLACEMENT,"    token = state.push(""paragraph_open"", ""p"", 1)","    token = state.push(""XXparagraph_openXX"", ""p"", 1)"
Meea460e30a2a2f42,auto_non_equivalent,1,8,0,0,0,0,0,0,0,specified,markdown_it/renderer.py,renderInlineAsText,200,COMPARISON,"        if token.type == ""text"":","        if token.type != ""text"":"
Meeaed6bec0bc915b,auto_non_equivalent,1,8,0,0,0,0,0,0,0,specified,markdown_it/rules_block/reference.py,reference,78,CALL_ARGUMENT,"    destRes = state.md.helpers.parseLinkDestination(string, pos, maximum)","    destRes = state.md.helpers.parseLinkDestination(string, maximum)"
Meeb3bcdf5a1f1837,auto_non_equivalent,1,8,0,0,0,0,0,0,0,specified,markdown_it/rules_inline/emphasis.py,tokenize,16,CALL_ARGUMENT,"    if marker not in (""_"", ""*""):","    if marker not in (""XX_XX"", ""*""):"
Meebf923cca50569e,auto_non_equivalent,1,7,1,0,0,0,0,0,0,specified,markdown_it/rules_block/state_block.py,getLines,236,CONSTANT_REPLACEMENT,                    lineIndent += 4 - (lineIndent + self.bsCount[line]) % 4,                    lineIndent += 5 - (lineIndent + self.bsCount[line]) % 4
Meecd19aa13b5f1a4,auto_non_equivalent,1,8,0,0,0,0,0,0,0,specified,markdown_it/rules_inline/state_inline.py,scanDelims,157,BOOLEAN_CONNECTOR,        or (isLastPunctChar and not (isNextWhiteSpace or isNextPunctChar)),        or (isLastPunctChar and (isNextWhiteSpace or isNextPunctChar))
Meecf4d7eea5eb9f2,auto_non_equivalent,1,8,0,0,0,0,0,0,0,specified,markdown_it/rules_inline/backticks.py,backtick,37,STATEMENT_REPLACEMENT,"            matchStart = state.src.index(""`"", matchEnd)",            matchStart = None
Meed914f8c7f3b814,auto_non_equivalent,1,8,0,0,0,0,0,0,0,specified,markdown_it/rules_inline/balance_pairs.py,processDelimiters,62,COMPARISON,        while openerIdx > minOpenerIdx:,        while openerIdx >= minOpenerIdx:
Meed9d4e39a94378b,auto_non_equivalent,1,8,0,0,0,0,0,0,0,specified,markdown_it/rules_block/html_block.py,html_block,63,CONSTANT_REPLACEMENT,        return html_seq[2],        return html_seq[3]
Meedd9076ba90ffe0,auto_non_equivalent,1,8,0,0,0,0,0,0,0,specified,markdown_it/helpers/parse_link_destination.py,parseLinkDestination,61,CONTROL_FLOW,            continue,            break
Mef14ca1bfcc160e8,auto_non_equivalent,1,8,0,0,0,0,0,0,0,specified,markdown_it/rules_block/code.py,code,33,ARITHMETIC,"    token.content = state.getLines(startLine, last, 4 + state.blkIndent, False) + ""\n""","    token.content = state.getLines(startLine, None, 4 + state.blkIndent, False) + ""\n"""
Mef1aefe351f6d989,auto_non_equivalent,1,8,0,0,0,0,0,0,0,specified,markdown_it/rules_block/lheading.py,lheading,56,CONSTANT_REPLACEMENT,"            if terminatorRule(state, nextLine, endLine, True):","            if terminatorRule(state, nextLine, endLine, None):"
Mef201bea37026d6e,auto_non_equivalent,1,6,2,0,0,0,0,0,0,specified,markdown_it/rules_inline/newline.py,newline,21,CONSTANT_REPLACEMENT,"        if pmax >= 0 and charStrAt(state.pending, pmax) == "" "":","        if pmax >= 1 and charStrAt(state.pending, pmax) == "" "":"
Mef3ab100fcf84e44,auto_non_equivalent,1,8,0,0,0,0,0,0,0,specified,markdown_it/rules_block/reference.py,reference,82,STATEMENT_REPLACEMENT,    href = state.md.normalizeLink(destRes.str),    href = None
Mef4ad0d0004c7eff,auto_non_equivalent,1,8,0,0,0,0,0,0,0,specified,markdown_it/parser_inline.py,skipToken,139,STATEMENT_REPLACEMENT,"    maxNesting = state.md.options[""maxNesting""]","    maxNesting = state.md.options[""MAXNESTING""]"
Mef524ff9b1ecb99a,auto_non_equivalent,1,8,0,0,0,0,0,0,0,specified,markdown_it/rules_core/block.py,block,13,CALL_ARGUMENT,"        state.md.block.parse(state.src, state.md, state.env, state.tokens)","        state.md.block.parse(None, state.md, state.env, state.tokens)"
Mef611f7d9adb1af6,auto_non_equivalent,1,8,0,0,0,0,0,0,0,specified,markdown_it/ruler.py,at,120,STATEMENT_REPLACEMENT,    index = self.__find__(ruleName),    index = None
Mef7916eb4a26c6f4,auto_non_equivalent,1,8,0,0,0,0,0,0,0,specified,markdown_it/rules_inline/emphasis.py,_postProcess,67,COMPARISON,            and delimiters[i - 1].token == startDelim.token - 1,            and delimiters[i - 1].token != startDelim.token - 1
Mef7e721957ad3cc3,auto_non_equivalent,1,8,0,0,0,0,0,0,0,specified,markdown_it/rules_inline/html_inline.py,html_inline,16,CONSTANT_REPLACEMENT,"    if not state.md.options.get(""html"", None):","    if not state.md.options.get(""XXhtmlXX"", None):"
Mef8f4d3c42bb32ab,auto_non_equivalent,1,8,0,0,0,0,0,0,0,specified,markdown_it/rules_inline/backticks.py,backtick,26,COMPARISON,"    if state.backticksScanned and state.backticks.get(openerLength, 0) <= start:","    if state.backticksScanned or state.backticks.get(openerLength, 0) <= start:"
Mef9de7f31b63ba51,auto_non_equivalent,1,8,0,0,0,0,0,0,0,specified,markdown_it/rules_inline/emphasis.py,_postProcess,55,STATEMENT_REPLACEMENT,        endDelim = delimiters[startDelim.end],        endDelim = None
Mefa46d6daa466910,auto_non_equivalent,1,8,0,0,0,0,0,0,0,specified,markdown_it/rules_block/list.py,list_block,141,ARITHMETIC,        start = state.bMarks[startLine] + state.tShift[startLine],        start = None
Mefa8d01b4964636d,auto_non_equivalent,1,8,0,0,0,0,0,0,0,specified,markdown_it/rules_block/state_block.py,__init__,71,CONSTANT_REPLACEMENT,    start = pos = indent = offset = 0,    start = pos = indent = offset = None
Mefae19093ad97d81,auto_non_equivalent,1,8,0,0,0,0,0,0,0,specified,markdown_it/rules_inline/balance_pairs.py,processDelimiters,86,BOOLEAN_CONNECTOR,                if not isOddMatch:,                if isOddMatch:
Mefafc87d721a08f5,auto_non_equivalent,1,7,1,0,0,0,0,0,0,specified,markdown_it/rules_block/state_block.py,getLines,235,STATEMENT_REPLACEMENT,"                if ch == ""\t"":","                if ch == ""XX\tXX"":"
Mefb9bd93833840b6,auto_non_equivalent,1,8,0,0,0,0,0,0,0,specified,markdown_it/renderer.py,renderToken,138,COMPARISON,    if token.block and token.nesting != -1 and idx and tokens[idx - 1].hidden:,    if token.block and token.nesting == -1 and idx and tokens[idx - 1].hidden:
Mefbfe87cdaf977fa,auto_non_equivalent,1,8,0,0,0,0,0,0,0,specified,markdown_it/rules_block/lheading.py,lheading,81,ARITHMETIC,"    token = state.push(""heading_close"", ""h"" + str(level), -1)","    token = state.push(""heading_close"", ""h"" - str(level), -1)"
Meff2d61b372ec967,auto_non_equivalent,1,8,0,0,0,0,0,0,0,specified,markdown_it/rules_block/state_block.py,getLines,250,ARITHMETIC,            queue[i - 1] = self.src[first:last],            queue[i + 1] = self.src[first:last]
Mf00038b62be3dfc7,auto_non_equivalent,1,8,0,0,0,0,0,0,0,specified,markdown_it/rules_inline/newline.py,newline,35,CONSTANT_REPLACEMENT,"            state.push(""softbreak"", ""br"", 0)","            state.push(""SOFTBREAK"", ""br"", 0)"
Mf016c6fdcca77ff8,auto_non_equivalent,1,8,0,0,0,0,0,0,0,specified,markdown_it/rules_inline/emphasis.py,_postProcess,64,COMPARISON,            and delimiters[i - 1].end == startDelim.end + 1,            and delimiters[i - 1].end != startDelim.end + 1
Mf03eb0a200fdcc38,auto_non_equivalent,1,8,0,0,0,0,0,0,0,specified,markdown_it/rules_inline/entity.py,entity,27,CONSTANT_REPLACEMENT,"                    int(match1[1:], 16) if match1[0].lower() == ""x"" else int(match1, 10)","                    int(match1[1:], 16) if match1[0].lower() == ""X"" else int(match1, 10)"
Mf04dcaf241689ef3,auto_non_equivalent,1,8,0,0,0,0,0,0,0,specified,markdown_it/rules_core/text_join.py,text_join,31,COMPARISON,"                child_token.type == ""text""
                and new_tokens","                child_token.type == ""text"" or new_tokens"
Mf0572ba9d4319e74,auto_non_equivalent,1,8,0,0,0,0,0,0,0,specified,markdown_it/rules_block/state_block.py,__init__,85,CONSTANT_REPLACEMENT,                indent_found = True,                indent_found = False
Mf059ea9475658f4e,auto_non_equivalent,1,8,0,0,0,0,0,0,0,specified,markdown_it/helpers/parse_link_destination.py,parseLinkDestination,58,CONSTANT_REPLACEMENT,"            if charCodeAt(string, pos + 1) == 0x20:","            if charCodeAt(string, pos + 2) == 0x20:"
Mf064ad65dada2d5e,auto_non_equivalent,1,8,0,0,0,0,0,0,0,specified,markdown_it/helpers/parse_link_destination.py,parseLinkDestination,21,COMPARISON,"    if charCodeAt(string, pos) == 0x3C:  # /* < */","    if charCodeAt(string, None) == 0x3C:  # /* < */"
Mf07b8654151a104b,auto_non_equivalent,1,8,0,0,0,0,0,0,0,specified,markdown_it/rules_block/state_block.py,getLines,255,CALL_ARGUMENT,"    return """".join(queue)","    return ""XXXX"".join(queue)"
Mf08f5ef7a3f5515b,auto_non_equivalent,1,8,0,0,0,0,0,0,0,specified,markdown_it/rules_inline/entity.py,entity,27,CONSTANT_REPLACEMENT,"                    int(match1[1:], 16) if match1[0].lower() == ""x"" else int(match1, 10)","                    int(match1[1:], 16) if match1[0].lower() == ""x"" else int(match1, 11)"
Mf093cf67852cc035,auto_non_equivalent,1,8,0,0,0,0,0,0,0,specified,markdown_it/rules_inline/emphasis.py,_postProcess,84,ARITHMETIC,        token.nesting = -1,        token.nesting = None
Mf0a491d115e3fe0e,auto_non_equivalent,1,8,0,0,0,0,0,0,0,specified,markdown_it/rules_block/list.py,list_block,341,CALL_ARGUMENT,"            posAfterMarker = skipBulletListMarker(state, nextLine)","            posAfterMarker = skipBulletListMarker(state, None)"
Mf0a5d595bcd69359,auto_non_equivalent,1,8,0,0,0,0,0,0,0,specified,markdown_it/rules_block/fence.py,make_fence_rule,59,COMPARISON,        if pos + min_markers > maximum:,        if pos + min_markers >= maximum:
Mf0b7ce2014071dbe,auto_non_equivalent,1,8,0,0,0,0,0,0,0,specified,markdown_it/rules_block/html_block.py,html_block,44,CONSTANT_REPLACEMENT,"    if not state.md.options.get(""html"", None):","    if not state.md.options.get(""HTML"", None):"
Mf0cae3a29811d8e6,auto_non_equivalent,1,8,0,0,0,0,0,0,0,specified,markdown_it/rules_block/blockquote.py,blockquote,143,ARITHMETIC,        pos = state.bMarks[nextLine] + state.tShift[nextLine],        pos = state.bMarks[nextLine] - state.tShift[nextLine]
Mf0d51ff413dacb61,auto_non_equivalent,1,8,0,0,0,0,0,0,0,specified,markdown_it/rules_inline/image.py,image,40,COMPARISON,"            if not isStrSpace(ch) and ch != ""\n"":","            if not isStrSpace(ch) and ch == ""\n"":"
Mf0fb700b8fa92174,auto_non_equivalent,1,8,0,0,0,0,0,0,0,specified,markdown_it/rules_inline/emphasis.py,_postProcess,69,COMPARISON,            and delimiters[startDelim.end + 1].token == endDelim.token + 1,            and delimiters[startDelim.end + 1].token == endDelim.token - 1
Mf106ede868dcfa1e,auto_non_equivalent,1,8,0,0,0,0,0,0,0,specified,markdown_it/rules_inline/state_inline.py,push,99,CALL_ARGUMENT,"    token = Token(ttype, tag, nesting)","    token = Token(None, tag, nesting)"
Mf108f5b7d44b86b1,auto_non_equivalent,1,8,0,0,0,0,0,0,0,specified,markdown_it/ruler.py,at,125,CALL_ARGUMENT,"    self.__rules__[index].alt = options.get(""alt"", [])","    self.__rules__[index].alt = options.get(""alt"", None)"
Mf10ed976f97e443e,auto_non_equivalent,1,8,0,0,0,0,0,0,0,specified,markdown_it/rules_inline/state_inline.py,scanDelims,157,BOOLEAN_CONNECTOR,        or (isLastPunctChar and not (isNextWhiteSpace or isNextPunctChar)),        or (isLastPunctChar and not (isNextWhiteSpace and isNextPunctChar))
Mf11e7e085aa677f9,auto_non_equivalent,1,8,0,0,0,0,0,0,0,specified,markdown_it/rules_inline/entity.py,entity,24,BOOLEAN_CONNECTOR,            if not silent:,            if silent:
Mf11f51835d0a16ff,auto_non_equivalent,1,8,0,0,0,0,0,0,0,specified,markdown_it/renderer.py,code_block,254,STATEMENT_REPLACEMENT,"        ""<pre""","        ""XX<preXX"""
Mf147a352c828b481,auto_non_equivalent,1,8,0,0,0,0,0,0,0,specified,markdown_it/rules_core/text_join.py,text_join,19,STATEMENT_REPLACEMENT,"        if inline_token.type != ""inline"":","        if inline_token.type != ""INLINE"":"
Mf150241fd757f0c6,auto_non_equivalent,1,8,0,0,0,0,0,0,0,specified,markdown_it/helpers/parse_link_title.py,parseLinkTitle,59,CALL_ARGUMENT,"        code = charCodeAt(string, pos)","        code = charCodeAt(None, pos)"
Mf15779293ae482a1,auto_non_equivalent,1,8,0,0,0,0,0,0,0,specified,markdown_it/rules_block/code.py,code,24,CONSTANT_REPLACEMENT,            nextLine += 1,            nextLine += 2
Mf179d54f8038b0bd,auto_non_equivalent,1,8,0,0,0,0,0,0,0,specified,markdown_it/renderer.py,code_inline,241,STATEMENT_REPLACEMENT,"        + ""</code>""","        + ""XX</code>XX"""
Mf1911d4c43ee132a,auto_non_equivalent,1,8,0,0,0,0,0,0,0,specified,markdown_it/rules_inline/balance_pairs.py,processDelimiters,63,STATEMENT_REPLACEMENT,            opener = delimiters[openerIdx],            opener = None
Mf192040901593a72,auto_non_equivalent,1,8,0,0,0,0,0,0,0,specified,markdown_it/rules_inline/backticks.py,backtick,16,CONSTANT_REPLACEMENT,    pos += 1,    pos += 2
Mf1a1f9e0aaae6c04,auto_non_equivalent,1,8,0,0,0,0,0,0,0,specified,markdown_it/ruler.py,enable,205,STATEMENT_REPLACEMENT,        idx = self.__find__(name),        idx = None
Mf1aa57a62eb85dfa,auto_non_equivalent,1,8,0,0,0,0,0,0,0,specified,markdown_it/rules_block/list.py,list_block,273,COMPARISON,        if contentStart >= maximum and state.isEmpty(startLine + 1):,        if contentStart >= maximum and state.isEmpty(startLine - 1):
Mf1b38e9842813df7,auto_non_equivalent,1,1,7,0,0,0,0,0,0,specified,markdown_it/renderer.py,renderToken,163,CONSTANT_REPLACEMENT,            elif nextToken.nesting == -1 and nextToken.tag == token.tag:,            elif nextToken.nesting == -2 and nextToken.tag == token.tag:
Mf1b4bfa816d95ab6,auto_non_equivalent,1,8,0,0,0,0,0,0,0,specified,markdown_it/rules_inline/text.py,text,19,ARITHMETIC,        state.pending += state.src[state.pos : pos],        state.pending = state.src[state.pos : pos]
Mf1b5c7194c39daa4,auto_non_equivalent,1,8,0,0,0,0,0,0,0,specified,markdown_it/rules_block/heading.py,heading,34,COMPARISON,"    while ch == ""#"" and pos < maximum and level <= 6:","    while ch == ""#"" or pos < maximum and level <= 6:"
Mf1b74b36097c65d9,auto_non_equivalent,1,8,0,0,0,0,0,0,0,specified,markdown_it/rules_inline/image.py,image,132,CALL_ARGUMENT,"        state.md.inline.parse(content, state.md, state.env, tokens)","        state.md.inline.parse(content, state.md, state.env, None)"
Mf1ca36e2d103c6c2,auto_non_equivalent,1,8,0,0,0,0,0,0,0,specified,markdown_it/rules_block/reference.py,reference,118,CALL_ARGUMENT,"        titleRes = state.md.helpers.parseLinkTitle(string, pos, maximum, titleRes)","        titleRes = state.md.helpers.parseLinkTitle(string, pos, None, titleRes)"
Mf1cfcc43d9ed31df,auto_non_equivalent,1,8,0,0,0,0,0,0,0,specified,markdown_it/rules_block/reference.py,getNextLine,221,CONSTANT_REPLACEMENT,"            if terminatorRule(state, nextLine, endLine, True):","            if terminatorRule(state, nextLine, endLine, False):"
Mf1da81c6342efc64,auto_non_equivalent,1,8,0,0,0,0,0,0,0,specified,markdown_it/rules_inline/image.py,image,84,STATEMENT_REPLACEMENT,"        if pos >= max or state.src[pos] != "")"":","        if pos >= max or state.src[pos] != ""XX)XX"":"
Mf1f6b3cafcf7fcf0,auto_non_equivalent,1,8,0,0,0,0,0,0,0,specified,markdown_it/ruler.py,after,172,ARITHMETIC,"        index + 1, Rule[RuleFuncTv](ruleName, True, fn, options.get(""alt"", []))","        None, Rule[RuleFuncTv](ruleName, True, fn, options.get(""alt"", []))"
Mf1f88d661baa3623,auto_non_equivalent,1,8,0,0,0,0,0,0,0,specified,markdown_it/rules_inline/entity.py,entity,43,COMPARISON,        if (match := NAMED_RE.search(state.src[pos:])) and match.group(1) in entities:,        if (match := NAMED_RE.search(state.src[pos:])) or match.group(1) in entities:
Mf210a5b20864afba,auto_non_equivalent,1,8,0,0,0,0,0,0,0,specified,markdown_it/rules_block/state_block.py,getLines,225,STATEMENT_REPLACEMENT,        lineStart = first = self.bMarks[line],        lineStart = first = None
Mf2208a47bdf2ff03,auto_non_equivalent,1,8,0,0,0,0,0,0,0,specified,markdown_it/helpers/parse_link_destination.py,parseLinkDestination,48,CALL_ARGUMENT,"        code = charCodeAt(string, pos)","        code = charCodeAt(string, None)"
Mf2232a55adaa6014,auto_non_equivalent,1,8,0,0,0,0,0,0,0,specified,markdown_it/rules_inline/balance_pairs.py,processDelimiters,14,STATEMENT_REPLACEMENT,    maximum = len(delimiters),    maximum = None
Mf229a45297dd58ae,auto_non_equivalent,1,8,0,0,0,0,0,0,0,specified,markdown_it/rules_block/list.py,list_block,232,CONSTANT_REPLACEMENT,"        token = state.push(""list_item_open"", ""li"", 1)","        token = state.push(""li"", 1)"
Mf22bb6b3f7ae4deb,auto_non_equivalent,1,8,0,0,0,0,0,0,0,specified,markdown_it/rules_block/list.py,list_block,229,ARITHMETIC,        indent = initial + indentAfterMarker,        indent = initial - indentAfterMarker
Mf2332505fcdfb769,auto_non_equivalent,1,8,0,0,0,0,0,0,0,specified,markdown_it/rules_inline/link.py,link,131,CONSTANT_REPLACEMENT,"        token = state.push(""link_open"", ""a"", 1)","        token = state.push(""a"", 1)"
Mf236a084297cf93a,auto_non_equivalent,1,8,0,0,0,0,0,0,0,specified,markdown_it/rules_block/list.py,list_block,341,CALL_ARGUMENT,"            posAfterMarker = skipBulletListMarker(state, nextLine)","            posAfterMarker = skipBulletListMarker(None, nextLine)"
Mf23c6078f734a0d7,auto_non_equivalent,1,8,0,0,0,0,0,0,0,specified,markdown_it/ruler.py,push,187,BOOLEAN_CONNECTOR,"        Rule[RuleFuncTv](ruleName, True, fn, (options or {}).get(""alt"", []))","        Rule[RuleFuncTv](ruleName, fn, (options or {}).get(""alt"", []))"
Mf25f3f1fbca4bcc0,auto_non_equivalent,1,8,0,0,0,0,0,0,0,specified,markdown_it/rules_inline/image.py,image,117,BOOLEAN_CONNECTOR,        if not ref:,        if ref:
Mf264919642009103,auto_non_equivalent,1,8,0,0,0,0,0,0,0,specified,markdown_it/rules_block/heading.py,heading,17,STATEMENT_REPLACEMENT,    maximum = state.eMarks[startLine],    maximum = None
Mf264ec3402cb6a3e,auto_non_equivalent,1,8,0,0,0,0,0,0,0,specified,markdown_it/renderer.py,fence,286,COMPARISON,"    if highlighted.startswith(""<pre""):",    if highlighted.startswith(None):
Mf297edab3b22ed5e,auto_non_equivalent,1,8,0,0,0,0,0,0,0,specified,markdown_it/rules_block/list.py,list_block,217,STATEMENT_REPLACEMENT,        contentStart = pos,        contentStart = None
Mf2af7460b3d4f304,auto_non_equivalent,1,8,0,0,0,0,0,0,0,specified,markdown_it/rules_block/list.py,list_block,174,CONSTANT_REPLACEMENT,"        token = state.push(""ordered_list_open"", ""ol"", 1)","        token = state.push(""ordered_list_open"", None, 1)"
Mf2b0c645a010d239,auto_non_equivalent,1,8,0,0,0,0,0,0,0,specified,markdown_it/rules_inline/image.py,image,98,COMPARISON,"        if pos < max and state.src[pos] == ""["":","        if pos <= max and state.src[pos] == ""["":"
Mf2bf28f71fe20148,auto_non_equivalent,1,8,0,0,0,0,0,0,0,specified,markdown_it/rules_block/code.py,code,16,CONSTANT_REPLACEMENT,    last = nextLine = startLine + 1,    last = nextLine = startLine + 2
Mf2d6372bc895ae7c,auto_non_equivalent,1,8,0,0,0,0,0,0,0,specified,markdown_it/renderer.py,fence,307,COMPARISON,"        + self.renderAttrs(token)
        + "">""","        + self.renderAttrs(token) - "">"""
Mf319eac910ebf8e6,auto_non_equivalent,1,8,0,0,0,0,0,0,0,specified,markdown_it/rules_inline/entity.py,entity,30,CONSTANT_REPLACEMENT,"                token = state.push(""text_special"", """", 0)","                token = state.push("""", 0)"
Mf32db52b85980803,auto_non_equivalent,1,6,0,0,2,0,0,0,0,specified,markdown_it/rules_inline/emphasis.py,tokenize,22,CONSTANT_REPLACEMENT,"        token = state.push(""text"", """", 0)","        token = state.push(""text"", """", 1)"
Mf32e4bd965cfd98e,auto_non_equivalent,1,8,0,0,0,0,0,0,0,specified,markdown_it/rules_block/list.py,skipOrderedListMarker,64,COMPARISON,        if ch_ord >= 0x30 and ch_ord <= 0x39:,        if ch_ord >= 0x30 or ch_ord <= 0x39:
Mf33b579905e2afec,auto_non_equivalent,1,8,0,0,0,0,0,0,0,specified,markdown_it/rules_block/list.py,list_block,176,STATEMENT_REPLACEMENT,"            token.attrs = {""start"": markerValue}","            token.attrs = {""START"": markerValue}"
Mf33ca9da1514bbd6,auto_non_equivalent,1,8,0,0,0,0,0,0,0,specified,markdown_it/helpers/parse_link_destination.py,parseLinkDestination,25,COMPARISON,            if code == 0x0A:  # /* \n */),            if code != 0x0A:  # /* \n */)
Mf3431964ed171fc5,auto_non_equivalent,1,8,0,0,0,0,0,0,0,specified,markdown_it/rules_block/list.py,list_block,189,CONSTANT_REPLACEMENT,    prevEmptyEnd = False,    prevEmptyEnd = True
Mf34bb713b86cfcd1,auto_non_equivalent,1,8,0,0,0,0,0,0,0,specified,markdown_it/rules_block/blockquote.py,blockquote,57,COMPARISON,        if (state.bsCount[startLine] + offset) % 4 == 3:,        if (state.bsCount[startLine] - offset) % 4 == 3:
Mf3500495e37d37cd,auto_non_equivalent,1,8,0,0,0,0,0,0,0,specified,markdown_it/rules_block/fence.py,make_fence_rule,136,ARITHMETIC,"        token.content = state.getLines(startLine + 1, nextLine, length, True)","        token.content = state.getLines(nextLine, length, True)"
Mf375d12278113a2e,auto_non_equivalent,1,8,0,0,0,0,0,0,0,specified,markdown_it/rules_inline/emphasis.py,postProcess,98,CALL_ARGUMENT,"    _postProcess(state, state.delimiters)","    _postProcess(None, state.delimiters)"
Mf38601f6f4ad15cf,auto_non_equivalent,1,8,0,0,0,0,0,0,0,specified,markdown_it/rules_block/state_block.py,isEmpty,133,COMPARISON,    return (self.bMarks[line] + self.tShift[line]) >= self.eMarks[line],    return (self.bMarks[line] + self.tShift[line]) > self.eMarks[line]
Mf3901489bbfa6f7e,auto_non_equivalent,1,8,0,0,0,0,0,0,0,specified,markdown_it/rules_block/list.py,list_block,286,CALL_ARGUMENT,"            state.md.block.tokenize(state, startLine, endLine)","            state.md.block.tokenize(state, startLine, )"
Mf3a3389d23329981,auto_non_equivalent,1,8,0,0,0,0,0,0,0,specified,markdown_it/renderer.py,renderInlineAsText,202,STATEMENT_REPLACEMENT,"        elif token.type == ""image"":","        elif token.type == ""IMAGE"":"
Mf3b068ba40f56150,auto_non_equivalent,1,8,0,0,0,0,0,0,0,specified,markdown_it/rules_inline/link.py,link,63,STATEMENT_REPLACEMENT,                ch = state.src[pos],                ch = None
Mf3fa8c91fd6fbfc0,auto_non_equivalent,1,8,0,0,0,0,0,0,0,specified,markdown_it/helpers/parse_link_destination.py,parseLinkDestination,25,CONSTANT_REPLACEMENT,            if code == 0x0A:  # /* \n */),            if code == 11:  # /* \n */)
Mf4021c7b6c40058a,auto_non_equivalent,1,8,0,0,0,0,0,0,0,specified,markdown_it/rules_block/state_block.py,__init__,90,CALL_ARGUMENT,            self.bMarks.append(start),            self.bMarks.append(None)
Mf4191258dd60ddb3,auto_non_equivalent,1,8,0,0,0,0,0,0,0,specified,markdown_it/rules_inline/state_inline.py,scanDelims,153,BOOLEAN_CONNECTOR,        or (isNextPunctChar and not (isLastWhiteSpace or isLastPunctChar)),        or (isNextPunctChar or not (isLastWhiteSpace or isLastPunctChar))
Mf43168df7624b4a1,auto_non_equivalent,1,8,0,0,0,0,0,0,0,specified,markdown_it/rules_block/hr.py,hr,35,CONSTANT_REPLACEMENT,    cnt = 1,    cnt = 2
Mf462ca47c55f04fc,auto_non_equivalent,1,8,0,0,0,0,0,0,0,specified,markdown_it/parser_block.py,tokenize,87,CONSTANT_REPLACEMENT,"            if rule(state, line, endLine, False):","            if rule(state, line, False):"
Mf484e4c9550dee9c,auto_non_equivalent,1,8,0,0,0,0,0,0,0,specified,markdown_it/common/utils.py,isValidEntityCode,66,COMPARISON,    if c >= 0x00 and c <= 0x08:,    if c >= 0x00 or c <= 0x08:
Mf4a54dd6de60e430,auto_non_equivalent,1,8,0,0,0,0,0,0,0,specified,markdown_it/rules_block/heading.py,heading,55,CONSTANT_REPLACEMENT,    state.line = startLine + 1,    state.line = startLine + 2
Mf4af754278ec3251,auto_non_equivalent,1,8,0,0,0,0,0,0,0,specified,markdown_it/rules_block/fence.py,make_fence_rule,136,ARITHMETIC,"        token.content = state.getLines(startLine + 1, nextLine, length, True)","        token.content = state.getLines(startLine + 1, nextLine, length, None)"
Mf4b9150f893c3514,auto_non_equivalent,1,8,0,0,0,0,0,0,0,specified,markdown_it/rules_block/reference.py,reference,53,ARITHMETIC,        pos += 1,        pos -= 1
Mf4cca654b7e492e5,auto_non_equivalent,1,8,0,0,0,0,0,0,0,specified,markdown_it/rules_inline/newline.py,newline,35,CONSTANT_REPLACEMENT,"            state.push(""softbreak"", ""br"", 0)","            state.push(""softbreak"", ""br"", 1)"
Mf4d084a6f65ad7f0,auto_non_equivalent,1,8,0,0,0,0,0,0,0,specified,markdown_it/rules_inline/image.py,image,69,CONSTANT_REPLACEMENT,"        res = state.md.helpers.parseLinkTitle(state.src, pos, state.posMax, None)",        res = None
Mf4ee774df6152d61,auto_non_equivalent,1,8,0,0,0,0,0,0,0,specified,markdown_it/renderer.py,renderInline,103,ARITHMETIC,"            result += self.rules[token.type](tokens, i, options, env)","            result -= self.rules[token.type](tokens, i, options, env)"
Mf4fed7b7601c14a2,auto_non_equivalent,1,2,0,0,6,0,0,0,0,specified,markdown_it/helpers/parse_link_destination.py,parseLinkDestination,73,ARITHMETIC,        pos += 1,        pos -= 1
Mf510bfc421ff7c0e,auto_non_equivalent,1,8,0,0,0,0,0,0,0,specified,markdown_it/rules_inline/entity.py,entity,45,CONSTANT_REPLACEMENT,"                token = state.push(""text_special"", """", 0)",                token = None
Mf53095a9799c06fe,auto_non_equivalent,1,8,0,0,0,0,0,0,0,specified,markdown_it/rules_inline/autolink.py,autolink,70,CONSTANT_REPLACEMENT,"            token = state.push(""link_close"", ""a"", -1)","            token = state.push(""link_close"", ""a"", -2)"
Mf5464b64dfc6a1d8,auto_non_equivalent,1,8,0,0,0,0,0,0,0,specified,markdown_it/rules_block/blockquote.py,blockquote,19,STATEMENT_REPLACEMENT,    max = state.eMarks[startLine],    max = None
Mf573764f9b4895fb,auto_non_equivalent,1,8,0,0,0,0,0,0,0,specified,markdown_it/rules_inline/image.py,image,114,STATEMENT_REPLACEMENT,        label = normalizeReference(label),        label = None
Mf577165f1dc1847b,auto_non_equivalent,1,8,0,0,0,0,0,0,0,specified,markdown_it/rules_inline/image.py,image,148,CONSTANT_REPLACEMENT,    return True,    return False
Mf5ad2fab15963658,auto_non_equivalent,1,8,0,0,0,0,0,0,0,specified,markdown_it/parser_inline.py,parse,210,CALL_ARGUMENT,"    state = StateInline(src, md, env, tokens)","    state = StateInline(None, md, env, tokens)"
Mf5aeb7eec7cd69ca,auto_non_equivalent,1,8,0,0,0,0,0,0,0,specified,markdown_it/renderer.py,fence,310,STATEMENT_REPLACEMENT,"        + ""</code></pre>\n""","        + ""XX</code></pre>\nXX"""
Mf5aef863b332b956,auto_non_equivalent,1,8,0,0,0,0,0,0,0,specified,markdown_it/rules_inline/emphasis.py,_postProcess,46,COMPARISON,        if startDelim.marker != 0x5F and startDelim.marker != 0x2A:,        if startDelim.marker != 0x5F or startDelim.marker != 0x2A:
Mf5beb4f0874ee46a,auto_non_equivalent,1,8,0,0,0,0,0,0,0,specified,markdown_it/rules_block/state_block.py,__init__,87,COMPARISON,"        if character == ""\n"" or pos == length - 1:","        if character == ""\n"" and pos == length - 1:"
Mf5c3532c5bcc9edb,auto_non_equivalent,1,8,0,0,0,0,0,0,0,specified,markdown_it/rules_inline/image.py,image,134,CONSTANT_REPLACEMENT,"        token = state.push(""image"", ""img"", 0)","        token = state.push(""image"", ""img"", None)"
Mf5d8e854ae0ccf4e,auto_non_equivalent,1,8,0,0,0,0,0,0,0,specified,markdown_it/rules_inline/balance_pairs.py,link_pairs,138,CONSTANT_REPLACEMENT,        curr += 1,        curr += 2
Mf5df718b9cab8438,auto_non_equivalent,1,8,0,0,0,0,0,0,0,specified,markdown_it/rules_block/list.py,list_block,374,CONSTANT_REPLACEMENT,    listLines[1] = nextLine,    listLines[2] = nextLine
Mf5dfe9a7bc933993,auto_non_equivalent,1,8,0,0,0,0,0,0,0,specified,markdown_it/rules_block/fence.py,make_fence_rule,71,ARITHMETIC,        length = pos - mem,        length = None
Mf5e36ac696fde07f,auto_non_equivalent,1,8,0,0,0,0,0,0,0,specified,markdown_it/renderer.py,code_block,254,STATEMENT_REPLACEMENT,"        ""<pre""","        ""<PRE"""
Mf5f4932bdd842ee1,auto_non_equivalent,1,8,0,0,0,0,0,0,0,specified,markdown_it/rules_inline/balance_pairs.py,processDelimiters,35,STATEMENT_REPLACEMENT,        lastTokenIdx = closer.token,        lastTokenIdx = None
Mf5f4c674f9faa420,auto_non_equivalent,1,8,0,0,0,0,0,0,0,specified,markdown_it/rules_inline/backticks.py,backtick,51,CONSTANT_REPLACEMENT,"                token = state.push(""code_inline"", ""code"", 0)",                token = None
Mf6166d818c82fa17,auto_non_equivalent,1,8,0,0,0,0,0,0,0,specified,markdown_it/rules_inline/autolink.py,autolink,56,COMPARISON,    if EMAIL_RE.search(url) is not None:,    if EMAIL_RE.search(url) is None:
Mf618e8b357f48047,auto_non_equivalent,1,8,0,0,0,0,0,0,0,specified,markdown_it/rules_block/list.py,markTightParagraphs,94,COMPARISON,"        if state.tokens[i].level == level and state.tokens[i].type == ""paragraph_open"":","        if state.tokens[i].level != level and state.tokens[i].type == ""paragraph_open"":"
Mf61f553c82a08ac2,auto_non_equivalent,1,8,0,0,0,0,0,0,0,specified,markdown_it/rules_inline/image.py,image,22,ARITHMETIC,"    labelEnd = state.md.helpers.parseLinkLabel(state, state.pos + 1, False)","    labelEnd = state.md.helpers.parseLinkLabel(state, False)"
Mf62e39706a1878c6,auto_non_equivalent,1,8,0,0,0,0,0,0,0,specified,markdown_it/ruler.py,push,187,BOOLEAN_CONNECTOR,"        Rule[RuleFuncTv](ruleName, True, fn, (options or {}).get(""alt"", []))","        Rule[RuleFuncTv](None, True, fn, (options or {}).get(""alt"", []))"
Mf63bcc523ae25323,auto_non_equivalent,1,8,0,0,0,0,0,0,0,specified,markdown_it/rules_inline/newline.py,newline,10,STATEMENT_REPLACEMENT,"    if state.src[pos] != ""\n"":","    if state.src[pos] != ""XX\nXX"":"
Mf63d4145db5b6ba6,auto_non_equivalent,1,8,0,0,0,0,0,0,0,specified,markdown_it/rules_block/list.py,list_block,210,STATEMENT_REPLACEMENT,"            elif ch == "" "":","            elif ch == ""XX XX"":"
Mf64a8015416e3846,auto_non_equivalent,1,8,0,0,0,0,0,0,0,specified,markdown_it/rules_block/paragraph.py,paragraph,50,CONSTANT_REPLACEMENT,"    content = state.getLines(startLine, nextLine, state.blkIndent, False).strip()","    content = state.getLines(startLine, None, state.blkIndent, False).strip()"
Mf64cdff35dc75300,auto_non_equivalent,1,8,0,0,0,0,0,0,0,specified,markdown_it/rules_inline/link.py,link,145,ARITHMETIC,"        token = state.push(""link_close"", ""a"", -1)","        token = state.push(""link_close"", None, -1)"
Mf683c425adaa0749,auto_non_equivalent,1,8,0,0,0,0,0,0,0,specified,markdown_it/rules_block/state_block.py,__init__,82,CONSTANT_REPLACEMENT,                    offset += 1,                    offset += 2
Mf6969ccf05d2052a,auto_non_equivalent,1,8,0,0,0,0,0,0,0,specified,markdown_it/rules_block/state_block.py,getLines,250,ARITHMETIC,            queue[i - 1] = self.src[first:last],            queue[i - 1] = None
Mf699756953413d5f,auto_non_equivalent,1,8,0,0,0,0,0,0,0,specified,markdown_it/rules_inline/autolink.py,autolink,62,CONSTANT_REPLACEMENT,"            token = state.push(""link_open"", ""a"", 1)","            token = state.push(""link_open"", ""a"", None)"
Mf69ced8b3b05e836,auto_non_equivalent,1,8,0,0,0,0,0,0,0,specified,markdown_it/rules_core/state_core.py,__init__,24,BOOLEAN_CONNECTOR,    self.tokens: list[Token] = tokens or [],    self.tokens: list[Token] = tokens and []
Mf6c8989d216e941f,auto_non_equivalent,1,8,0,0,0,0,0,0,0,specified,markdown_it/rules_inline/image.py,image,18,COMPARISON,"    if state.pos + 1 < state.posMax and state.src[state.pos + 1] != ""["":","    if state.pos + 1 < state.posMax and state.src[state.pos + 1] == ""["":"
Mf6d4a8f75819e03e,auto_non_equivalent,1,8,0,0,0,0,0,0,0,specified,markdown_it/rules_inline/emphasis.py,tokenize,28,ARITHMETIC,"                token=len(state.tokens) - 1,","                token=len(state.tokens) + 1,"
Mf6dde2f26ba1be2a,auto_non_equivalent,1,8,0,0,0,0,0,0,0,specified,markdown_it/common/utils.py,isStrSpace,169,COMPARISON,"    return ch in (""\t"", "" "")","    return ch not in (""\t"", "" "")"
Mf70b3adf138d3761,auto_non_equivalent,1,8,0,0,0,0,0,0,0,specified,markdown_it/parser_block.py,__init__,58,CALL_ARGUMENT,"        self.ruler.push(name, rule, {""alt"": alt})","        self.ruler.push(name, None, {""alt"": alt})"
Mf72a4a5efd44def9,auto_non_equivalent,1,8,0,0,0,0,0,0,0,specified,markdown_it/renderer.py,renderAttrs,178,CALL_ARGUMENT,"        result += "" "" + escapeHtml(key) + '=""' + escapeHtml(str(value)) + '""'","        result += ""XX XX"" + escapeHtml(key) + '=""' + escapeHtml(str(value)) + '""'"
Mf73f5c5f10c7b417,auto_non_equivalent,1,8,0,0,0,0,0,0,0,specified,markdown_it/rules_block/list.py,skipOrderedListMarker,51,COMPARISON,    if ch_ord < 0x30 or ch_ord > 0x39:,    if ch_ord <= 0x30 or ch_ord > 0x39:
Mf75f41cf1f15ed2d,auto_non_equivalent,1,8,0,0,0,0,0,0,0,specified,markdown_it/rules_inline/state_inline.py,push,114,STATEMENT_REPLACEMENT,"        token_meta = {""delimiters"": self.delimiters}",        token_meta = None
Mf77f3cec88b575eb,auto_non_equivalent,1,8,0,0,0,0,0,0,0,specified,markdown_it/rules_inline/backticks.py,backtick,20,COMPARISON,"    while pos < maximum and (state.src[pos] == ""`""):","    while pos < maximum or (state.src[pos] == ""`""):"
Mf780f35ef65dda53,auto_non_equivalent,1,8,0,0,0,0,0,0,0,specified,markdown_it/rules_block/reference.py,reference,27,STATEMENT_REPLACEMENT,    maximum = len(string),    maximum = None
Mf783fb4ae61bb999,auto_non_equivalent,1,8,0,0,0,0,0,0,0,specified,markdown_it/rules_block/blockquote.py,blockquote,106,CALL_ARGUMENT,"    terminatorRules = state.md.block.ruler.getRules(""blockquote"")","    terminatorRules = state.md.block.ruler.getRules(""XXblockquoteXX"")"
Mf78455c652ab4db4,auto_non_equivalent,1,8,0,0,0,0,0,0,0,specified,markdown_it/rules_block/list.py,list_block,119,COMPARISON,        and state.sCount[startLine] < state.blkIndent,        and state.sCount[startLine] <= state.blkIndent
Mf78f1bea2d4d161d,auto_non_equivalent,1,8,0,0,0,0,0,0,0,specified,markdown_it/rules_inline/balance_pairs.py,processDelimiters,81,CONSTANT_REPLACEMENT,                    and ((opener.length + closer.length) % 3 == 0),                    and ((opener.length + closer.length) % 3 == 1)
Mf7be4beec8cb8ad6,auto_non_equivalent,1,8,0,0,0,0,0,0,0,specified,markdown_it/rules_inline/autolink.py,autolink,49,CONSTANT_REPLACEMENT,"            token = state.push(""link_close"", ""a"", -1)","            token = state.push(""link_close"", -1)"
Mf7d4d50d72cb53b5,auto_non_equivalent,1,8,0,0,0,0,0,0,0,specified,markdown_it/helpers/parse_link_destination.py,parseLinkDestination,48,CALL_ARGUMENT,"        code = charCodeAt(string, pos)","        code = charCodeAt(None, pos)"
Mf7d53dad302f3499,auto_non_equivalent,1,8,0,0,0,0,0,0,0,specified,markdown_it/rules_inline/link.py,link,115,CONSTANT_REPLACEMENT,"        ref = state.env[""references""].get(label, None)","        ref = state.env[""XXreferencesXX""].get(label, None)"
Mf7de9058c72f3f20,auto_non_equivalent,1,8,0,0,0,0,0,0,0,specified,markdown_it/rules_inline/newline.py,newline,13,CONSTANT_REPLACEMENT,    pmax = len(state.pending) - 1,    pmax = len(state.pending) - 2
Mf7f3b2548a54d0f5,auto_non_equivalent,1,8,0,0,0,0,0,0,0,specified,markdown_it/rules_block/state_block.py,getLines,243,CONSTANT_REPLACEMENT,            first += 1,            first += 2
Mf7f988f1824c9c83,auto_non_equivalent,1,8,0,0,0,0,0,0,0,specified,markdown_it/rules_inline/autolink.py,autolink,53,CONSTANT_REPLACEMENT,        state.pos += len(url) + 2,        state.pos += len(url) + 3
Mf812d31e79ad147d,auto_non_equivalent,1,8,0,0,0,0,0,0,0,specified,markdown_it/rules_inline/image.py,image,134,CONSTANT_REPLACEMENT,"        token = state.push(""image"", ""img"", 0)","        token = state.push(""image"", ""IMG"", 0)"
Mf830f02fbf98fe2d,auto_non_equivalent,1,8,0,0,0,0,0,0,0,specified,markdown_it/rules_inline/emphasis.py,tokenize,19,COMPARISON,"    scanned = state.scanDelims(state.pos, marker == ""*"")","    scanned = state.scanDelims(None, marker == ""*"")"
Mf8700ee7d87e2940,auto_non_equivalent,1,7,0,1,0,0,0,0,0,specified,markdown_it/cli/parse.py,parse_args,113,CALL_ARGUMENT,"    parser.add_argument(""-v"", ""--version"", action=""version"", version=version_str)","    parser.add_argument(""XX-vXX"", ""--version"", action=""version"", version=version_str)"
Mf873bd3fe95cb1bc,auto_non_equivalent,1,8,0,0,0,0,0,0,0,specified,markdown_it/rules_block/blockquote.py,blockquote,192,STATEMENT_REPLACEMENT,            state.bMarks[nextLine] = pos,            state.bMarks[nextLine] = None
Mf8962219eb6852f0,auto_non_equivalent,1,8,0,0,0,0,0,0,0,specified,markdown_it/rules_block/code.py,code,33,ARITHMETIC,"    token.content = state.getLines(startLine, last, 4 + state.blkIndent, False) + ""\n""",    token.content = None
Mf8cbe2fb9baa4595,auto_non_equivalent,1,8,0,0,0,0,0,0,0,specified,markdown_it/rules_inline/escape.py,escape,33,CONTROL_FLOW,                break,                return
Mf8ed2e243e1d28d0,auto_non_equivalent,1,7,0,1,0,0,0,0,0,specified,markdown_it/cli/parse.py,parse_args,118,ARITHMETIC,"        ""filenames"", nargs=""*"", help=""specify an optional list of files to convert""","        ""filenames"", nargs=None, help=""specify an optional list of files to convert"""
Mf8f4f129f03f8787,auto_non_equivalent,1,8,0,0,0,0,0,0,0,specified,markdown_it/rules_inline/image.py,image,134,CONSTANT_REPLACEMENT,"        token = state.push(""image"", ""img"", 0)","        token = state.push(""image"", ""img"", )"
Mf92d14b7c9f8a4ca,auto_non_equivalent,1,8,0,0,0,0,0,0,0,specified,markdown_it/rules_block/list.py,list_block,322,CONTROL_FLOW,            break,            return
Mf93a5436a0c45ff0,auto_non_equivalent,1,8,0,0,0,0,0,0,0,specified,markdown_it/main.py,configure,125,BOOLEAN_CONNECTOR,"    options = config.get(""options"", {}) or {}","    options = config.get(None, {}) or {}"
Mf93eda4ad664013f,auto_non_equivalent,1,8,0,0,0,0,0,0,0,specified,markdown_it/cli/parse.py,convert_file,53,CALL_ARGUMENT,"        with open(filename, encoding=""utf8"") as fin:","        with open(filename, encoding=""XXutf8XX"") as fin:"
Mf95e3a67078e7f26,auto_non_equivalent,1,8,0,0,0,0,0,0,0,specified,markdown_it/rules_inline/backticks.py,backtick,46,ARITHMETIC,        closerLength = matchEnd - matchStart,        closerLength = None
Mf9a7c54b4883ec7f,auto_non_equivalent,1,8,0,0,0,0,0,0,0,specified,markdown_it/rules_block/list.py,list_block,215,CONSTANT_REPLACEMENT,            pos += 1,            pos += 2
Mf9e21d9ec4e2ebd4,auto_non_equivalent,1,8,0,0,0,0,0,0,0,specified,markdown_it/rules_inline/html_inline.py,html_inline,26,COMPARISON,"    if ch not in (""!"", ""?"", ""/"") and not isLetter(ord(ch)):  # /* / */","    if ch not in (""!"", ""?"", ""/"") and isLetter(ord(ch)):  # /* / */"
Mf9f26a4593621e29,auto_non_equivalent,1,8,0,0,0,0,0,0,0,specified,markdown_it/parser_inline.py,skipToken,152,CONSTANT_REPLACEMENT,"            ok = rule(state, True)","            ok = rule(None, True)"
Mfa006f166de8e813,auto_non_equivalent,1,8,0,0,0,0,0,0,0,specified,markdown_it/rules_block/paragraph.py,paragraph,54,CONSTANT_REPLACEMENT,"    token = state.push(""paragraph_open"", ""p"", 1)","    token = state.push(""paragraph_open"", ""p"", None)"
Mfa1300e9f1cc459a,auto_non_equivalent,1,8,0,0,0,0,0,0,0,specified,markdown_it/rules_core/normalize.py,normalize,17,CALL_ARGUMENT,"    string = NULL_RE.sub(""\ufffd"", string)",    string = NULL_RE.sub(string)
Mfa15f6501db97583,auto_non_equivalent,1,8,0,0,0,0,0,0,0,specified,markdown_it/rules_block/list.py,list_block,118,COMPARISON,"        and state.sCount[startLine] - state.listIndent >= 4
        and state.sCount[startLine] < state.blkIndent",        and state.sCount[startLine] - state.listIndent >= 4 or state.sCount[startLine] < state.blkIndent
Mfa328bd8ecd180bb,auto_non_equivalent,1,8,0,0,0,0,0,0,0,specified,markdown_it/rules_block/heading.py,heading,57,ARITHMETIC,"    token = state.push(""heading_open"", ""h"" + str(level), 1)","    token = state.push(""heading_open"", ""h"" + str(level), None)"
Mfa3bb343447386b8,auto_non_equivalent,1,8,0,0,0,0,0,0,0,specified,markdown_it/rules_inline/newline.py,newline,13,ARITHMETIC,    pmax = len(state.pending) - 1,    pmax = None
Mfa59f80e2115fddc,auto_non_equivalent,1,8,0,0,0,0,0,0,0,specified,markdown_it/rules_inline/image.py,image,62,STATEMENT_REPLACEMENT,            ch = state.src[pos],            ch = None
Mfa8978bdf140ecf5,auto_non_equivalent,1,8,0,0,0,0,0,0,0,specified,markdown_it/rules_block/reference.py,reference,166,CONSTANT_REPLACEMENT,"    if state.md.options.get(""inline_definitions"", False):","    if state.md.options.get(""inline_definitions"", True):"
Mfabf8b1b8a22ad26,auto_non_equivalent,1,8,0,0,0,0,0,0,0,specified,markdown_it/rules_inline/autolink.py,autolink,62,CONSTANT_REPLACEMENT,"            token = state.push(""link_open"", ""a"", 1)","            token = state.push(""link_open"", ""XXaXX"", 1)"
Mfac8f790de852315,auto_non_equivalent,1,8,0,0,0,0,0,0,0,specified,markdown_it/rules_block/fence.py,make_fence_rule,107,CONTROL_FLOW,                    continue,                    break
Mfaceb1f39fa34abb,auto_non_equivalent,1,8,0,0,0,0,0,0,0,specified,markdown_it/ruler.py,__compile__,107,CONTROL_FLOW,                continue,                break
Mfaef79d246bc74a0,auto_non_equivalent,1,8,0,0,0,0,0,0,0,specified,markdown_it/renderer.py,code_inline,239,COMPARISON,"        + "">""
        + escapeHtml(tokens[idx].content)","        + "">"" - escapeHtml(tokens[idx].content)"
Mfaf9ecd3965162f6,auto_non_equivalent,1,8,0,0,0,0,0,0,0,specified,markdown_it/rules_block/reference.py,reference,66,CONSTANT_REPLACEMENT,"            if (lineContent := getNextLine(state, nextLine)) is not None:","            if (lineContent := getNextLine(state, )) is not None:"
Mfb1404c471dd7808,auto_non_equivalent,1,8,0,0,0,0,0,0,0,specified,markdown_it/rules_inline/balance_pairs.py,link_pairs,128,STATEMENT_REPLACEMENT,    tokens_meta = state.tokens_meta,    tokens_meta = None
Mfb1ed23bd7c61ff3,auto_non_equivalent,1,8,0,0,0,0,0,0,0,specified,markdown_it/rules_block/list.py,list_block,190,CALL_ARGUMENT,"    terminatorRules = state.md.block.ruler.getRules(""list"")","    terminatorRules = state.md.block.ruler.getRules(""XXlistXX"")"
Mfb21326a091a07f5,auto_non_equivalent,1,8,0,0,0,0,0,0,0,specified,markdown_it/rules_inline/backticks.py,backtick,51,CONSTANT_REPLACEMENT,"                token = state.push(""code_inline"", ""code"", 0)","                token = state.push(""code"", 0)"
Mfb2b034a212569aa,auto_non_equivalent,1,8,0,0,0,0,0,0,0,specified,markdown_it/rules_inline/html_inline.py,html_inline,29,STATEMENT_REPLACEMENT,    match = HTML_TAG_RE.search(state.src[pos:]),    match = None
Mfb52440823dd07ce,auto_non_equivalent,1,8,0,0,0,0,0,0,0,specified,markdown_it/rules_block/paragraph.py,paragraph,17,CALL_ARGUMENT,"    terminatorRules = ruler.getRules(""paragraph"")","    terminatorRules = ruler.getRules(""PARAGRAPH"")"
Mfb66ea663d1ff041,auto_non_equivalent,1,8,0,0,0,0,0,0,0,specified,markdown_it/rules_block/list.py,markTightParagraphs,94,STATEMENT_REPLACEMENT,"        if state.tokens[i].level == level and state.tokens[i].type == ""paragraph_open"":","        if state.tokens[i].level == level and state.tokens[i].type == ""PARAGRAPH_OPEN"":"
Mfb75a808b9fcfac6,auto_non_equivalent,1,8,0,0,0,0,0,0,0,specified,markdown_it/common/utils.py,unescapeAll,127,CALL_ARGUMENT,"    return UNESCAPE_ALL_RE.sub(replacer_func, string)","    return UNESCAPE_ALL_RE.sub(None, string)"
Mfb8c6152cac693ed,auto_non_equivalent,1,8,0,0,0,0,0,0,0,specified,markdown_it/rules_block/list.py,list_block,176,STATEMENT_REPLACEMENT,"            token.attrs = {""start"": markerValue}","            token.attrs = {""XXstartXX"": markerValue}"
Mfbc810f98c84ce0a,auto_non_equivalent,1,8,0,0,0,0,0,0,0,specified,markdown_it/ruler.py,__compile__,93,STATEMENT_REPLACEMENT,"    chains = {""""}","    chains = {""XXXX""}"
Mfbd5d8f2cb55ce95,auto_non_equivalent,1,8,0,0,0,0,0,0,0,specified,markdown_it/rules_inline/autolink.py,autolink,35,COMPARISON,    if AUTOLINK_RE.search(url) is not None:,    if AUTOLINK_RE.search(None) is not None:
Mfbe8492252ee4430,auto_non_equivalent,1,8,0,0,0,0,0,0,0,specified,markdown_it/rules_block/list.py,list_block,146,COMPARISON,        if isTerminatingParagraph and markerValue != 1:,        if isTerminatingParagraph or markerValue != 1:
Mfbed609de8a66c11,auto_non_equivalent,1,8,0,0,0,0,0,0,0,specified,markdown_it/helpers/parse_link_destination.py,parseLinkDestination,82,CONSTANT_REPLACEMENT,    result.ok = True,    result.ok = None
Mfc0ffb5b812b0440,auto_non_equivalent,1,8,0,0,0,0,0,0,0,specified,markdown_it/parser_block.py,__init__,58,CALL_ARGUMENT,"        self.ruler.push(name, rule, {""alt"": alt})","        self.ruler.push(name, {""alt"": alt})"
Mfc11847cd274a7b5,auto_non_equivalent,1,8,0,0,0,0,0,0,0,specified,markdown_it/rules_inline/emphasis.py,postProcess,101,COMPARISON,"        if token and ""delimiters"" in token:","        if token and ""delimiters"" not in token:"
Mfc12623c5dc450f7,auto_non_equivalent,1,8,0,0,0,0,0,0,0,specified,markdown_it/rules_inline/image.py,image,69,CONSTANT_REPLACEMENT,"        res = state.md.helpers.parseLinkTitle(state.src, pos, state.posMax, None)","        res = state.md.helpers.parseLinkTitle(state.src, state.posMax, None)"
Mfc191ccecf255058,auto_non_equivalent,1,8,0,0,0,0,0,0,0,specified,markdown_it/rules_block/paragraph.py,paragraph,41,CONSTANT_REPLACEMENT,"            if terminatorRule(state, nextLine, endLine, True):","            if terminatorRule(state, endLine, True):"
Mfc1e658503331dba,auto_non_equivalent,1,8,0,0,0,0,0,0,0,specified,markdown_it/parser_inline.py,skipToken,143,STATEMENT_REPLACEMENT,        state.pos = cache[pos],        state.pos = None
Mfc456fb55e2522ab,auto_non_equivalent,1,8,0,0,0,0,0,0,0,specified,markdown_it/rules_inline/link.py,link,70,CALL_ARGUMENT,"            res = state.md.helpers.parseLinkTitle(state.src, pos, state.posMax)","            res = state.md.helpers.parseLinkTitle(state.src, None, state.posMax)"
Mfc4d2ed916c7510e,auto_non_equivalent,1,8,0,0,0,0,0,0,0,specified,markdown_it/rules_inline/autolink.py,autolink,61,BOOLEAN_CONNECTOR,        if not silent:,        if silent:
Mfc662f3fd4ee088e,auto_non_equivalent,1,8,0,0,0,0,0,0,0,specified,markdown_it/rules_block/blockquote.py,blockquote,338,STATEMENT_REPLACEMENT,    state.blkIndent = oldIndent,    state.blkIndent = None
Mfc6be97a26f33ca3,auto_non_equivalent,1,8,0,0,0,0,0,0,0,specified,markdown_it/rules_block/heading.py,heading,66,CONSTANT_REPLACEMENT,"    token = state.push(""heading_close"", ""h"" + str(level), -1)","    token = state.push(""h"" + str(level), -1)"
Mfc80dd497d40f46c,auto_non_equivalent,1,8,0,0,0,0,0,0,0,specified,markdown_it/rules_inline/state_inline.py,scanDelims,167,CALL_ARGUMENT,"    return Scanned(can_open, can_close, count)","    return Scanned(can_open, count)"
Mfc8b05ed577090db,auto_non_equivalent,1,8,0,0,0,0,0,0,0,specified,markdown_it/rules_inline/state_inline.py,push,99,STATEMENT_REPLACEMENT,"    token = Token(ttype, tag, nesting)",    token = None
Mfca5c3d4c92fb3bb,auto_non_equivalent,1,8,0,0,0,0,0,0,0,specified,markdown_it/rules_inline/emphasis.py,_postProcess,89,ARITHMETIC,"            state.tokens[delimiters[i - 1].token].content = """"",            state.tokens[delimiters[i - 1].token].content = None
Mfca5dc91e900df7d,auto_non_equivalent,1,8,0,0,0,0,0,0,0,specified,markdown_it/renderer.py,renderToken,153,CONSTANT_REPLACEMENT,        needLf = True,        needLf = None
Mfca60664de16d609,auto_non_equivalent,1,8,0,0,0,0,0,0,0,specified,markdown_it/rules_core/text_join.py,text_join,47,CALL_ARGUMENT,                    parts.append(next_token.content),                    parts.append(None)
Mfcad2d064a6d3a9e,auto_non_equivalent,1,8,0,0,0,0,0,0,0,specified,markdown_it/rules_inline/emphasis.py,_postProcess,69,CONSTANT_REPLACEMENT,            and delimiters[startDelim.end + 1].token == endDelim.token + 1,            and delimiters[startDelim.end + 2].token == endDelim.token + 1
Mfcdac88cb840ceb8,auto_non_equivalent,1,8,0,0,0,0,0,0,0,specified,markdown_it/rules_block/list.py,list_block,327,CONSTANT_REPLACEMENT,"            if terminatorRule(state, nextLine, endLine, True):","            if terminatorRule(state, nextLine, endLine, None):"
Mfce15944c896c4c1,auto_non_equivalent,1,8,0,0,0,0,0,0,0,specified,markdown_it/rules_inline/balance_pairs.py,link_pairs,131,CALL_ARGUMENT,"    processDelimiters(state, state.delimiters)",    processDelimiters(state.delimiters)
Mfce553d8d34be9d0,auto_non_equivalent,1,8,0,0,0,0,0,0,0,specified,markdown_it/parser_block.py,tokenize,68,CALL_ARGUMENT,        state.line = line = state.skipEmptyLines(line),        state.line = line = state.skipEmptyLines(None)
Mfce59564cbd2c66a,auto_non_equivalent,1,8,0,0,0,0,0,0,0,specified,markdown_it/rules_inline/link.py,link,51,CALL_ARGUMENT,"        res = state.md.helpers.parseLinkDestination(state.src, pos, state.posMax)","        res = state.md.helpers.parseLinkDestination(None, pos, state.posMax)"
Mfcf905af30d8a5cc,auto_non_equivalent,1,8,0,0,0,0,0,0,0,specified,markdown_it/common/normalize_url.py,normalizeLink,37,CALL_ARGUMENT,    return mdurl.encode(mdurl.format(parsed)),    return mdurl.encode(mdurl.format(None))
Mfd0372804d11d0a3,auto_non_equivalent,1,8,0,0,0,0,0,0,0,specified,markdown_it/rules_inline/fragments_join.py,fragments_join,46,CONTROL_FLOW,            continue,            break
Mfd0b062f5543c62e,auto_non_equivalent,1,8,0,0,0,0,0,0,0,specified,markdown_it/rules_block/reference.py,reference,118,CALL_ARGUMENT,"        titleRes = state.md.helpers.parseLinkTitle(string, pos, maximum, titleRes)","        titleRes = state.md.helpers.parseLinkTitle(string, maximum, titleRes)"
Mfd0e73ab9fbeec0f,auto_non_equivalent,1,8,0,0,0,0,0,0,0,specified,markdown_it/rules_block/blockquote.py,blockquote,322,ARITHMETIC,"        token = state.push(""blockquote_close"", ""blockquote"", -1)",        token = None
Mfd3a3c1f9f2a7a23,auto_non_equivalent,1,8,0,0,0,0,0,0,0,specified,markdown_it/rules_block/hr.py,hr,50,CONSTANT_REPLACEMENT,    state.line = startLine + 1,    state.line = startLine + 2
Mfd4bbce0125f544c,auto_non_equivalent,1,8,0,0,0,0,0,0,0,specified,markdown_it/renderer.py,renderToken,168,STATEMENT_REPLACEMENT,"    result += "">\n"" if needLf else "">""","    result += ""XX>\nXX"" if needLf else "">"""
Mfd676c1060753fa0,auto_non_equivalent,1,8,0,0,0,0,0,0,0,specified,markdown_it/rules_inline/link.py,link,26,CONSTANT_REPLACEMENT,    pos = labelEnd + 1,    pos = labelEnd + 2
Mfd6ab087a384bb60,auto_non_equivalent,1,8,0,0,0,0,0,0,0,specified,markdown_it/rules_block/paragraph.py,paragraph,50,CONSTANT_REPLACEMENT,"    content = state.getLines(startLine, nextLine, state.blkIndent, False).strip()","    content = state.getLines(nextLine, state.blkIndent, False).strip()"
Mfd76c3b9e0c62a74,auto_non_equivalent,1,8,0,0,0,0,0,0,0,specified,markdown_it/rules_inline/backticks.py,backtick,51,CONSTANT_REPLACEMENT,"                token = state.push(""code_inline"", ""code"", 0)","                token = state.push(""CODE_INLINE"", ""code"", 0)"
Mfd7ea513317d5e4c,auto_non_equivalent,1,8,0,0,0,0,0,0,0,specified,markdown_it/renderer.py,render,84,ARITHMETIC,"            result += self.rules[token.type](tokens, i, options, env)","            result = self.rules[token.type](tokens, i, options, env)"
Mfdbed7499349d80d,auto_non_equivalent,1,8,0,0,0,0,0,0,0,specified,markdown_it/rules_block/list.py,list_block,341,STATEMENT_REPLACEMENT,"            posAfterMarker = skipBulletListMarker(state, nextLine)",            posAfterMarker = None
Mfde96e0d91759265,auto_non_equivalent,1,8,0,0,0,0,0,0,0,specified,markdown_it/rules_inline/link.py,link,97,ARITHMETIC,            start = pos + 1,            start = pos - 1
Mfe25a84ad4bc90d5,auto_non_equivalent,1,8,0,0,0,0,0,0,0,specified,markdown_it/rules_inline/state_inline.py,pushPending,85,CONSTANT_REPLACEMENT,"    token = Token(""text"", """", 0)","    token = Token(""XXtextXX"", """", 0)"
Mfe294ac462a727e9,auto_non_equivalent,1,8,0,0,0,0,0,0,0,specified,markdown_it/rules_inline/emphasis.py,tokenize,21,COMPARISON,    for _ in range(scanned.length):,    for _ in range(None):
Mfe3ba99478ef261d,auto_non_equivalent,1,8,0,0,0,0,0,0,0,specified,markdown_it/rules_block/state_block.py,__init__,111,CALL_ARGUMENT,"    self._code_enabled = ""code"" in self.md[""block""].ruler.get_active_rules()","    self._code_enabled = ""XXcodeXX"" in self.md[""block""].ruler.get_active_rules()"
Mfe4c8741673938e8,auto_non_equivalent,1,8,0,0,0,0,0,0,0,specified,markdown_it/rules_block/html_block.py,html_block,54,CONSTANT_REPLACEMENT,        if HTML_SEQUENCE[0].search(lineText):,        if HTML_SEQUENCE[1].search(lineText):
Mfe83ba589509a85a,auto_non_equivalent,1,8,0,0,0,0,0,0,0,specified,markdown_it/rules_block/heading.py,heading,16,ARITHMETIC,    pos = state.bMarks[startLine] + state.tShift[startLine],    pos = None
Mfe9724691d7d90e9,auto_non_equivalent,1,8,0,0,0,0,0,0,0,specified,markdown_it/rules_block/fence.py,make_fence_rule,69,CALL_ARGUMENT,"        pos = state.skipCharsStr(pos, marker)",        pos = state.skipCharsStr(marker)
Mfea2024fbe83096b,auto_non_equivalent,1,8,0,0,0,0,0,0,0,specified,markdown_it/rules_block/blockquote.py,blockquote,223,ARITHMETIC,            state.sCount[nextLine] = offset - initial,            state.sCount[nextLine] = offset + initial
Mfec338629f1a6ee6,auto_non_equivalent,1,8,0,0,0,0,0,0,0,specified,markdown_it/rules_inline/state_inline.py,scanDelims,160,BOOLEAN_CONNECTOR,    can_open = left_flanking and (,    can_open = left_flanking or (
Mfee0688388686b64,auto_non_equivalent,1,8,0,0,0,0,0,0,0,specified,markdown_it/renderer.py,fence,295,CALL_ARGUMENT,"        tmpToken.attrJoin(""class"", options.langPrefix + langName)",        tmpToken.attrJoin(options.langPrefix + langName)
Mfeeb03b2c6f6d46a,auto_non_equivalent,1,8,0,0,0,0,0,0,0,specified,markdown_it/helpers/parse_link_destination.py,parseLinkDestination,57,CONSTANT_REPLACEMENT,        if code == 0x5C and pos + 1 < maximum:,        if code == 93 and pos + 1 < maximum:
Mfef13c8f6c2788e7,auto_non_equivalent,1,8,0,0,0,0,0,0,0,specified,markdown_it/rules_block/list.py,list_block,343,CONTROL_FLOW,                break,                return
Mfef7552656f140c5,auto_non_equivalent,1,8,0,0,0,0,0,0,0,specified,markdown_it/rules_block/list.py,markTightParagraphs,91,ARITHMETIC,    i = idx + 2,    i = None
Mff047f02a25150c7,auto_non_equivalent,1,8,0,0,0,0,0,0,0,specified,markdown_it/rules_block/list.py,list_block,190,STATEMENT_REPLACEMENT,"    terminatorRules = state.md.block.ruler.getRules(""list"")",    terminatorRules = None
Mff118eb2d11fa9c4,auto_non_equivalent,1,8,0,0,0,0,0,0,0,specified,markdown_it/common/utils.py,escapeHtml,145,CALL_ARGUMENT,"    raw = raw.replace('""', ""&quot;"")","    raw = raw.replace('""', ""XX&quot;XX"")"
Mff1213fe5b76a9c7,auto_non_equivalent,1,8,0,0,0,0,0,0,0,specified,markdown_it/rules_block/reference.py,reference,46,COMPARISON,"                pos < maximum
                and charCodeAt(string, pos) == 0x0A","                pos < maximum or charCodeAt(string, pos) == 0x0A"
Mff166b109ec73c0e,auto_non_equivalent,1,8,0,0,0,0,0,0,0,specified,markdown_it/rules_block/list.py,list_block,232,CONSTANT_REPLACEMENT,"        token = state.push(""list_item_open"", ""li"", 1)","        token = state.push(""list_item_open"", ""XXliXX"", 1)"
Mff3b0b4162d070f1,auto_non_equivalent,1,8,0,0,0,0,0,0,0,specified,markdown_it/rules_inline/balance_pairs.py,processDelimiters,100,STATEMENT_REPLACEMENT,                    opener.end = closerIdx,                    opener.end = None
Mff6a26bd38edbd59,auto_non_equivalent,1,8,0,0,0,0,0,0,0,specified,markdown_it/helpers/parse_link_label.py,parseLinkLabel,30,STATEMENT_REPLACEMENT,"        if marker == ""["":","        if marker == ""XX[XX"":"
Mff6e47ee0ec164cb,auto_non_equivalent,1,8,0,0,0,0,0,0,0,specified,markdown_it/rules_core/normalize.py,normalize,14,CALL_ARGUMENT,"    string = NEWLINES_RE.sub(""\n"", state.src)","    string = NEWLINES_RE.sub(""\n"", )"
Mff74dfce57ead48b,auto_non_equivalent,1,8,0,0,0,0,0,0,0,specified,markdown_it/rules_block/heading.py,heading,61,CONSTANT_REPLACEMENT,"    token = state.push(""inline"", """", 0)","    token = state.push("""", 0)"
Mff81f6f08db19a8d,auto_non_equivalent,1,8,0,0,0,0,0,0,0,specified,markdown_it/rules_inline/html_inline.py,isLetter,8,CONSTANT_REPLACEMENT,    lc = ch | 0x20  # to lower case,    lc = ch & 0x20  # to lower case
Mff9c23d35cae9f79,auto_non_equivalent,1,8,0,0,0,0,0,0,0,specified,markdown_it/rules_inline/entity.py,entity,46,CONSTANT_REPLACEMENT,                token.content = entities[match.group(1)],                token.content = None
Mffbf4d2f635e00b4,auto_non_equivalent,1,8,0,0,0,0,0,0,0,specified,markdown_it/rules_inline/balance_pairs.py,link_pairs,137,CALL_ARGUMENT,"            processDelimiters(state, curr_meta[""delimiters""])","            processDelimiters(state, None)"
Mffeb656bd9716aec,auto_non_equivalent,1,8,0,0,0,0,0,0,0,specified,markdown_it/rules_block/reference.py,reference,116,STATEMENT_REPLACEMENT,        maximum = len(string),        maximum = None
Mfff6ceb332890862,auto_non_equivalent,1,8,0,0,0,0,0,0,0,specified,markdown_it/rules_block/lheading.py,lheading,56,CONSTANT_REPLACEMENT,"            if terminatorRule(state, nextLine, endLine, True):","            if terminatorRule(state, None, endLine, True):"
