mutant_id,experiment-02,experiment-03,experiment-04,experiment-05,experiment-07,experiment-08,experiment-09,experiment-12
M0017a86c1ec14519,killed,killed,killed,killed,killed,killed,killed,killed
M0022acf3fe3aef1e,killed,killed,killed,killed,killed,killed,killed,killed
M0029398feabae374,survived,survived,survived,survived,survived,survived,survived,survived
M00351e9f5671bf6f,killed,killed,killed,killed,killed,killed,killed,killed
M00450989dfe6bedc,killed,killed,killed,killed,killed,killed,killed,killed
M00587ab690b86d7f,killed,killed,killed,killed,killed,killed,killed,killed
M005cac56df85ad0c,timeout,timeout,timeout,timeout,timeout,timeout,timeout,timeout
M00727d893866bd7e,survived,survived,survived,survived,survived,survived,survived,survived
M009c6ce5be62bc24,survived,survived,survived,survived,survived,survived,survived,survived
M00b64650829771f8,killed,killed,killed,killed,killed,killed,killed,killed
M00bd1d86e2b03a15,timeout,timeout,timeout,timeout,timeout,timeout,timeout,timeout
M00c50f6b846c5346,survived,survived,survived,survived,survived,survived,survived,survived
M00d019b5e1b89e0f,killed,killed,killed,killed,killed,killed,killed,killed
M00ebf5fff6922d15,killed,killed,killed,killed,killed,killed,killed,killed
M00ed57008ad0dea0,killed,killed,killed,killed,killed,killed,killed,killed
M00f55a6526034c28,killed,killed,killed,killed,killed,killed,killed,killed
M00fd6f3e5367953e,survived,survived,survived,survived,survived,survived,survived,survived
M0103c3313f1e356c,killed,killed,killed,killed,killed,killed,killed,killed
M01046e43d5fad3a2,timeout,timeout,timeout,timeout,timeout,timeout,timeout,timeout
M01184256a33e51bb,killed,killed,killed,killed,killed,killed,killed,killed
M0125c0dc106f52d5,killed,killed,killed,killed,killed,killed,killed,killed
M013115d4c292f35e,killed,killed,killed,killed,killed,killed,killed,killed
M0141f3591acf0ca5,survived,survived,survived,survived,survived,survived,survived,survived
M015c7ccd5425de92,killed,killed,killed,killed,killed,killed,killed,killed
M016c532c7d1c2f70,survived,survived,survived,survived,survived,survived,survived,survived
M01843ce79e1c68d7,survived,survived,survived,survived,survived,survived,survived,survived
M019b73a7eb897956,survived,survived,survived,survived,survived,survived,survived,survived
M019fb21fe3498ac4,killed,killed,killed,killed,killed,killed,killed,killed
M01e2023fbda7f005,killed,killed,killed,killed,killed,killed,killed,killed
M01f5c9fdcd18b791,survived,survived,survived,survived,survived,survived,survived,survived
M02089190a347b12d,survived,survived,survived,survived,survived,survived,survived,survived
M02169bb4baa31b47,killed,killed,killed,killed,killed,killed,killed,killed
M021f146cc924e126,killed,killed,killed,killed,killed,killed,killed,killed
M022e6122ccc7dcfe,survived,survived,survived,survived,survived,survived,survived,survived
M0234b5325953fd63,survived,survived,survived,survived,survived,survived,survived,survived
M023e1e1f34cf663a,killed,killed,killed,killed,killed,killed,killed,killed
M023e962d8bd0c1b4,killed,killed,killed,killed,killed,killed,killed,killed
M0267810c65fc66cd,survived,survived,survived,survived,survived,survived,survived,survived
M028282fb26a52e3c,killed,killed,killed,killed,killed,killed,killed,killed
M02a8c0dd9114c059,killed,killed,killed,killed,killed,killed,killed,killed
M02b3b28df476c3d1,killed,killed,killed,killed,killed,killed,killed,killed
M02bc73484d72dce9,killed,killed,killed,killed,killed,killed,killed,killed
M02d7228608478f1d,killed,killed,killed,killed,killed,killed,killed,killed
M02f33b4d69df5621,killed,killed,killed,killed,killed,killed,killed,killed
M02fbe85177b31623,killed,killed,killed,killed,killed,killed,killed,killed
M03010e4707a8067a,killed,killed,killed,killed,killed,killed,killed,killed
M03088053d9e3abe1,timeout,timeout,timeout,timeout,timeout,timeout,timeout,timeout
M03142b54918fd6c0,killed,killed,killed,killed,killed,killed,killed,killed
M032b7f1567a1dbbf,killed,killed,killed,killed,killed,killed,killed,killed
M0337ae9970dff6a9,survived,survived,survived,survived,survived,survived,survived,survived
M0343f4b3706408f2,killed,killed,killed,killed,killed,killed,killed,killed
M034e27f40d82d614,timeout,timeout,timeout,timeout,timeout,timeout,timeout,timeout
M0350d3a3cf6ef7c8,survived,survived,survived,survived,survived,survived,survived,survived
M03560683e5ba2322,survived,survived,survived,survived,survived,survived,survived,survived
M035ff226ee22ee4b,killed,killed,killed,killed,killed,killed,killed,killed
M0378848dcd51f7c4,killed,killed,killed,killed,killed,killed,killed,killed
M037e65432bdce804,killed,killed,killed,killed,killed,killed,killed,killed
M0394790df9249c1c,killed,killed,killed,killed,killed,killed,killed,killed
M039ea43a540c0ebf,survived,survived,survived,survived,survived,survived,survived,survived
M03abb0af6fdbee30,killed,killed,killed,killed,killed,killed,killed,killed
M03ba61ee72def848,killed,killed,killed,killed,killed,killed,killed,killed
M03d286345e25ac39,killed,killed,killed,killed,killed,killed,killed,killed
M03d7e4dd6d75d667,killed,killed,killed,killed,killed,killed,killed,killed
M03e10f4bb84fa93f,killed,killed,killed,killed,killed,killed,killed,killed
M03f0437a3a729ba7,killed,killed,killed,killed,killed,killed,killed,killed
M040858668b20d32d,survived,survived,survived,survived,survived,survived,survived,survived
M0414755d2623ab2d,killed,killed,killed,killed,killed,killed,killed,killed
M041a86c023e6ff1c,killed,killed,killed,killed,killed,killed,killed,killed
M042fe5d01f55e9a7,survived,survived,survived,survived,survived,survived,survived,survived
M0437f279f65ab3ba,survived,survived,survived,survived,survived,survived,survived,survived
M044d30ea3a2e93bb,killed,killed,killed,killed,killed,killed,killed,killed
M04658ac639e256ee,killed,killed,killed,killed,killed,killed,killed,killed
M04aa2ee2c16136c2,killed,killed,killed,killed,killed,killed,killed,killed
M04ae0262b78ebb5a,killed,killed,killed,killed,killed,killed,killed,killed
M04b22de0e289896a,killed,killed,killed,killed,killed,killed,killed,killed
M04bea37727f72533,timeout,timeout,timeout,timeout,timeout,timeout,timeout,timeout
M04c061ed0e293e90,killed,killed,killed,killed,killed,killed,killed,killed
M04c351ee4c9f5e92,survived,survived,survived,survived,survived,survived,survived,survived
M04cae6d5ade8d570,killed,killed,killed,survived,killed,killed,survived,killed
M04cb019454e79824,killed,killed,killed,killed,killed,killed,killed,killed
M04cb73ad68d1db3f,killed,killed,killed,killed,killed,killed,killed,killed
M04d632da733b68f6,killed,killed,killed,killed,killed,killed,killed,killed
M04f9dbabf58fd1aa,killed,killed,killed,killed,killed,killed,killed,killed
M04fe4ae471070ad8,survived,survived,survived,survived,survived,survived,survived,survived
M050462a4284292a2,killed,killed,killed,killed,killed,killed,killed,killed
M050db650cf11a680,survived,survived,survived,survived,survived,survived,survived,survived
M051152816d0ff6e3,killed,killed,killed,killed,killed,killed,killed,killed
M051681fcbf42bedf,killed,killed,killed,killed,killed,killed,killed,killed
M051a7a0c7649d37e,survived,survived,survived,survived,survived,survived,survived,survived
M051be0a991566fc6,killed,killed,killed,killed,killed,killed,killed,killed
M0557e6b6c4fa8b5c,killed,killed,killed,killed,killed,killed,killed,killed
M0570d2ade6959690,killed,killed,killed,killed,killed,killed,killed,killed
M0577f54c223dd273,killed,killed,killed,killed,killed,killed,killed,killed
M059ec243ee1eb220,survived,survived,survived,survived,survived,survived,survived,survived
M05ac207438490073,killed,killed,killed,killed,killed,killed,killed,killed
M05b25dbb68a4a344,survived,survived,survived,survived,survived,survived,survived,survived
M05b824fe06bdb8d9,timeout,timeout,timeout,timeout,timeout,timeout,timeout,timeout
M05d61a6d53790f06,killed,killed,killed,killed,killed,killed,killed,killed
M05dec278b2ad9fb8,survived,survived,survived,survived,survived,survived,survived,survived
M05e4d4248f6774a4,killed,killed,killed,killed,killed,killed,killed,killed
M060a883338168aa6,survived,survived,survived,survived,survived,survived,survived,survived
M0645224bb7f74794,killed,killed,killed,killed,killed,killed,killed,killed
M0660ca9df1f00e9b,killed,killed,killed,killed,killed,killed,killed,killed
M066bf455c8ebdce9,survived,survived,survived,survived,survived,survived,survived,survived
M067bd9081d7d2b61,killed,killed,killed,killed,killed,killed,killed,killed
M06836ed9ebd3c7a7,killed,killed,killed,killed,killed,killed,killed,killed
M06871789bc7af263,survived,survived,survived,survived,survived,survived,survived,survived
M068fca681b878c32,survived,survived,survived,survived,survived,survived,survived,survived
M0696052557a95332,killed,killed,killed,killed,killed,killed,killed,killed
M06984aa38c10f6f0,killed,killed,killed,killed,killed,killed,killed,killed
M069c5c36a9c17328,killed,killed,killed,killed,killed,killed,killed,killed
M06a542e461b5458a,killed,killed,killed,killed,killed,killed,killed,killed
M06ac8b0aa925252c,survived,survived,survived,survived,survived,survived,survived,survived
M06cf4e6737902fab,killed,killed,killed,killed,killed,killed,killed,killed
M06d775d160aca69b,survived,survived,survived,survived,survived,survived,survived,survived
M06f4c51ec3b4c29a,killed,killed,killed,killed,killed,killed,killed,killed
M070b988fee1c9b48,killed,killed,killed,killed,killed,killed,killed,killed
M070d5ec15998c827,killed,killed,killed,killed,killed,killed,killed,killed
M070da47a2e0f3302,killed,killed,killed,killed,killed,killed,killed,killed
M0712766fa24493de,killed,killed,killed,killed,killed,killed,killed,killed
M0723cf6eff0f2034,killed,killed,killed,killed,killed,killed,killed,killed
M0730644104fb8548,timeout,timeout,timeout,timeout,timeout,timeout,timeout,timeout
M073732ee5ffb5827,killed,killed,killed,killed,killed,killed,killed,killed
M07387dc539abbbaf,survived,survived,survived,survived,survived,survived,survived,survived
M0745ab491c4a647e,killed,killed,killed,killed,killed,killed,killed,killed
M0749655e367902e7,killed,killed,killed,killed,killed,killed,killed,killed
M074ae35cdb248192,survived,survived,survived,survived,survived,survived,survived,survived
M075c814080eff11f,survived,survived,survived,survived,survived,survived,survived,survived
M07643f1bc17d532b,killed,killed,killed,killed,killed,killed,killed,killed
M0793dd2652a3c898,killed,killed,killed,killed,killed,killed,killed,killed
M07a657bd80c61508,survived,survived,survived,survived,survived,survived,survived,survived
M07aea1f19d628894,killed,killed,killed,killed,killed,killed,killed,killed
M07af18ad0ed487b9,killed,killed,killed,killed,killed,killed,killed,killed
M07b323123efdcb14,survived,survived,survived,survived,survived,survived,survived,survived
M07c1d56ca30f0f4c,killed,killed,killed,killed,killed,killed,killed,killed
M07c5a37e715bcde6,killed,killed,killed,killed,killed,killed,killed,killed
M07c5bf307b1ce4e8,killed,killed,killed,killed,killed,killed,killed,killed
M07ccb9c95a9c4a35,killed,killed,killed,killed,killed,killed,killed,killed
M07ce8af090511f64,survived,survived,survived,survived,survived,survived,survived,survived
M07e795f899e34358,survived,survived,survived,survived,survived,survived,survived,survived
M07eb20a9e2447716,timeout,timeout,timeout,timeout,timeout,timeout,timeout,timeout
M07ec41cd813976bb,killed,killed,killed,killed,killed,killed,killed,killed
M07f3af6f02e6d93f,killed,killed,killed,killed,killed,killed,killed,killed
M081e438a14f4d339,killed,killed,killed,killed,killed,killed,killed,killed
M0822b9872c1fbe65,killed,killed,killed,killed,killed,killed,killed,killed
M0824616e1c6fa7da,killed,killed,killed,killed,killed,killed,killed,killed
M082d629ad50a374e,killed,killed,killed,killed,killed,killed,killed,killed
M0836b644a04003a9,killed,killed,killed,killed,killed,killed,killed,killed
M08371b0618d185a9,killed,killed,killed,killed,killed,killed,killed,killed
M083f629d9faaa7d7,killed,killed,killed,killed,killed,killed,killed,killed
M085058e71ff1784a,survived,survived,survived,survived,survived,survived,survived,survived
M085c9fba59d1de6b,survived,survived,survived,survived,survived,survived,survived,survived
M08913f0055b7e8ac,survived,survived,survived,survived,survived,survived,survived,survived
M08a50c54fa3de78f,killed,killed,killed,killed,killed,killed,killed,killed
M08a6475e1b581600,killed,killed,killed,killed,killed,killed,killed,killed
M08abdef4525f0483,killed,killed,killed,killed,killed,killed,killed,killed
M08b6de4ee76b91d7,killed,killed,killed,killed,killed,killed,killed,killed
M08be14fef3636ba7,survived,survived,survived,survived,survived,survived,survived,survived
M08d3ea52cf53b646,killed,killed,killed,killed,killed,killed,killed,killed
M08e373d1b932e41c,survived,survived,survived,survived,survived,survived,survived,survived
M08e81ac3b49131aa,timeout,timeout,timeout,timeout,timeout,timeout,timeout,timeout
M08f16410a041921d,survived,survived,survived,survived,survived,survived,survived,survived
M08f4c1e89b782405,killed,killed,killed,killed,killed,killed,killed,killed
M0907bf53ae3e459a,killed,killed,killed,killed,killed,killed,killed,killed
M0908d1f94e1e2b36,killed,killed,killed,killed,killed,killed,killed,killed
M09216aab332a5be9,killed,killed,killed,killed,killed,killed,killed,killed
M09225b9e86c1b078,survived,survived,survived,survived,survived,survived,survived,survived
M092506ea7bb733bc,killed,killed,killed,killed,killed,killed,killed,killed
M0927b0e5f5b5eca2,survived,survived,survived,survived,survived,survived,survived,survived
M093f11cef7fb6d46,survived,survived,survived,survived,survived,survived,survived,survived
M09446f75b2acaddc,no_tests,killed,killed,killed,killed,killed,killed,killed
M09497117fb246aed,killed,killed,killed,killed,killed,killed,killed,killed
M09684104b896cf8f,survived,survived,survived,survived,survived,survived,survived,survived
M09791efeafdea2d6,killed,killed,killed,survived,killed,killed,survived,killed
M09821a827f2b0c88,killed,killed,killed,killed,killed,killed,killed,killed
M09af92352e03a1ab,killed,killed,killed,killed,killed,killed,killed,killed
M09ce3c7dffdcfc6f,killed,killed,killed,killed,killed,killed,killed,killed
M09ce598443a658f4,survived,survived,survived,survived,survived,survived,survived,survived
M09ceb4a190bf1b9e,survived,survived,survived,survived,survived,survived,survived,survived
M09ead95f963afd68,killed,killed,killed,killed,killed,killed,killed,killed
M09fbf65f71281d86,killed,killed,killed,killed,killed,killed,killed,killed
M0a061cd8a3184f9e,killed,killed,killed,killed,killed,killed,killed,killed
M0a1817570cc6e135,killed,killed,killed,killed,killed,killed,killed,killed
M0a350776f3005f01,killed,killed,killed,killed,killed,killed,killed,killed
M0a37c141c8b2ac52,killed,killed,killed,killed,killed,killed,killed,killed
M0a83e77d7a00f4a6,killed,killed,killed,killed,killed,killed,killed,killed
M0aa1726701cddb39,killed,killed,killed,killed,killed,killed,killed,killed
M0aa582728361572f,killed,killed,killed,killed,killed,killed,killed,killed
M0ac359afef084576,killed,killed,killed,killed,killed,killed,killed,killed
M0ac81cba0e4b4465,killed,killed,killed,killed,killed,killed,killed,killed
M0aea9562953fb725,killed,killed,killed,killed,killed,killed,killed,killed
M0b03efa5335d3eee,killed,killed,killed,killed,killed,killed,killed,killed
M0b1a0d47cb657307,killed,killed,killed,killed,killed,killed,killed,killed
M0b1d9417e05252c5,survived,survived,survived,survived,survived,survived,survived,survived
M0b3e1d1fb0d35cc6,survived,survived,survived,survived,survived,survived,survived,survived
M0b4c7e11b694aa79,killed,killed,killed,killed,killed,killed,killed,killed
M0b517b6beaf3cec7,survived,survived,survived,survived,survived,survived,survived,survived
M0b52343582a080f8,killed,killed,killed,killed,killed,killed,killed,killed
M0b5251e2d5c00731,survived,survived,survived,survived,survived,survived,survived,survived
M0b5f93f5aab0ac07,killed,killed,killed,killed,killed,killed,killed,killed
M0b65985871d32d8d,killed,killed,killed,killed,killed,killed,killed,killed
M0b74d0e0f114e211,killed,killed,killed,killed,killed,killed,killed,killed
M0b7bca2a34800716,killed,killed,killed,killed,killed,killed,killed,killed
M0b880e2462a655b0,survived,survived,survived,survived,survived,survived,survived,survived
M0b8c89abb53b7b59,survived,survived,survived,survived,survived,survived,survived,survived
M0b8d3987b4d7e3a1,killed,killed,killed,killed,killed,killed,killed,killed
M0b92711b53b93014,killed,killed,killed,killed,killed,killed,killed,killed
M0ba0c12320ba4511,killed,killed,killed,killed,killed,killed,killed,killed
M0bbdb7944ea4cba9,killed,killed,killed,killed,killed,killed,killed,killed
M0bc1f3d4d2f92220,survived,survived,survived,survived,survived,survived,survived,survived
M0bdfe5f0d9aaeafd,survived,survived,survived,survived,survived,survived,survived,survived
M0be20ca41ced5843,killed,killed,killed,killed,killed,killed,killed,killed
M0bfdb41ed5704f8e,killed,killed,killed,killed,killed,killed,killed,killed
M0c0816b128edfc6c,survived,survived,survived,survived,survived,survived,survived,survived
M0c14ff07f0c7548e,killed,killed,killed,killed,killed,killed,killed,killed
M0c28cd03de8fffde,killed,killed,killed,killed,killed,killed,killed,killed
M0c3a77649304d7df,survived,survived,survived,survived,survived,survived,survived,survived
M0c3beb91e35e8d2e,killed,killed,killed,killed,killed,killed,killed,killed
M0c4737ed1e88d9a0,killed,killed,killed,killed,killed,killed,killed,killed
M0c56aaafb9b51416,killed,killed,killed,killed,killed,killed,killed,killed
M0c64a781bdc45cf5,survived,survived,survived,survived,survived,survived,survived,survived
M0c72ad5923a24a09,killed,killed,killed,killed,killed,killed,killed,killed
M0c7e338c6e0f61b1,survived,survived,survived,survived,survived,survived,survived,survived
M0c7e37c27d77d608,killed,killed,killed,killed,killed,killed,killed,killed
M0c991539ef9c1e71,killed,killed,killed,killed,killed,killed,killed,killed
M0ca0a55f5e331fdf,killed,killed,killed,killed,killed,killed,killed,killed
M0cb1914da42ad081,killed,killed,killed,killed,killed,killed,killed,killed
M0cb31751f4076851,killed,killed,killed,killed,killed,killed,killed,killed
M0cb4135580386e2f,timeout,timeout,timeout,timeout,timeout,timeout,timeout,timeout
M0cc423bf16d385f1,survived,survived,survived,survived,survived,survived,survived,survived
M0cdc56338613319f,survived,survived,survived,survived,survived,survived,survived,survived
M0ce9889cfb0b9ad3,killed,killed,killed,killed,killed,killed,killed,killed
M0cfd130c9c19ded5,killed,killed,killed,killed,killed,killed,killed,killed
M0d093403db9917ee,killed,killed,killed,killed,killed,killed,killed,killed
M0d12d0fcd155fcbb,killed,killed,killed,killed,killed,killed,killed,killed
M0d1491c901e9ec69,killed,killed,killed,killed,killed,killed,killed,killed
M0d220f6feae78a16,killed,killed,killed,killed,killed,killed,killed,killed
M0d37dc98dce223e5,killed,killed,killed,killed,killed,killed,killed,killed
M0d3a2f6de051c578,killed,killed,killed,killed,killed,killed,killed,killed
M0d50d51b154f05a2,killed,killed,killed,killed,killed,killed,killed,killed
M0d58a71b91b0d7d6,killed,killed,killed,killed,killed,killed,killed,killed
M0d6748349edf6fa6,killed,killed,killed,killed,killed,killed,killed,killed
M0d73600685ee4c81,killed,killed,killed,killed,killed,killed,killed,killed
M0d84a971d90e9593,killed,killed,killed,killed,killed,killed,killed,killed
M0d8aa88775d4eedc,killed,killed,killed,killed,killed,killed,killed,killed
M0d93a35875bd3bf8,killed,killed,killed,killed,killed,killed,killed,killed
M0dac3ac5dce86f69,killed,killed,killed,killed,killed,killed,killed,killed
M0dae6ec9ca9313b4,survived,killed,killed,killed,killed,killed,survived,killed
M0db3f5befe50151c,killed,killed,killed,killed,killed,killed,killed,killed
M0dc8b0d6b360fa42,killed,killed,killed,killed,killed,killed,killed,killed
M0dd989cb8cd10f36,survived,survived,survived,survived,survived,survived,survived,survived
M0df1ccbee836a24c,killed,killed,killed,killed,killed,killed,killed,killed
M0df9ade585b23249,survived,survived,survived,survived,survived,survived,survived,survived
M0e08ed090c438c98,survived,survived,survived,survived,survived,survived,survived,survived
M0e277f3b18af68d4,killed,killed,killed,killed,killed,killed,killed,killed
M0e4a6dc808b32bdc,timeout,timeout,timeout,timeout,timeout,timeout,timeout,timeout
M0e6acdd272b38d01,killed,killed,killed,killed,killed,killed,killed,killed
M0e854b72b9bb2766,killed,killed,killed,killed,killed,killed,killed,killed
M0eaeb824dbc36914,survived,survived,survived,survived,survived,survived,survived,survived
M0eb6b119ffd23184,killed,killed,killed,killed,killed,killed,killed,killed
M0ecab7cb84923dfe,killed,killed,killed,killed,killed,killed,killed,killed
M0ed9bc144e436e5a,killed,killed,killed,killed,killed,killed,killed,killed
M0ef0a33b1b40ace0,killed,killed,killed,killed,killed,killed,killed,killed
M0ef1d448a7cac582,survived,survived,survived,survived,survived,survived,survived,survived
M0f025345e4880e9d,killed,killed,killed,killed,killed,killed,killed,killed
M0f02b22b575e6539,killed,killed,killed,killed,killed,killed,killed,killed
M0f0ade0d4a6e5f91,survived,survived,survived,survived,survived,survived,survived,survived
M0f0c55af9e075e3a,survived,survived,survived,survived,survived,survived,survived,survived
M0f14c4ea4ce8ef5f,killed,killed,killed,killed,killed,killed,killed,killed
M0f34b66c6774b170,killed,killed,killed,killed,killed,killed,killed,killed
M0f4b4c77aafe6c47,killed,killed,killed,killed,killed,killed,killed,killed
M0f66aea89759b673,killed,killed,killed,killed,killed,killed,killed,killed
M0f6f3d00f6f0fee1,killed,killed,killed,killed,killed,killed,killed,killed
M0f6f730c15f5f1f4,survived,survived,survived,survived,survived,survived,survived,survived
M0f75db5ccda0c5b2,killed,killed,killed,killed,killed,killed,killed,killed
M0f87e7d0e1a4dff4,killed,killed,killed,killed,killed,killed,killed,killed
M0f945dac649d943d,survived,survived,survived,survived,survived,survived,survived,survived
M0fc83d3a65489a5a,killed,killed,killed,killed,killed,killed,killed,killed
M0fcd91f369fc885b,timeout,timeout,timeout,timeout,timeout,timeout,timeout,timeout
M0fe1662db5ae47ea,survived,survived,survived,survived,survived,survived,survived,survived
M0ff85091fb9c29b9,killed,killed,killed,killed,killed,killed,killed,killed
M0ff931e66385ca23,killed,killed,killed,killed,killed,killed,killed,killed
M10082ebca32bf8a8,killed,killed,killed,killed,killed,killed,killed,killed
M100aff3a71005ca2,killed,killed,killed,killed,killed,killed,killed,killed
M100c32070db482bb,killed,killed,killed,killed,killed,killed,killed,killed
M101dd125bbb92507,killed,killed,killed,killed,killed,killed,killed,killed
M1020deb7242a8cc8,killed,killed,killed,killed,killed,killed,killed,killed
M1049280bbab9f85c,no_tests,killed,killed,killed,killed,killed,killed,killed
M105d61cee341f180,killed,killed,killed,killed,killed,killed,killed,killed
M105e5b0c5bd7bfe4,killed,killed,killed,killed,killed,killed,killed,killed
M10659d72ed883aef,killed,killed,killed,killed,killed,killed,killed,killed
M106ca28aa4569c9c,survived,survived,survived,survived,survived,survived,survived,survived
M106ed93d7a288033,survived,survived,survived,survived,survived,survived,survived,survived
M1079cbfa02dce65b,survived,survived,survived,survived,survived,survived,survived,survived
M1084ff67624bb5ed,survived,survived,survived,survived,survived,survived,survived,survived
M108b2c3c90d0f534,killed,killed,killed,killed,killed,killed,killed,killed
M10c4c60592f34382,survived,survived,survived,survived,survived,survived,survived,survived
M10d0ff1dcac9d631,killed,killed,killed,killed,killed,killed,killed,killed
M10da866d8cb4b441,killed,killed,killed,killed,killed,killed,killed,killed
M10ddfcbd3369b080,killed,killed,killed,killed,killed,killed,killed,killed
M10e2e46ba105ad9c,killed,killed,killed,killed,killed,killed,killed,killed
M10ecb058dc76eb8f,survived,survived,survived,survived,survived,survived,survived,survived
M10f119c2623ef738,killed,killed,killed,killed,killed,killed,killed,killed
M1107a3b303cd277f,survived,survived,survived,survived,survived,survived,survived,survived
M110ea4e796dd29c5,killed,killed,killed,killed,killed,killed,killed,killed
M11113d2e82b22051,killed,killed,killed,killed,killed,killed,killed,killed
M111343446224d0ad,killed,killed,killed,killed,killed,killed,killed,killed
M11205c18f7a22dfe,killed,killed,killed,killed,killed,killed,killed,killed
M112bc250ea2f6811,survived,survived,survived,survived,survived,survived,survived,survived
M112d9a07dbebfb2d,killed,killed,killed,killed,killed,killed,killed,killed
M1156dc637fafe256,killed,killed,killed,killed,killed,killed,killed,killed
M1159ccd81319bc13,killed,killed,killed,killed,killed,killed,killed,killed
M1184d42de684affa,killed,killed,killed,killed,killed,killed,killed,killed
M119e28e167eae60f,timeout,timeout,timeout,timeout,timeout,timeout,timeout,timeout
M11b714c55bf0d710,killed,killed,killed,killed,killed,killed,killed,killed
M11bc44087219e7a6,killed,killed,killed,killed,killed,killed,killed,killed
M11c0c561fbd87f98,killed,killed,killed,killed,killed,killed,killed,killed
M11d96c798b923623,no_tests,survived,survived,survived,survived,survived,survived,survived
M11d980d538e2fb2b,killed,killed,killed,killed,killed,killed,killed,killed
M11db50e0155a7db8,killed,killed,killed,killed,killed,killed,killed,killed
M11e48dc95db253cf,killed,killed,killed,killed,killed,killed,killed,killed
M11f3317fe99fb2eb,survived,survived,survived,survived,survived,survived,survived,survived
M11f6adef3a99f673,killed,killed,killed,killed,killed,killed,killed,killed
M120182f90fa9c991,killed,killed,killed,killed,killed,killed,killed,killed
M120628481ba5746e,killed,killed,killed,killed,killed,killed,killed,killed
M1217e05a7ac3679c,timeout,timeout,timeout,timeout,timeout,timeout,timeout,timeout
M1225fcd54d3355c0,timeout,timeout,timeout,timeout,timeout,timeout,timeout,timeout
M122a972921b8f38a,survived,survived,survived,survived,survived,survived,survived,survived
M12344bb63ec4ad46,killed,killed,killed,killed,killed,killed,killed,killed
M1248a8e9f5a55399,killed,killed,killed,killed,killed,killed,killed,killed
M125115c33b140522,killed,killed,killed,killed,killed,killed,killed,killed
M127040101a1d6c5b,survived,survived,survived,survived,survived,survived,survived,survived
M128f1c3eef0625ed,killed,killed,killed,killed,killed,killed,killed,killed
M12a33944cb6a1395,killed,killed,killed,killed,killed,killed,killed,killed
M12a703a545dd3730,survived,survived,survived,survived,survived,survived,survived,survived
M12a7b6f075e586b4,killed,killed,killed,killed,killed,killed,killed,killed
M12b701dd0450b088,killed,killed,killed,killed,killed,killed,killed,killed
M12c31676c442b372,killed,killed,killed,killed,killed,killed,killed,killed
M12c7c599bc4315d2,killed,killed,killed,killed,killed,killed,killed,killed
M12ca715a27a6f432,killed,killed,killed,killed,killed,killed,killed,killed
M12e4274c0eebd3f7,killed,killed,killed,killed,killed,killed,killed,killed
M12eaf24c843d6471,killed,killed,killed,killed,killed,killed,killed,killed
M12f1bc2915c6408b,killed,killed,killed,killed,killed,killed,killed,killed
M12f6bf2dfa6e9ef9,killed,killed,killed,killed,killed,killed,killed,killed
M13035d0dfcba5aac,killed,killed,killed,killed,killed,killed,killed,killed
M1318576b266c4743,survived,survived,survived,survived,survived,survived,survived,survived
M131df169c2ad2d32,killed,killed,killed,killed,killed,killed,killed,killed
M1320f2b67afbde78,survived,survived,survived,survived,survived,survived,survived,survived
M13259764fbb08980,survived,survived,survived,survived,survived,survived,survived,survived
M133068720205598a,survived,survived,survived,survived,survived,survived,survived,survived
M1336c548479be957,killed,killed,killed,killed,killed,killed,killed,killed
M133769441afdf92d,survived,survived,survived,survived,survived,survived,survived,survived
M133dd5df7ed9a42e,killed,killed,killed,killed,killed,killed,killed,killed
M134ad46800f2cb9a,killed,killed,killed,killed,killed,killed,killed,killed
M13501d279c8513dd,killed,killed,killed,killed,killed,killed,killed,killed
M135a80131e5fdaaa,survived,survived,survived,survived,survived,survived,survived,survived
M135c41703606ac91,survived,survived,survived,survived,survived,survived,survived,survived
M13663c1dec280872,killed,killed,killed,killed,killed,killed,killed,killed
M137aa2e4d33297c9,survived,survived,survived,survived,survived,survived,survived,survived
M137c5d0dc26c68a0,survived,survived,survived,survived,survived,survived,survived,survived
M1398bde15db7e6d6,no_tests,killed,killed,killed,killed,killed,killed,killed
M1398be17b5817c45,survived,survived,survived,survived,survived,survived,survived,survived
M1399140e527dc673,survived,survived,survived,survived,survived,survived,survived,survived
M13a21c21f8ad7ed9,no_tests,survived,survived,survived,survived,survived,survived,survived
M13a5cb81d85d9053,survived,survived,survived,survived,survived,survived,survived,survived
M13b82fb6b496cd68,killed,killed,killed,killed,killed,killed,killed,killed
M13b84174d07cbefb,survived,survived,survived,survived,survived,survived,survived,survived
M13cd84722397308f,killed,killed,killed,killed,killed,killed,killed,killed
M13cdc33f6bc4ad8d,killed,killed,killed,killed,killed,killed,killed,killed
M13d15f64caa85940,killed,killed,killed,killed,killed,killed,killed,killed
M13d2efda9cdcf561,timeout,timeout,timeout,timeout,timeout,timeout,timeout,timeout
M13d44e34a421ac04,survived,survived,survived,survived,survived,survived,survived,survived
M13ea7ea88183f927,killed,killed,killed,killed,killed,killed,killed,killed
M1405c19dd7848f9e,timeout,timeout,timeout,timeout,timeout,timeout,timeout,timeout
M1410b4ae2618a83a,timeout,timeout,timeout,timeout,timeout,timeout,timeout,timeout
M1423200c33654909,survived,survived,survived,survived,survived,survived,survived,survived
M14250e55498e11ce,survived,survived,survived,survived,survived,survived,survived,survived
M143cfb9912d88467,survived,survived,survived,survived,survived,survived,survived,survived
M144e5a53f8b22dee,survived,survived,survived,survived,survived,survived,survived,survived
M147dcc6dc27e8e30,killed,killed,killed,killed,killed,killed,killed,killed
M14934765cc377f1b,killed,killed,killed,killed,killed,killed,killed,killed
M14935ecc2b8ba957,killed,killed,killed,killed,killed,killed,killed,killed
M1495cf93401cb106,killed,killed,killed,killed,killed,killed,killed,killed
M14a0e604d46a5287,killed,killed,killed,killed,killed,killed,killed,killed
M14a646cb7060ed5f,killed,killed,killed,killed,killed,killed,killed,killed
M14b074e259e5e101,survived,survived,survived,survived,survived,survived,survived,survived
M14be93fba10aa9a8,killed,killed,killed,killed,killed,killed,killed,killed
M14cc1f7e26cd215a,survived,survived,survived,survived,survived,survived,survived,survived
M14ced10c8bb4ec6d,killed,killed,killed,killed,killed,killed,killed,killed
M14d2876f14abc0e8,killed,killed,killed,killed,killed,killed,killed,killed
M14ee043b05168c15,survived,survived,survived,survived,survived,survived,survived,survived
M14f7d115ba793ccb,survived,survived,survived,survived,survived,survived,survived,survived
M14f8e29904923138,killed,killed,killed,killed,killed,killed,killed,killed
M14fb34c52dbe9c37,survived,survived,survived,survived,survived,survived,survived,survived
M150963b2f1aac655,killed,killed,killed,killed,killed,killed,killed,killed
M151eff7bc73663b6,killed,killed,killed,killed,killed,killed,killed,killed
M1520a99a8f28267a,killed,killed,killed,killed,killed,killed,killed,killed
M153a6539a1ea7bf6,killed,killed,killed,killed,killed,killed,killed,killed
M1555d44f0212e3af,killed,killed,killed,killed,killed,killed,killed,killed
M1562d6607950a0c6,killed,killed,killed,killed,killed,killed,killed,killed
M1565f4c79cb7ece0,no_tests,killed,killed,killed,killed,killed,killed,killed
M158cd845b49d34a3,survived,survived,survived,survived,survived,survived,survived,survived
M159fd20769089ad4,survived,survived,survived,survived,survived,survived,survived,survived
M15a38ef0cd9f02b4,killed,killed,killed,killed,killed,killed,killed,killed
M15a628985531c796,killed,killed,killed,killed,killed,killed,killed,killed
M15ae32403029b514,killed,killed,killed,killed,killed,killed,killed,killed
M15ae6483eb9e2bb3,killed,killed,killed,killed,killed,killed,killed,killed
M15b3e72cfe6ee466,killed,killed,killed,killed,killed,killed,killed,killed
M15c21bc34ce10396,killed,killed,killed,killed,killed,killed,killed,killed
M15c592ced843f097,killed,killed,killed,killed,killed,killed,killed,killed
M15ccba6bc3361b68,killed,killed,killed,killed,killed,killed,killed,killed
M15cddb2be567a255,survived,survived,survived,survived,survived,survived,survived,survived
M15dc5d7c7ddaaa76,killed,killed,killed,killed,killed,killed,killed,killed
M15f6592985d364d5,killed,killed,killed,killed,killed,killed,killed,killed
M15fce1e36c4fc265,survived,survived,survived,survived,survived,survived,survived,survived
M16003167cbfa29de,survived,survived,survived,survived,survived,survived,survived,survived
M160d6ec8880ec534,killed,killed,killed,killed,killed,killed,killed,killed
M161257a93d5ea6b2,survived,survived,survived,survived,survived,survived,survived,survived
M1625e40a28b5d753,no_tests,survived,survived,survived,survived,survived,survived,survived
M16367cc1e2122701,killed,killed,killed,killed,killed,killed,killed,killed
M163bd3d141fc82fd,killed,killed,killed,killed,killed,killed,killed,killed
M163c1256f2d8f7ce,killed,killed,killed,killed,killed,killed,killed,killed
M163cd3a53802a423,killed,killed,killed,killed,killed,killed,killed,killed
M1643bc8bd97b286f,killed,killed,killed,killed,killed,killed,killed,killed
M164e7fd50d489a00,killed,killed,killed,killed,killed,killed,killed,killed
M16535ba419a666f8,timeout,timeout,timeout,timeout,timeout,timeout,timeout,timeout
M165cc3b2246e4f65,killed,killed,killed,killed,killed,killed,killed,killed
M166ee5989f06f53b,killed,killed,killed,killed,killed,killed,killed,killed
M16806e7ea5c1a973,killed,killed,killed,killed,killed,killed,killed,killed
M169e075d0b862105,survived,survived,killed,survived,survived,survived,survived,survived
M16af751b54ca2c86,killed,killed,killed,killed,killed,killed,killed,killed
M16b8de35f7f80977,killed,killed,killed,killed,killed,killed,killed,killed
M16c118de0c4450fb,killed,killed,killed,killed,killed,killed,killed,killed
M16c18e428c34a302,killed,killed,killed,killed,killed,killed,killed,killed
M16cf72a0d4257e98,killed,killed,killed,killed,killed,killed,killed,killed
M16e1453e07786d9a,killed,killed,killed,killed,killed,killed,killed,killed
M16e5a954ee77faa3,killed,killed,killed,killed,killed,killed,killed,killed
M16f8d71ba2009424,killed,killed,killed,killed,killed,killed,killed,killed
M17014f7247fd4a38,killed,killed,killed,killed,killed,killed,killed,killed
M17046082d3bc7b4d,killed,killed,killed,killed,killed,killed,killed,killed
M170584a443e7d7dd,killed,killed,killed,killed,killed,killed,killed,killed
M17123dbb9117bafb,survived,survived,survived,survived,survived,survived,survived,survived
M171bc33a0033dbc1,survived,survived,survived,survived,survived,survived,survived,survived
M1728a465dbf59ef4,survived,survived,survived,survived,survived,survived,survived,survived
M1729aa99c24f1772,killed,killed,killed,killed,killed,killed,killed,killed
M172bb6c0df74800f,survived,survived,survived,survived,survived,survived,survived,survived
M17432bf59b6e5cad,survived,survived,survived,survived,survived,survived,survived,survived
M1758c3b9bb5b4699,killed,killed,killed,killed,killed,killed,killed,killed
M17700c534c682c2f,killed,killed,killed,killed,killed,killed,killed,killed
M17715f823434c90d,killed,killed,killed,killed,killed,killed,killed,killed
M17770b59aded898d,survived,survived,survived,survived,survived,survived,survived,survived
M1780b73a55d50f17,killed,killed,killed,killed,killed,killed,killed,killed
M178859f357cfd207,survived,survived,survived,survived,survived,survived,survived,survived
M179011e9c99de42a,survived,survived,survived,survived,survived,survived,survived,survived
M17a19fa398538ba3,killed,killed,killed,killed,killed,killed,killed,killed
M17a583e51c8b10a9,survived,survived,survived,survived,survived,survived,survived,survived
M17b859f7591b49b6,survived,survived,survived,survived,survived,survived,survived,survived
M17c6f96534c24745,survived,survived,survived,survived,survived,survived,survived,survived
M17dc43c11caae88f,killed,killed,killed,killed,killed,killed,killed,killed
M17e95ebee48af3af,killed,killed,killed,killed,killed,killed,killed,killed
M17ed898aaf014d36,killed,killed,killed,killed,killed,killed,killed,killed
M180850c4991d6b3d,killed,killed,killed,killed,killed,killed,killed,killed
M18141bb28ea01b8b,survived,survived,survived,survived,survived,survived,survived,survived
M1817dc9895f33306,killed,killed,killed,killed,killed,killed,killed,killed
M182daf596bdb2e99,killed,killed,killed,killed,killed,killed,killed,killed
M182f70e656144a75,killed,killed,killed,killed,killed,killed,killed,killed
M18456f34026a7c10,no_tests,survived,survived,survived,survived,survived,survived,survived
M184c6f8c291d089e,killed,killed,killed,killed,killed,killed,killed,killed
M18580d53fa0bb806,killed,killed,killed,killed,killed,killed,killed,killed
M187f8c4f2fa80dca,killed,killed,killed,killed,killed,killed,killed,killed
M18810f15b52af78d,killed,killed,killed,killed,killed,killed,killed,killed
M1893ec04e715f2dc,survived,survived,survived,survived,survived,survived,survived,survived
M1894ee84659fa4e2,killed,killed,killed,killed,killed,killed,killed,killed
M18ab6d16e10956c3,killed,killed,killed,killed,killed,killed,killed,killed
M18bfa97436ba3180,survived,survived,survived,survived,survived,survived,survived,survived
M18c560e9aedce9da,survived,survived,survived,survived,survived,survived,survived,survived
M18cab22cc5bf7306,killed,killed,killed,killed,killed,killed,killed,killed
M18d4ef49976fd6e8,killed,killed,killed,killed,killed,killed,killed,killed
M18dc9b31c4f182e6,survived,survived,survived,survived,survived,survived,survived,survived
M18e2e03becd587a3,survived,survived,survived,survived,survived,survived,survived,survived
M18eb293045d49c6a,survived,survived,survived,survived,survived,survived,survived,survived
M19126635db0c8db9,killed,killed,killed,killed,killed,killed,killed,killed
M191b3c86e34118b9,killed,killed,killed,killed,killed,killed,killed,killed
M192484ddb47e3747,killed,killed,killed,killed,killed,killed,killed,killed
M192924dd5f3a1523,survived,survived,survived,survived,survived,survived,survived,survived
M1929b4fecbfbbd8d,killed,killed,killed,killed,killed,killed,killed,killed
M193f635f0f4af455,survived,survived,survived,survived,survived,survived,survived,survived
M1944365edb0d3ca0,survived,survived,survived,survived,survived,survived,survived,survived
M194847b58c4beedc,killed,killed,killed,killed,killed,killed,killed,killed
M195105278c79bd21,survived,survived,survived,survived,survived,survived,survived,survived
M1963c1d61c4bd1e1,killed,killed,killed,killed,killed,killed,killed,killed
M196d45da64e2993b,killed,killed,killed,killed,killed,killed,killed,killed
M197043c527466a6f,killed,killed,killed,killed,killed,killed,killed,killed
M1976c1ce8ee4d38e,killed,killed,killed,killed,killed,killed,killed,killed
M197e85c016b31219,killed,killed,killed,killed,killed,killed,killed,killed
M197fbae2bbd02439,killed,killed,killed,killed,killed,killed,killed,killed
M19876029ca49a506,survived,survived,survived,survived,survived,survived,survived,survived
M19967244890df9a1,killed,killed,killed,killed,killed,killed,killed,killed
M199cd77580931d7e,survived,survived,survived,survived,survived,survived,survived,survived
M19b0520104b971cd,survived,survived,survived,survived,survived,survived,survived,survived
M19c53dfc060470ae,survived,survived,survived,survived,survived,survived,survived,survived
M19cfd078178a22e6,killed,killed,killed,killed,killed,killed,killed,killed
M1a0895ab3c1135f3,killed,killed,killed,killed,killed,killed,killed,killed
M1a22492d91f916b6,killed,killed,killed,killed,killed,killed,killed,killed
M1a23469a99a991c5,killed,killed,killed,killed,killed,killed,killed,killed
M1a23b0d4d5b90947,survived,survived,survived,survived,survived,survived,survived,survived
M1a275bc364ba0b47,killed,killed,killed,killed,killed,killed,killed,killed
M1a4b8a8b917fa436,survived,survived,survived,survived,survived,survived,survived,survived
M1a507fb5e02f26fa,survived,survived,survived,survived,survived,survived,survived,survived
M1a56aa8e2b2fd9ef,killed,killed,killed,killed,killed,killed,killed,killed
M1a59ff14e3f3fd44,killed,killed,killed,killed,killed,killed,killed,killed
M1a5a60328da8e085,survived,survived,survived,survived,survived,survived,survived,survived
M1a80748814cb8178,killed,killed,killed,killed,killed,killed,killed,killed
M1a82d0981a594a93,killed,killed,killed,killed,killed,killed,killed,killed
M1a977a1f5476ef00,killed,killed,killed,killed,killed,killed,killed,killed
M1ac4d77e5f123170,killed,killed,killed,killed,killed,killed,killed,killed
M1adf66307d58058e,killed,survived,killed,survived,survived,survived,survived,killed
M1ae171d64605344b,survived,survived,survived,survived,survived,survived,survived,survived
M1ae2a688aa92d696,survived,survived,survived,survived,survived,survived,survived,survived
M1ae8e9f6d5b77197,survived,survived,survived,survived,survived,survived,survived,survived
M1aeb25e359028f52,killed,killed,killed,killed,killed,killed,killed,killed
M1af01dce96ab4eb8,killed,killed,killed,killed,killed,killed,killed,killed
M1af2b9f0c4231381,killed,killed,killed,killed,killed,killed,killed,killed
M1b00b51ff342566d,killed,killed,killed,killed,killed,killed,killed,killed
M1b14bf1d87cd6d77,killed,killed,killed,killed,killed,killed,killed,killed
M1b326fe0c13956b2,killed,killed,killed,killed,killed,killed,killed,killed
M1b40fd5236f9aa4c,survived,survived,survived,survived,survived,survived,survived,survived
M1b494a208f857da5,killed,killed,killed,killed,killed,killed,killed,killed
M1b59569bf1350e1e,killed,killed,killed,killed,killed,killed,killed,killed
M1b5d85017a9bfb6d,killed,killed,killed,killed,killed,killed,killed,killed
M1b66c0f061be849f,killed,killed,killed,killed,killed,killed,killed,killed
M1b79b4e0dfd6c452,killed,killed,killed,killed,killed,killed,killed,killed
M1b7b1accfa946945,no_tests,killed,killed,killed,killed,killed,killed,killed
M1b7eb6a56b53a8e5,survived,survived,survived,survived,survived,survived,survived,survived
M1b804b361b31536f,killed,killed,killed,killed,killed,killed,killed,killed
M1b8cd9f0ec15bd62,killed,killed,killed,killed,killed,killed,killed,killed
M1b8d00b87c6e2c7d,killed,killed,killed,killed,killed,killed,killed,killed
M1ba0d33f0fced90b,killed,killed,killed,killed,killed,killed,killed,killed
M1ba48e8dbb227f2c,survived,survived,survived,survived,survived,survived,survived,survived
M1bae7f1c33a22778,survived,survived,survived,survived,survived,survived,survived,survived
M1bb3030fd67e97c0,killed,killed,killed,killed,killed,killed,killed,killed
M1bd89ca426c91f52,killed,killed,killed,killed,killed,killed,killed,killed
M1bddc9b170983d70,killed,killed,killed,killed,killed,killed,killed,killed
M1be88f8eb567c3e6,survived,survived,survived,survived,survived,survived,survived,survived
M1bfededc8b43e13e,survived,survived,survived,survived,survived,survived,survived,survived
M1c0640137665f034,killed,killed,killed,killed,killed,killed,killed,killed
M1c1294b65286c4e0,killed,killed,killed,killed,killed,killed,killed,killed
M1c175ef8d35439b2,killed,killed,killed,killed,killed,killed,killed,killed
M1c17d9e9f55ccc7e,killed,killed,killed,killed,killed,killed,killed,killed
M1c2426a3e9583dcb,killed,killed,killed,killed,killed,killed,killed,killed
M1c4a43d43e39f4ce,survived,survived,survived,survived,survived,survived,survived,survived
M1c4e82d4a9899363,survived,survived,survived,survived,survived,survived,survived,survived
M1c5072519edbd1cd,killed,killed,killed,killed,killed,killed,killed,killed
M1c6e364dd0d22830,survived,survived,survived,survived,survived,survived,survived,survived
M1c6ef4c803e96f77,killed,killed,killed,killed,killed,killed,killed,killed
M1c7276b9b9a8980e,killed,killed,killed,killed,killed,killed,killed,killed
M1c7379e6249cc7ac,survived,survived,survived,survived,survived,survived,survived,survived
M1c87ff70f4807dc7,killed,killed,killed,killed,killed,killed,killed,killed
M1c8b06629d9c5f6f,survived,survived,survived,survived,survived,survived,survived,survived
M1c9a62b2f8403d57,killed,killed,killed,killed,killed,killed,killed,killed
M1cc0d91851f1ab61,killed,killed,killed,killed,killed,killed,killed,killed
M1cf65910d00a0540,killed,killed,killed,killed,killed,killed,killed,killed
M1d02712760247f6e,killed,killed,killed,killed,killed,killed,killed,killed
M1d1f978009b3d650,killed,killed,killed,killed,killed,killed,killed,killed
M1d2ab375178813ac,survived,survived,survived,survived,survived,survived,survived,survived
M1d50435a4f5e3363,killed,killed,killed,killed,killed,killed,killed,killed
M1d50b148dd63adfc,killed,killed,killed,killed,killed,killed,survived,killed
M1d6bfbd04b32d91f,killed,killed,killed,killed,killed,killed,killed,killed
M1d7d9e79ef1888f2,killed,killed,killed,killed,killed,killed,killed,killed
M1da5672b3367c97a,survived,survived,survived,survived,survived,survived,survived,survived
M1da8a2a3b1bf28e9,killed,killed,killed,killed,killed,killed,killed,killed
M1da93828c23b32b6,killed,killed,killed,killed,killed,killed,killed,killed
M1daedfe2fb0f6023,killed,killed,killed,killed,killed,killed,killed,killed
M1dc4dcfcb198fc34,survived,survived,survived,survived,survived,survived,survived,survived
M1dc79f52e0ff3e21,killed,killed,killed,killed,killed,killed,killed,killed
M1dcb3853343576e7,killed,killed,killed,killed,killed,killed,killed,killed
M1ddb204f642f0d6f,killed,killed,killed,killed,killed,killed,killed,killed
M1deaff623e60d7ef,killed,killed,killed,killed,killed,killed,killed,killed
M1deff1cb2a5bd8d7,killed,killed,killed,killed,killed,killed,killed,killed
M1df004e53aa9223f,killed,killed,killed,killed,killed,killed,killed,killed
M1df63899d1fe3215,killed,killed,killed,killed,killed,killed,killed,killed
M1e14b2b839f006c5,killed,killed,killed,killed,killed,killed,killed,killed
M1e1c363cf24602e8,survived,survived,survived,survived,survived,survived,survived,survived
M1e1d1ed08177deb1,killed,killed,killed,killed,killed,killed,killed,killed
M1e2390cafd9a97b3,killed,killed,killed,killed,killed,killed,killed,killed
M1e2d98d199f8e469,survived,survived,survived,survived,survived,survived,survived,survived
M1e41e7475579faae,killed,killed,killed,killed,killed,killed,killed,killed
M1e5222c6772ff67a,killed,killed,killed,killed,killed,killed,killed,killed
M1e5300142125a5dc,survived,survived,survived,survived,survived,survived,survived,survived
M1e6831d0262a6fd2,survived,survived,survived,survived,survived,survived,survived,survived
M1e6db68d00094ab8,killed,killed,killed,killed,killed,killed,killed,killed
M1e7070fb44926783,killed,killed,killed,killed,killed,killed,killed,killed
M1e720e2e229dbec6,killed,killed,killed,killed,killed,killed,killed,killed
M1e7ede0de71a65f3,killed,killed,killed,killed,killed,killed,killed,killed
M1e96488d27ecfbb1,killed,killed,killed,killed,killed,killed,killed,killed
M1e9c4528b727b7ed,killed,killed,killed,killed,killed,killed,killed,killed
M1eb9b0e66273073f,killed,killed,killed,killed,killed,killed,killed,killed
M1edd7728d4b310a5,timeout,timeout,timeout,timeout,timeout,timeout,timeout,timeout
M1f0cf1e3b5014ef7,killed,killed,killed,killed,killed,killed,killed,killed
M1f20e76d681fbcc1,killed,killed,killed,killed,killed,killed,killed,killed
M1f37f9a4f10f267b,no_tests,survived,survived,survived,survived,survived,survived,survived
M1f42a1940eb9de8b,killed,killed,killed,killed,killed,killed,killed,killed
M1f709fb43f5b4f0e,killed,killed,killed,killed,killed,killed,killed,killed
M1f771b12350e37af,killed,killed,killed,killed,killed,killed,killed,killed
M1f7c85ba97ecb0c6,killed,killed,killed,killed,killed,killed,killed,killed
M1f9eb75c60b93fb9,survived,survived,survived,survived,survived,survived,survived,survived
M1f9fcbfd42a2d16d,timeout,timeout,timeout,timeout,timeout,timeout,timeout,timeout
M1fa05dc115628747,killed,killed,killed,killed,killed,killed,killed,killed
M1fa76c68aae18916,timeout,timeout,timeout,timeout,timeout,timeout,timeout,timeout
M1fb9c35faa4ba597,killed,killed,killed,killed,killed,killed,killed,killed
M1fd1ddeed65edfc0,killed,killed,killed,killed,killed,killed,killed,killed
M1fe52ca8d2d62bc6,survived,survived,survived,survived,survived,survived,survived,survived
M1fe7524cf6826f42,killed,killed,killed,killed,killed,killed,killed,killed
M1ff0b77a56fd2fdd,killed,killed,killed,killed,killed,killed,killed,killed
M1ff3b098ff85389e,killed,killed,killed,killed,killed,killed,killed,killed
M1ff6db6b36833e55,survived,survived,survived,survived,survived,survived,survived,survived
M1ffc89187d52ab0a,survived,survived,survived,survived,survived,survived,survived,survived
M2004d59b6abed499,survived,survived,survived,survived,survived,survived,survived,survived
M2016e874e07d9d30,survived,survived,survived,survived,survived,survived,survived,survived
M201f49d66d340da0,killed,killed,killed,killed,killed,killed,killed,killed
M20276040643dc924,killed,killed,killed,killed,killed,killed,killed,killed
M202c09ff7ae94d33,killed,killed,killed,killed,killed,killed,killed,killed
M204a40e99fa8a587,killed,killed,killed,killed,killed,killed,killed,killed
M2052a101036efea9,killed,killed,killed,killed,killed,killed,killed,killed
M205410837eb429de,killed,killed,killed,killed,killed,killed,killed,killed
M2054523d2177ec8b,survived,survived,survived,survived,survived,survived,survived,survived
M205a511be3bea914,killed,killed,killed,killed,killed,killed,killed,killed
M2077560931bc4587,killed,killed,killed,killed,killed,killed,killed,killed
M20882fc076d22761,survived,survived,survived,survived,survived,survived,survived,survived
M208d8de6a16c3266,survived,survived,survived,survived,survived,survived,survived,survived
M208dc22ad94355fd,killed,killed,killed,killed,killed,killed,killed,killed
M209436b3e487a705,killed,killed,killed,killed,killed,killed,killed,killed
M20a35f5f208a0dd4,survived,survived,survived,survived,survived,survived,survived,survived
M20a4f92d0de38b7a,killed,killed,killed,killed,killed,killed,killed,killed
M20a9d0ddd61e0691,killed,killed,killed,killed,killed,killed,killed,killed
M20ba3c2c4aa590b0,survived,survived,survived,survived,survived,survived,survived,survived
M20c3c9ecf02a8e6e,killed,killed,killed,killed,killed,killed,killed,killed
M20d703a61eb1d779,survived,survived,survived,survived,survived,survived,survived,survived
M20dffb673e975df5,killed,killed,killed,killed,killed,killed,killed,killed
M20f85c17a71a9f02,killed,killed,killed,killed,killed,killed,killed,killed
M211539cc2adaa353,killed,killed,killed,killed,killed,killed,killed,killed
M211619f56f5d35d4,survived,survived,survived,survived,survived,survived,survived,survived
M21239ade544b7425,killed,killed,killed,killed,killed,killed,killed,killed
M212fdaa33975858e,survived,survived,survived,survived,survived,survived,survived,survived
M213f4097073c9cc3,survived,survived,survived,survived,survived,survived,survived,survived
M2141186b5f6b73e9,killed,killed,killed,killed,killed,killed,killed,killed
M2152416a0a02522a,survived,survived,survived,survived,survived,survived,survived,survived
M215f68f4177449d7,timeout,timeout,timeout,timeout,timeout,timeout,timeout,timeout
M21768bab73ac3f86,killed,killed,killed,killed,killed,killed,killed,killed
M218462ddb5094c29,survived,survived,survived,survived,survived,survived,survived,survived
M21902bb0bd09e70a,timeout,timeout,timeout,timeout,timeout,timeout,timeout,timeout
M21a91fa690e4f109,survived,survived,survived,survived,survived,survived,survived,survived
M21bf9226f438ccb7,killed,killed,killed,killed,killed,killed,killed,killed
M21cb23fb37c1da58,killed,killed,killed,killed,killed,killed,killed,killed
M21d68cc1db32a6c8,survived,survived,survived,survived,survived,survived,survived,survived
M21dbacd4e1452ce4,timeout,timeout,timeout,timeout,timeout,timeout,timeout,timeout
M21dce9fd99320081,timeout,timeout,timeout,timeout,timeout,timeout,timeout,timeout
M21e6ad824cbadf67,killed,killed,killed,killed,killed,killed,killed,killed
M220ad322af39ef3a,killed,killed,killed,killed,killed,killed,killed,killed
M221183d3e556f51b,survived,survived,survived,survived,survived,survived,survived,survived
M2215df9470a31d0f,killed,killed,killed,killed,killed,killed,killed,killed
M221fabf95c3e217e,killed,killed,killed,killed,killed,killed,killed,killed
M222af97952feaca2,survived,survived,survived,survived,survived,survived,survived,survived
M22393243ed37c8fb,killed,killed,killed,killed,killed,killed,killed,killed
M226283d20698bba9,killed,killed,killed,killed,killed,killed,killed,killed
M226b53e6a8e463ec,survived,survived,survived,survived,survived,survived,survived,survived
M22ae16866c5a1f6e,killed,killed,killed,killed,killed,killed,killed,killed
M22b20a1756ef9e70,killed,killed,killed,killed,killed,killed,killed,killed
M22b31bd16a4af050,survived,survived,survived,survived,survived,survived,survived,survived
M22c4249204b5fc7b,killed,killed,killed,killed,killed,killed,killed,killed
M22ccb9aa5eff933f,killed,killed,killed,killed,killed,killed,killed,killed
M22d4593736727628,survived,survived,survived,survived,survived,survived,survived,survived
M22ef4293f151134b,survived,survived,survived,survived,survived,survived,survived,survived
M2317942e67dae60b,killed,killed,killed,killed,killed,killed,killed,killed
M2324b15b1a17fb2c,killed,killed,killed,killed,killed,killed,killed,killed
M23470f1047d5c8e4,killed,killed,killed,killed,killed,killed,killed,killed
M235fc1017192881e,killed,killed,killed,killed,killed,killed,killed,killed
M23865702b0091d0d,killed,killed,killed,killed,killed,killed,killed,killed
M2388b0855aef38cf,survived,survived,survived,survived,survived,survived,survived,survived
M23a09315bb90d78c,killed,killed,killed,killed,killed,killed,killed,killed
M23a1e7014532e859,killed,killed,killed,killed,killed,killed,killed,killed
M23a4f0678d0f11bd,killed,killed,killed,killed,killed,killed,killed,killed
M23d8e8b7189b9be8,survived,survived,survived,survived,survived,survived,survived,survived
M23dfee197b6ef9c8,killed,killed,killed,killed,killed,killed,killed,killed
M23f749735791b6a1,survived,survived,survived,survived,survived,survived,survived,survived
M23fadccde85e2d15,killed,killed,killed,killed,killed,killed,killed,killed
M241cf1e95784f1ac,killed,killed,killed,killed,killed,killed,killed,killed
M243b208de1fa503f,killed,killed,killed,killed,killed,killed,killed,killed
M2440925bf5fba901,survived,survived,survived,survived,survived,survived,survived,survived
M2450b09c5ffd0ceb,killed,killed,killed,killed,killed,killed,killed,killed
M246161acea571543,killed,killed,killed,killed,killed,killed,killed,killed
M247952063fa64fa2,killed,killed,killed,killed,killed,killed,killed,killed
M2494054f8009fab2,killed,killed,killed,killed,killed,killed,killed,killed
M24a7265371e1ff7f,killed,killed,killed,killed,killed,killed,killed,killed
M24b6a7327f4fd2ca,killed,killed,killed,killed,killed,killed,killed,killed
M24b93dba664f5ee9,killed,killed,killed,killed,killed,killed,killed,killed
M24cbd3c07122e727,killed,killed,killed,killed,killed,killed,killed,killed
M24edef9a0d927288,survived,survived,survived,survived,survived,survived,survived,survived
M24fea16315215a17,killed,killed,killed,killed,killed,killed,killed,killed
M251ec3ad32140758,killed,killed,killed,killed,killed,killed,killed,killed
M2523456f63e76a70,killed,killed,killed,killed,killed,killed,killed,killed
M2523737fc5626fed,killed,killed,killed,killed,killed,killed,killed,killed
M2543306a63cc0e88,survived,survived,survived,survived,survived,survived,survived,survived
M254a34d668e2010b,killed,killed,killed,killed,killed,killed,killed,killed
M255006d48d47b5b0,killed,killed,killed,killed,killed,killed,killed,killed
M255bfafabdadfe9b,killed,killed,killed,killed,killed,killed,killed,killed
M256148c675fc330b,killed,killed,killed,killed,killed,killed,killed,killed
M257b94d87b759185,survived,survived,survived,survived,survived,survived,survived,survived
M25855345f12e51d7,killed,killed,killed,killed,killed,killed,killed,killed
M258896d661a43c5f,timeout,timeout,timeout,timeout,timeout,timeout,timeout,timeout
M258ade665c8e3c38,killed,killed,killed,killed,killed,survived,killed,killed
M2593cdaa972d0343,killed,killed,killed,killed,killed,killed,killed,killed
M25bccf99c280d395,timeout,timeout,timeout,timeout,timeout,timeout,timeout,timeout
M25e152aba8a8ca17,survived,survived,survived,survived,survived,survived,survived,survived
M25f5bd0607b869be,killed,killed,killed,killed,killed,killed,killed,killed
M26310b1f9d6b167a,survived,survived,survived,survived,survived,survived,survived,survived
M265f056e1537baa7,killed,killed,killed,killed,killed,killed,killed,killed
M267bb1c5bae0ee1b,killed,killed,killed,killed,killed,killed,killed,killed
M268d6c82aad7b6eb,killed,killed,killed,killed,killed,killed,killed,killed
M269d4d8b82063cfc,survived,survived,survived,survived,survived,survived,survived,survived
M26bb47c32d49f6ae,killed,killed,killed,killed,killed,killed,killed,killed
M26bcd9729e10a25a,killed,killed,killed,killed,killed,killed,killed,killed
M26c081f0827146b9,survived,survived,survived,survived,survived,survived,survived,survived
M26cf3112d3497e3e,killed,killed,killed,killed,killed,killed,killed,killed
M26d373c2f075b21f,killed,killed,killed,killed,killed,killed,killed,killed
M26dc109ead6903f9,killed,killed,killed,killed,killed,killed,killed,killed
M26f08a1726203b66,killed,killed,killed,killed,killed,killed,killed,killed
M26f1bb118e308554,survived,survived,survived,survived,survived,survived,survived,survived
M26fdb27b9f42003f,killed,killed,killed,killed,killed,killed,killed,killed
M2704327c5d280197,killed,killed,killed,killed,killed,killed,killed,killed
M270a1aa01fe883e6,survived,survived,survived,survived,survived,survived,survived,survived
M270e03eccf840c0f,timeout,timeout,timeout,timeout,timeout,timeout,timeout,timeout
M27166b37476b4f79,killed,killed,killed,killed,killed,killed,killed,killed
M271995a15d4f7aae,timeout,timeout,timeout,timeout,timeout,timeout,timeout,timeout
M27231b6891529c06,killed,killed,killed,killed,killed,killed,killed,killed
M272791a4a379c11a,killed,killed,killed,killed,killed,killed,killed,killed
M273bb21845e5ae08,killed,killed,killed,killed,killed,killed,killed,killed
M2745e714772e0061,killed,killed,killed,killed,killed,killed,killed,killed
M2746644614e4a07c,killed,killed,killed,killed,killed,killed,killed,killed
M274a90e6399550d7,killed,killed,killed,killed,killed,killed,killed,killed
M275424fc8d22d44b,survived,survived,survived,survived,survived,survived,survived,survived
M27543e8736a66791,survived,survived,survived,survived,survived,survived,survived,survived
M275a5ecd858c38ca,survived,survived,survived,survived,survived,survived,survived,survived
M275d1e9dee227995,survived,survived,survived,survived,survived,survived,survived,survived
M275d7d90089323ef,killed,killed,killed,killed,killed,killed,killed,killed
M276500ecdd54c0f9,killed,killed,killed,killed,killed,killed,killed,killed
M27779a3427197abd,killed,killed,killed,killed,killed,killed,killed,killed
M278a17940907786c,killed,killed,killed,killed,killed,killed,killed,killed
M278c7d435325e3fe,survived,survived,survived,survived,survived,survived,survived,survived
M279a78e207b003f3,killed,killed,killed,killed,killed,killed,killed,killed
M279f40a1976f45b3,survived,survived,survived,survived,survived,survived,survived,survived
M27b42c0f5af6f874,killed,killed,killed,killed,killed,killed,killed,killed
M27b8adc44b2c607c,killed,killed,killed,killed,killed,killed,killed,killed
M27c11a1e8c31661d,survived,survived,survived,survived,survived,survived,survived,survived
M27ca7a2372371359,killed,killed,killed,killed,killed,killed,killed,killed
M27f66a73e9b48e60,killed,killed,killed,killed,killed,killed,killed,killed
M27fa915dafb27649,survived,survived,survived,survived,survived,survived,survived,survived
M280393313896ce08,killed,killed,killed,killed,killed,killed,killed,killed
M280d4c94b21462ed,killed,killed,killed,killed,killed,killed,killed,killed
M281aea8f987c0c3d,survived,survived,survived,survived,survived,survived,survived,survived
M281c8285185c048f,killed,killed,killed,killed,killed,killed,killed,killed
M2828749b453672e6,killed,killed,killed,killed,killed,killed,killed,killed
M28404e42e3fb9836,survived,survived,survived,survived,survived,survived,survived,survived
M28674ce0cc27ca2b,killed,killed,killed,killed,killed,killed,killed,killed
M2888f296a75dfe82,survived,survived,survived,survived,survived,survived,survived,survived
M2889e8696d733b9b,killed,killed,killed,killed,killed,killed,killed,killed
M28968e7d8bb4b08d,killed,killed,killed,timeout,killed,killed,timeout,killed
M28aa2b4918da2032,killed,killed,killed,killed,killed,killed,killed,killed
M28ae095a1a8b1406,killed,killed,killed,killed,killed,killed,killed,killed
M28bb525a9ee9c7b9,survived,survived,survived,survived,survived,survived,survived,survived
M28c1942b8610ea10,killed,killed,killed,killed,killed,killed,killed,killed
M28d82d7886a1ff5c,killed,killed,killed,killed,killed,killed,killed,killed
M28e8cde5ead33305,timeout,timeout,timeout,timeout,timeout,timeout,timeout,timeout
M28ea65281baa7bc8,killed,killed,killed,killed,killed,killed,killed,killed
M28ebbfeb8d9ae806,killed,killed,killed,killed,killed,killed,killed,killed
M2907d7f88afc6f8f,killed,killed,killed,killed,killed,killed,killed,killed
M295888fb66d33cb7,killed,killed,killed,killed,killed,killed,killed,killed
M296239a2031db341,killed,killed,killed,killed,killed,killed,killed,killed
M296260034d7a0e0c,survived,survived,survived,survived,survived,survived,survived,survived
M2971dac2ba0dd81d,survived,survived,survived,survived,survived,survived,survived,survived
M2975e03f1f899db8,survived,survived,survived,survived,survived,survived,survived,survived
M298dd4811cdb94c6,killed,killed,killed,killed,killed,killed,killed,killed
M299905ca857e3266,survived,survived,survived,survived,survived,survived,survived,survived
M29a22a3f9ef8cbed,killed,killed,killed,killed,killed,killed,killed,killed
M29a5531c9c458d7e,survived,survived,survived,survived,survived,survived,survived,survived
M29ae4337de50b4c5,survived,survived,survived,survived,survived,survived,survived,survived
M29b14dc103cb2987,killed,killed,killed,killed,killed,killed,killed,killed
M29c7727baba420e2,killed,killed,killed,killed,killed,killed,killed,killed
M29d38b52e7a6ce88,killed,killed,killed,killed,killed,killed,killed,killed
M29e81f88cb295f82,survived,survived,survived,survived,survived,survived,survived,survived
M29ee33cc67524fdc,timeout,timeout,timeout,timeout,timeout,timeout,timeout,timeout
M29f9f1c3809a82c3,survived,survived,survived,survived,survived,survived,survived,survived
M2a14759f88b76bcd,killed,killed,killed,killed,killed,killed,timeout,killed
M2a1b64744c18f2a6,killed,killed,killed,killed,killed,killed,killed,killed
M2a21d03da481488f,killed,killed,killed,killed,killed,killed,killed,killed
M2a3142d87e1fca73,killed,killed,killed,killed,killed,killed,killed,killed
M2a541de9fd726146,survived,survived,survived,survived,survived,survived,survived,survived
M2a58d4f7df26f2f6,killed,killed,killed,killed,killed,killed,killed,killed
M2a74006378bbbfdd,killed,killed,killed,killed,killed,killed,killed,killed
M2a7c85945ac0fe5a,killed,killed,killed,killed,killed,killed,killed,killed
M2a7ed9e0e13a5fdc,killed,killed,killed,killed,killed,killed,killed,killed
M2a7f51a42e1e0eac,killed,killed,killed,killed,killed,killed,killed,killed
M2ab4ebc00152bee8,killed,killed,killed,killed,killed,killed,killed,killed
M2ac56dfcc64ed2f1,survived,survived,survived,survived,survived,survived,survived,survived
M2acf002b8c3c6b31,killed,killed,killed,killed,killed,killed,killed,killed
M2ad2734c9e2bec57,killed,killed,killed,killed,killed,killed,killed,killed
M2ae5a9660b3215bc,killed,killed,killed,killed,killed,killed,killed,killed
M2ae7f782301e7920,survived,survived,survived,survived,survived,survived,survived,survived
M2ae8d02b43080b0a,killed,killed,killed,killed,killed,killed,killed,killed
M2ae999518300254f,killed,killed,killed,killed,killed,killed,killed,killed
M2aea58fe0ce9d97e,killed,killed,killed,killed,killed,killed,killed,killed
M2af66ef3d8809508,killed,killed,killed,killed,killed,killed,killed,killed
M2afcd3f22da642b3,killed,killed,killed,killed,killed,killed,killed,killed
M2b09d83e3e57a72e,killed,killed,killed,killed,killed,killed,killed,killed
M2b0f22485be6f3e1,survived,survived,survived,survived,survived,survived,survived,survived
M2b25fbfc4202510f,killed,killed,killed,killed,killed,killed,killed,killed
M2b2a8bd6a27e9666,killed,killed,killed,killed,killed,killed,killed,killed
M2b30cde83a2bf56b,killed,killed,killed,killed,killed,killed,killed,killed
M2b3725a4c2f30399,survived,survived,survived,survived,survived,survived,survived,survived
M2b3ca407447bb9c1,killed,killed,killed,killed,killed,killed,killed,killed
M2b56d9d5fbcc3f4c,killed,killed,killed,killed,killed,killed,killed,killed
M2b61e8c7480d5614,killed,killed,killed,killed,killed,killed,killed,killed
M2b663bf8ed7c2ef0,timeout,timeout,timeout,timeout,timeout,timeout,timeout,timeout
M2b6b8934b6df8312,killed,killed,killed,killed,killed,killed,killed,killed
M2b765150a4bf8862,killed,killed,killed,killed,killed,killed,killed,killed
M2b7a7b36fdb6b1e1,killed,killed,killed,killed,killed,killed,killed,killed
M2b818b3f76e2bc78,survived,survived,survived,survived,survived,survived,survived,survived
M2b8976d45c0f1025,survived,survived,survived,survived,survived,survived,survived,survived
M2b8b55b0c373fbb0,killed,killed,killed,killed,killed,killed,killed,killed
M2b8cfb3b92258657,killed,killed,killed,killed,killed,killed,killed,killed
M2b93bdd58aee835f,survived,survived,survived,survived,survived,survived,survived,survived
M2baf8e6544ab3694,killed,killed,killed,killed,killed,killed,killed,killed
M2bb76a79134f5f91,killed,killed,killed,killed,killed,killed,killed,killed
M2bd64a77f6c26a72,killed,killed,killed,killed,killed,killed,killed,killed
M2bdf5143a2968255,timeout,timeout,timeout,timeout,timeout,timeout,timeout,timeout
M2be63f1aa01721a6,killed,killed,killed,killed,killed,killed,killed,killed
M2be93a51f2136953,killed,killed,killed,killed,killed,killed,killed,killed
M2bfbef69dc7f75c8,killed,killed,killed,killed,killed,killed,killed,killed
M2c0d09e8148d5c62,survived,survived,survived,survived,survived,survived,survived,survived
M2c17e3f445df892a,survived,survived,survived,survived,survived,survived,survived,survived
M2c3d2a0360e3e0e4,killed,killed,killed,killed,killed,killed,killed,killed
M2c3e0352cb30c887,killed,killed,killed,killed,killed,killed,killed,killed
M2c4231fb710a88c6,killed,killed,killed,killed,killed,killed,killed,killed
M2c5d98fa35dc55a7,timeout,timeout,timeout,timeout,timeout,timeout,timeout,timeout
M2c724535e28bb85d,killed,killed,killed,killed,killed,killed,killed,killed
M2c7e536188460bb9,survived,survived,survived,survived,survived,survived,survived,survived
M2c83f44dff769ba6,survived,survived,survived,survived,survived,survived,survived,survived
M2c90a672c08cfcbc,survived,survived,survived,survived,survived,survived,survived,survived
M2cafb8d794e0bb62,killed,killed,killed,killed,killed,killed,survived,killed
M2cb3374cd6062bc7,survived,survived,survived,survived,survived,survived,survived,survived
M2cb3c6a35bdfb79d,killed,killed,killed,killed,killed,killed,killed,killed
M2cc530187bc31e48,killed,killed,killed,killed,killed,killed,killed,killed
M2cc5b99c631492fa,killed,killed,killed,killed,killed,killed,killed,killed
M2cc79cb30eac0627,survived,survived,survived,survived,survived,survived,survived,survived
M2ceb8fd59758ba06,killed,killed,killed,killed,killed,killed,killed,killed
M2cec61bc796dbcaa,survived,survived,survived,survived,survived,survived,survived,survived
M2cf79105cd37f27a,killed,killed,killed,killed,killed,killed,killed,killed
M2d20a9f362c8122b,killed,killed,killed,killed,killed,killed,killed,killed
M2d2733f8450b7518,killed,killed,killed,killed,killed,killed,killed,killed
M2d2c53070ff545c8,killed,killed,killed,killed,killed,killed,killed,killed
M2d44825a0183db08,killed,killed,killed,killed,killed,killed,killed,killed
M2d4604fdfe2654b2,survived,survived,survived,survived,survived,survived,survived,survived
M2d4fc948fd6c8a16,killed,killed,killed,killed,killed,killed,killed,killed
M2d6121496d7d3399,survived,survived,survived,survived,survived,survived,survived,survived
M2d6172aff2ea7d35,killed,killed,killed,killed,killed,killed,killed,killed
M2d65126bcf9705a6,killed,killed,killed,killed,killed,killed,killed,killed
M2d7b1475467157ee,killed,killed,killed,killed,killed,killed,killed,killed
M2da2c833b809d871,survived,survived,survived,survived,survived,survived,survived,survived
M2da8f40c7b4294fb,killed,killed,killed,killed,killed,killed,killed,killed
M2dade92e85d3fce4,killed,killed,killed,killed,killed,killed,killed,killed
M2db915afae521e11,killed,killed,killed,killed,killed,killed,killed,killed
M2de0c1b79c2de173,killed,killed,killed,killed,killed,killed,killed,killed
M2df26dba7e097f75,killed,killed,killed,killed,killed,killed,killed,killed
M2e0d7628342d82f1,survived,survived,survived,survived,survived,survived,survived,survived
M2e0df4a1df02ba9e,killed,killed,killed,killed,killed,killed,killed,killed
M2e0e179ff44f54fc,killed,killed,killed,killed,killed,killed,killed,killed
M2e1047ecec06db0c,survived,survived,survived,survived,survived,survived,survived,survived
M2e1d59b754ad00fa,killed,killed,killed,killed,killed,killed,killed,killed
M2e3937c45c2491c5,killed,killed,killed,killed,killed,killed,killed,killed
M2e4ea9808a4e0698,killed,killed,killed,killed,killed,killed,killed,killed
M2e54b7f24f7edbdb,survived,survived,survived,survived,survived,survived,survived,survived
M2e59274386835173,killed,killed,killed,killed,killed,killed,killed,killed
M2e5a12a2038bdfde,killed,killed,killed,killed,killed,killed,killed,killed
M2e65c32b4d243249,killed,killed,killed,killed,killed,killed,killed,killed
M2e7728c18740379b,killed,killed,killed,killed,killed,killed,killed,killed
M2e7aafebb5798569,killed,killed,killed,killed,killed,killed,killed,killed
M2e7f9d33cf8b749d,timeout,timeout,timeout,timeout,timeout,timeout,timeout,timeout
M2e8ec73e0c455d70,survived,survived,survived,survived,survived,survived,survived,survived
M2e93f0ca5e057589,killed,killed,killed,killed,killed,killed,killed,killed
M2e9cdc45af334e1f,killed,killed,killed,killed,killed,killed,killed,killed
M2eab7b020d7b3430,killed,killed,killed,killed,killed,killed,killed,killed
M2ec836117f503212,killed,killed,killed,killed,killed,killed,killed,killed
M2ed13981c53e68c5,survived,survived,survived,survived,survived,survived,survived,survived
M2ed5b328a10de7b1,killed,killed,killed,killed,killed,killed,killed,killed
M2ef4ea5719682090,survived,survived,survived,survived,survived,survived,survived,survived
M2efb416c4c427a6d,killed,killed,killed,killed,killed,killed,killed,killed
M2f00089859ad6d00,survived,survived,survived,survived,survived,survived,survived,survived
M2f11b5f7f19874f6,killed,killed,killed,killed,killed,killed,killed,killed
M2f14724c495c29bd,survived,survived,survived,survived,survived,survived,survived,survived
M2f1d24378499b5f1,survived,survived,survived,survived,survived,survived,survived,survived
M2f401c46830a3672,survived,survived,survived,survived,survived,survived,survived,survived
M2f61d54f37c41adf,killed,killed,killed,killed,killed,killed,killed,killed
M2f6ba8c881281890,killed,killed,killed,killed,killed,killed,killed,killed
M2f7491a4777d6225,survived,survived,survived,survived,survived,survived,survived,survived
M2f86379735fbf3b5,survived,survived,survived,survived,survived,survived,survived,survived
M2f973e6819e2aefc,killed,killed,killed,killed,killed,killed,killed,killed
M2fa537197a596c43,killed,killed,killed,killed,killed,killed,killed,killed
M2fa68abd7e16c9e2,killed,killed,killed,killed,killed,killed,killed,killed
M2fa828dbcd55bc85,killed,killed,killed,killed,killed,killed,killed,killed
M2faac8792fdcd4bb,killed,killed,killed,killed,killed,killed,killed,killed
M2fc416bb92c986cb,survived,survived,survived,survived,survived,survived,survived,survived
M2fc83144bd8bad68,killed,killed,killed,killed,killed,killed,killed,killed
M2fe046fbfc90f346,survived,survived,survived,survived,survived,survived,survived,survived
M2fe82d09d7f9afcc,survived,survived,survived,survived,survived,survived,survived,survived
M2fec550b4556df02,survived,survived,survived,survived,survived,survived,survived,survived
M2fee87d070680d94,survived,survived,survived,survived,survived,survived,survived,survived
M2ff58793278052e4,killed,killed,killed,killed,killed,killed,killed,killed
M2ffc598f3a611941,killed,killed,killed,killed,killed,killed,killed,killed
M300e84af9b5b1c3f,killed,killed,killed,killed,killed,killed,killed,killed
M3012cd47cfa27dec,survived,survived,survived,survived,survived,survived,survived,survived
M303bb41780f596c4,timeout,timeout,timeout,timeout,timeout,timeout,timeout,timeout
M3085bff374354e30,survived,survived,survived,survived,survived,survived,survived,survived
M30c343bd37dcc24b,killed,killed,killed,killed,killed,killed,killed,killed
M30e024207bbe6411,killed,killed,killed,killed,killed,killed,killed,killed
M30e5dbf093365be3,survived,survived,survived,survived,survived,survived,survived,survived
M30ee169f1288c74b,survived,survived,survived,survived,survived,survived,survived,survived
M30ee7bcb4cd1c869,timeout,timeout,timeout,timeout,timeout,timeout,timeout,timeout
M30fa7c5079bd175d,killed,killed,killed,killed,killed,killed,killed,killed
M3114ba3fe88f722f,killed,killed,killed,killed,killed,killed,killed,killed
M31183bba2b391497,killed,killed,killed,killed,killed,killed,killed,killed
M312d8139091fcf83,killed,killed,killed,killed,killed,killed,killed,killed
M313f4c0e7310f09b,killed,killed,killed,killed,killed,killed,killed,killed
M3174081c6830d0db,survived,survived,survived,survived,survived,survived,survived,survived
M31775e6138931751,killed,killed,killed,killed,killed,killed,killed,killed
M317c8067594654ae,timeout,timeout,timeout,timeout,timeout,timeout,timeout,timeout
M317eaf45f4047f6c,killed,killed,killed,killed,killed,killed,killed,killed
M3186c55848f0c753,survived,survived,survived,survived,survived,survived,survived,survived
M318afa6a7e5b3753,survived,survived,survived,survived,survived,survived,survived,survived
M318eb522105a30a7,survived,survived,survived,survived,survived,survived,survived,survived
M3190a34eee566e7b,killed,killed,killed,killed,killed,killed,killed,killed
M31931a12306ba168,killed,killed,killed,killed,killed,killed,killed,killed
M31ac818bd343ad35,survived,killed,killed,killed,killed,killed,survived,killed
M31ea4199223cdd7d,killed,killed,killed,killed,killed,killed,killed,killed
M31f83e7e51bad77e,killed,killed,killed,killed,killed,killed,killed,killed
M320ef6c19c70d1ec,killed,killed,killed,killed,killed,killed,killed,killed
M3215758da2baeb3c,killed,killed,killed,killed,killed,killed,killed,killed
M321821d696e29152,survived,survived,survived,survived,survived,survived,survived,survived
M321af7d22dd3d598,killed,killed,killed,killed,killed,killed,killed,killed
M321b051ccb2a8f7b,killed,killed,killed,killed,killed,killed,killed,killed
M321d5d01cbc488b8,killed,killed,killed,killed,killed,killed,killed,killed
M321eec9b563c2404,killed,killed,killed,killed,killed,killed,killed,killed
M32202627b5257431,killed,killed,killed,killed,killed,killed,killed,killed
M322dbac3e4a89bfa,survived,survived,survived,survived,survived,survived,survived,survived
M322eadf298d415fe,survived,survived,survived,survived,survived,survived,survived,survived
M322eb4c7f3f0cc03,killed,killed,killed,killed,killed,killed,killed,killed
M322ee08139ded218,killed,killed,killed,killed,killed,killed,killed,killed
M3235880074c36604,killed,killed,killed,killed,killed,killed,killed,killed
M32371cf62f9819b7,survived,survived,survived,survived,survived,survived,survived,survived
M32415c760c6004b5,survived,survived,survived,survived,survived,survived,survived,survived
M324441b8df5413c5,killed,killed,killed,killed,killed,killed,killed,killed
M3251eed4a4ab0570,survived,survived,survived,survived,survived,survived,survived,survived
M32684b10852ba723,survived,survived,survived,survived,survived,survived,survived,survived
M326db9bb836b86bb,killed,killed,killed,killed,killed,killed,killed,killed
M32a7efe32c761fe6,killed,killed,killed,killed,killed,killed,killed,killed
M32b9c832ee499bc1,survived,survived,survived,survived,survived,survived,survived,survived
M32bb165e692d300c,killed,killed,killed,killed,killed,killed,killed,killed
M32cfd1dd9ab15391,timeout,timeout,timeout,timeout,timeout,timeout,timeout,timeout
M32e959480f8c32b1,killed,killed,killed,killed,killed,killed,killed,killed
M32f063a729f8f245,killed,killed,killed,killed,killed,killed,killed,killed
M32fc0d95fe92d473,killed,killed,killed,killed,killed,killed,killed,killed
M33155cfbdce85412,killed,killed,killed,killed,killed,killed,killed,killed
M331d7942f9d91bbd,killed,killed,killed,killed,killed,killed,killed,killed
M33254647879b1c6b,timeout,timeout,timeout,timeout,timeout,timeout,timeout,timeout
M332f918b268cf6bc,survived,survived,survived,survived,survived,survived,survived,survived
M3336c88c4d0490e7,killed,killed,killed,killed,killed,killed,killed,killed
M334e5ee84d3e63b2,killed,killed,killed,killed,killed,killed,killed,killed
M3358cbe3ce6900cf,killed,killed,killed,killed,killed,killed,killed,killed
M336001db9d9b1c2d,survived,survived,survived,survived,survived,survived,survived,survived
M336487e0db3bc3ad,killed,killed,killed,killed,killed,killed,killed,killed
M33661c7f9b442037,killed,killed,killed,killed,killed,killed,killed,killed
M336e8034cb908aea,killed,killed,killed,killed,killed,killed,killed,killed
M33715275ea7ac768,survived,survived,survived,survived,survived,survived,survived,survived
M3374d772486a5822,survived,survived,survived,survived,survived,survived,survived,survived
M338a4708634476dd,survived,survived,survived,survived,survived,survived,survived,survived
M338c2f83d1ff7ecb,survived,survived,survived,survived,survived,survived,survived,survived
M339ed56ff9ffb739,killed,killed,killed,killed,killed,killed,killed,killed
M33a4dbd99f8bc3a5,killed,killed,killed,killed,killed,killed,killed,killed
M33adf47cf712682a,killed,killed,killed,killed,killed,killed,killed,killed
M33c09356ca639687,killed,killed,killed,killed,killed,killed,killed,killed
M33ccecfa74dd2f9f,survived,survived,survived,survived,survived,survived,survived,survived
M33e1d650888df30f,killed,killed,killed,killed,killed,killed,killed,killed
M33ea1bd97fa05638,killed,killed,killed,killed,killed,killed,killed,killed
M33ed93db11cd949d,survived,survived,survived,survived,survived,survived,survived,survived
M33f052f59a60ff86,survived,survived,survived,survived,survived,survived,survived,survived
M33f30af512713e5e,killed,killed,killed,killed,killed,killed,killed,killed
M33f9153406ee5c3c,killed,killed,killed,killed,killed,killed,killed,killed
M3401d6920b0c5be6,killed,killed,killed,killed,killed,killed,killed,killed
M3422d9ab811418ab,killed,killed,killed,killed,killed,killed,killed,killed
M3431480fd5b2b833,killed,killed,killed,killed,killed,killed,killed,killed
M343d2492caaad543,killed,killed,killed,killed,killed,killed,killed,killed
M344023fbfbc1ae4e,killed,killed,killed,killed,killed,killed,killed,killed
M3442b7a19a66c15c,killed,killed,killed,killed,killed,killed,killed,killed
M34527e332dc426a6,killed,killed,killed,killed,killed,killed,killed,killed
M346963336f929725,killed,killed,killed,killed,killed,killed,killed,killed
M347d5cc270f7ea24,killed,killed,killed,killed,killed,killed,killed,killed
M34840d982f351f3c,killed,killed,killed,killed,killed,killed,killed,killed
M348700b1720a881d,killed,killed,killed,killed,killed,killed,killed,killed
M34a059d3b21d7653,killed,killed,killed,killed,killed,killed,killed,killed
M34a21d580cb5026f,killed,killed,killed,killed,killed,killed,killed,killed
M34a5330a4a83f922,survived,survived,survived,survived,survived,survived,survived,survived
M34c50919906c5362,killed,killed,killed,killed,killed,killed,killed,killed
M34cd13fb6ea7561d,survived,survived,survived,survived,survived,survived,survived,survived
M34d4ec2860059667,killed,killed,killed,killed,killed,killed,killed,killed
M34e38ce87a37197d,killed,killed,killed,killed,killed,killed,killed,killed
M350fd408334e863f,killed,killed,killed,killed,killed,killed,killed,killed
M35119b79172714c9,killed,killed,killed,killed,killed,killed,killed,killed
M3514f748c62476db,survived,survived,survived,survived,survived,survived,survived,survived
M351e864450ff065e,killed,killed,killed,killed,killed,killed,killed,killed
M353324daceb10f5d,killed,killed,killed,killed,killed,killed,killed,killed
M35554c040eab7e19,survived,survived,survived,survived,survived,survived,survived,survived
M355c8deee206e7b2,killed,killed,killed,killed,killed,killed,killed,killed
M3565d8ccf0aa7d76,killed,killed,killed,killed,killed,killed,killed,killed
M3567557d3bd9e4d9,killed,killed,killed,killed,killed,killed,killed,killed
M3569bf9eb67a0865,killed,killed,killed,killed,killed,killed,killed,killed
M356c2791b2bfaca6,survived,survived,survived,survived,survived,survived,survived,survived
M3576ca544f2aaa26,survived,survived,survived,survived,survived,survived,survived,survived
M3579b95226635629,killed,killed,killed,killed,killed,killed,killed,killed
M358b91f19fe0ca0d,killed,killed,killed,killed,killed,killed,killed,killed
M35929ea91300fc32,killed,killed,killed,killed,killed,killed,killed,killed
M35bad662ed202451,killed,killed,killed,killed,killed,killed,killed,killed
M35c55d260005d584,timeout,timeout,timeout,timeout,timeout,timeout,timeout,timeout
M35c8f6a26622d75b,killed,killed,killed,killed,killed,killed,killed,killed
M35d393275e9a4367,killed,killed,killed,killed,killed,killed,killed,killed
M35d63c418f31c6df,killed,killed,killed,killed,killed,killed,killed,killed
M35dfe781b01277db,killed,killed,killed,killed,killed,killed,killed,killed
M35e03ebacd64d2f8,killed,killed,killed,killed,killed,killed,killed,killed
M35e884a9e1797fa5,survived,survived,survived,survived,survived,survived,survived,survived
M35eecabb8118985b,killed,killed,killed,killed,killed,killed,killed,killed
M3627886741a7ac36,killed,killed,killed,killed,killed,killed,killed,killed
M362b17b5463c625e,killed,killed,killed,killed,killed,killed,killed,killed
M363c97cc22c38b9a,killed,killed,killed,killed,killed,killed,killed,killed
M36401deb35fadd9d,killed,killed,killed,killed,killed,killed,killed,killed
M3648731e8fed0a85,survived,survived,survived,survived,survived,survived,survived,survived
M364f843f6a476247,survived,survived,killed,survived,survived,survived,survived,survived
M36a1532ac2a8349d,survived,survived,survived,survived,survived,survived,survived,survived
M36c066e3c3ee49e7,killed,killed,killed,killed,killed,killed,killed,killed
M36c1eea035c60f96,timeout,timeout,timeout,timeout,timeout,timeout,timeout,timeout
M36c3b89b68f065b1,killed,killed,killed,killed,killed,killed,killed,killed
M36d2431843a59e94,killed,killed,killed,killed,killed,killed,killed,killed
M36d8d473daca184a,killed,killed,killed,killed,killed,killed,killed,killed
M36ecd15b8a4dc21e,survived,survived,survived,survived,survived,survived,survived,survived
M36f2c7acd9c9dd7a,survived,survived,survived,survived,survived,survived,survived,survived
M36f47066ea1677c2,killed,killed,killed,killed,killed,killed,killed,killed
M36f5c8540db989cf,survived,survived,survived,survived,survived,survived,survived,survived
M36fba8861693fe8e,survived,survived,survived,survived,survived,survived,survived,survived
M370a2cff8dea1af5,killed,killed,killed,killed,killed,killed,killed,killed
M3712f3ec8504cee1,killed,killed,killed,timeout,killed,killed,timeout,killed
M3714f71ac3eff8a4,killed,killed,killed,killed,killed,killed,killed,killed
M371b48233c011d6f,killed,killed,killed,killed,killed,killed,killed,killed
M371daa4313be1c4b,killed,killed,killed,killed,killed,killed,killed,killed
M373afd275b45f43b,killed,killed,killed,killed,killed,killed,killed,killed
M3773f9dd3b3b69ec,killed,killed,killed,killed,killed,killed,killed,killed
M3777f6a7b01064f0,killed,killed,killed,killed,killed,killed,killed,killed
M3783de5912da2475,survived,survived,survived,survived,survived,survived,survived,survived
M378647d2550eecd8,killed,killed,killed,killed,killed,killed,killed,killed
M37a1f67a44ee1804,survived,survived,survived,survived,survived,survived,survived,survived
M37a68afad7187d7c,killed,killed,killed,killed,killed,killed,killed,killed
M37ac2b0c9616a940,survived,survived,survived,survived,survived,survived,survived,survived
M37afb0d2ced9dc3c,killed,killed,killed,killed,killed,killed,killed,killed
M37b2b6a7f304a949,survived,survived,survived,survived,survived,survived,survived,survived
M37b6d73998e1a971,killed,killed,killed,killed,killed,killed,killed,killed
M37cb0e8a64ba8cb0,no_tests,killed,killed,killed,killed,killed,killed,killed
M37d137bcbf80d14c,killed,killed,killed,killed,killed,killed,killed,killed
M37e5f108355a067d,killed,killed,killed,killed,killed,killed,killed,killed
M37ea1c4e1683e83b,survived,survived,survived,survived,survived,survived,survived,survived
M37f35384e91f313f,killed,killed,killed,killed,killed,killed,killed,killed
M38118ffdd340abe6,killed,killed,killed,killed,killed,killed,killed,killed
M38249fc509a33787,killed,killed,killed,killed,killed,killed,killed,killed
M382bc57312817365,killed,killed,killed,killed,killed,killed,killed,killed
M382c82305f5ae1f6,killed,killed,killed,killed,killed,killed,killed,killed
M3832949ccb327a36,killed,killed,killed,killed,killed,killed,killed,killed
M3835f734ce10ccd5,survived,survived,survived,survived,survived,survived,survived,survived
M38368703b5a7bd38,killed,killed,killed,killed,killed,killed,killed,killed
M383b12c97c599bb2,timeout,timeout,timeout,timeout,timeout,timeout,timeout,timeout
M384d0ab446dc2238,killed,killed,killed,killed,killed,killed,killed,killed
M3854a88b1a8242d9,survived,survived,survived,survived,survived,survived,survived,survived
M385e87c729ed323a,killed,killed,killed,killed,killed,killed,killed,killed
M385fa3b631ffbdcc,killed,killed,killed,killed,killed,killed,killed,killed
M386f4a07a11c2931,survived,survived,survived,survived,survived,survived,survived,survived
M387d74d82582e8e9,killed,killed,killed,killed,killed,killed,killed,killed
M3889ccbc8031edfd,survived,survived,survived,survived,survived,survived,survived,survived
M38a3f9813fefd564,killed,killed,killed,killed,killed,killed,killed,killed
M38af0b679ab65d75,killed,killed,killed,killed,killed,killed,killed,killed
M38bd65e38cf8e3c1,survived,survived,survived,survived,survived,survived,survived,survived
M38c1fa31f67a0b51,killed,killed,killed,killed,killed,killed,killed,killed
M38cf3b12531d9b9f,killed,killed,killed,killed,killed,killed,killed,killed
M38d051415eb46f92,killed,killed,killed,killed,killed,killed,killed,killed
M38d0ff7dc106922e,killed,killed,killed,killed,killed,killed,killed,killed
M38d7e2d683a8c632,survived,survived,survived,survived,survived,survived,survived,survived
M38f0a2690c59f583,no_tests,killed,killed,killed,killed,killed,killed,killed
M391ff125f8fbc12e,killed,killed,killed,killed,killed,killed,killed,killed
M39248957a0ed1ddc,killed,killed,killed,killed,killed,killed,killed,killed
M392551a8e6ab13d5,killed,killed,killed,killed,killed,killed,killed,killed
M39273c5f997b5873,killed,killed,killed,killed,killed,killed,killed,killed
M393a8de96a883640,survived,survived,survived,survived,survived,survived,survived,survived
M3942b0e68c9cc3a1,killed,killed,killed,killed,killed,killed,killed,killed
M394cafe365c8d66b,killed,killed,killed,killed,killed,killed,killed,killed
M395a432c87a0f35a,timeout,timeout,timeout,timeout,timeout,timeout,timeout,timeout
M396b7a9baf645260,survived,survived,survived,survived,survived,survived,survived,survived
M399877b969af9d87,survived,survived,survived,survived,survived,survived,survived,survived
M399c115cb260d978,survived,survived,survived,survived,survived,survived,survived,survived
M39a484d60875939d,killed,killed,killed,killed,killed,killed,killed,killed
M39a712ccea2cd2cf,killed,killed,killed,killed,killed,killed,killed,killed
M39ae12a8b9cf85dd,survived,survived,survived,survived,survived,survived,survived,survived
M39b7ccbfea44276a,killed,killed,killed,killed,killed,killed,killed,killed
M39d9d8747d8189ea,killed,killed,killed,killed,killed,killed,killed,killed
M39e44d72af58e118,killed,killed,killed,killed,killed,killed,killed,killed
M39f190d82a59b959,survived,survived,survived,survived,survived,survived,survived,survived
M39f25c8abc1fe2fc,no_tests,survived,survived,survived,survived,survived,survived,survived
M3a136670343b9dfd,survived,survived,survived,survived,survived,survived,survived,survived
M3a16dc48f549ae94,killed,killed,killed,killed,killed,killed,killed,killed
M3a2655294eef028b,killed,killed,killed,killed,killed,killed,killed,killed
M3a427875edee7502,killed,killed,killed,killed,killed,killed,killed,killed
M3a4a574b4f1367dc,killed,killed,killed,killed,killed,killed,killed,killed
M3a4fdeb2292a80d7,killed,killed,killed,killed,killed,killed,killed,killed
M3a56b94aceedd378,killed,killed,killed,killed,killed,killed,killed,killed
M3a5f32acf0b8430b,killed,killed,killed,killed,killed,killed,killed,killed
M3a6a7dc43beff924,killed,killed,killed,killed,killed,killed,killed,killed
M3a8a375f572bf183,survived,survived,survived,survived,survived,survived,survived,survived
M3aac12f389fe2610,killed,killed,killed,killed,killed,killed,killed,killed
M3ab3babe8286f914,survived,survived,survived,survived,survived,survived,survived,survived
M3ac04820e19915ce,survived,survived,survived,survived,survived,survived,survived,survived
M3ad2226d00e2d1ee,survived,survived,survived,survived,survived,survived,survived,survived
M3b03a71b6c9401b6,killed,killed,killed,killed,killed,killed,killed,killed
M3b37ed20294e16de,survived,survived,survived,survived,survived,survived,survived,survived
M3b63ea4f88d0e477,killed,killed,killed,killed,killed,killed,killed,killed
M3b6a31f850537064,survived,survived,survived,survived,survived,survived,survived,survived
M3b87689613a48871,survived,survived,survived,survived,survived,survived,survived,survived
M3b87ab5270988261,killed,killed,killed,killed,killed,killed,killed,killed
M3b89bc53182bf0c8,survived,survived,survived,survived,survived,survived,survived,survived
M3b8d4071cd7f2046,survived,survived,survived,survived,survived,survived,survived,survived
M3b8fba2b74d10d4c,killed,killed,killed,killed,killed,killed,killed,killed
M3b92ce92939997f5,survived,survived,survived,survived,survived,survived,survived,survived
M3b95360162f0fe0f,killed,killed,killed,killed,killed,killed,killed,killed
M3b9f0eeb581ec512,killed,killed,killed,killed,killed,killed,killed,killed
M3bae2c6902da796e,survived,survived,survived,survived,survived,survived,survived,survived
M3bb087885defff6b,killed,killed,killed,killed,killed,killed,killed,killed
M3bb5ea76df16982e,survived,survived,survived,survived,survived,survived,survived,survived
M3bb973ae2e826753,killed,killed,killed,killed,killed,killed,killed,killed
M3bbbebc1aa3c5311,killed,killed,killed,killed,killed,killed,killed,killed
M3bc5348ff365183e,killed,killed,killed,killed,killed,killed,killed,killed
M3bd155dafd2cdf72,killed,killed,killed,killed,killed,killed,killed,killed
M3bd1cd2be08ada1b,killed,killed,killed,killed,killed,killed,killed,killed
M3bd46ed83791cf00,timeout,timeout,timeout,timeout,timeout,timeout,timeout,timeout
M3be80d7f440582e2,killed,killed,killed,killed,killed,killed,killed,killed
M3bee54ef1f3c4dee,survived,survived,survived,survived,survived,survived,survived,survived
M3c027d53ee06a71a,survived,survived,survived,survived,survived,survived,survived,survived
M3c0624b1a570672f,survived,survived,survived,survived,survived,survived,survived,survived
M3c0a8212ce30d820,killed,killed,killed,killed,killed,killed,killed,killed
M3c1ac771ce196247,killed,killed,killed,killed,killed,killed,killed,killed
M3c25577eb5867cf7,killed,killed,killed,killed,killed,killed,killed,killed
M3c4b009dee34c64c,killed,killed,killed,killed,killed,killed,killed,killed
M3c4d3036b297b7da,killed,killed,killed,killed,killed,killed,killed,killed
M3c82249418cea90d,survived,survived,survived,survived,survived,survived,survived,survived
M3c8ac6975e1613ae,killed,killed,killed,killed,killed,killed,killed,killed
M3c8d609dbad7ac70,killed,killed,killed,killed,killed,killed,killed,killed
M3c922f0f5a1f408e,killed,killed,killed,killed,killed,killed,killed,killed
M3c99b8d5aaaa6bc6,no_tests,no_tests,no_tests,no_tests,no_tests,no_tests,no_tests,no_tests
M3c9d930815c93b54,killed,killed,killed,killed,killed,killed,killed,killed
M3c9dcf356ebaf5ac,killed,killed,killed,killed,killed,killed,killed,killed
M3ca75f7743f505d4,survived,survived,survived,survived,survived,survived,survived,survived
M3cab10a446d37904,killed,killed,killed,killed,killed,killed,killed,killed
M3cd3f812c3ae8501,killed,killed,killed,killed,killed,killed,killed,killed
M3ce2d21ce833d608,killed,killed,killed,killed,killed,killed,killed,killed
M3ce573f0f0fbf3b5,killed,killed,killed,killed,killed,killed,killed,killed
M3cea76c589ffa537,timeout,timeout,timeout,timeout,timeout,timeout,timeout,timeout
M3cf343643058f644,survived,survived,survived,survived,survived,survived,survived,survived
M3d05d932121b7f5b,killed,killed,killed,killed,killed,killed,killed,killed
M3d0e28ceaf3019d7,timeout,timeout,timeout,timeout,timeout,timeout,timeout,timeout
M3d1506f40253bab0,killed,killed,killed,killed,killed,killed,killed,killed
M3d1a3a75dac618f2,killed,killed,killed,killed,killed,killed,killed,killed
M3d555d826fe1180f,killed,killed,killed,killed,killed,killed,killed,killed
M3d577cef02c15521,survived,survived,survived,survived,survived,survived,survived,survived
M3d6cbc6def07ab43,killed,killed,killed,killed,killed,killed,killed,killed
M3d7080aa2a7cf9b9,killed,killed,killed,killed,killed,killed,killed,killed
M3d78ef74fdd50968,killed,killed,killed,killed,killed,killed,killed,killed
M3d7e9be3aeca5934,killed,killed,killed,killed,killed,killed,killed,killed
M3d85c8d579d0cd70,timeout,timeout,timeout,timeout,timeout,timeout,timeout,timeout
M3d947b8d2d1723dc,killed,killed,killed,killed,killed,killed,killed,killed
M3d95f66face3ea8d,killed,killed,killed,killed,killed,killed,killed,killed
M3d9b60d449f61db2,timeout,timeout,timeout,timeout,timeout,timeout,timeout,timeout
M3d9d6f7d1b66c79a,killed,killed,killed,killed,killed,killed,killed,killed
M3da9182bf8c3b5ef,survived,survived,survived,survived,survived,survived,survived,survived
M3daf2325d9bd30b2,killed,killed,killed,killed,killed,killed,killed,killed
M3db477f408bdd0e6,killed,killed,killed,killed,killed,killed,killed,killed
M3db67ad61235c3f4,killed,killed,killed,killed,killed,killed,killed,killed
M3dcb316e2d39626b,killed,killed,killed,killed,killed,killed,killed,killed
M3ddd1eb34017516a,survived,survived,survived,survived,survived,survived,survived,survived
M3e132b642875867c,survived,survived,survived,survived,survived,survived,survived,survived
M3e2332512ed78bde,killed,killed,killed,killed,killed,killed,killed,killed
M3e57ed7403a4687c,killed,killed,killed,killed,killed,killed,killed,killed
M3e710b15fb892e83,timeout,timeout,timeout,timeout,timeout,timeout,timeout,timeout
M3e755a9373906816,killed,killed,killed,killed,killed,killed,killed,killed
M3e82e2f3721c6d62,killed,killed,killed,killed,killed,killed,killed,killed
M3e91b51c72768aac,killed,killed,killed,killed,killed,killed,killed,killed
M3ea9cc3d5298d30c,killed,killed,killed,killed,killed,killed,killed,killed
M3eb6d6eeb15b955d,killed,killed,killed,killed,killed,killed,killed,killed
M3ece3477d0e0a39c,survived,survived,survived,survived,survived,survived,survived,survived
M3ed7478e46e2151c,killed,killed,killed,killed,killed,killed,killed,killed
M3ee372ad4e6cbd55,killed,killed,killed,killed,killed,killed,killed,killed
M3eed76e113df651e,killed,killed,killed,killed,killed,killed,killed,killed
M3f022f60cf9e456f,killed,killed,killed,killed,killed,killed,killed,killed
M3f092074250a05f2,killed,killed,killed,killed,killed,killed,killed,killed
M3f210fdd55a452de,killed,killed,killed,killed,killed,killed,killed,killed
M3f3c8dc8ba0a6f9f,killed,killed,killed,killed,killed,killed,killed,killed
M3f3d16f2159d577c,killed,killed,killed,killed,killed,killed,killed,killed
M3f41deb08f70bdd7,killed,killed,killed,killed,killed,killed,killed,killed
M3f448e6a889d8f00,survived,survived,survived,survived,survived,survived,survived,survived
M3f45751f514792d5,killed,killed,killed,killed,killed,killed,killed,killed
M3f4b2cd6e7ae5ca2,killed,killed,killed,killed,killed,killed,killed,killed
M3f4faba7350076f0,killed,killed,killed,killed,killed,killed,killed,killed
M3f50f96c71f21a07,killed,killed,killed,killed,killed,killed,killed,killed
M3f532ee308143c69,survived,survived,survived,survived,survived,survived,survived,survived
M3f583943b0048e9a,survived,survived,survived,survived,survived,survived,survived,survived
M3f68f111a1c6a9c7,killed,killed,killed,killed,killed,killed,killed,killed
M3f8de83778d7b1b2,killed,killed,killed,killed,killed,killed,killed,killed
M3f9ca3e2ebba71d8,survived,survived,survived,survived,survived,survived,survived,survived
M3fb00fc4ae067164,killed,killed,killed,killed,killed,killed,killed,killed
M3fb0511a4745cc44,killed,killed,killed,killed,killed,killed,killed,killed
M3fbf70f8cb9e5595,timeout,timeout,timeout,timeout,timeout,timeout,timeout,timeout
M3fc2d55859889e00,survived,survived,survived,survived,survived,survived,survived,survived
M3fe6736b0ff25b7f,timeout,timeout,timeout,timeout,timeout,timeout,timeout,timeout
M3fece206f21c5b2e,killed,killed,killed,killed,killed,killed,killed,killed
M3ff549b60c0df841,survived,survived,survived,survived,survived,survived,survived,survived
M400d34761a11b373,killed,killed,killed,killed,killed,killed,killed,killed
M402468b6940de567,killed,killed,killed,killed,killed,killed,killed,killed
M40481244d3adaabe,killed,killed,killed,killed,killed,killed,killed,killed
M404d19576dcad6b9,killed,killed,killed,killed,killed,killed,killed,killed
M405e6c519771726b,killed,killed,killed,killed,killed,killed,killed,killed
M40640ffc9784088d,killed,killed,killed,killed,killed,killed,killed,killed
M406f26212c6fd18a,survived,survived,survived,survived,survived,survived,survived,survived
M407c6ae0e537c6d1,survived,survived,survived,survived,survived,survived,survived,survived
M40802e0c764d6457,survived,survived,survived,survived,survived,survived,survived,survived
M4080f28ba447c322,survived,survived,survived,survived,survived,survived,survived,survived
M408273df30f2bc30,survived,survived,survived,survived,survived,survived,survived,survived
M4086f7411c3a4e34,survived,survived,survived,survived,survived,survived,survived,survived
M4089301e02eb8d2a,killed,killed,killed,killed,killed,killed,killed,killed
M408bce4a626caa87,killed,killed,killed,killed,killed,killed,killed,killed
M409105ff8ff68240,no_tests,survived,survived,survived,survived,survived,survived,survived
M409f971777d8afce,killed,killed,killed,killed,killed,killed,killed,killed
M40b30ff54eceda20,killed,killed,killed,killed,killed,killed,killed,killed
M40c5dac529d1a0dd,survived,survived,survived,survived,survived,survived,survived,survived
M40d266ee4b6ae001,killed,killed,killed,killed,killed,killed,killed,killed
M40e5d7c94655b646,killed,killed,killed,killed,killed,killed,killed,killed
M40edfad4dd1cc8ee,survived,survived,survived,survived,survived,survived,survived,survived
M40ef1a13a188c863,killed,killed,killed,killed,killed,killed,killed,killed
M40f740cfd50aa9b7,killed,killed,killed,killed,killed,killed,killed,killed
M410a770da8767e3b,killed,killed,killed,killed,killed,killed,killed,killed
M411fb3f9a09152d6,survived,survived,survived,survived,survived,survived,survived,survived
M411fe9489ae05424,survived,survived,survived,survived,survived,survived,survived,survived
M412bedeaf4ad7422,killed,killed,killed,killed,killed,killed,killed,killed
M412d3f5876457c0f,killed,killed,killed,killed,killed,killed,killed,killed
M413630fa329cb3f6,killed,killed,killed,killed,killed,killed,killed,killed
M418efb3e45b288bb,survived,survived,survived,survived,survived,survived,survived,survived
M419007f7aa0c2353,survived,survived,survived,survived,survived,survived,survived,survived
M419a38a125561e84,survived,survived,survived,survived,survived,survived,survived,survived
M41aed715bac282ee,killed,killed,killed,killed,killed,killed,killed,killed
M41bd23a1371e97db,killed,killed,killed,killed,killed,killed,killed,killed
M41c6e86089a4752e,killed,killed,killed,killed,killed,killed,killed,killed
M41c7837273183c69,killed,killed,killed,killed,killed,killed,survived,killed
M41cf6d09c89f1d01,killed,killed,killed,killed,killed,killed,killed,killed
M41d0f1dc040274eb,killed,killed,killed,killed,killed,killed,killed,killed
M41d163f4bdf7f263,killed,killed,killed,killed,killed,killed,killed,killed
M41f3528de4145fd5,killed,killed,killed,killed,killed,killed,killed,killed
M42564bade405b6f4,survived,survived,survived,survived,survived,survived,survived,survived
M426aec1d038c0433,killed,killed,killed,killed,killed,killed,killed,killed
M426f9b63f35551ae,survived,survived,survived,survived,survived,survived,survived,survived
M428ec406849b744f,killed,killed,killed,killed,killed,killed,killed,killed
M429b28f494225cb2,killed,killed,killed,killed,killed,killed,killed,killed
M42c3a23dea16cc7a,killed,killed,killed,killed,killed,killed,killed,killed
M42cf5aa6ef4c6980,survived,survived,survived,survived,survived,survived,survived,survived
M42e7ba4992bec702,killed,killed,killed,killed,killed,killed,killed,killed
M42f067c4283253e4,timeout,timeout,timeout,timeout,timeout,timeout,timeout,timeout
M42f887c9162a0052,survived,survived,survived,survived,survived,survived,survived,survived
M43105fc1c1d464f7,survived,survived,survived,survived,survived,survived,survived,survived
M4328703a120cd3c1,survived,survived,survived,survived,survived,survived,survived,survived
M4337c0c6e178abc5,killed,killed,killed,killed,killed,killed,killed,killed
M43432c7a92882965,killed,killed,killed,killed,killed,killed,killed,killed
M434842b1c9645676,survived,survived,survived,survived,survived,survived,survived,survived
M43635fbda1c6e2b3,killed,killed,killed,killed,killed,killed,killed,killed
M43649c28d4a5ae0c,killed,killed,killed,killed,killed,killed,killed,killed
M437366c19aedd68d,killed,killed,killed,killed,killed,killed,killed,killed
M4396cdb7b2ede1bb,survived,survived,survived,survived,survived,survived,survived,survived
M439e79aa5bdb41f2,killed,killed,killed,killed,killed,killed,killed,killed
M43a42c3f19686a86,killed,killed,killed,killed,killed,killed,killed,killed
M43ac1f306ed2b32a,killed,killed,killed,killed,killed,killed,killed,killed
M43ae6275172eb50e,survived,survived,survived,survived,survived,survived,survived,survived
M43de19062e992880,killed,killed,killed,killed,killed,killed,killed,killed
M43f045353436d2cd,survived,survived,survived,survived,survived,survived,survived,survived
M44122cc8af42d37c,killed,killed,killed,killed,killed,killed,killed,killed
M4414bb09d582a089,killed,killed,killed,killed,killed,killed,killed,killed
M441cf473e4251c14,killed,killed,killed,killed,killed,killed,killed,killed
M442275eb03b4d69e,killed,killed,killed,killed,killed,killed,killed,killed
M4463b1c2423b80ba,killed,killed,killed,killed,killed,killed,killed,killed
M4468183c18b739ab,killed,killed,killed,killed,killed,killed,killed,killed
M4486395dc71dc879,killed,killed,killed,killed,killed,killed,killed,killed
M448a0b3390c31d23,survived,survived,survived,survived,survived,survived,survived,survived
M448a3b3fc5494261,survived,survived,survived,survived,survived,survived,survived,survived
M4495e365da7bed23,killed,killed,killed,killed,killed,killed,killed,killed
M44998f84de76279e,survived,survived,survived,survived,survived,survived,survived,survived
M44a4c577b0f2ac31,killed,killed,killed,killed,killed,killed,killed,killed
M44ac4f1119e34eb3,killed,killed,killed,killed,killed,killed,killed,killed
M44c2d10dbe5c0236,survived,survived,survived,survived,survived,survived,survived,survived
M44cb82817471f144,killed,killed,killed,killed,killed,killed,killed,killed
M45054377556df59d,killed,killed,killed,killed,killed,killed,killed,killed
M4535c47c20888ace,survived,survived,survived,survived,survived,survived,survived,survived
M454c97af3fd2827d,survived,survived,survived,survived,survived,survived,survived,survived
M454d8d9a94aedc06,survived,survived,survived,survived,survived,survived,survived,survived
M4556e120b3f13431,killed,killed,killed,killed,killed,killed,killed,killed
M4569945cb36e2989,killed,killed,killed,killed,killed,killed,killed,killed
M4589c998473cffb3,killed,killed,killed,killed,killed,killed,killed,killed
M45a71242724176e6,killed,killed,killed,killed,killed,killed,killed,killed
M45b2838f4eb6122b,survived,survived,survived,survived,survived,survived,survived,survived
M45b90a6f4aa76541,survived,survived,survived,survived,survived,survived,survived,survived
M45bcf40e5eba1fda,killed,killed,killed,killed,killed,killed,killed,killed
M45c3d2725589d325,killed,killed,killed,killed,killed,killed,killed,killed
M45dd01f59d950eeb,killed,killed,killed,killed,killed,killed,killed,killed
M45ddddcc9744ff87,timeout,timeout,timeout,timeout,timeout,timeout,timeout,timeout
M45efdcfa02f0c2f2,survived,survived,survived,survived,survived,survived,survived,survived
M45f7496613155d4e,killed,killed,killed,killed,killed,killed,killed,killed
M460bebe3fef82ab9,killed,killed,killed,killed,killed,killed,survived,killed
M4635f70cf1f0cdb0,killed,killed,killed,killed,killed,killed,killed,killed
M463b27772dc3e576,survived,survived,survived,survived,survived,survived,survived,survived
M463d75f2eb78a15a,killed,killed,killed,killed,killed,killed,killed,killed
M4640042b26406f7a,survived,survived,survived,survived,survived,survived,survived,survived
M4640707be79550df,timeout,timeout,timeout,timeout,timeout,timeout,timeout,timeout
M464f8efe1badb6e3,survived,survived,survived,survived,survived,survived,survived,survived
M4665f2c5e716ada5,killed,killed,killed,killed,killed,killed,killed,killed
M46696497294259e3,survived,survived,survived,survived,survived,survived,survived,survived
M466f1647b8441305,killed,killed,killed,killed,killed,killed,killed,killed
M46755cd89092f97c,killed,killed,killed,killed,killed,killed,killed,killed
M467d11a44ca7ae72,timeout,timeout,timeout,timeout,timeout,timeout,timeout,timeout
M4682747a39ce0a31,survived,survived,survived,survived,survived,survived,survived,survived
M46885b65acb99321,survived,survived,survived,survived,survived,survived,survived,survived
M46a291b0637facd7,survived,survived,survived,survived,survived,survived,survived,survived
M46a2d4f1461db614,killed,killed,killed,killed,killed,killed,killed,killed
M46b120056f373647,survived,survived,survived,survived,survived,survived,survived,survived
M46beaa8f36b5aeff,killed,killed,killed,killed,killed,killed,killed,killed
M46cb6a579a29d26a,killed,killed,killed,killed,killed,killed,killed,killed
M46ddb97a1f0dd5c3,killed,killed,killed,killed,killed,killed,killed,killed
M46e140463976d3b4,survived,survived,survived,survived,survived,survived,survived,survived
M46e164e6c65249af,killed,killed,killed,killed,killed,killed,killed,killed
M46e63461910d8622,survived,survived,survived,survived,survived,survived,survived,survived
M46e9756a0f83952c,killed,killed,killed,killed,killed,killed,killed,killed
M46f46986d5ea5f5c,killed,killed,killed,killed,killed,killed,killed,killed
M46fcc462fa054761,killed,killed,killed,killed,killed,killed,killed,killed
M4700d45ad7e844cf,survived,survived,survived,survived,survived,survived,survived,survived
M4718c5c8f2dcfca6,killed,killed,killed,killed,killed,killed,killed,killed
M473f24e90fdc80e1,survived,survived,survived,survived,survived,survived,survived,survived
M47484955c727da8b,killed,killed,killed,killed,killed,killed,killed,killed
M474aeb4a249668fe,killed,survived,killed,killed,killed,survived,survived,killed
M474cb7363ffac1fc,killed,killed,killed,killed,killed,killed,killed,killed
M475a6daaebe97916,survived,survived,survived,survived,survived,survived,survived,survived
M475b7b3ada1b76c3,killed,killed,killed,killed,killed,killed,killed,killed
M4764920164dfe975,killed,killed,killed,killed,killed,killed,killed,killed
M4771252b337e48d9,killed,killed,killed,killed,killed,killed,killed,killed
M47850fa116ae4077,killed,killed,killed,killed,killed,killed,killed,killed
M47887a4622b01c28,killed,killed,killed,killed,killed,killed,killed,killed
M47904f798430e015,killed,killed,killed,killed,killed,killed,killed,killed
M47934863b6a36e29,killed,killed,killed,killed,killed,killed,killed,killed
M47b6968dca0349af,killed,killed,killed,killed,killed,killed,killed,killed
M47bf2c4f7042e929,killed,killed,killed,killed,killed,killed,killed,killed
M47c3d8bbe6808ed4,survived,survived,survived,survived,survived,survived,survived,survived
M47cafe07fb2c3780,killed,killed,killed,killed,killed,killed,killed,killed
M47d3ad69059f81f3,killed,killed,killed,killed,killed,killed,killed,killed
M47d8ff02f7f32951,killed,killed,killed,killed,killed,killed,killed,killed
M47da802f930f64cc,timeout,timeout,timeout,timeout,timeout,timeout,timeout,timeout
M47dbc76d6bbe9648,survived,survived,survived,survived,survived,survived,survived,survived
M47dfe808ecd55a00,killed,killed,killed,killed,killed,killed,killed,killed
M47eb4fb912d41529,killed,killed,killed,killed,killed,killed,killed,killed
M47f349cf6e0e4853,survived,survived,survived,survived,survived,survived,survived,survived
M47f819c4f1a67aad,survived,survived,survived,survived,survived,survived,survived,survived
M47fdd8d08d7da29a,survived,survived,survived,survived,survived,survived,survived,survived
M48051c9acdeea765,killed,killed,killed,killed,killed,killed,killed,killed
M481d991e991e21a9,killed,killed,killed,killed,killed,killed,killed,killed
M4825e044c7737c35,survived,survived,survived,survived,survived,survived,survived,survived
M482b9351e2c6c041,killed,killed,killed,killed,killed,killed,killed,killed
M482d169f6f8fbfd7,killed,killed,killed,killed,killed,killed,killed,killed
M4841bc532507948d,survived,survived,survived,survived,survived,survived,survived,survived
M48436e544d1c84b3,killed,killed,killed,killed,killed,killed,killed,killed
M485e94a15bce00e8,killed,killed,killed,killed,killed,killed,killed,killed
M485fa56d2646e1f4,killed,killed,killed,killed,killed,killed,killed,killed
M4881301a007ed728,survived,survived,survived,survived,survived,survived,survived,survived
M48822837bfcb7cdf,survived,survived,survived,survived,survived,survived,survived,survived
M488e72283648eedc,killed,killed,killed,killed,killed,killed,killed,killed
M489340985142a66a,killed,killed,killed,killed,killed,killed,killed,killed
M489bcfb70cdfa400,killed,killed,killed,killed,killed,killed,killed,killed
M48a22fe65042a933,killed,killed,killed,killed,killed,killed,killed,killed
M48a68bbe7b0c84b4,killed,killed,killed,killed,killed,killed,killed,killed
M48b3943573d2e0c6,killed,killed,killed,killed,killed,killed,killed,killed
M48c689c39f3d5926,killed,killed,killed,killed,killed,killed,killed,killed
M48d04ff966890d92,killed,killed,killed,killed,killed,killed,killed,killed
M48dc6951012986ac,killed,killed,killed,killed,killed,killed,killed,killed
M48f4ba10e9e4a083,survived,survived,survived,survived,survived,survived,survived,survived
M48f580ed9ee7a456,killed,killed,killed,killed,killed,killed,killed,killed
M48fbe7fd82e011b4,survived,survived,survived,survived,survived,survived,survived,survived
M48fc6032b6bc4096,survived,survived,survived,survived,survived,survived,survived,survived
M490e72ef23b42507,killed,killed,killed,killed,killed,killed,killed,killed
M4912aa58d9e3f38f,killed,killed,killed,killed,killed,killed,killed,killed
M49170a04f4b63d73,survived,survived,survived,survived,survived,survived,survived,survived
M491b66609000087e,survived,survived,survived,survived,survived,survived,survived,survived
M4921955a8a2635a2,killed,killed,killed,killed,killed,killed,killed,killed
M4948b1287e731b1e,killed,killed,killed,killed,killed,killed,killed,killed
M494df965426052e6,survived,survived,survived,survived,survived,survived,survived,survived
M4959197f5655c020,survived,survived,survived,survived,survived,survived,survived,survived
M495efc9854913c17,killed,killed,killed,killed,killed,killed,killed,killed
M49669bea17ac71f6,killed,killed,killed,killed,killed,killed,killed,killed
M4967b358feaa1f92,killed,killed,killed,killed,killed,killed,killed,killed
M496f20ca0564d73a,survived,survived,survived,survived,survived,survived,survived,survived
M4970ad9d278a68b7,killed,killed,killed,killed,killed,killed,killed,killed
M499eef167b682fd4,killed,killed,killed,killed,killed,killed,killed,killed
M49c04d09ab81fc34,survived,survived,survived,survived,survived,survived,survived,survived
M49d77d8c4f0174b9,killed,killed,killed,killed,killed,killed,killed,killed
M49d8bafddff91b2f,survived,survived,survived,survived,survived,survived,survived,survived
M49da3469348b4588,killed,killed,killed,killed,killed,killed,killed,killed
M49de924b96315196,killed,killed,killed,killed,killed,killed,killed,killed
M49e102dfe4adde81,killed,killed,killed,killed,killed,killed,killed,killed
M49e62d0507760986,killed,killed,killed,killed,killed,killed,killed,killed
M4a08d89726966fd5,survived,survived,survived,survived,survived,survived,survived,survived
M4a14e9cf3b668fe4,killed,killed,killed,killed,killed,killed,killed,killed
M4a1d62b9c21f3ee1,killed,killed,killed,killed,killed,killed,killed,killed
M4a21c3a163cc845d,killed,killed,killed,killed,killed,killed,killed,killed
M4a2cdc2d0ff20e19,killed,killed,killed,killed,killed,killed,survived,killed
M4a367cd8dfa626e9,killed,killed,killed,killed,killed,killed,killed,killed
M4a40a40368130c43,survived,survived,survived,survived,survived,survived,survived,survived
M4a44e6e830f1fbb1,killed,killed,killed,killed,killed,killed,killed,killed
M4a521d1919dfe22a,timeout,timeout,timeout,timeout,timeout,timeout,timeout,timeout
M4a5d70319e4a7430,killed,killed,killed,killed,killed,killed,killed,killed
M4a5f0cc4d16050f9,killed,killed,killed,killed,killed,killed,killed,killed
M4a715b2da7099d23,killed,killed,killed,killed,killed,killed,killed,killed
M4a74757dc155aede,survived,survived,survived,survived,survived,survived,survived,survived
M4a7c66f13673e0a4,killed,killed,killed,killed,killed,killed,killed,killed
M4a85eff8610a8ef4,survived,survived,survived,survived,survived,survived,survived,survived
M4a8e9a9715ee1d56,killed,killed,killed,killed,killed,killed,killed,killed
M4a937ffcf1348b30,killed,killed,killed,killed,killed,killed,killed,killed
M4a96c74191467321,killed,killed,killed,killed,killed,killed,killed,killed
M4aa409a2ca2e97ad,survived,survived,survived,survived,survived,survived,survived,survived
M4aa43ac4e3860bf0,killed,killed,killed,killed,killed,killed,killed,killed
M4abc6b4e4d7f9c63,killed,killed,killed,killed,killed,killed,killed,killed
M4ad365773cc0e4d4,killed,killed,killed,killed,killed,killed,killed,killed
M4ae03a8a5354e093,killed,killed,killed,killed,killed,killed,killed,killed
M4aee8ee4ed0ef883,survived,survived,survived,survived,survived,survived,survived,survived
M4af4067b71071fd3,killed,killed,killed,killed,killed,killed,killed,killed
M4b17f12b461542e5,killed,killed,killed,killed,killed,killed,killed,killed
M4b184ed7236d1c70,survived,survived,survived,survived,survived,survived,survived,survived
M4b1bfd17643d69ce,survived,survived,killed,survived,survived,survived,survived,survived
M4b299209157e28de,survived,survived,survived,survived,survived,survived,survived,survived
M4b2ec64afdf96035,killed,killed,killed,killed,killed,killed,killed,killed
M4b31bfeab5ea1366,killed,killed,killed,killed,killed,killed,killed,killed
M4b3f032532d0bdea,survived,survived,survived,survived,survived,survived,survived,survived
M4b400d7f1b2b6527,survived,survived,survived,survived,survived,survived,survived,survived
M4b4dfa925ec76dca,killed,killed,killed,killed,killed,killed,killed,killed
M4b79543006f4eb97,killed,killed,killed,killed,killed,killed,killed,killed
M4b7adee46630ce0e,killed,killed,killed,killed,killed,killed,killed,killed
M4b834bef6bdb9c79,killed,killed,killed,killed,killed,killed,killed,killed
M4b83f5d49a80b4d3,killed,killed,killed,killed,killed,killed,killed,killed
M4b8d45adbf4c39fc,killed,killed,killed,killed,killed,killed,killed,killed
M4b8f5c7afb6528fb,killed,killed,killed,killed,killed,killed,killed,killed
M4b90bd0b1b63735b,survived,survived,survived,survived,survived,survived,survived,survived
M4bb7311168725df0,killed,killed,killed,killed,killed,killed,killed,killed
M4bcd1919368f61ac,survived,survived,survived,survived,survived,survived,survived,survived
M4bce02bd93de5359,killed,killed,killed,killed,killed,killed,killed,killed
M4be20c8b7a3ccd53,survived,survived,survived,survived,survived,survived,survived,survived
M4be4395cbca217f5,killed,killed,killed,killed,killed,killed,killed,killed
M4be83606a1785fdf,killed,killed,killed,killed,killed,killed,killed,killed
M4be904bcd54063b6,killed,killed,killed,killed,killed,killed,killed,killed
M4c046093653cfe6e,survived,survived,survived,survived,survived,survived,survived,survived
M4c0af646b108489f,killed,killed,killed,killed,killed,killed,killed,killed
M4c13e8b58c7c5060,killed,killed,killed,killed,killed,killed,killed,killed
M4c29cace20b7721e,survived,survived,survived,survived,survived,survived,survived,survived
M4c3e5bd489c8955f,killed,killed,killed,killed,killed,killed,killed,killed
M4c41df4ea16d301d,killed,killed,killed,killed,killed,killed,killed,killed
M4c425b6ba111cdb2,killed,killed,killed,killed,killed,killed,killed,killed
M4c43b3f714c018cd,killed,killed,killed,killed,killed,killed,killed,killed
M4c4922c5d442e8d1,killed,killed,killed,killed,killed,killed,killed,killed
M4c5ed3edcf81c656,killed,killed,killed,killed,killed,killed,killed,killed
M4c79073adfab0263,survived,survived,killed,survived,survived,survived,survived,survived
M4c7c2e6109268f48,survived,survived,survived,survived,survived,survived,survived,survived
M4c88539258bbc5b3,killed,killed,killed,killed,killed,killed,killed,killed
M4c8bf7fa07faf057,killed,killed,killed,killed,killed,killed,killed,killed
M4c8f0023b502e873,killed,killed,killed,killed,killed,killed,killed,killed
M4c962163104dd913,killed,killed,killed,killed,killed,killed,killed,killed
M4c96523392857eb2,timeout,timeout,timeout,timeout,timeout,timeout,timeout,timeout
M4c9a5c71b3f6733c,killed,killed,killed,killed,killed,killed,killed,killed
M4ca4b240fe21e1ee,killed,killed,killed,killed,killed,killed,killed,killed
M4caba1bf4d49a905,killed,killed,killed,killed,killed,killed,killed,killed
M4cba1c9458968eb4,killed,killed,killed,killed,killed,killed,killed,killed
M4cc9937d29dc128e,survived,survived,survived,survived,survived,survived,survived,survived
M4ccd86ac8aeb25b4,killed,killed,killed,killed,killed,killed,killed,killed
M4cd23907f010e2e4,killed,killed,killed,killed,killed,killed,killed,killed
M4cd8ab7cb9adb882,no_tests,no_tests,no_tests,no_tests,no_tests,no_tests,no_tests,no_tests
M4cdc45ffb7f2f57e,killed,killed,killed,killed,killed,killed,killed,killed
M4ce0156d0a3ecc11,killed,killed,killed,killed,killed,killed,killed,killed
M4ce82a4a388d39ab,killed,killed,killed,killed,killed,killed,killed,killed
M4ceecae2b07d3c1a,killed,killed,killed,killed,killed,killed,killed,killed
M4d163b3c441f5cba,survived,survived,survived,survived,survived,survived,survived,survived
M4d1942bea6ac6b6c,survived,survived,survived,survived,survived,survived,survived,survived
M4d343a1a6880a0ba,timeout,timeout,timeout,timeout,timeout,timeout,timeout,timeout
M4d42041ce895196a,killed,killed,killed,killed,killed,killed,killed,killed
M4d426261c0593d35,survived,survived,survived,survived,survived,survived,survived,survived
M4d9836c5a2c03fec,killed,killed,killed,killed,killed,killed,killed,killed
M4da4559281e20c84,survived,survived,survived,survived,survived,survived,survived,survived
M4da5471ddf3d2f04,killed,killed,killed,killed,killed,killed,killed,killed
M4da5e30ecea17c7f,killed,killed,killed,killed,killed,killed,killed,killed
M4db07c0ae33cde14,killed,killed,killed,killed,killed,killed,killed,killed
M4dbd317fa9da7034,killed,killed,killed,killed,killed,killed,killed,killed
M4dc1a2c77da41723,killed,killed,killed,killed,killed,killed,killed,killed
M4dc376835cced545,survived,survived,survived,survived,survived,survived,survived,survived
M4dca7dd93377e019,killed,killed,killed,killed,killed,killed,killed,killed
M4dd79521ebb40751,survived,survived,survived,survived,survived,survived,survived,survived
M4dddfad54399a182,survived,survived,survived,survived,survived,survived,survived,survived
M4e090f8d850a603c,killed,killed,killed,killed,killed,killed,killed,killed
M4e17c4bc62be0655,killed,killed,killed,killed,killed,killed,killed,killed
M4e1bcda4d3218936,killed,killed,killed,killed,killed,killed,killed,killed
M4e3b327586b15ed6,killed,killed,killed,killed,killed,killed,killed,killed
M4e4517aa2ff14a5d,killed,killed,killed,killed,killed,killed,killed,killed
M4e47cb31b5c7c126,killed,killed,killed,killed,killed,killed,killed,killed
M4e67f849397c23db,killed,killed,killed,killed,killed,killed,killed,killed
M4ea531d68b71f93a,survived,survived,survived,survived,survived,survived,survived,survived
M4ea7163b134fcc9b,killed,killed,killed,killed,killed,killed,killed,killed
M4eb5ce9aa0b581e7,timeout,timeout,timeout,timeout,timeout,timeout,timeout,timeout
M4ebfc668a1638e53,killed,killed,killed,killed,killed,killed,killed,killed
M4ece091f0a3ff1fd,killed,killed,killed,killed,killed,killed,killed,killed
M4ece0d704328fd25,killed,killed,killed,killed,killed,killed,killed,killed
M4ed13c881bf8f3d0,timeout,timeout,timeout,timeout,timeout,timeout,timeout,timeout
M4eed9d5a76ca08ec,survived,survived,survived,survived,survived,survived,survived,survived
M4ef55ca4beb93da4,survived,survived,survived,survived,survived,survived,survived,survived
M4efcad2dc033ee14,killed,killed,killed,killed,killed,killed,killed,killed
M4f02f161d3ae53fb,survived,survived,survived,survived,survived,survived,survived,survived
M4f0b2984e01c6e93,killed,killed,killed,killed,killed,killed,killed,killed
M4f109e59d81e753b,killed,killed,killed,killed,killed,killed,killed,killed
M4f1687cc02a7936d,survived,survived,survived,survived,survived,survived,survived,survived
M4f1a34b54ee17177,killed,killed,killed,killed,killed,killed,killed,killed
M4f23e422968681bd,killed,killed,killed,killed,killed,killed,killed,killed
M4f267eb8af003219,killed,killed,killed,killed,killed,killed,killed,killed
M4f3ded0413aeeafb,survived,survived,survived,survived,survived,survived,survived,survived
M4f5f36507c370ea1,killed,killed,killed,killed,killed,killed,killed,killed
M4f69680f977e313c,killed,killed,killed,killed,killed,killed,killed,killed
M4f85fc4d04a5c661,killed,killed,killed,killed,killed,killed,killed,killed
M4f99820274cd4bb6,killed,killed,killed,killed,killed,killed,killed,killed
M4fa98e81db418c0f,survived,survived,survived,survived,survived,survived,survived,survived
M4fafc2b9f5d62b79,killed,killed,killed,killed,killed,killed,killed,killed
M4fc0dd2b0dc82ae9,killed,killed,killed,killed,killed,killed,killed,killed
M4fc5b84f57f83bf9,killed,killed,killed,killed,killed,killed,killed,killed
M4fd39f312e9e427f,killed,killed,killed,killed,killed,killed,killed,killed
M4fdb3f75decd323a,survived,survived,survived,survived,survived,survived,survived,survived
M4fdf8eb07afc640c,killed,killed,killed,killed,killed,killed,killed,killed
M4fe4da9e3dcb06fe,killed,killed,killed,killed,killed,killed,killed,killed
M4fea7cfb496936f2,survived,survived,survived,survived,survived,survived,survived,survived
M4fecc716d0e449ac,survived,survived,survived,survived,survived,survived,survived,survived
M4fef20ea3d25da83,killed,killed,killed,killed,killed,killed,killed,killed
M4ff2ab87257be801,killed,killed,killed,killed,killed,killed,killed,killed
M4ff39cd7bbf68035,killed,killed,killed,killed,killed,killed,killed,killed
M501261b279cdc049,killed,killed,killed,killed,killed,killed,killed,killed
M50145002bdfd931c,timeout,timeout,timeout,timeout,timeout,timeout,timeout,timeout
M501d0cd86e51a3f8,killed,killed,killed,killed,killed,killed,killed,killed
M5028b9fc94c43212,killed,killed,killed,killed,killed,killed,killed,killed
M50348591efc8968f,killed,killed,killed,killed,killed,killed,killed,killed
M50370191e1ab9b91,killed,killed,killed,killed,killed,killed,killed,killed
M506ca85ce36b62ea,killed,killed,killed,killed,killed,killed,killed,killed
M506cbbe9aadea2fb,survived,survived,survived,survived,killed,survived,survived,killed
M5076093c26b10d7d,survived,survived,survived,survived,survived,survived,survived,survived
M5077b7f350b3f2ca,killed,killed,killed,killed,killed,killed,killed,killed
M5079f647175946e1,killed,killed,killed,killed,killed,killed,killed,killed
M507c0eb670593a34,killed,killed,killed,killed,killed,killed,killed,killed
M5085d59d9e8c7a51,killed,killed,killed,killed,killed,killed,killed,killed
M5087e7a497f35052,killed,killed,killed,killed,killed,killed,killed,killed
M5092e0a25e3b61b0,survived,survived,survived,survived,survived,survived,survived,survived
M5098ef16327878a5,survived,survived,survived,survived,survived,survived,survived,survived
M50cb19c884dbd76d,survived,survived,survived,survived,survived,survived,survived,survived
M50f691209d4a2e53,killed,killed,killed,killed,killed,killed,killed,killed
M50f7ce0f068a8905,killed,killed,killed,killed,killed,killed,killed,killed
M5116726b0306c39b,killed,killed,killed,killed,killed,killed,killed,killed
M511897fed77e0271,killed,killed,killed,killed,killed,killed,killed,killed
M51229568fa476c02,killed,killed,killed,killed,killed,killed,killed,killed
M513240b1240b5cdb,killed,killed,killed,killed,killed,killed,killed,killed
M513b961d82aec871,killed,killed,killed,killed,killed,killed,killed,killed
M513dec20522b5f68,survived,survived,survived,survived,survived,survived,survived,survived
M514ec77b09df797c,killed,killed,killed,killed,killed,killed,killed,killed
M515fa99a1c4f258d,killed,killed,killed,killed,killed,killed,killed,killed
M51651779475fd213,killed,killed,killed,killed,killed,killed,killed,killed
M516ef95034219ac8,killed,killed,killed,killed,killed,killed,killed,killed
M518073ad0f644443,killed,killed,killed,killed,killed,killed,killed,killed
M51929852735c1504,killed,killed,killed,killed,killed,killed,killed,killed
M519f1a7c6ed5875b,survived,survived,survived,survived,survived,survived,survived,survived
M51a71019f53c4fd5,killed,killed,killed,killed,killed,killed,killed,killed
M51ae0b1157268e8b,killed,killed,killed,killed,killed,killed,killed,killed
M51afd6844940d6e9,killed,killed,killed,killed,killed,killed,killed,killed
M51c4876fc4dab2d3,killed,killed,killed,killed,killed,killed,killed,killed
M51c504c6c53edd24,timeout,timeout,timeout,timeout,timeout,timeout,timeout,timeout
M51c7e67a145cd19c,killed,killed,killed,killed,killed,killed,killed,killed
M51d65e2101958a29,survived,survived,survived,survived,survived,survived,survived,survived
M51d8f6bb3c11c26f,survived,survived,survived,survived,survived,survived,survived,survived
M51e79e20e3f4df87,killed,killed,killed,killed,killed,killed,killed,killed
M51e97da670770b1c,killed,killed,killed,killed,killed,killed,killed,killed
M51f8f50922174353,killed,killed,killed,killed,killed,killed,killed,killed
M51fc65a8d4e06e10,survived,survived,survived,survived,survived,survived,survived,survived
M5212c5bd55a5c471,killed,killed,killed,killed,killed,killed,killed,killed
M521896d86f9e047d,killed,killed,killed,killed,killed,killed,killed,killed
M5223dd9c861fa817,killed,killed,killed,killed,killed,killed,killed,killed
M52246db2e2990577,survived,survived,survived,survived,survived,survived,survived,survived
M52301a8893bbb9fb,survived,survived,survived,survived,survived,survived,survived,survived
M5233e56dea26c088,survived,killed,killed,survived,killed,killed,survived,killed
M523b42bbcf56ebfa,survived,survived,survived,survived,survived,survived,survived,survived
M5247fc6da6c8ff19,killed,killed,killed,killed,killed,killed,killed,killed
M524cd3ab4dbc1196,killed,killed,killed,killed,killed,killed,killed,killed
M52718a55c819c48d,killed,killed,killed,killed,killed,killed,killed,killed
M52a088f1fa67cd79,survived,survived,survived,survived,survived,survived,survived,survived
M52abe37a7ef0a372,killed,killed,killed,killed,killed,killed,killed,killed
M52b9e19ff5e0c4b6,killed,killed,killed,killed,killed,killed,killed,killed
M52cfbf468d00f21d,killed,killed,killed,killed,killed,killed,killed,killed
M52d627896f087486,killed,killed,killed,killed,killed,killed,killed,killed
M52da430059a833e5,killed,killed,killed,killed,killed,killed,killed,killed
M52db70cc2c250c94,killed,killed,killed,killed,killed,killed,killed,killed
M52eaf4f4c13d0e2f,killed,killed,killed,killed,killed,killed,killed,killed
M52ebde8f2eec90b2,killed,killed,killed,killed,killed,killed,killed,killed
M52f029a6444a28ed,killed,killed,killed,killed,killed,killed,killed,killed
M52f07b0e6a19c57d,killed,killed,killed,killed,killed,killed,killed,killed
M52f4479de75307c4,survived,survived,survived,survived,survived,survived,survived,survived
M52f6b00ec95604ae,killed,killed,killed,killed,killed,killed,killed,killed
M530d7624397bb2ab,killed,killed,killed,killed,killed,killed,survived,killed
M530f216afcaad797,survived,survived,survived,survived,survived,survived,survived,survived
M53243e2d9c97fdb5,killed,killed,killed,killed,killed,killed,killed,killed
M532b8274fb7cf794,survived,survived,survived,survived,survived,survived,survived,survived
M5332a4c8e936e812,survived,survived,survived,survived,survived,survived,survived,survived
M533cb4ecca80323f,killed,killed,killed,killed,killed,killed,killed,killed
M53478a9c9ec88ccd,killed,killed,killed,killed,killed,killed,killed,killed
M5349df734b7d6882,timeout,timeout,timeout,timeout,timeout,timeout,timeout,timeout
M5368ecaa7432c97f,killed,killed,killed,killed,killed,killed,killed,killed
M538d81c0ed7ddfce,killed,killed,killed,killed,killed,killed,killed,killed
M53afb428a4fdb84b,killed,killed,killed,killed,killed,killed,killed,killed
M53bcca11cbd40370,killed,killed,killed,killed,killed,killed,killed,killed
M53c9a133b931d583,survived,survived,survived,survived,survived,survived,survived,survived
M53c9de53ac259889,killed,killed,killed,killed,killed,killed,killed,killed
M53ca762db17cd418,killed,killed,killed,killed,killed,killed,killed,killed
M53d3aab8ee1502ab,survived,survived,survived,survived,survived,survived,survived,survived
M53d4ee8b5f10daa2,killed,killed,killed,killed,killed,killed,killed,killed
M53e39b47a1d2222b,killed,killed,killed,killed,killed,killed,killed,killed
M53f0d0cbb70c2c6e,timeout,timeout,timeout,timeout,timeout,timeout,timeout,timeout
M53f4ff05cdec7e66,survived,survived,survived,survived,survived,survived,survived,survived
M53ff4c41c479b060,killed,killed,killed,timeout,timeout,killed,timeout,killed
M5400c2f54c91f4f3,killed,killed,killed,killed,killed,killed,killed,killed
M5423b81818aa79a3,killed,killed,killed,killed,killed,killed,killed,killed
M5434033c6ad285c1,killed,killed,killed,killed,killed,killed,killed,killed
M5438a30023dae4f3,killed,killed,killed,killed,killed,killed,killed,killed
M543e1fb586dab1f1,survived,survived,survived,survived,survived,survived,survived,survived
M5450d4540a436446,killed,killed,killed,killed,killed,killed,killed,killed
M546d81c1d40ed2e9,killed,killed,killed,killed,killed,killed,killed,killed
M5476bb8531b2826d,killed,killed,killed,killed,killed,killed,killed,killed
M54799575061b3f4a,killed,killed,killed,killed,killed,killed,killed,killed
M547c86c4ac538ffa,survived,survived,survived,survived,survived,survived,survived,survived
M549a9da657020cda,killed,killed,killed,killed,killed,killed,killed,killed
M549fc72216373a8d,killed,killed,killed,killed,killed,killed,killed,killed
M54b234a4bed630e6,survived,survived,survived,survived,survived,survived,survived,survived
M54bb811240e2f346,killed,killed,killed,killed,killed,killed,killed,killed
M54d16e704267d4ec,survived,survived,survived,survived,survived,survived,survived,survived
M54da9981c3a8d6bd,killed,killed,killed,killed,killed,killed,killed,killed
M54dff10c98ac5e63,killed,killed,killed,killed,killed,killed,killed,killed
M54f26c2d2743843d,survived,survived,survived,survived,survived,survived,survived,survived
M54fd840fc3274156,survived,survived,survived,survived,survived,survived,survived,survived
M55103e49d91bfe2e,killed,killed,killed,killed,killed,killed,killed,killed
M5511240f17a50a3f,survived,survived,survived,survived,survived,survived,survived,survived
M552ae59e8e23d665,killed,killed,killed,killed,killed,killed,killed,killed
M5553e36555a2a887,killed,killed,killed,killed,killed,killed,killed,killed
M5557d6684d699111,survived,survived,survived,survived,survived,survived,survived,survived
M555ea7f6e68ad378,killed,killed,killed,killed,killed,killed,killed,killed
M5562033b9d90e186,killed,killed,killed,killed,killed,killed,killed,killed
M556e54b77a66be93,timeout,timeout,timeout,timeout,timeout,timeout,timeout,timeout
M558814951d682188,survived,survived,survived,survived,survived,survived,survived,survived
M559c80f9e24dc085,killed,killed,killed,killed,killed,killed,killed,killed
M55a56cc3c5fab88a,survived,survived,survived,survived,survived,survived,survived,survived
M55b18681057ad8da,killed,killed,killed,killed,killed,killed,killed,killed
M55b27d3f984ac70a,killed,killed,killed,killed,killed,killed,killed,killed
M55ceec25c3f678f9,survived,survived,survived,survived,survived,survived,survived,survived
M55e9de9fb5bad025,no_tests,killed,killed,killed,killed,killed,killed,killed
M55eabf6a765ef173,killed,killed,killed,killed,killed,killed,killed,killed
M55ebe94a888b8386,killed,killed,killed,killed,killed,killed,killed,killed
M55ee6c41a869e8b9,killed,killed,killed,killed,killed,killed,killed,killed
M55f694fc14423cc6,survived,survived,survived,survived,survived,survived,survived,survived
M560bd30b4847dc8b,killed,killed,killed,killed,killed,killed,killed,killed
M5668ff9b9315e257,killed,killed,killed,killed,killed,killed,killed,killed
M567672a5a0c0aaa8,killed,killed,killed,killed,killed,killed,killed,killed
M56790e2e3790b285,survived,survived,survived,survived,survived,survived,survived,survived
M5688cdae8fac77fa,killed,killed,killed,killed,killed,killed,killed,killed
M568fb1d8d9206736,survived,survived,survived,survived,survived,survived,survived,survived
M56962cd27a1ea080,killed,killed,killed,killed,killed,killed,killed,killed
M56a6e9451118fc53,survived,survived,survived,survived,survived,survived,survived,survived
M56b513675c99d8b8,killed,killed,killed,killed,killed,killed,killed,killed
M56c0ca6ba080a84d,killed,killed,killed,killed,killed,killed,killed,killed
M56d1ef4d2d7ca578,survived,survived,survived,survived,survived,survived,survived,survived
M56d47f66dc45da60,survived,survived,survived,survived,survived,survived,survived,survived
M56dba5e837deb06c,killed,killed,killed,killed,killed,killed,killed,killed
M56df6accd501ef18,survived,survived,survived,survived,survived,survived,survived,survived
M56e02a6b8502927b,killed,killed,killed,killed,killed,killed,killed,killed
M56ea7c4273fe5bff,killed,killed,killed,killed,killed,killed,killed,killed
M56f7c45786a0b2ed,killed,killed,killed,killed,killed,killed,killed,killed
M56f9d67141f33cb0,killed,killed,killed,killed,killed,killed,killed,killed
M5705da1b791e0102,survived,survived,survived,survived,survived,survived,survived,survived
M570745ee1c08d7a9,survived,survived,survived,survived,survived,survived,survived,survived
M570e19b56f5b50e9,killed,killed,killed,killed,killed,killed,killed,killed
M572d84709f42aaa3,killed,killed,killed,killed,killed,killed,killed,killed
M5742326655876148,killed,killed,killed,killed,killed,killed,killed,killed
M57489a9a194f7b57,killed,killed,killed,killed,killed,killed,killed,killed
M574fb2496ce1de4b,killed,killed,killed,killed,killed,killed,killed,killed
M5769d203849c3c10,timeout,timeout,timeout,timeout,timeout,timeout,timeout,timeout
M576a00ee1ab95d36,survived,survived,survived,survived,survived,survived,survived,survived
M577a64330103a9b1,survived,survived,survived,survived,survived,survived,survived,survived
M578e6ecdf038ea54,killed,killed,killed,killed,killed,killed,killed,killed
M5797ad52b5795f04,survived,survived,survived,survived,survived,survived,survived,survived
M5799e420e9b91a51,killed,killed,killed,killed,killed,killed,killed,killed
M57aadc808d6f5c04,killed,killed,killed,killed,killed,killed,killed,killed
M57b083546cec8038,killed,killed,killed,survived,survived,survived,killed,killed
M57d2556711aa11d0,killed,killed,killed,killed,killed,killed,killed,killed
M57dbcf0978303273,killed,killed,killed,killed,killed,killed,killed,killed
M57e4ceabceec6703,survived,survived,survived,survived,survived,survived,survived,survived
M57ec13df5715e45c,killed,killed,killed,killed,killed,killed,killed,killed
M57fca47a42ef1a28,killed,killed,killed,killed,killed,killed,killed,killed
M5800d9bcd79c043f,killed,killed,killed,killed,killed,killed,killed,killed
M581c219c62dfefb2,killed,killed,killed,killed,killed,killed,killed,killed
M582297f2554b544b,survived,survived,survived,survived,survived,survived,survived,survived
M583b730b63e54938,killed,killed,killed,killed,killed,killed,killed,killed
M5858aa1a65a72143,survived,survived,survived,survived,survived,survived,survived,survived
M585aaf610c012b76,killed,killed,killed,killed,killed,killed,killed,killed
M5862b5f45e665315,killed,killed,killed,killed,killed,killed,killed,killed
M58682527b09f5093,killed,killed,killed,killed,killed,killed,killed,killed
M58937f119cbab8a3,killed,killed,killed,killed,killed,killed,killed,killed
M58a1511f68f48de7,killed,killed,killed,killed,killed,killed,killed,killed
M58a2e411fcb22d88,killed,killed,killed,killed,killed,killed,killed,killed
M58ce72269ff1b2b1,killed,killed,killed,killed,killed,killed,killed,killed
M58d76ea2e6a1dc94,survived,survived,survived,survived,survived,survived,survived,survived
M58db8c5400508289,killed,killed,killed,killed,killed,killed,killed,killed
M58e0817cfaba58fc,survived,killed,killed,killed,killed,killed,survived,killed
M5905e076339a546c,killed,killed,killed,timeout,killed,killed,timeout,killed
M590e2fb0218c3ff4,survived,survived,survived,survived,survived,survived,survived,survived
M593893d156cbe1e6,survived,survived,survived,survived,survived,survived,survived,survived
M594fa9fff547eb96,survived,survived,survived,survived,survived,survived,survived,survived
M59641af98fc20d7c,killed,killed,killed,killed,killed,killed,killed,killed
M5967cc1b481cf80d,survived,survived,survived,survived,survived,survived,survived,survived
M5968d86975463513,killed,killed,killed,killed,killed,killed,killed,killed
M596e1cd1ec1ca6c1,killed,killed,killed,killed,killed,killed,killed,killed
M5976af762258978b,killed,killed,killed,killed,killed,killed,killed,killed
M597982552904c4ca,killed,killed,killed,killed,killed,killed,killed,killed
M59884af94fab8803,killed,killed,killed,killed,killed,killed,killed,killed
M59afd923dce6c173,killed,killed,killed,killed,killed,killed,killed,killed
M59b77a9a5356a198,killed,killed,killed,killed,killed,killed,killed,killed
M59b822a06787e44e,survived,survived,survived,survived,survived,survived,survived,survived
M59bb17a10ed761c5,killed,killed,killed,killed,killed,killed,killed,killed
M59bbbb9044d2c326,survived,survived,survived,survived,survived,survived,survived,survived
M59cf84a30dce1f9a,killed,killed,killed,killed,killed,killed,killed,killed
M59f0ae0ee1560270,survived,survived,survived,survived,survived,survived,survived,survived
M59fbb119a1cd928b,killed,killed,killed,killed,killed,killed,killed,killed
M59fee4321dce149f,survived,survived,survived,survived,survived,survived,survived,survived
M5a0a83a4dfd25a23,killed,killed,killed,killed,killed,killed,killed,killed
M5a19ae59c28e0acc,killed,killed,killed,killed,killed,killed,killed,killed
M5a3903ddd9c210ff,killed,killed,killed,killed,killed,killed,killed,killed
M5a3b95028954afad,killed,killed,killed,killed,killed,killed,killed,killed
M5a3eb1c43a2743f9,killed,killed,killed,killed,killed,killed,killed,killed
M5a71fd8cd5665b2e,killed,killed,killed,killed,killed,killed,killed,killed
M5a849d01c1eed3ad,killed,killed,killed,killed,killed,killed,killed,killed
M5a8c03568ccb671f,timeout,timeout,timeout,timeout,timeout,timeout,timeout,timeout
M5a92a86178ae1fe2,killed,killed,killed,killed,killed,killed,killed,killed
M5ab760ed5a345929,survived,survived,survived,survived,survived,survived,survived,survived
M5abc65c1b5f3022f,survived,survived,survived,survived,survived,survived,survived,survived
M5ac8852591cce24e,killed,killed,killed,killed,killed,killed,killed,killed
M5ad67bcc56320d92,survived,survived,survived,survived,survived,survived,survived,survived
M5ad8112cf76c78fd,killed,killed,killed,killed,killed,killed,killed,killed
M5ae11fded0d0fad8,killed,killed,killed,killed,killed,killed,killed,killed
M5afeb724a342b7ca,killed,killed,killed,killed,killed,killed,killed,killed
M5b022e63920e28db,survived,survived,survived,survived,survived,survived,survived,survived
M5b432c921eee3725,survived,survived,survived,survived,survived,survived,survived,survived
M5b4943e6582f34fa,killed,killed,killed,killed,killed,killed,killed,killed
M5b61be31fd195197,survived,killed,killed,killed,killed,killed,survived,killed
M5b68ed03244fcf4e,survived,survived,survived,survived,survived,survived,survived,survived
M5b6bc154af0516bd,killed,killed,killed,killed,killed,killed,killed,killed
M5b7784359e871b3f,killed,killed,killed,killed,killed,killed,killed,killed
M5b7d521f37adf435,killed,killed,killed,killed,killed,killed,killed,killed
M5b82a47290c0ec10,survived,survived,survived,survived,survived,survived,survived,survived
M5b8c80859678e717,killed,killed,killed,killed,killed,killed,killed,killed
M5b97d61a971bb4d7,survived,survived,survived,survived,survived,survived,survived,survived
M5b999d66fa56c6db,killed,killed,killed,killed,killed,killed,killed,killed
M5baac7d138106e3c,survived,survived,survived,survived,survived,survived,survived,survived
M5bd92a327f1b8938,survived,survived,survived,survived,survived,survived,survived,survived
M5bed70302ac0c0bf,killed,killed,killed,killed,killed,killed,killed,killed
M5bfcb9ee9c19efec,killed,killed,killed,survived,killed,killed,survived,killed
M5c03dacd962f5a83,killed,killed,killed,killed,killed,killed,killed,killed
M5c0d15e07581bdcd,killed,killed,killed,killed,killed,killed,killed,killed
M5c11cfff7b6569a8,killed,killed,killed,killed,killed,killed,killed,killed
M5c278f8e2d6bb18d,killed,killed,killed,killed,killed,killed,killed,killed
M5c2f13223cc056e9,killed,killed,killed,killed,killed,killed,killed,killed
M5c449130d2e085ea,killed,killed,killed,killed,killed,killed,killed,killed
M5c7bb25d14dcccef,survived,survived,survived,survived,survived,survived,survived,survived
M5c7cbcf6acf895ac,survived,survived,survived,survived,survived,survived,survived,survived
M5c83655210d2fab5,survived,survived,survived,survived,survived,survived,survived,survived
M5c8f6add2c0e2653,killed,killed,killed,killed,killed,killed,killed,killed
M5ca2206ea48bb097,killed,killed,killed,killed,killed,killed,killed,killed
M5cb15efb7783d7c4,killed,killed,killed,killed,killed,killed,killed,killed
M5cb6951c1e0fef35,survived,survived,survived,survived,survived,survived,survived,survived
M5cc55510f4558c43,killed,killed,killed,killed,killed,killed,killed,killed
M5cc8c35defccbc23,killed,killed,killed,killed,killed,killed,killed,killed
M5cd49acc217106f9,survived,survived,survived,survived,survived,survived,survived,survived
M5cea21ad2434c26b,survived,survived,survived,survived,survived,survived,survived,survived
M5cef855ed1ba35d1,killed,killed,killed,killed,killed,killed,killed,killed
M5cf260a3cd56d854,killed,killed,killed,killed,killed,killed,killed,killed
M5cfc4ffd29df55b9,killed,killed,killed,killed,killed,killed,killed,killed
M5d2134cebfff2e56,killed,killed,killed,killed,killed,killed,killed,killed
M5d559a9d6f5513f7,killed,killed,killed,killed,killed,killed,killed,killed
M5d66e6070c2a63fd,killed,killed,killed,killed,killed,killed,survived,killed
M5d742a8f59569ff4,survived,survived,survived,survived,survived,survived,survived,survived
M5d88735d85856e63,killed,killed,killed,killed,killed,killed,killed,killed
M5d8e7163bfbed865,killed,killed,killed,killed,killed,killed,killed,killed
M5dd7c8de2a46bb07,killed,killed,killed,killed,killed,killed,killed,killed
M5dde10afe3f74b2b,killed,killed,killed,killed,killed,killed,killed,killed
M5de7c5d2810b80cb,killed,killed,killed,killed,killed,killed,killed,killed
M5dee727dbc3afc2f,survived,survived,survived,survived,survived,survived,survived,survived
M5df56ab28fde5bb7,killed,killed,killed,killed,killed,killed,killed,killed
M5dfa96a3aaa7df9f,survived,survived,survived,survived,survived,survived,survived,survived
M5e13d60480a6ad84,killed,killed,killed,killed,killed,killed,killed,killed
M5e153fd960d5a175,survived,survived,survived,survived,survived,survived,survived,survived
M5e18daf53bbc5629,killed,killed,killed,killed,killed,killed,killed,killed
M5e1a820e9fd619c9,killed,killed,killed,killed,killed,killed,killed,killed
M5e23e9a4de3b23d8,killed,killed,killed,killed,killed,killed,killed,killed
M5e47f21a935bcc18,killed,killed,killed,killed,killed,killed,killed,killed
M5e4e0b47a089556f,killed,killed,killed,killed,killed,killed,killed,killed
M5e538a1936893ea4,killed,killed,killed,killed,killed,killed,killed,killed
M5e593803147802cf,killed,killed,killed,killed,killed,killed,killed,killed
M5e5b278b946c5412,survived,survived,survived,survived,survived,survived,survived,survived
M5e7140b928cdbaa7,killed,killed,killed,killed,killed,killed,killed,killed
M5e7627839f9cf6a1,killed,killed,killed,killed,killed,killed,killed,killed
M5e7b759ac5bb4ad6,killed,killed,killed,killed,killed,killed,killed,killed
M5e98e12720269ad0,survived,survived,survived,survived,survived,survived,survived,survived
M5ea07e6cf0cf2561,killed,killed,killed,killed,killed,killed,killed,killed
M5eab942a9a5fb671,killed,killed,killed,killed,killed,killed,killed,killed
M5eae672ca33d41f0,killed,killed,killed,killed,killed,killed,killed,killed
M5eafc51869f1e145,killed,killed,killed,killed,killed,killed,killed,killed
M5eb4802173cff42d,survived,survived,survived,survived,survived,survived,survived,survived
M5eb4ba939c61b76f,survived,survived,survived,survived,survived,survived,survived,survived
M5ed2869db434b3fc,survived,survived,survived,survived,survived,survived,survived,survived
M5ed429b370fd877d,killed,killed,killed,killed,killed,killed,killed,killed
M5edb74c13cdc4cc6,killed,killed,killed,killed,killed,killed,killed,killed
M5eecac15d4811911,killed,killed,killed,killed,killed,killed,killed,killed
M5ef927426e563c8c,killed,killed,killed,killed,killed,killed,killed,killed
M5ef965d6342841ae,survived,survived,survived,survived,survived,survived,survived,survived
M5efddff91c1f3db5,killed,killed,killed,killed,killed,killed,killed,killed
M5f032ff7559ae5fe,survived,survived,survived,survived,survived,survived,survived,survived
M5f1a78479fa79837,survived,survived,survived,survived,survived,survived,survived,survived
M5f22869761863fa2,timeout,timeout,timeout,timeout,timeout,timeout,timeout,timeout
M5f2ea4868b9ce1f7,survived,survived,survived,survived,survived,survived,survived,survived
M5f2fe06bab0366f1,killed,killed,killed,killed,killed,killed,killed,killed
M5f5b809982a4e9ee,killed,killed,killed,killed,killed,killed,killed,killed
M5f80977f7c1f303d,killed,killed,killed,killed,killed,killed,killed,killed
M5f87e19a80c44b22,survived,survived,survived,survived,survived,survived,survived,survived
M5f8b499637fe45a4,killed,killed,killed,killed,killed,killed,killed,killed
M5f9080eb1c87e4c5,killed,killed,killed,killed,killed,killed,killed,killed
M5fa0f99a7e4dac45,killed,killed,killed,killed,killed,killed,killed,killed
M5fa4833abbae1f60,killed,killed,killed,killed,killed,killed,killed,killed
M5fa9dbd16c014d30,timeout,timeout,timeout,timeout,timeout,timeout,timeout,timeout
M5fc8ce22a79f9254,killed,killed,killed,killed,killed,killed,killed,killed
M5fcabae9a232d1da,killed,killed,killed,killed,killed,killed,killed,killed
M5fd1ed2f3d32fcb9,killed,killed,killed,killed,killed,killed,killed,killed
M5fd813a18ca6b113,killed,killed,killed,killed,killed,killed,killed,killed
M5feddceeb09e033e,killed,killed,killed,killed,killed,killed,killed,killed
M5fef76cb30bd15d7,killed,killed,killed,killed,killed,killed,killed,killed
M5ff3a0a98ecbac98,survived,survived,survived,survived,survived,survived,survived,survived
M5ff622583cff9025,timeout,timeout,timeout,timeout,timeout,timeout,timeout,timeout
M600d815b222e1905,killed,killed,killed,killed,killed,killed,killed,killed
M601020502914acab,survived,survived,survived,survived,survived,survived,survived,survived
M601d622e60528443,killed,killed,killed,killed,killed,killed,killed,killed
M602b4777947390d0,killed,killed,killed,killed,killed,killed,killed,killed
M6048c12614961951,killed,killed,killed,killed,killed,killed,killed,killed
M606f3f445845e99c,killed,killed,killed,killed,killed,killed,killed,killed
M606f6e1a08519bb9,killed,killed,killed,killed,killed,killed,killed,killed
M607ea0a379e253fd,killed,killed,killed,killed,killed,killed,killed,killed
M6088bed00e85a6db,survived,survived,survived,survived,survived,survived,survived,survived
M609dd37589edf304,killed,killed,killed,killed,killed,killed,killed,killed
M60a4f1eba2be5864,survived,survived,survived,survived,survived,survived,survived,survived
M60b281b54c20281d,timeout,timeout,timeout,timeout,timeout,timeout,timeout,timeout
M60c2159e64c7baf6,killed,killed,killed,killed,killed,killed,killed,killed
M60c8c7dbaa6af5f6,killed,killed,killed,killed,killed,killed,killed,killed
M60e556d2f4776b14,killed,killed,killed,killed,killed,killed,killed,killed
M60ea1105bf891503,killed,killed,killed,killed,killed,killed,killed,killed
M60f2755b432023a5,killed,killed,killed,killed,killed,killed,killed,killed
M60fac13ba6a9e1ee,killed,killed,killed,killed,killed,killed,killed,killed
M60fcec214e8d2a5b,killed,killed,killed,killed,killed,killed,killed,killed
M60fe09fbe42275b7,timeout,timeout,timeout,timeout,timeout,timeout,timeout,timeout
M6102ccce9baa76ee,survived,survived,survived,survived,survived,survived,survived,survived
M6105de5b7cf707f7,survived,survived,survived,survived,survived,survived,survived,survived
M61098644f6e6416a,killed,killed,killed,killed,killed,killed,killed,killed
M61125c815534fbc5,survived,survived,survived,survived,survived,survived,survived,survived
M611b6d23fb45d31d,killed,killed,killed,killed,killed,killed,killed,killed
M6127948a2bb08667,killed,killed,killed,killed,killed,killed,survived,killed
M6143a7a1090763ac,survived,survived,survived,survived,survived,survived,survived,survived
M6153716035482ec9,killed,killed,killed,killed,killed,killed,killed,killed
M615e8905058c3757,killed,killed,killed,killed,killed,killed,killed,killed
M61881aef944e9e3b,killed,killed,killed,killed,killed,killed,killed,killed
M6193782a9f3ba683,killed,killed,killed,killed,killed,killed,killed,killed
M61a1886b477dd9ef,no_tests,killed,killed,killed,killed,killed,killed,killed
M61ab5e78b5657536,killed,killed,killed,killed,killed,killed,killed,killed
M61b6069a2a672a94,survived,survived,survived,survived,survived,survived,survived,survived
M61bf849185cd6ca9,killed,killed,killed,killed,killed,killed,killed,killed
M61c8d44bca8d91b7,survived,survived,survived,survived,survived,survived,survived,survived
M61d12e5e48ad5ec5,killed,killed,killed,killed,killed,killed,killed,killed
M61f06871dd3dfd6d,killed,killed,killed,killed,killed,killed,killed,killed
M62289037edf29e5a,killed,killed,killed,killed,killed,killed,killed,killed
M623554d7f7aeb1ea,killed,killed,killed,killed,killed,killed,killed,killed
M626ef03840531e1b,killed,killed,killed,killed,killed,killed,killed,killed
M6272b7502a9836ab,survived,survived,survived,survived,survived,survived,survived,survived
M627ed5e6c774f36b,survived,survived,survived,survived,survived,survived,survived,survived
M629743ab604083a1,killed,killed,killed,killed,killed,killed,killed,killed
M62a8475be6b7ef7e,killed,killed,killed,killed,killed,killed,killed,killed
M62b78e966b0ccdb3,survived,survived,survived,survived,survived,survived,survived,survived
M62c82be2e8e70c49,killed,killed,killed,killed,killed,killed,killed,killed
M62daa6bd39131067,killed,killed,killed,killed,killed,killed,killed,killed
M630cc3ac78effaa3,killed,killed,killed,killed,killed,killed,killed,killed
M63179f5fb859720a,killed,killed,killed,killed,killed,killed,killed,killed
M632e57d6ba7374a6,killed,killed,killed,killed,killed,killed,killed,killed
M634207a2c0dfcd67,killed,killed,killed,killed,killed,killed,killed,killed
M6353adf6921d5518,survived,survived,survived,survived,survived,survived,survived,survived
M637dfab64d4da3bf,survived,survived,survived,survived,survived,survived,survived,survived
M637f22649b7f7e2d,survived,survived,survived,survived,survived,survived,survived,survived
M6394b5bd5ab38ffd,survived,survived,survived,survived,survived,survived,survived,survived
M63b23f99d3d015e3,killed,killed,killed,killed,killed,killed,killed,killed
M63cd44be953101cf,survived,survived,survived,survived,survived,survived,survived,survived
M63df4ee592671da8,survived,survived,survived,survived,survived,survived,survived,survived
M63dff9985bc72684,survived,survived,survived,survived,survived,survived,survived,survived
M63e42d71f2de254c,killed,killed,killed,killed,killed,killed,killed,killed
M63f0ffc04d483a3c,survived,survived,survived,survived,survived,survived,survived,survived
M63f33f1086feaba6,killed,killed,killed,killed,killed,killed,killed,killed
M63f52c90ae54280b,killed,killed,killed,killed,killed,killed,killed,killed
M63fa3f97b70bccfd,killed,killed,killed,killed,killed,killed,killed,killed
M63fbab50c820901c,killed,killed,killed,killed,killed,killed,killed,killed
M63fc69f6c259a8fb,killed,killed,killed,killed,killed,killed,killed,killed
M63fda40a89b5d341,survived,survived,survived,survived,survived,survived,survived,survived
M6436c29e99dc6e7c,killed,killed,killed,killed,killed,killed,killed,killed
M643e7ed64945a3ad,killed,killed,killed,killed,killed,killed,killed,killed
M64449da81332312e,survived,survived,survived,survived,survived,survived,survived,survived
M644c7f1ddd7b1a4c,survived,survived,survived,survived,survived,survived,survived,survived
M64582036eefedf0d,survived,survived,survived,survived,survived,survived,survived,survived
M645aaa1fcf7a4999,killed,killed,killed,killed,killed,killed,killed,killed
M64713da5e7c7c47f,survived,survived,survived,survived,survived,survived,survived,survived
M6472a06200ec5ad2,killed,killed,killed,killed,killed,killed,killed,killed
M6487f19c5ba4d030,survived,survived,survived,survived,survived,survived,survived,survived
M64b41d19c50faee2,survived,survived,survived,survived,killed,survived,survived,killed
M64c50c6ef161bcc7,survived,survived,survived,survived,survived,survived,survived,survived
M64c8185700b63145,killed,killed,killed,killed,killed,killed,killed,killed
M64cd72f6beb4fe20,survived,survived,survived,survived,survived,survived,survived,survived
M64ec071d5c2fbb77,survived,survived,survived,survived,survived,survived,survived,survived
M64fdf4ed49da9b95,survived,survived,survived,survived,survived,survived,survived,survived
M6512541a02c28350,killed,killed,killed,killed,killed,killed,killed,killed
M651dea524c0f581c,killed,killed,killed,killed,killed,killed,killed,killed
M6527a5655616c616,survived,survived,survived,survived,survived,survived,survived,survived
M65309c32b747c430,survived,survived,survived,survived,survived,survived,survived,survived
M6545f0fdefd32b1c,killed,killed,killed,killed,killed,killed,killed,killed
M654e54baed6a80b9,no_tests,survived,survived,survived,survived,survived,survived,survived
M6557017144bbbafa,killed,killed,killed,killed,killed,killed,killed,killed
M65718e39a8347373,killed,killed,killed,killed,killed,killed,killed,killed
M658c4e751781edc2,killed,killed,killed,killed,killed,killed,killed,killed
M65909500b9baae47,killed,killed,killed,killed,killed,killed,killed,killed
M6591866e10c738a6,no_tests,killed,killed,killed,killed,killed,killed,killed
M6591adaca9503c96,killed,killed,killed,killed,killed,killed,killed,killed
M659d671378520d96,survived,survived,survived,survived,survived,survived,survived,survived
M65ada3673bb4e68d,killed,killed,killed,killed,killed,killed,killed,killed
M65ba800112812b38,killed,killed,killed,killed,killed,killed,killed,killed
M65c103a85cdf0784,killed,killed,killed,killed,killed,killed,killed,killed
M65c82c00de839123,killed,killed,killed,killed,killed,killed,killed,killed
M65e5e09537e132a4,survived,survived,survived,survived,survived,survived,survived,survived
M65f802c8990d2da5,killed,killed,killed,killed,killed,killed,killed,killed
M6603c61f9fbadf31,survived,survived,survived,survived,survived,survived,survived,survived
M6617f73184b9baaf,survived,survived,survived,survived,survived,survived,survived,survived
M6630246c9f67c79c,killed,killed,killed,killed,killed,killed,killed,killed
M66360437dce025b1,killed,killed,killed,timeout,timeout,killed,timeout,killed
M663c9d4f05278217,killed,killed,killed,killed,killed,killed,killed,killed
M66558245b5618325,timeout,timeout,timeout,timeout,timeout,timeout,timeout,timeout
M666c3f29c417dc4c,killed,killed,killed,killed,killed,killed,killed,killed
M666dfcd187f87af3,killed,killed,killed,killed,killed,killed,killed,killed
M6684d274c9bb74e9,killed,killed,killed,killed,killed,killed,killed,killed
M669dbff70aa67ecc,killed,killed,killed,killed,killed,killed,killed,killed
M66b0345da308fdbc,killed,killed,killed,killed,killed,killed,killed,killed
M66b1b6aec75fe58d,killed,killed,killed,killed,killed,killed,killed,killed
M66d2c4a3d604f62d,killed,killed,killed,killed,killed,killed,killed,killed
M66d4aa5675f046a4,killed,killed,killed,killed,killed,killed,killed,killed
M66dbb935b801cb4d,killed,killed,killed,killed,killed,killed,killed,killed
M66dcb72765496df8,killed,killed,killed,killed,killed,killed,killed,killed
M66e2c420b49b071e,killed,killed,killed,killed,killed,killed,killed,killed
M66e602a2f57ea013,survived,survived,survived,survived,survived,survived,survived,survived
M66e9899a86f4059a,killed,killed,killed,killed,killed,killed,killed,killed
M66ec3b604f87156d,killed,killed,killed,killed,killed,killed,killed,killed
M66f0c6fd7292f699,killed,killed,killed,killed,killed,killed,killed,killed
M66fadb9b21762071,timeout,timeout,timeout,timeout,timeout,timeout,timeout,timeout
M66fc829af38f249c,killed,killed,killed,killed,killed,killed,killed,killed
M66fcfbd523c1bbef,killed,killed,killed,killed,killed,killed,killed,killed
M6706d2fd96487f23,survived,survived,survived,survived,survived,survived,survived,survived
M674d844cf6a6e243,killed,killed,killed,survived,killed,killed,survived,killed
M67548d95642a485a,timeout,timeout,timeout,timeout,timeout,timeout,timeout,timeout
M6756b1baa4afcf81,killed,killed,killed,killed,killed,killed,killed,killed
M675c43f857c6559b,survived,survived,survived,survived,survived,survived,survived,survived
M67675cb86fd6948e,killed,killed,killed,killed,killed,killed,killed,killed
M6771277e8cb0d836,killed,killed,killed,killed,killed,killed,killed,killed
M6773c4db961c81b7,killed,killed,killed,killed,killed,killed,killed,killed
M67743a03f3b15521,killed,killed,killed,killed,killed,killed,killed,killed
M6790d1f20712c410,killed,killed,killed,killed,killed,killed,killed,killed
M67a9af26418773e5,killed,killed,killed,killed,killed,killed,killed,killed
M67afe7ddb2cfb521,killed,killed,killed,killed,killed,killed,killed,killed
M67bde72ee22eec3f,killed,killed,killed,killed,killed,killed,killed,killed
M67ce2fa8f444fc39,killed,killed,killed,killed,killed,killed,killed,killed
M67d5e0784527c47c,killed,killed,killed,killed,killed,killed,killed,killed
M67dad09f2893a797,survived,survived,survived,survived,survived,survived,survived,survived
M67e3705753955159,killed,killed,killed,killed,killed,killed,killed,killed
M67e46fd0ba3f3ef1,killed,killed,killed,killed,killed,killed,killed,killed
M67e970c4361efd47,killed,killed,killed,killed,killed,killed,killed,killed
M67edbdce5f7dd9ab,killed,killed,killed,killed,killed,killed,killed,killed
M67fedb3e87c85601,survived,survived,survived,survived,survived,survived,survived,survived
M681a1558012a9aab,killed,killed,killed,killed,killed,killed,killed,killed
M682e1dfe9ae10148,killed,killed,killed,killed,killed,killed,killed,killed
M686971e55822f5d1,killed,killed,killed,killed,killed,killed,killed,killed
M687bc6993bddf387,killed,killed,killed,killed,killed,killed,killed,killed
M688171cbaaa482f4,killed,killed,killed,killed,killed,killed,killed,killed
M6889c77d36ae8c7c,killed,killed,killed,killed,killed,killed,killed,killed
M68a37a8e650b8a2f,killed,killed,killed,killed,killed,killed,killed,killed
M68ac0299926636fc,killed,killed,killed,killed,killed,killed,killed,killed
M68b7cdf9004f3631,killed,killed,killed,killed,killed,killed,killed,killed
M68c488fab7262dca,survived,survived,survived,survived,survived,survived,survived,survived
M68d4b4df09c4229c,killed,killed,killed,killed,killed,killed,killed,killed
M68e6ae7f05510939,survived,survived,survived,survived,survived,survived,survived,survived
M68edc04c4e454dc9,killed,killed,killed,killed,killed,killed,killed,killed
M68f035da2d25554b,survived,survived,survived,survived,survived,survived,survived,survived
M68fd46ccbb3acaff,survived,survived,survived,survived,survived,survived,survived,survived
M68fe6c3af04ddcb7,killed,killed,killed,killed,killed,killed,killed,killed
M6910acf65643277e,survived,survived,survived,survived,survived,survived,survived,survived
M6912c16210826930,survived,survived,survived,survived,survived,survived,survived,survived
M691d1a30cf3be580,killed,killed,killed,killed,killed,killed,killed,killed
M692bd408fe5f0d53,killed,killed,killed,killed,killed,killed,killed,killed
M694b1088ef3ca53f,killed,killed,killed,killed,killed,killed,killed,killed
M695bc3b46bb6754c,killed,killed,killed,killed,killed,killed,killed,killed
M697b78bd564328ea,survived,survived,survived,survived,survived,survived,survived,survived
M6986096a992201e7,killed,killed,killed,killed,killed,killed,killed,killed
M698926b5813fa9ce,killed,killed,killed,killed,killed,killed,killed,killed
M69ab1ecccc57d519,killed,killed,killed,killed,killed,killed,killed,killed
M69bb135455188863,killed,killed,killed,killed,killed,killed,killed,killed
M69bc55098fe27c7b,killed,killed,killed,killed,killed,killed,killed,killed
M69c03cbbad0c911b,killed,killed,killed,killed,killed,killed,killed,killed
M69d693558d93ec0d,killed,killed,killed,killed,killed,killed,killed,killed
M69f4b07e315aaa7e,killed,killed,killed,killed,killed,killed,killed,killed
M6a01a716afafcc0f,killed,killed,killed,killed,killed,killed,killed,killed
M6a01fdae885d9209,killed,killed,killed,killed,killed,killed,killed,killed
M6a11a5ae96c929a3,killed,killed,killed,killed,killed,killed,killed,killed
M6a338b9211490472,survived,survived,survived,survived,survived,survived,survived,survived
M6a380d0838a172d2,killed,killed,killed,killed,killed,killed,killed,killed
M6a3f8ceeb07630da,survived,survived,survived,survived,survived,survived,survived,survived
M6a476d81ad99e8f1,timeout,timeout,timeout,killed,timeout,timeout,killed,timeout
M6a4da9a269fcd723,killed,killed,killed,killed,killed,killed,killed,killed
M6a55438208a8ddd3,killed,killed,killed,killed,killed,killed,killed,killed
M6a6b24d15c88e920,killed,killed,killed,killed,killed,killed,killed,killed
M6a6fd5e514d0cebf,killed,killed,killed,killed,killed,killed,killed,killed
M6a7e174178659eeb,killed,killed,killed,killed,killed,killed,killed,killed
M6a8cb0a34d7e52f8,survived,survived,survived,survived,survived,survived,survived,survived
M6aa0274a17fc5ef1,killed,killed,killed,killed,killed,killed,killed,killed
M6aa746bcec24ea10,killed,killed,killed,killed,killed,killed,killed,killed
M6ae5f3d039037123,killed,killed,killed,killed,killed,killed,killed,killed
M6af0c49388e240f2,no_tests,survived,survived,survived,survived,survived,survived,survived
M6b13ff7c508c03e0,no_tests,survived,survived,survived,survived,survived,survived,survived
M6b1862b400e29b92,timeout,timeout,timeout,timeout,timeout,timeout,timeout,timeout
M6b2353d6b15a1c2c,killed,killed,killed,killed,killed,killed,killed,killed
M6b32252fd9b93c75,killed,killed,killed,killed,killed,killed,killed,killed
M6b342a04454deb5b,killed,killed,killed,killed,killed,killed,survived,killed
M6b4853a16a5934a2,timeout,timeout,timeout,timeout,timeout,timeout,timeout,timeout
M6b48d4a7e0d8f8dd,killed,killed,killed,killed,killed,killed,killed,killed
M6b5247d68f37c10f,timeout,timeout,timeout,timeout,timeout,timeout,timeout,timeout
M6b5a7013ddc8e971,killed,killed,killed,killed,killed,killed,killed,killed
M6b64ecff46cb2d99,killed,killed,killed,killed,killed,killed,killed,killed
M6b794c25f7ed6a9f,killed,killed,killed,killed,killed,killed,killed,killed
M6b7e227ff843d98f,killed,killed,killed,killed,killed,killed,killed,killed
M6b8032d96bc30d58,killed,killed,killed,killed,killed,killed,killed,killed
M6b929cfceeb75acd,killed,killed,killed,killed,killed,killed,killed,killed
M6b92a7afb5e34c84,killed,killed,killed,killed,killed,killed,killed,killed
M6b9363767b5264d7,survived,survived,survived,survived,survived,survived,survived,survived
M6b93f8aae1e6b1aa,killed,killed,killed,killed,killed,killed,killed,killed
M6b9f11097817c622,killed,killed,killed,killed,killed,killed,killed,killed
M6ba5434aa96c662f,survived,survived,survived,survived,survived,survived,survived,survived
M6baaa4951f499b8c,killed,killed,killed,killed,killed,killed,killed,killed
M6bbfb14e6493fbfc,survived,survived,survived,survived,survived,survived,survived,survived
M6bd99454f736c333,survived,survived,survived,survived,survived,survived,survived,survived
M6bdee6ae18f1c7d8,killed,killed,killed,killed,killed,killed,killed,killed
M6bfb760e40e482c3,killed,killed,killed,killed,killed,killed,killed,killed
M6bfbe877d2e2d3c8,killed,killed,killed,killed,killed,killed,killed,killed
M6c0c8a994a26bd8f,killed,killed,killed,killed,killed,killed,killed,killed
M6c1318a0aa409d6c,killed,killed,killed,killed,killed,killed,killed,killed
M6c25b50beded9100,killed,killed,killed,killed,killed,killed,killed,killed
M6c296381783b6bb2,killed,killed,killed,killed,killed,killed,killed,killed
M6c2c17f84e5a2cc3,killed,killed,killed,killed,killed,killed,killed,killed
M6c35f6be12d6e613,killed,killed,killed,killed,killed,killed,killed,killed
M6c3b7d4b65ad8982,killed,killed,killed,killed,killed,killed,killed,killed
M6c45ba8646b5f028,no_tests,killed,killed,killed,killed,killed,killed,killed
M6c72dcf06c507646,killed,killed,killed,killed,killed,killed,killed,killed
M6c741de49dd7a569,killed,killed,killed,killed,killed,killed,killed,killed
M6c866eafbac456cd,killed,killed,killed,killed,killed,killed,killed,killed
M6c8b384259069a24,killed,killed,killed,killed,killed,killed,killed,killed
M6c99f1bfeb7cfb7e,killed,killed,killed,killed,killed,killed,killed,killed
M6c9d13e552d6b53c,survived,survived,survived,survived,survived,survived,survived,survived
M6c9efe0f1698f362,killed,killed,killed,killed,killed,killed,killed,killed
M6ca146acac940192,survived,survived,survived,survived,survived,survived,survived,survived
M6ca6fd41c665bcd0,killed,killed,killed,killed,killed,killed,killed,killed
M6caa1c7c44f6e34d,killed,killed,killed,killed,killed,killed,killed,killed
M6cec56fe294b0d49,survived,survived,survived,survived,survived,survived,survived,survived
M6cf0b8f8e5163261,killed,killed,killed,killed,killed,killed,killed,killed
M6d04fd4f527ac4d4,survived,survived,survived,survived,survived,survived,survived,survived
M6d11332ec5c54d3a,survived,survived,survived,survived,survived,survived,survived,survived
M6d2a92191df71a66,killed,killed,killed,killed,killed,killed,killed,killed
M6d3ff21653b57564,survived,survived,survived,survived,survived,survived,survived,survived
M6d454d81701c035c,killed,killed,killed,killed,killed,killed,killed,killed
M6d48572f633654c9,killed,killed,killed,killed,killed,killed,killed,killed
M6d4d55470914f887,survived,survived,survived,survived,survived,survived,survived,survived
M6d5a5964285327b3,survived,survived,survived,survived,survived,survived,survived,survived
M6d70f28ee91aeb72,survived,survived,survived,survived,survived,survived,survived,survived
M6db197d47eea0511,survived,survived,survived,survived,survived,survived,survived,survived
M6dc4b6fc7548f92f,killed,killed,killed,killed,killed,killed,killed,killed
M6dca3d033792899a,survived,survived,survived,survived,survived,survived,survived,survived
M6dd0052554396ea5,killed,killed,killed,killed,killed,killed,killed,killed
M6de4f9b40208196c,timeout,timeout,timeout,timeout,timeout,timeout,timeout,timeout
M6e0aa4bb9a8dc4ac,killed,killed,killed,killed,killed,killed,killed,killed
M6e0e02e7e900b8a9,survived,survived,survived,survived,survived,survived,survived,survived
M6e0f2c3423ec7b72,killed,killed,killed,killed,killed,killed,killed,killed
M6e284a60be42fd3e,killed,killed,killed,timeout,killed,killed,timeout,killed
M6e2e8dbb428f2c0f,killed,killed,killed,killed,killed,killed,killed,killed
M6e31204470c705a6,killed,killed,killed,killed,killed,killed,killed,killed
M6e3efab8a5a1a3cd,killed,killed,killed,killed,killed,killed,killed,killed
M6e47e68f140c571c,killed,killed,killed,killed,killed,killed,killed,killed
M6e4ee3d32f839e30,killed,killed,killed,killed,killed,killed,killed,killed
M6e50cd29d9590fe7,survived,survived,survived,survived,survived,survived,survived,survived
M6e519585b1f487b9,killed,killed,killed,killed,killed,killed,killed,killed
M6e635f9f6055069c,killed,killed,killed,killed,killed,killed,killed,killed
M6e65018a943ab7e2,killed,killed,killed,killed,killed,killed,killed,killed
M6e652695992e6a21,killed,killed,killed,timeout,killed,killed,timeout,killed
M6e6e3c5239804f54,survived,survived,survived,survived,survived,survived,survived,survived
M6e73cf5b54c014b8,survived,survived,survived,survived,survived,survived,survived,survived
M6e79aa0cc4bea09d,survived,survived,survived,survived,survived,survived,survived,survived
M6e7dde8019142dd2,killed,killed,killed,killed,killed,killed,killed,killed
M6e824f6febcc63a0,killed,killed,killed,killed,killed,killed,killed,killed
M6e858e1a512157f4,killed,killed,killed,killed,killed,killed,killed,killed
M6e941503ffa2cb2b,killed,killed,killed,killed,killed,killed,killed,killed
M6eac97212898c2a3,survived,survived,survived,survived,survived,survived,survived,survived
M6ec82d48311cd44b,survived,survived,survived,survived,survived,survived,survived,survived
M6ec843eabd47af6c,killed,killed,killed,killed,killed,killed,killed,killed
M6ec84bdd4372b4e9,survived,survived,survived,survived,survived,survived,survived,survived
M6ec85394982137fd,survived,survived,survived,survived,survived,survived,survived,survived
M6ec8d1e469c08fa6,survived,survived,survived,survived,survived,survived,survived,survived
M6ed780bd8391ef34,killed,killed,killed,killed,killed,killed,killed,killed
M6eded14cc512f88f,timeout,timeout,timeout,timeout,timeout,timeout,timeout,timeout
M6ef9603397f8eff7,survived,survived,survived,survived,survived,survived,survived,survived
M6efa70a346732a55,survived,survived,survived,survived,survived,survived,survived,survived
M6f02425363ab216b,killed,killed,killed,killed,killed,killed,killed,killed
M6f27946bc2d07c7e,killed,killed,killed,killed,killed,killed,killed,killed
M6f29c897726bba2b,killed,killed,killed,killed,killed,killed,killed,killed
M6f3c8bb4cba59d10,killed,killed,killed,killed,killed,killed,killed,killed
M6f5c76d1751720ce,survived,survived,survived,survived,survived,survived,survived,survived
M6f667d9a58a587bb,survived,survived,survived,survived,survived,survived,survived,survived
M6f6bcc635a201dcc,killed,killed,killed,killed,killed,killed,killed,killed
M6f72f738a4ba7f94,survived,survived,survived,survived,survived,survived,survived,survived
M6f9f095b7cd502e1,killed,killed,killed,killed,killed,killed,killed,killed
M6fbced174c5e2a99,survived,survived,survived,survived,survived,survived,survived,survived
M6fc0a46418947f4a,killed,killed,killed,killed,killed,killed,killed,killed
M6fc21f7c2d464e83,no_tests,killed,killed,killed,killed,killed,killed,killed
M6fe23139051be328,killed,killed,killed,killed,killed,killed,killed,killed
M7001481374ff63d0,survived,survived,survived,survived,survived,survived,survived,survived
M7010484b4e6308b7,killed,killed,killed,killed,killed,killed,killed,killed
M7022cb82d67469e3,killed,killed,killed,killed,killed,killed,killed,killed
M702f5145e5fc415d,survived,survived,survived,survived,survived,survived,survived,survived
M7038f520d45468a1,killed,killed,killed,killed,killed,killed,killed,killed
M703f92937c4f58d4,survived,survived,survived,survived,survived,survived,survived,survived
M7043656a8e8c1841,killed,killed,killed,killed,killed,killed,killed,killed
M7052a68408ed867d,killed,killed,killed,killed,killed,killed,killed,killed
M7067cb6d2a2fc5c7,killed,killed,killed,killed,killed,killed,killed,killed
M708757ff97eb5353,killed,killed,killed,killed,killed,killed,killed,killed
M70b10764c5113b29,killed,killed,killed,killed,killed,killed,killed,killed
M70b8e43044acd549,survived,survived,survived,survived,survived,survived,survived,survived
M70cf2d673b7ba9e2,survived,survived,survived,survived,survived,survived,survived,survived
M70d035961fd0559d,killed,killed,killed,killed,killed,killed,killed,killed
M70e1e961a5b77f93,killed,killed,killed,killed,killed,killed,killed,killed
M710159d89f0d49e5,killed,killed,killed,killed,killed,killed,killed,killed
M711160c58c397fc7,survived,survived,survived,survived,survived,survived,survived,survived
M7117b19e445a682a,killed,killed,killed,killed,killed,killed,killed,killed
M711a561a162ea2a4,survived,survived,survived,survived,killed,killed,survived,killed
M712cbdb473ca5c20,killed,killed,killed,killed,killed,killed,killed,killed
M714fbf9043e97a75,killed,killed,killed,killed,killed,killed,killed,killed
M715362e109189da8,killed,killed,killed,killed,killed,killed,killed,killed
M71536c3c5b806f56,survived,survived,survived,survived,survived,survived,survived,survived
M71695c56ef5302b9,killed,killed,killed,killed,killed,killed,killed,killed
M71a284f2e17f33a3,survived,survived,survived,survived,survived,survived,survived,survived
M71e248a912b65607,killed,killed,killed,killed,killed,killed,killed,killed
M7202ec8f683cc1dd,killed,killed,killed,killed,killed,killed,killed,killed
M720ef4db3d32540f,survived,survived,survived,survived,survived,survived,survived,survived
M720fa822007911c5,killed,killed,killed,killed,killed,killed,killed,killed
M721f41025d34802b,killed,killed,killed,killed,killed,killed,killed,killed
M7222b115d9da5cf9,killed,killed,killed,killed,killed,killed,killed,killed
M722e0b9f9f0c689e,killed,killed,killed,killed,killed,killed,killed,killed
M723756bea8307167,killed,killed,killed,killed,killed,killed,killed,killed
M72398a0a8e2620e3,killed,killed,killed,killed,killed,killed,killed,killed
M7248d674bd3a58a9,killed,killed,killed,killed,killed,killed,killed,killed
M724bcde5619f20ac,killed,killed,killed,killed,killed,killed,killed,killed
M72513f8f6d64c562,killed,killed,killed,killed,killed,killed,killed,killed
M7255dd5aba7834f0,no_tests,killed,killed,killed,killed,killed,killed,killed
M726f3de6ef481cc6,survived,survived,survived,survived,survived,survived,survived,survived
M7276d40882a72746,survived,survived,survived,survived,survived,survived,survived,survived
M727b5c5bd53d273d,killed,killed,killed,killed,killed,killed,killed,killed
M728c4b3842f87f05,survived,survived,survived,survived,survived,survived,survived,survived
M72938803a33ceaa3,killed,killed,killed,killed,killed,killed,killed,killed
M72a30fce44b39d5a,killed,killed,killed,killed,killed,killed,killed,killed
M72a5ee645f84dd8e,killed,killed,killed,killed,killed,killed,killed,killed
M72c24b026592af9a,timeout,timeout,timeout,timeout,timeout,timeout,timeout,timeout
M72cbf8e2c383b421,killed,killed,killed,killed,killed,killed,killed,killed
M72db3928a72d4784,survived,survived,survived,survived,survived,survived,survived,survived
M72eb6559ec4484c9,killed,killed,killed,killed,killed,killed,killed,killed
M72ff4b571221ddf3,survived,survived,survived,survived,survived,survived,survived,survived
M73004f1abd46db8a,survived,survived,survived,survived,survived,survived,survived,survived
M730bbb31311eb2bf,timeout,timeout,timeout,timeout,timeout,timeout,timeout,timeout
M731d2e08611d73af,killed,killed,killed,killed,killed,killed,killed,killed
M73211141db0e0d9e,killed,killed,killed,killed,killed,killed,killed,killed
M732a2a4272c1d4fd,killed,killed,killed,killed,killed,killed,killed,killed
M733de8ea798e7db9,killed,killed,killed,killed,killed,killed,killed,killed
M7363006fa66e42a0,survived,survived,survived,survived,survived,survived,survived,survived
M736ca2dd8dc88dec,killed,killed,killed,killed,killed,killed,killed,killed
M737240fe99574c49,killed,killed,killed,killed,killed,killed,killed,killed
M737349f5bd4ab9e4,survived,survived,survived,survived,survived,survived,survived,survived
M73786fb0d428d7c2,killed,killed,killed,killed,killed,killed,killed,killed
M7383e40bcc61f6ad,survived,survived,survived,survived,survived,survived,survived,survived
M7385072afa205d2a,killed,killed,killed,killed,killed,killed,killed,killed
M73888e19fa480b17,timeout,timeout,timeout,timeout,timeout,timeout,timeout,timeout
M738a0063b0ed48ce,killed,killed,killed,killed,killed,killed,killed,killed
M738de7cd4a2d23ee,survived,survived,survived,survived,survived,survived,survived,survived
M73929abc9b904cff,killed,killed,killed,killed,killed,killed,killed,killed
M739d44be1c71c672,killed,killed,killed,killed,killed,killed,killed,killed
M739e2b437a3a81d5,survived,survived,survived,survived,survived,survived,survived,survived
M73a9221600a49008,killed,killed,killed,killed,killed,killed,killed,killed
M73b60fa2f3224e9c,survived,survived,survived,survived,survived,survived,survived,survived
M73c01662d8c9c4c0,survived,survived,survived,survived,survived,survived,survived,survived
M73c07bd86f1c180c,survived,survived,survived,survived,survived,survived,survived,survived
M73c8720a17c7cc75,killed,killed,killed,killed,killed,killed,killed,killed
M73e65c3312b1fd90,survived,survived,survived,survived,survived,survived,survived,survived
M740198bb02eccdb2,survived,survived,survived,survived,survived,survived,survived,survived
M740ef9297fe068aa,killed,killed,killed,killed,killed,killed,killed,killed
M7439c04ea7968bbb,killed,killed,killed,killed,killed,killed,killed,killed
M743b3a8df014b4a0,survived,survived,survived,survived,survived,survived,survived,survived
M743cd795d4e17885,killed,killed,killed,killed,killed,killed,killed,killed
M7446ce43ee51413c,killed,killed,killed,killed,killed,killed,killed,killed
M744f3b2979fdc76e,killed,killed,killed,killed,killed,killed,killed,killed
M74524ce371ee0a74,killed,killed,killed,killed,killed,killed,killed,killed
M7466a3560dd46651,survived,survived,survived,survived,survived,survived,survived,survived
M746a104ede7f6a20,killed,killed,killed,killed,killed,killed,killed,killed
M747143f691df5230,killed,killed,killed,killed,killed,killed,killed,killed
M7480638c78aa12a1,survived,survived,survived,survived,survived,survived,survived,survived
M749a3a12e50391dd,survived,survived,survived,survived,survived,survived,survived,survived
M74a0b7fcca58551c,killed,killed,killed,killed,killed,killed,killed,killed
M74ad6d15dc37841b,survived,survived,survived,survived,survived,survived,survived,survived
M74b1c5b756749ce5,killed,killed,killed,killed,killed,killed,killed,killed
M74ce95cdc0a6bd7c,killed,killed,killed,killed,killed,killed,killed,killed
M74defc864d5d7882,killed,killed,killed,killed,killed,killed,killed,killed
M74eabb84c7e77902,killed,killed,killed,killed,killed,killed,killed,killed
M74eaf4013dd7e6b2,killed,killed,killed,killed,killed,killed,killed,killed
M74f33409cff37056,killed,killed,killed,killed,killed,killed,killed,killed
M75098c3eadecc1c5,killed,killed,killed,killed,killed,killed,killed,killed
M7518b7f50a0a6efb,killed,killed,killed,killed,killed,killed,killed,killed
M752023adef410715,killed,killed,killed,killed,killed,killed,killed,killed
M7537fff7d1354f83,killed,killed,killed,killed,killed,killed,killed,killed
M75438683514bd1f0,survived,survived,survived,survived,survived,survived,survived,survived
M754d38d5b788e8eb,survived,survived,survived,survived,survived,survived,survived,survived
M754ffc8d855f4ff2,killed,killed,killed,killed,killed,killed,killed,killed
M755cc75c0e5668b2,killed,killed,killed,killed,killed,killed,killed,killed
M757200a5b313c16c,killed,killed,killed,killed,killed,killed,killed,killed
M75935794f3f7875f,killed,killed,killed,killed,killed,killed,killed,killed
M7594dd98b7c1474c,killed,killed,killed,killed,killed,killed,killed,killed
M7597d5b8477c1737,survived,survived,survived,survived,survived,survived,survived,survived
M75aa52c9b3b5d208,survived,survived,survived,survived,survived,survived,survived,survived
M75bd33db9ee24032,killed,killed,killed,killed,killed,killed,killed,killed
M75cb6b0175bd9521,killed,killed,killed,killed,killed,killed,killed,killed
M75e9090e4df7088c,killed,killed,killed,killed,killed,killed,killed,killed
M75ec4b97e91ac371,killed,killed,killed,timeout,killed,killed,timeout,killed
M75fce7e5cbf08805,survived,survived,survived,survived,survived,survived,survived,survived
M75ff3653f3dbf45b,killed,killed,killed,killed,killed,killed,killed,killed
M7606c21f5af0046f,survived,survived,survived,survived,survived,survived,survived,survived
M760ed367e4e2b8de,killed,killed,killed,killed,killed,killed,killed,killed
M761bbd94a02661c3,survived,survived,survived,survived,survived,survived,survived,survived
M761e340dd741c64b,survived,survived,survived,survived,survived,survived,survived,survived
M762bab6300bd514b,killed,killed,killed,killed,killed,killed,killed,killed
M762f0c70b5344e21,killed,killed,killed,killed,killed,killed,killed,killed
M7639f7b2e620805c,killed,killed,killed,killed,killed,killed,killed,killed
M763ed0dabf07c952,killed,killed,killed,killed,killed,killed,killed,killed
M764124b41e298ed2,survived,survived,survived,survived,survived,survived,survived,survived
M76471ca4c7df8cd1,survived,survived,survived,survived,survived,survived,survived,survived
M7652d1bbb3cf32d0,killed,killed,killed,killed,killed,killed,killed,killed
M7680e153054c66b4,killed,killed,killed,killed,killed,killed,killed,killed
M768728dd393c6c5d,survived,survived,survived,survived,survived,survived,survived,survived
M768f8f027faf776e,survived,survived,survived,survived,survived,survived,survived,survived
M76a18c4054959ba3,killed,killed,killed,killed,killed,killed,killed,killed
M76a8c277aebaee45,killed,killed,killed,killed,killed,killed,killed,killed
M76c331e74985dcf5,killed,killed,killed,killed,killed,killed,killed,killed
M76c33b38b8c3e006,killed,killed,killed,killed,killed,killed,killed,killed
M76e4dd3c11c2b561,survived,survived,survived,survived,survived,survived,survived,survived
M76f143723b5961f1,killed,killed,killed,survived,killed,killed,survived,killed
M77025df7ae3f0270,survived,survived,survived,survived,survived,survived,survived,survived
M7722f0624207990d,killed,killed,killed,killed,killed,killed,killed,killed
M772336ffa54dcda9,killed,killed,killed,killed,killed,killed,killed,killed
M772dd91bc18d688a,survived,survived,survived,survived,survived,survived,survived,survived
M7734ea27d1ef4237,killed,killed,killed,killed,killed,killed,killed,killed
M775d5ae92eb12a5e,killed,killed,killed,killed,killed,killed,killed,killed
M776a71c60aed6168,survived,survived,survived,survived,survived,survived,survived,survived
M776c08502604bcb7,killed,killed,killed,killed,killed,killed,killed,killed
M776dfa122fc44366,killed,killed,killed,killed,killed,killed,killed,killed
M7770a41c236cf962,killed,killed,killed,killed,killed,killed,killed,killed
M77799fad35085cac,killed,killed,killed,killed,killed,killed,killed,killed
M778c0250258c430d,killed,killed,killed,killed,killed,killed,killed,killed
M77a26e0ec96ea150,killed,killed,killed,killed,killed,killed,killed,killed
M77b41b07c9e6a090,survived,survived,survived,survived,survived,survived,survived,survived
M77b6167deba0f5d9,survived,survived,survived,survived,survived,survived,survived,survived
M77ba7708d9bac407,survived,survived,survived,survived,survived,survived,survived,survived
M77dc1a492ba9a513,survived,survived,survived,survived,survived,survived,survived,survived
M77e6c3b073cbde0f,killed,killed,killed,killed,killed,killed,killed,killed
M77e6de4442fe0a16,killed,killed,killed,killed,killed,killed,killed,killed
M77f1741bb000b0fd,survived,survived,survived,survived,survived,survived,survived,survived
M780055f6aa4e09d8,survived,survived,survived,survived,survived,survived,survived,survived
M780bf0283d582dfe,killed,killed,killed,killed,killed,killed,killed,killed
M781119c22d92ebf3,killed,killed,killed,killed,killed,killed,killed,killed
M7811ddf45b5b7854,survived,survived,survived,survived,survived,survived,survived,survived
M781782402aeb476f,killed,killed,killed,killed,killed,killed,killed,killed
M78247582febfcbac,killed,killed,killed,killed,killed,killed,killed,killed
M783af9a035142d42,killed,killed,killed,killed,killed,killed,killed,killed
M783b03f7d215e154,survived,survived,survived,survived,survived,survived,survived,survived
M783d7414b19a94a1,killed,killed,killed,killed,killed,killed,killed,killed
M784ca511536c38e4,killed,killed,killed,killed,killed,killed,killed,killed
M7859494a9a27758b,survived,survived,survived,survived,survived,survived,survived,survived
M7894b06cd8449b23,killed,killed,killed,killed,killed,killed,killed,killed
M78aaec98569d5404,survived,survived,survived,survived,survived,survived,survived,survived
M78bc14ed5cea1f0e,killed,killed,killed,killed,killed,killed,killed,killed
M78c5be14ef2b7da6,killed,killed,killed,killed,killed,killed,killed,killed
M78c9667207c36e30,killed,killed,killed,killed,killed,killed,killed,killed
M78cba3c992d5c9a2,killed,killed,killed,killed,killed,killed,killed,killed
M78cf0f69bd3c7238,survived,survived,survived,survived,survived,survived,survived,survived
M78e0456cd33faa49,killed,killed,killed,killed,killed,killed,killed,killed
M78e5cb4858764a46,killed,killed,killed,killed,killed,killed,killed,killed
M78facd2a2e0fbe00,killed,killed,killed,killed,killed,killed,killed,killed
M79057a1c7a7ad5a7,killed,killed,killed,killed,killed,killed,killed,killed
M7909e4409374e5a9,killed,killed,killed,killed,killed,killed,killed,killed
M790b829489f4481e,killed,killed,killed,killed,killed,killed,killed,killed
M790ef531723b488d,survived,survived,survived,survived,survived,survived,survived,survived
M79164fe30d39c6d1,survived,survived,survived,survived,survived,survived,survived,survived
M7923f9e4a48db3f3,killed,killed,killed,killed,killed,killed,killed,killed
M7925375e9b043c8e,killed,killed,killed,killed,killed,killed,killed,killed
M79289e82ec19d823,killed,killed,killed,killed,killed,killed,killed,killed
M7935f181132dc5a9,killed,killed,killed,killed,killed,killed,killed,killed
M79418c0e8ca18a98,killed,killed,killed,killed,killed,killed,killed,killed
M79478e66723e0098,killed,killed,killed,killed,killed,killed,killed,killed
M7961c9efa93f7cb3,survived,survived,survived,survived,survived,survived,survived,survived
M7995d9e6db2880c7,survived,survived,survived,survived,survived,survived,survived,survived
M799980a7149f0876,survived,survived,survived,survived,survived,survived,survived,survived
M79bb6084210c4cf8,killed,killed,killed,killed,killed,killed,killed,killed
M79c3f2a7665c1ede,killed,killed,killed,killed,killed,killed,killed,killed
M79d965599afb9e7d,killed,killed,killed,killed,killed,killed,killed,killed
M79dd8e4c170f6fb5,survived,survived,survived,survived,survived,survived,survived,survived
M7a05a8aa289f95e5,killed,killed,killed,killed,killed,killed,killed,killed
M7a1cf59f8e116fa8,survived,survived,survived,survived,survived,survived,survived,survived
M7a22544645190d9a,killed,killed,killed,killed,killed,killed,killed,killed
M7a266ef057a7cdda,killed,killed,killed,killed,killed,killed,killed,killed
M7a3f7a7b0adfd3bf,killed,killed,killed,killed,killed,killed,killed,killed
M7a52a446180fd03d,killed,killed,killed,killed,killed,killed,killed,killed
M7a555d6023c6b307,killed,killed,killed,killed,killed,killed,killed,killed
M7a797ad5c312fc64,survived,survived,survived,survived,survived,survived,survived,survived
M7a82e07a44deb38e,killed,killed,killed,killed,killed,killed,killed,killed
M7a89ef70d23f4a1c,survived,survived,survived,survived,survived,survived,survived,survived
M7a9ebd44baada62f,killed,killed,killed,killed,killed,killed,killed,killed
M7aa70726e7582b0a,killed,killed,killed,killed,killed,killed,killed,killed
M7aa85f6cea588c5c,killed,killed,killed,killed,killed,killed,killed,killed
M7ab3b12f95538dfe,survived,survived,survived,survived,survived,survived,survived,survived
M7ab90a774a2f1ff2,killed,killed,killed,killed,killed,killed,killed,killed
M7abd7bd0705b433a,timeout,timeout,timeout,timeout,timeout,timeout,timeout,timeout
M7abff03be7a442c6,killed,killed,killed,killed,killed,killed,killed,killed
M7ac3594b7ff889ad,killed,killed,killed,killed,killed,killed,killed,killed
M7ac51b81b80d6deb,killed,killed,killed,killed,killed,killed,killed,killed
M7adce276f2b1d901,survived,survived,survived,survived,survived,survived,survived,survived
M7ae585a34e8bb3c9,killed,killed,killed,killed,killed,killed,killed,killed
M7b07084ea5612a26,killed,killed,killed,killed,killed,killed,killed,killed
M7b09bc19e2aec6e9,killed,killed,killed,killed,killed,killed,killed,killed
M7b10ee42713181c6,killed,killed,killed,killed,killed,killed,killed,killed
M7b4f07afbd667b6e,killed,killed,killed,killed,killed,killed,killed,killed
M7b542048a2b751a6,survived,killed,killed,killed,killed,killed,survived,killed
M7b55a8ee57f25ce1,survived,survived,survived,survived,survived,survived,survived,survived
M7b621ad06495fe1b,survived,survived,survived,survived,survived,survived,survived,survived
M7b626c9ecc3dc3c7,killed,killed,killed,killed,killed,killed,killed,killed
M7b6a12825f14378a,killed,killed,killed,killed,killed,killed,killed,killed
M7b764a437c6a13dd,timeout,timeout,timeout,timeout,timeout,timeout,timeout,timeout
M7bae60f531e7ea9a,killed,killed,killed,killed,killed,killed,killed,killed
M7bbf25b50a3fa284,killed,killed,killed,killed,killed,killed,killed,killed
M7bc06b9d8b5dea61,killed,killed,killed,killed,killed,killed,killed,killed
M7bd61a18e645f5e1,killed,killed,killed,killed,killed,killed,killed,killed
M7bd6559a554c0d61,survived,survived,survived,survived,survived,survived,survived,survived
M7be5191561326048,killed,killed,killed,killed,killed,killed,killed,killed
M7bf51fb1a276b597,killed,killed,killed,killed,killed,killed,killed,killed
M7c446e484964253b,survived,survived,survived,survived,survived,survived,survived,survived
M7c56d2de6e237963,killed,killed,killed,killed,killed,killed,killed,killed
M7c6d2a27ad1d078f,killed,killed,killed,killed,killed,killed,killed,killed
M7c892eff37acb783,killed,killed,killed,killed,killed,killed,killed,killed
M7c964593ca15b886,survived,survived,survived,survived,survived,survived,survived,survived
M7c97773ce7baabfe,killed,killed,killed,killed,killed,killed,killed,killed
M7c9a41793eb95f78,killed,killed,killed,killed,killed,killed,killed,killed
M7c9c909d4c93716d,survived,survived,survived,survived,survived,survived,survived,survived
M7cb0c2abdb96f671,survived,survived,survived,survived,survived,survived,survived,survived
M7cc6debf6649ce3f,killed,killed,killed,killed,killed,killed,killed,killed
M7ccc134938d0cdfd,killed,killed,killed,killed,killed,killed,killed,killed
M7ccdc3c242a12cd0,killed,killed,killed,killed,killed,killed,killed,killed
M7cd707d8fa19a333,killed,killed,killed,killed,killed,killed,killed,killed
M7cd8f91f51ca0593,killed,killed,killed,killed,killed,killed,killed,killed
M7cdc26be9f9ddc26,survived,survived,survived,survived,survived,survived,survived,survived
M7cf63249ac5f2903,killed,killed,killed,killed,killed,killed,killed,killed
M7d05bf875877e41e,survived,survived,survived,survived,survived,survived,survived,survived
M7d06fd2380e3e0f3,killed,killed,killed,killed,killed,killed,killed,killed
M7d08c1be5b41618f,killed,killed,killed,killed,killed,killed,killed,killed
M7d10dca77d5b8477,killed,killed,killed,killed,killed,killed,killed,killed
M7d141e5426d9a40d,survived,survived,survived,survived,survived,survived,survived,survived
M7d15757c3b9c67e0,killed,killed,killed,killed,killed,killed,killed,killed
M7d5b6b3297390b36,killed,killed,killed,killed,killed,killed,killed,killed
M7d5c570786464b5a,killed,killed,killed,killed,killed,killed,killed,killed
M7d5f423d6310b272,killed,killed,killed,killed,killed,killed,killed,killed
M7d62259f426a941c,killed,killed,killed,killed,killed,killed,killed,killed
M7d7135ffd98e0a0f,killed,killed,killed,killed,killed,killed,killed,killed
M7d99418a86c9be1d,timeout,timeout,timeout,timeout,timeout,timeout,timeout,timeout
M7dc52ba392c754c8,killed,killed,killed,killed,killed,killed,killed,killed
M7dc67092f831ec73,survived,survived,survived,survived,survived,survived,survived,survived
M7dfe393f9a31d9d9,killed,killed,killed,killed,killed,killed,killed,killed
M7e04294a80f6f340,survived,survived,survived,survived,survived,survived,survived,survived
M7e04624072655251,killed,killed,killed,killed,killed,killed,killed,killed
M7e3f1f09c8498fde,survived,survived,survived,survived,survived,survived,survived,survived
M7e5950e2d89da7fc,killed,killed,killed,killed,killed,killed,killed,killed
M7e5f5bb315b14fb3,survived,survived,survived,survived,survived,survived,survived,survived
M7e63953146274181,killed,killed,killed,killed,killed,killed,killed,killed
M7e71c0cda63027a6,survived,survived,survived,survived,survived,survived,survived,survived
M7e902858007d52e0,survived,survived,survived,survived,survived,survived,survived,survived
M7e9d043d2f03614a,killed,killed,killed,killed,killed,killed,killed,killed
M7ebd63b04bbfe8cf,killed,killed,killed,killed,killed,killed,killed,killed
M7ecd3f1543d89a29,killed,killed,killed,killed,killed,killed,killed,killed
M7ee392356bf2d25b,killed,killed,killed,survived,survived,survived,killed,killed
M7ef1594d930693a4,survived,survived,survived,survived,survived,survived,survived,survived
M7ef402e48c3c388c,killed,killed,killed,killed,killed,killed,killed,killed
M7f041ad9dc6f6646,survived,survived,survived,survived,survived,survived,survived,survived
M7f06270450f5ee52,killed,killed,killed,killed,killed,killed,killed,killed
M7f0886161ae909e5,killed,killed,killed,killed,killed,killed,killed,killed
M7f0aee58760f08c3,survived,survived,survived,survived,survived,survived,survived,survived
M7f1c6a095726af38,timeout,timeout,timeout,timeout,timeout,timeout,timeout,timeout
M7f2fe157234b3049,killed,killed,killed,killed,killed,killed,killed,killed
M7f40c49112e741d2,survived,survived,survived,survived,survived,survived,survived,survived
M7f43bdece2c49f37,killed,killed,killed,killed,killed,killed,killed,killed
M7f6153d2b6e11ee1,killed,killed,killed,killed,killed,killed,killed,killed
M7f7c1192d1d7e8d9,survived,survived,survived,survived,survived,survived,survived,survived
M7f865b482b2ff2bc,killed,killed,killed,killed,killed,killed,killed,killed
M7f910f0d4d7e2f83,killed,killed,killed,killed,killed,killed,killed,killed
M7fb8952917949dc3,no_tests,killed,killed,killed,killed,killed,killed,killed
M7fdef1ea2326a9b1,killed,killed,killed,killed,killed,killed,killed,killed
M7fdf33c7674a687d,killed,killed,killed,killed,killed,killed,killed,killed
M7fe58a1261fb288e,killed,killed,killed,killed,killed,killed,killed,killed
M7fe9550325d91f85,survived,survived,survived,survived,survived,survived,survived,survived
M7ffd831e40cc6755,killed,killed,killed,killed,killed,killed,killed,killed
M7ffeb448f3f527cc,killed,killed,killed,killed,killed,killed,killed,killed
M8005ea10bdc08aad,killed,killed,killed,killed,killed,killed,killed,killed
M801d09e9f1a6a196,killed,killed,killed,killed,killed,killed,killed,killed
M80256f75b665c496,killed,killed,killed,killed,killed,killed,killed,killed
M8034e54b3bee1a8e,killed,killed,killed,killed,killed,killed,killed,killed
M8035ef4f93f5c676,killed,killed,killed,killed,killed,killed,killed,killed
M8038c38ef3f822fe,killed,killed,killed,killed,killed,killed,killed,killed
M8039463169182632,killed,killed,killed,killed,killed,killed,killed,killed
M805beffdcdd1e5dd,killed,killed,killed,killed,killed,killed,killed,killed
M806104962e6fe839,killed,killed,killed,killed,killed,killed,killed,killed
M8071aff3c82b8415,survived,survived,survived,survived,survived,survived,survived,survived
M807663a5bb5fff19,survived,survived,survived,survived,survived,survived,survived,survived
M807a73728c3fcabb,killed,killed,killed,killed,killed,killed,killed,killed
M8094defa8bc0e1c5,killed,killed,killed,killed,killed,killed,killed,killed
M80957aca4a71535a,survived,survived,survived,survived,survived,survived,survived,survived
M809aa57bb7299d76,killed,killed,killed,killed,killed,killed,killed,killed
M80b639a11c9b8d0e,killed,killed,killed,killed,killed,killed,killed,killed
M80bb9eed35fc2a9d,killed,killed,killed,killed,killed,killed,killed,killed
M81065f907f6186e6,killed,killed,killed,killed,killed,killed,killed,killed
M8115148877633aa4,killed,killed,killed,killed,killed,killed,killed,killed
M8123f2a7eab27298,killed,killed,killed,killed,killed,killed,killed,killed
M812636c536e4cc35,killed,killed,killed,killed,killed,killed,killed,killed
M8126dce45a7e4b47,survived,survived,survived,survived,survived,survived,survived,survived
M81460ee23ffcd7d0,killed,killed,killed,timeout,killed,killed,timeout,killed
M8147c9f1ac1c5030,killed,killed,killed,killed,killed,killed,killed,killed
M8155419067f93871,killed,killed,killed,killed,killed,killed,killed,killed
M815c6c570477f81f,killed,killed,killed,killed,killed,killed,killed,killed
M8160ea356187d806,killed,killed,killed,killed,killed,killed,killed,killed
M8163469fa3ec7787,killed,killed,killed,killed,killed,killed,killed,killed
M816c69f745b8f716,killed,killed,killed,killed,killed,killed,killed,killed
M816f09969e4f5e76,killed,killed,killed,killed,killed,killed,killed,killed
M8177ef1b30286a9f,killed,killed,killed,killed,killed,killed,killed,killed
M817f817d870caf7a,killed,killed,killed,killed,killed,killed,killed,killed
M81891b6ecfb51dff,killed,killed,killed,killed,killed,killed,killed,killed
M818cbb5edef32c82,killed,killed,killed,killed,killed,killed,killed,killed
M8194d7452b368164,survived,survived,survived,survived,survived,survived,survived,survived
M81a24b106191be6f,killed,killed,killed,killed,killed,killed,killed,killed
M81a3c2a5404ad3b1,killed,killed,killed,killed,killed,killed,killed,killed
M81a87c129519623e,killed,killed,killed,killed,killed,killed,killed,killed
M81ad00b604834da7,killed,killed,killed,killed,killed,killed,killed,killed
M81bdba02e755f18b,killed,killed,killed,killed,killed,killed,killed,killed
M81cf9348c1f411a1,killed,killed,killed,killed,killed,killed,killed,killed
M81cf9f5e85806649,killed,killed,killed,killed,killed,killed,killed,killed
M81de36fb1536a035,survived,survived,survived,survived,survived,survived,survived,survived
M81f2160f1da9c5c8,killed,killed,killed,killed,killed,killed,killed,killed
M81f614eef910687f,killed,killed,killed,killed,killed,killed,killed,killed
M81f8850c015038a2,killed,killed,killed,killed,killed,killed,killed,killed
M81fe8f925f1627c5,killed,killed,killed,killed,killed,killed,killed,killed
M820d6e115e47b49b,killed,killed,killed,killed,killed,killed,killed,killed
M8218053a275ac806,killed,killed,killed,killed,killed,killed,killed,killed
M8219330a18318414,killed,killed,killed,killed,killed,killed,killed,killed
M821f1c526ddf145d,killed,killed,killed,killed,killed,killed,killed,killed
M822f5053de43581c,killed,killed,killed,killed,killed,killed,killed,killed
M823bfa65c48efea6,killed,killed,killed,killed,killed,killed,killed,killed
M824170cc9405760a,survived,survived,survived,survived,survived,survived,survived,survived
M824ab7b16629d8eb,killed,killed,killed,killed,killed,killed,killed,killed
M8253ad9a0c8e05d6,killed,killed,killed,killed,killed,killed,killed,killed
M825ec398e5206296,killed,killed,killed,killed,killed,killed,killed,killed
M825fb11b993961ce,killed,killed,killed,killed,killed,killed,killed,killed
M8278d4ff9f5f6c2a,killed,killed,killed,killed,killed,killed,killed,killed
M827d6a82b61169be,survived,survived,survived,survived,survived,survived,survived,survived
M827d9b018d619f10,killed,killed,killed,killed,killed,killed,killed,killed
M82865fdfd001963a,survived,survived,survived,survived,survived,survived,survived,survived
M8297005dc7d78cc1,killed,killed,killed,killed,killed,killed,killed,killed
M82a539a2fbb639a4,killed,killed,killed,killed,killed,killed,killed,killed
M82e66f713ea540c2,killed,killed,killed,killed,killed,killed,killed,killed
M82ea04d584c03c8c,killed,killed,killed,killed,killed,killed,killed,killed
M82f24cd5a76672d0,survived,survived,survived,survived,survived,survived,survived,survived
M83162f71316f22e1,survived,survived,survived,survived,survived,survived,survived,survived
M831b37fc172b6064,killed,killed,killed,killed,killed,killed,killed,killed
M831c5368bc58d509,killed,killed,killed,killed,killed,killed,killed,killed
M832cd1cd12bc7a8c,survived,survived,survived,survived,survived,survived,survived,survived
M832ed2876375d2a7,killed,killed,killed,killed,killed,killed,killed,killed
M8330f8bc7b0b1804,survived,survived,survived,survived,survived,survived,survived,survived
M833b51f3bc7e6d53,survived,survived,survived,survived,survived,survived,survived,survived
M8346d33edf3a03ff,killed,killed,killed,killed,killed,killed,killed,killed
M834da6cb30567222,killed,killed,killed,killed,killed,killed,killed,killed
M834dad758518f9a5,killed,killed,killed,killed,killed,killed,killed,killed
M83631443c6739a7d,killed,killed,killed,killed,killed,killed,killed,killed
M83635bbfcf1b8207,killed,killed,killed,killed,killed,killed,killed,killed
M8369b63114cdbb10,killed,killed,killed,killed,killed,killed,killed,killed
M837a14ed6df97ec6,killed,killed,killed,killed,killed,killed,killed,killed
M83936b6dfbc07f44,killed,killed,killed,killed,killed,killed,killed,killed
M83b22dd27ea592ef,timeout,timeout,timeout,timeout,timeout,timeout,timeout,timeout
M83b87c79146fbe3b,killed,killed,killed,killed,killed,killed,killed,killed
M83ba8e4d5838b0d2,killed,killed,killed,killed,killed,killed,killed,killed
M83c196d5060464d7,killed,killed,killed,killed,killed,killed,killed,killed
M83cceb9b735e6f2a,killed,killed,killed,killed,killed,killed,killed,killed
M83cd29cb76ab4d58,killed,killed,killed,killed,killed,killed,killed,killed
M83cf531c40ba908f,killed,killed,killed,killed,killed,killed,killed,killed
M83e1886e71e15d2c,survived,survived,survived,survived,survived,survived,survived,survived
M840bd32d5f5533b2,killed,killed,killed,killed,killed,killed,killed,killed
M840e3160371fff0c,killed,killed,killed,killed,killed,killed,killed,killed
M841756216994f52b,survived,survived,survived,survived,survived,survived,survived,survived
M841d303fc4f41eba,timeout,timeout,timeout,timeout,timeout,timeout,timeout,timeout
M842e4b49f0cd14a0,killed,killed,killed,killed,killed,killed,killed,killed
M84398617ddf10ec3,killed,killed,killed,killed,killed,killed,killed,killed
M843ef90d01ed3bdc,killed,killed,killed,killed,killed,killed,killed,killed
M8449d2d52cd9292d,killed,killed,killed,killed,killed,killed,killed,killed
M844c2b68230bbf77,killed,killed,killed,killed,killed,killed,killed,killed
M845b024a2f07baf9,killed,killed,killed,killed,killed,killed,killed,killed
M84630c58f2d760ab,killed,killed,killed,killed,killed,killed,killed,killed
M8463632df1b198f9,killed,killed,killed,killed,killed,killed,killed,killed
M8475b7d081f75638,killed,killed,killed,killed,killed,killed,killed,killed
M849dcc8d3ac60c9f,survived,survived,survived,survived,survived,survived,survived,survived
M849ef1327f8c7633,survived,killed,killed,killed,killed,killed,survived,killed
M84a348744d687a33,killed,killed,killed,killed,killed,killed,killed,killed
M84b942f73989dde8,killed,killed,killed,killed,killed,killed,killed,killed
M84b9ccf55c0a4b57,killed,killed,killed,killed,killed,killed,killed,killed
M84d71ce82a535d91,survived,survived,survived,survived,survived,survived,survived,survived
M84e0838745ee6871,survived,survived,survived,survived,survived,survived,survived,survived
M84e2a3c7d7c0aa3f,survived,survived,survived,survived,survived,survived,survived,survived
M84fc4c1ac1bb4236,survived,survived,survived,survived,survived,survived,survived,survived
M8502271f758cc578,killed,killed,killed,killed,killed,killed,killed,killed
M853b6b6d7cb4c24f,killed,killed,killed,killed,killed,killed,killed,killed
M853db664cf09f3be,survived,survived,survived,survived,survived,survived,survived,survived
M85402b35706e9776,killed,killed,killed,killed,killed,killed,killed,killed
M8563568554d0a2f4,killed,killed,killed,killed,killed,killed,killed,killed
M85812b7e95e365a3,killed,killed,killed,killed,killed,killed,killed,killed
M858980deb5847b4e,killed,killed,killed,killed,killed,killed,killed,killed
M858c60111dbb37f1,killed,killed,killed,killed,killed,killed,killed,killed
M858f5c038fe98aaf,survived,survived,survived,survived,survived,survived,survived,survived
M859b3c97edf5f403,killed,killed,killed,killed,killed,killed,killed,killed
M85a06c4d7858e9a3,survived,survived,survived,survived,survived,survived,survived,survived
M85a4ea73b8685d1d,killed,killed,killed,killed,killed,killed,killed,killed
M85a4ebc2a3a2a844,killed,killed,killed,killed,killed,killed,killed,killed
M85a9a58b9786d78d,survived,survived,survived,survived,survived,survived,survived,survived
M85ad70e1bf41e60f,killed,killed,killed,killed,killed,killed,killed,killed
M85bb53c2f5feff3c,killed,killed,killed,killed,killed,killed,killed,killed
M85bbb5c664b1630b,survived,survived,survived,survived,survived,survived,survived,survived
M85bf65ece8472e3a,killed,killed,killed,killed,killed,killed,killed,killed
M85c196706b759773,killed,killed,killed,killed,killed,killed,killed,killed
M85c58ff8b2a6c6b9,survived,survived,survived,survived,survived,survived,survived,survived
M85c6d1f4307f9075,killed,killed,killed,killed,killed,killed,killed,killed
M85d4523c6cdca217,killed,killed,killed,killed,killed,killed,killed,killed
M85dbf00e6e60434d,killed,killed,killed,killed,killed,killed,killed,killed
M85de10b9d43814bb,survived,survived,survived,survived,survived,survived,survived,survived
M85e2a7af362b4571,killed,killed,killed,killed,killed,killed,killed,killed
M85e873e2057e30ca,survived,survived,survived,survived,survived,survived,survived,survived
M85f37f99446e1cc1,survived,survived,survived,survived,survived,survived,survived,survived
M85face6dde8d7d5d,survived,survived,survived,survived,survived,survived,survived,survived
M86154c4ad78e7f4c,killed,killed,killed,killed,killed,killed,killed,killed
M8619e9376741dc2d,survived,survived,survived,survived,survived,survived,survived,survived
M861cfdb9f17f3cd4,survived,survived,survived,survived,survived,survived,survived,survived
M8620c0ee3e056784,killed,killed,killed,killed,killed,killed,killed,killed
M863a2b084916a0d1,survived,survived,survived,survived,survived,survived,survived,survived
M86413ea0a48fda83,killed,killed,killed,killed,killed,killed,killed,killed
M86429d28ecae25d1,survived,survived,survived,survived,survived,survived,survived,survived
M8651eb31d0ea13f9,killed,killed,killed,killed,killed,killed,killed,killed
M865c8e429ea480a5,killed,killed,killed,killed,killed,killed,killed,killed
M866f72c528e1322d,killed,killed,killed,killed,killed,killed,killed,killed
M86a5ff45c29c8179,killed,killed,killed,killed,killed,killed,killed,killed
M86cfb25a75394f48,killed,killed,killed,killed,killed,killed,killed,killed
M86d103918ee59e93,survived,survived,survived,survived,survived,survived,survived,survived
M86e5de01af425d35,killed,killed,killed,killed,killed,killed,killed,killed
M86f755eb8efaaca0,killed,killed,killed,killed,killed,killed,killed,killed
M86fbf333f128cb02,killed,killed,killed,killed,killed,killed,killed,killed
M8703d90743ffecc0,killed,killed,killed,killed,killed,killed,killed,killed
M8711ca1286a68435,survived,survived,survived,survived,survived,survived,survived,survived
M871b3ef793a98ed0,killed,killed,killed,killed,killed,killed,killed,killed
M8731697d023e034f,killed,killed,killed,killed,killed,killed,killed,killed
M874deb5c48ad0bc3,timeout,timeout,timeout,timeout,timeout,timeout,timeout,timeout
M875a26aeedf4ddba,survived,survived,survived,survived,survived,survived,survived,survived
M877273202900fd0b,killed,killed,killed,killed,killed,killed,killed,killed
M8772d480c8dfb153,survived,survived,survived,survived,survived,survived,survived,survived
M877ed658e77cef48,killed,killed,killed,killed,killed,killed,killed,killed
M8792926905f888e9,survived,survived,survived,survived,survived,survived,survived,survived
M8797a98cf24954eb,killed,killed,killed,killed,killed,killed,killed,killed
M8798c2cd71bdd306,killed,killed,killed,killed,killed,killed,killed,killed
M879dbb15f635e35d,killed,killed,killed,killed,killed,killed,killed,killed
M87a8fb3f7aeac7de,killed,killed,killed,killed,killed,killed,killed,killed
M87c577a10218fb28,killed,killed,killed,killed,killed,killed,killed,killed
M87d6e58c0d6fed3d,killed,killed,killed,killed,killed,killed,killed,killed
M87eb4625c98cc0ec,survived,survived,survived,survived,survived,survived,survived,survived
M87f78b28ccd11be3,killed,killed,killed,killed,killed,killed,killed,killed
M87f97fb84cb35f59,killed,killed,killed,killed,killed,killed,killed,killed
M88158a8c449c168c,killed,killed,killed,killed,killed,killed,killed,killed
M881d1d3db89f0288,survived,survived,survived,survived,survived,survived,survived,survived
M881d4d6e6cd29524,killed,killed,killed,killed,killed,killed,killed,killed
M8820d797d5a6815b,killed,killed,killed,killed,killed,killed,killed,killed
M88211803758d149b,killed,killed,killed,killed,killed,killed,killed,killed
M882757f7abc3f710,killed,killed,killed,killed,killed,killed,killed,killed
M8833d8e27d81bf6c,killed,killed,killed,killed,killed,killed,killed,killed
M8836089488a1d957,survived,survived,survived,survived,survived,survived,survived,survived
M8843701576d33988,killed,killed,killed,killed,killed,killed,killed,killed
M8845a2e8795f618b,killed,killed,killed,killed,killed,killed,killed,killed
M885883a9954b596c,killed,killed,killed,killed,killed,killed,killed,killed
M885b4714f8ae01ed,killed,killed,killed,killed,killed,killed,killed,killed
M887fc7bc30200cc8,killed,killed,killed,killed,killed,killed,killed,killed
M888533b448df8b33,survived,survived,survived,survived,survived,survived,survived,survived
M888993de8d13e7f2,killed,killed,killed,killed,killed,killed,killed,killed
M889aa2901e195003,killed,killed,killed,killed,killed,killed,killed,killed
M88aa32b1dfd68442,killed,killed,killed,killed,killed,killed,killed,killed
M88acb82b79694ca3,killed,killed,killed,killed,killed,killed,killed,killed
M88b06955099ebcde,killed,killed,killed,killed,killed,killed,killed,killed
M88b4eb20beee1e39,survived,survived,survived,survived,survived,survived,survived,survived
M88bfccae8e44c04c,killed,killed,killed,killed,killed,killed,killed,killed
M88c4eca85cb5dc37,survived,survived,survived,survived,survived,survived,survived,survived
M88d1a569808ebae5,killed,killed,killed,killed,killed,killed,killed,killed
M88d5fe7b6ae6bad5,survived,survived,survived,survived,survived,survived,survived,survived
M8909edcd74b565d4,survived,survived,survived,survived,survived,survived,survived,survived
M8911e7c040a0a3a2,killed,killed,killed,killed,killed,killed,killed,killed
M892b29028ae23206,no_tests,killed,killed,killed,killed,killed,killed,killed
M89522eb5cf64c8ef,survived,survived,survived,survived,survived,survived,survived,survived
M89523cc7cec5343c,survived,survived,survived,survived,survived,survived,survived,survived
M89533f4e5ab3708d,killed,killed,killed,killed,killed,killed,killed,killed
M8971ad1cfe105fe6,survived,survived,survived,survived,survived,survived,survived,survived
M89b081b60eafd14c,killed,killed,killed,killed,killed,killed,killed,killed
M89baf1655345b157,killed,killed,killed,killed,killed,killed,killed,killed
M89bc4862b8694a65,killed,killed,killed,killed,killed,killed,killed,killed
M89df519ec71e278b,killed,killed,killed,killed,killed,killed,killed,killed
M89e092abca22a579,killed,killed,killed,killed,killed,killed,killed,killed
M89e6242ab5af1c96,killed,killed,killed,killed,killed,killed,killed,killed
M89e902ad6f9572b8,killed,killed,killed,killed,killed,killed,killed,killed
M89f74fc5ecee0d6d,survived,survived,survived,survived,survived,survived,survived,survived
M89f8bf7d117dbec9,survived,survived,survived,survived,survived,survived,survived,survived
M89fd739675e401b2,survived,survived,survived,survived,survived,survived,survived,survived
M8a09f8c526d2bbfd,killed,killed,killed,killed,killed,killed,killed,killed
M8a15d67181afab90,killed,killed,killed,killed,killed,killed,killed,killed
M8a16c6f285f5cda2,survived,survived,survived,survived,survived,survived,survived,survived
M8a1b1cec9e3aaa9f,killed,killed,killed,killed,killed,killed,killed,killed
M8a20315043147ac5,survived,survived,survived,survived,survived,survived,survived,survived
M8a3100a419a4c5df,killed,killed,killed,killed,killed,killed,killed,killed
M8a361318cdb4f727,timeout,timeout,timeout,timeout,timeout,timeout,timeout,timeout
M8a3ab1981f1a3db7,killed,killed,killed,killed,killed,killed,killed,killed
M8a42a669e25d74ae,killed,killed,killed,killed,killed,killed,killed,killed
M8a471d83c46d64e6,survived,survived,survived,survived,survived,survived,survived,survived
M8a626c6b3b546b98,killed,killed,killed,killed,killed,killed,killed,killed
M8a63fb0c8a7dc294,killed,killed,killed,killed,killed,killed,killed,killed
M8a7af1956421edef,survived,survived,survived,survived,survived,survived,survived,survived
M8a85034917f0fe33,killed,killed,killed,killed,killed,killed,killed,killed
M8a8b2bdd34c355de,killed,killed,killed,survived,killed,killed,survived,killed
M8a8cf54cd5fe90b3,killed,killed,killed,killed,killed,killed,killed,killed
M8a9e056adc64e25a,killed,killed,killed,killed,killed,killed,killed,killed
M8aa5d50f92725e10,timeout,killed,killed,timeout,killed,killed,timeout,killed
M8aaf4ef396965622,killed,killed,killed,killed,killed,killed,killed,killed
M8ab31f6996172295,survived,survived,killed,survived,survived,survived,survived,survived
M8acb54a32549441f,killed,killed,killed,killed,killed,killed,killed,killed
M8ad0faf3df13068e,survived,survived,survived,survived,survived,survived,survived,survived
M8ad3fa98c0d8b643,killed,killed,killed,killed,killed,killed,killed,killed
M8ae3bb233da77bcf,killed,killed,killed,killed,killed,killed,killed,killed
M8ae806cb14227c9d,killed,killed,killed,killed,killed,killed,killed,killed
M8af00b7fba7661bf,killed,killed,killed,killed,killed,killed,killed,killed
M8af285b2b91a4e86,timeout,timeout,timeout,timeout,timeout,timeout,timeout,timeout
M8af2944e6a74362f,survived,survived,survived,survived,survived,survived,survived,survived
M8b1f4fb5c94f6a63,survived,survived,survived,survived,survived,survived,survived,survived
M8b2d85143266e761,survived,survived,survived,survived,survived,survived,survived,survived
M8b38cea05ed22488,survived,survived,survived,survived,survived,survived,survived,survived
M8b3ec0d5ec2f58c1,killed,killed,killed,killed,killed,killed,killed,killed
M8b46419415a872c3,killed,killed,killed,killed,killed,killed,killed,killed
M8b4c5f184ec78cbe,killed,killed,killed,killed,killed,killed,killed,killed
M8b767a7d3361bf56,survived,survived,survived,survived,survived,survived,survived,survived
M8b93c00028e441e0,survived,survived,survived,survived,survived,survived,survived,survived
M8b9ab1328d0f8ce5,killed,killed,killed,killed,killed,killed,killed,killed
M8baf59c814725487,killed,killed,killed,killed,killed,killed,killed,killed
M8bb960d0bd51787b,killed,killed,killed,killed,killed,killed,killed,killed
M8bdd616375e5d5e1,survived,survived,survived,survived,survived,survived,survived,survived
M8be3763b0905a80a,killed,killed,killed,killed,killed,killed,killed,killed
M8be4f00dfe675ad4,survived,survived,survived,survived,survived,survived,survived,survived
M8c1ae5d1c88c7972,survived,survived,survived,survived,survived,survived,survived,survived
M8c2f32ab8929a9a6,killed,killed,killed,killed,killed,killed,killed,killed
M8c48d1d6f79d82ea,survived,survived,survived,survived,survived,survived,survived,survived
M8c6298528250d603,survived,survived,survived,survived,survived,survived,survived,survived
M8c6e3725ad70d665,survived,survived,survived,survived,survived,survived,survived,survived
M8c714c0bd932ed2d,no_tests,no_tests,no_tests,no_tests,no_tests,no_tests,no_tests,no_tests
M8c80d70a18c92cd3,killed,killed,killed,killed,killed,killed,killed,killed
M8c8443540205fd19,survived,survived,survived,survived,survived,survived,survived,survived
M8c8892f3d6dd6c17,survived,survived,survived,survived,survived,survived,survived,survived
M8c8b44f468d2b523,survived,survived,survived,survived,survived,survived,survived,survived
M8c8c40df76c5f7e1,survived,survived,survived,survived,survived,survived,survived,survived
M8c907905b39310cf,killed,killed,killed,killed,killed,killed,killed,killed
M8c9492502ab10a1a,killed,killed,killed,killed,killed,killed,killed,killed
M8c9887bbd74eacf5,killed,killed,killed,killed,killed,killed,killed,killed
M8cb8ef94405dd394,killed,killed,killed,killed,killed,killed,killed,killed
M8cbe161c81aee3fe,killed,killed,killed,killed,killed,killed,killed,killed
M8cd3e54ef9881cad,killed,killed,killed,killed,killed,killed,killed,killed
M8cea414892a7b9c9,killed,killed,killed,killed,killed,killed,killed,killed
M8cf90a9e21dd7d90,killed,killed,killed,killed,killed,killed,killed,killed
M8d04586d3be66358,killed,killed,killed,killed,killed,killed,killed,killed
M8d048e8d42ee46d4,killed,killed,killed,killed,killed,killed,killed,killed
M8d0a51dd5dd6a523,killed,killed,killed,killed,killed,killed,killed,killed
M8d0a766fb98f1d4e,killed,killed,killed,killed,killed,killed,killed,killed
M8d1b39ecb12dc5c4,timeout,timeout,timeout,timeout,timeout,timeout,timeout,timeout
M8d24bf4403b2bbe8,killed,killed,killed,killed,killed,killed,killed,killed
M8d329410728e02f6,survived,survived,survived,survived,survived,survived,survived,survived
M8d3307e537b38486,killed,killed,killed,killed,killed,killed,killed,killed
M8d3a7c8c597bc333,killed,killed,killed,killed,killed,killed,killed,killed
M8d4280652b2090f7,killed,killed,killed,killed,killed,killed,killed,killed
M8d63d74b4524b24d,survived,survived,survived,survived,survived,survived,survived,survived
M8d7ada8610690271,killed,killed,killed,killed,killed,killed,killed,killed
M8d82cc12254066d3,survived,survived,survived,survived,survived,survived,survived,survived
M8d90a688993c76b3,killed,killed,killed,killed,killed,killed,killed,killed
M8d925a5422705108,killed,killed,killed,killed,killed,killed,killed,killed
M8d9923b2497f8b47,survived,survived,survived,survived,survived,survived,survived,survived
M8dbc67baf76f24a7,survived,survived,survived,survived,survived,survived,survived,survived
M8dbdf0f7695a7a7c,timeout,timeout,timeout,timeout,timeout,timeout,timeout,timeout
M8dc3ea05cd5fb0e1,killed,killed,killed,killed,killed,killed,killed,killed
M8dc6efb5b486b464,killed,killed,killed,killed,killed,killed,killed,killed
M8dd98b4ad433e97c,survived,survived,survived,survived,survived,survived,survived,survived
M8de347098bc6e9b8,survived,survived,survived,survived,survived,survived,survived,survived
M8de51c874de96116,killed,killed,killed,killed,killed,killed,killed,killed
M8def8ebadd189c11,killed,killed,killed,killed,killed,killed,killed,killed
M8dfb10b1a59b7ea4,survived,survived,survived,survived,survived,survived,survived,survived
M8dfdedcfec08c9cd,timeout,timeout,timeout,timeout,timeout,timeout,timeout,timeout
M8e0012693d47c98b,survived,survived,survived,survived,survived,survived,survived,survived
M8e0a82218491aa86,killed,killed,killed,killed,killed,killed,killed,killed
M8e1d633c44022c45,killed,killed,killed,killed,killed,killed,killed,killed
M8e201d5d38f88da8,killed,killed,killed,killed,killed,killed,killed,killed
M8e3b329760c52abd,killed,killed,killed,killed,killed,killed,killed,killed
M8e3ef8bba11d8b75,killed,killed,killed,killed,killed,killed,killed,killed
M8e55fd2d2f1e1691,killed,killed,killed,killed,killed,killed,killed,killed
M8e695ed66393c43d,killed,killed,killed,killed,killed,killed,killed,killed
M8e9324560934edcd,killed,killed,killed,killed,killed,killed,killed,killed
M8e9c27cf647873bc,survived,survived,survived,survived,survived,survived,survived,survived
M8eb636ad98b8795e,survived,survived,survived,survived,survived,survived,survived,survived
M8ee17e7a40a77d9d,killed,killed,killed,killed,killed,killed,killed,killed
M8ee34d8452bc5a1b,killed,killed,killed,killed,killed,killed,killed,killed
M8f15104accaecb76,killed,killed,killed,killed,killed,killed,killed,killed
M8f1a36d63b6bc85c,killed,killed,killed,killed,killed,killed,killed,killed
M8f1e17c686ddbc9b,killed,killed,killed,killed,killed,killed,killed,killed
M8f23cddb10d1717d,survived,survived,survived,survived,survived,survived,survived,survived
M8f24326ba30fca9c,killed,killed,killed,killed,killed,killed,killed,killed
M8f2c54d28c3223ca,killed,killed,killed,killed,killed,killed,killed,killed
M8f396e7f3a6aab3b,survived,survived,survived,survived,survived,survived,survived,survived
M8f3b59d86676342c,survived,survived,survived,survived,survived,survived,survived,survived
M8f49430c05f486f5,survived,survived,survived,survived,survived,survived,survived,survived
M8f5e9915643e252e,killed,killed,killed,killed,killed,killed,killed,killed
M8f7072c4d9eb35be,killed,killed,killed,killed,killed,killed,killed,killed
M8f919e73d64a1b33,killed,killed,killed,killed,killed,killed,killed,killed
M8f9e3dec08f255c9,survived,survived,survived,survived,survived,survived,survived,survived
M8fa05e3b264e14a9,killed,killed,killed,killed,killed,killed,killed,killed
M8faae4e1339ea709,killed,killed,killed,killed,killed,killed,killed,killed
M8fb1dd231e113b1c,killed,killed,killed,killed,killed,killed,killed,killed
M8fc07fcb6930d18d,killed,killed,killed,killed,killed,killed,killed,killed
M8fc80e5f83b6bb23,survived,survived,survived,survived,survived,survived,survived,survived
M8fd694d6b55a8650,killed,killed,killed,killed,killed,killed,killed,killed
M8ff640fdb8648a88,killed,killed,killed,killed,killed,killed,killed,killed
M9001edc68b898ee9,killed,killed,killed,killed,killed,killed,killed,killed
M900cb2f152bbf1bf,killed,killed,killed,killed,killed,killed,killed,killed
M9022e6a80a035152,survived,survived,survived,survived,survived,survived,survived,survived
M9024a67e5e439cff,killed,killed,killed,killed,killed,killed,killed,killed
M9026b9f89619f810,killed,killed,killed,killed,killed,killed,killed,killed
M902a24a3d845bf86,killed,killed,killed,killed,killed,killed,killed,killed
M90426955b2a0756e,survived,killed,killed,killed,killed,killed,survived,killed
M904e45a133c6aca4,survived,survived,survived,survived,survived,survived,survived,survived
M90514e824cf91a1b,survived,survived,survived,survived,survived,survived,survived,survived
M9063da388cad91a5,killed,killed,killed,killed,killed,killed,killed,killed
M90807cdd1a493611,killed,killed,killed,killed,killed,killed,killed,killed
M9097373a3c2c802b,survived,survived,survived,survived,survived,survived,survived,survived
M90b0b82833c249fa,killed,killed,killed,killed,killed,killed,killed,killed
M90c019ed007bf973,killed,killed,killed,killed,killed,killed,killed,killed
M90d3b2cbe66e8776,killed,killed,killed,killed,killed,killed,killed,killed
M90e5d6954124518e,survived,survived,survived,survived,survived,survived,survived,survived
M90ed095e00c44774,killed,killed,killed,killed,killed,killed,killed,killed
M90fdc80f05997c70,killed,killed,killed,killed,killed,killed,killed,killed
M90ff1d87add693e2,killed,killed,killed,killed,killed,killed,killed,killed
M9109ae2f8285e095,killed,killed,killed,killed,killed,killed,killed,killed
M911bb9e05ae55961,killed,killed,killed,killed,killed,killed,killed,killed
M91212e91b14c415f,survived,survived,survived,survived,survived,survived,survived,survived
M9121b0e76d3e5aa5,killed,killed,killed,killed,killed,killed,killed,killed
M9129b983baabfa52,survived,survived,survived,survived,survived,survived,survived,survived
M914e9295225ffe97,killed,killed,killed,killed,killed,killed,killed,killed
M914fc8bdaf17b63c,survived,survived,survived,survived,survived,survived,survived,survived
M915338e736f27b7e,killed,killed,killed,killed,killed,killed,killed,killed
M915d1b10f150c5cf,survived,survived,survived,survived,survived,survived,survived,survived
M9161053aeb56c48e,killed,killed,killed,killed,killed,killed,killed,killed
M916d42846816b3db,killed,killed,killed,killed,killed,killed,killed,killed
M9178dbdf67c110dc,killed,killed,killed,killed,killed,killed,killed,killed
M9178f1513737bd54,survived,survived,survived,survived,survived,survived,survived,survived
M919c40623d3f96f2,killed,killed,killed,killed,killed,killed,killed,killed
M91a88c29412fc736,killed,killed,killed,killed,killed,killed,killed,killed
M91b2725bfd14fc0c,killed,killed,killed,killed,killed,killed,killed,killed
M91caf25c299fc428,killed,killed,killed,killed,killed,killed,killed,killed
M91dbfd14bb8650cf,survived,survived,survived,survived,survived,survived,survived,survived
M91dce19d520e6d6a,killed,killed,killed,killed,killed,killed,killed,killed
M91e7affddc40c9a6,survived,survived,survived,survived,survived,survived,survived,survived
M92000f5dd2e50468,killed,killed,killed,killed,killed,killed,killed,killed
M9208d67fa0b39f4d,killed,killed,killed,killed,killed,killed,killed,killed
M92142e8985ea92be,survived,survived,survived,survived,survived,survived,survived,survived
M92183aa783f2b4a1,killed,killed,killed,killed,killed,killed,killed,killed
M921b66efb8ced05a,killed,killed,killed,killed,killed,killed,killed,killed
M921e12432b44b893,killed,killed,killed,killed,killed,killed,killed,killed
M92304d4cdec8b05d,killed,killed,killed,killed,killed,killed,killed,killed
M9261588a882da7f6,survived,survived,survived,survived,killed,survived,survived,survived
M92770eb577db4524,killed,killed,killed,killed,killed,killed,killed,killed
M9288d8d67791e64c,survived,survived,survived,survived,survived,survived,survived,survived
M928dbca88a4e949c,killed,killed,killed,killed,killed,killed,killed,killed
M9295b28c5481101a,killed,killed,killed,killed,killed,killed,killed,killed
M929cd6ad7b24aeb1,killed,killed,killed,killed,killed,killed,killed,killed
M92a7bd926b4de021,killed,killed,killed,killed,killed,killed,killed,killed
M92b29d8d8dac364b,survived,survived,survived,survived,survived,survived,survived,survived
M92d25147e81528e3,survived,survived,survived,survived,survived,survived,survived,survived
M92daf9f3ac7a732d,killed,killed,killed,killed,killed,killed,killed,killed
M92eb064c27658b1d,killed,killed,killed,killed,killed,killed,killed,killed
M92ed62a2ef9af06f,killed,killed,killed,killed,killed,killed,survived,killed
M92fb7aa13b1080fd,killed,killed,killed,killed,killed,killed,killed,killed
M92fd448ea3553971,killed,killed,killed,killed,killed,killed,killed,killed
M930ee3ef307427c9,killed,killed,killed,killed,killed,killed,killed,killed
M9315ef037fd6a7c5,killed,killed,killed,killed,killed,killed,killed,killed
M9318077270041ec7,killed,killed,killed,killed,killed,killed,killed,killed
M9332fb05c65762b1,killed,killed,killed,killed,killed,killed,killed,killed
M933d9adc283b8da0,killed,killed,killed,killed,killed,killed,killed,killed
M933f694e0df0b6e2,killed,killed,killed,killed,killed,killed,killed,killed
M935a743ec1602b18,killed,killed,killed,killed,killed,killed,killed,killed
M9388d99291fbb7d2,killed,killed,killed,killed,killed,killed,killed,killed
M9392f80c6e81bcc1,survived,survived,survived,survived,survived,survived,survived,survived
M939c52af84340ff8,survived,survived,survived,survived,survived,survived,survived,survived
M93c1c9f365dee42d,killed,killed,killed,killed,killed,killed,killed,killed
M93d57a348b9419ee,killed,killed,killed,killed,killed,killed,killed,killed
M93e761630326913d,killed,killed,killed,killed,killed,killed,killed,killed
M93f06f28e7783e05,killed,killed,killed,killed,killed,killed,killed,killed
M93f414fdca4c791f,killed,killed,killed,killed,killed,killed,killed,killed
M940445fa225c0ea4,survived,survived,survived,survived,survived,survived,survived,survived
M940a36dda4c7c92e,killed,killed,killed,killed,killed,killed,killed,killed
M941f1cdd6fce8268,killed,killed,killed,killed,killed,killed,killed,killed
M94308f325418ae13,killed,killed,killed,killed,killed,killed,killed,killed
M9435795cc71b8ec9,killed,killed,killed,killed,killed,killed,killed,killed
M9447318c8ebbb338,survived,survived,survived,survived,survived,survived,survived,survived
M945d47ebd18dfddd,killed,killed,killed,killed,killed,killed,killed,killed
M947565ce5d7afa68,survived,survived,survived,survived,survived,survived,survived,survived
M94a3dfc519c5628e,killed,killed,killed,killed,killed,killed,killed,killed
M94a93b030798cc2d,survived,survived,survived,survived,survived,survived,survived,survived
M94c3cf465a9d3018,killed,killed,killed,killed,killed,killed,killed,killed
M94c59b1dda6f4172,killed,killed,killed,killed,killed,killed,killed,killed
M94cc555034484822,killed,killed,killed,killed,killed,killed,killed,killed
M94d4f875fde97949,killed,killed,killed,killed,killed,killed,killed,killed
M94ddbbcf675ac337,survived,survived,survived,survived,survived,survived,survived,survived
M951b34a0fd00a00e,killed,killed,killed,killed,killed,killed,killed,killed
M952e6bff5df8ddd8,killed,killed,killed,killed,killed,killed,killed,killed
M955c5730d0b9c96d,survived,survived,survived,survived,survived,survived,survived,survived
M957b8053966accb1,killed,killed,killed,killed,killed,killed,killed,killed
M957f1abfafc34f05,killed,killed,killed,killed,killed,killed,killed,killed
M9586a04d5a2abcd3,killed,killed,killed,killed,killed,killed,killed,killed
M9588bb914a77d43f,killed,killed,killed,killed,killed,killed,killed,killed
M95907e4199dfaf28,killed,killed,killed,killed,killed,killed,killed,killed
M95a8addfcaee87b4,killed,killed,killed,killed,killed,killed,killed,killed
M95abcd6906425234,killed,killed,killed,killed,killed,killed,killed,killed
M95c41dcbbbcf0c05,killed,killed,killed,killed,killed,killed,killed,killed
M95d5880c9038e8f9,survived,survived,survived,survived,survived,survived,survived,survived
M95e45e3549606dbc,killed,killed,killed,killed,killed,killed,killed,killed
M95e479cde34c64de,killed,killed,killed,killed,killed,killed,killed,killed
M95e4c6a6818ff9e0,survived,survived,survived,survived,survived,survived,survived,survived
M95ef0816fe566fb3,killed,killed,killed,killed,killed,killed,killed,killed
M9610376b5b7997dd,survived,survived,survived,survived,survived,survived,survived,survived
M9626344d4c295ad7,killed,killed,killed,killed,killed,killed,killed,killed
M963a214613220d94,killed,killed,killed,killed,killed,killed,killed,killed
M963c6c60c25cce4c,killed,killed,killed,killed,killed,killed,killed,killed
M964106fd26b20437,killed,killed,killed,killed,killed,killed,killed,killed
M967978dbe796bde8,timeout,timeout,timeout,timeout,timeout,timeout,timeout,timeout
M9697581d45a13713,killed,killed,killed,killed,killed,killed,killed,killed
M96a9a5983a4b74fb,survived,survived,survived,survived,survived,survived,survived,survived
M96b985248787c847,killed,killed,killed,killed,killed,killed,killed,killed
M96bf546b6c2365e8,survived,survived,survived,survived,survived,survived,survived,survived
M96cac7555c124c78,survived,survived,survived,survived,survived,survived,survived,survived
M96d48570314ccbbe,survived,survived,survived,survived,survived,survived,survived,survived
M96e088d5dc5572f8,survived,survived,survived,survived,survived,survived,survived,survived
M96e3da28c661f378,survived,killed,killed,killed,killed,killed,survived,killed
M96edc382456fc9cf,killed,killed,killed,killed,killed,killed,killed,killed
M96ef1a264ca0dcc7,killed,killed,killed,killed,killed,killed,killed,killed
M9701c31903ff9b73,killed,killed,killed,killed,killed,killed,killed,killed
M970651dec10ec68a,killed,killed,killed,killed,killed,killed,killed,killed
M97078b77b6b14556,killed,killed,killed,killed,killed,killed,killed,killed
M971236244ab852e0,killed,killed,killed,killed,killed,killed,killed,killed
M9714f71cad8c014b,survived,survived,survived,survived,survived,survived,survived,survived
M971b4ccacd877206,survived,survived,survived,survived,survived,survived,survived,survived
M973e917d0c3acd75,survived,survived,survived,survived,survived,survived,survived,survived
M973f8cb25bdb8856,killed,killed,killed,killed,killed,killed,killed,killed
M974ca2a9e6f77e32,killed,killed,killed,killed,killed,killed,killed,killed
M975b5f1a543b51e4,survived,survived,survived,survived,survived,survived,survived,survived
M9787ed443048cd37,survived,survived,killed,survived,survived,survived,survived,survived
M978a7cf4c721e632,killed,killed,killed,killed,killed,killed,killed,killed
M97a5638daef489fc,killed,killed,killed,killed,killed,killed,killed,killed
M97a9f7a697e3646d,killed,killed,killed,killed,killed,killed,killed,killed
M97acc43fe1df312b,survived,survived,survived,survived,survived,survived,survived,survived
M97b5ef470701b308,killed,killed,killed,killed,killed,killed,killed,killed
M97c8c2370a4ad15c,killed,killed,killed,killed,killed,killed,killed,killed
M97ce811dc54f3f8e,survived,survived,survived,survived,survived,survived,survived,survived
M97d86a5180990b70,survived,survived,survived,survived,killed,killed,survived,killed
M97dfb3c6e7807f0e,survived,survived,survived,survived,survived,survived,survived,survived
M97e16823e5b15f2c,killed,killed,killed,killed,killed,killed,killed,killed
M980547b6fdbde74a,killed,killed,killed,killed,killed,killed,killed,killed
M982869fdf58aa22b,killed,killed,killed,killed,killed,killed,killed,killed
M98289c466056d475,survived,survived,survived,survived,survived,survived,survived,survived
M982ca394fc0b43eb,killed,killed,killed,killed,killed,killed,killed,killed
M983c6471c6d87260,survived,survived,survived,survived,survived,survived,survived,survived
M9849138fd1b2f216,survived,survived,survived,survived,survived,survived,survived,survived
M984b346faf27c51c,killed,killed,killed,killed,killed,killed,killed,killed
M986140f6089a39c6,survived,survived,survived,survived,survived,survived,survived,survived
M986f47f6d75ac9b9,survived,survived,survived,survived,survived,survived,survived,survived
M9877f8de611ea1a7,killed,killed,killed,killed,killed,killed,killed,killed
M988d42ea11e4e9ad,killed,killed,killed,killed,killed,killed,killed,killed
M9890721d232e8131,killed,killed,killed,killed,killed,killed,killed,killed
M9890d0a7067d83b1,killed,killed,killed,killed,killed,killed,killed,killed
M98a72f273193b009,killed,killed,killed,killed,killed,killed,killed,killed
M98a85faa95357241,killed,killed,killed,killed,killed,killed,killed,killed
M98aa0af5a7b438fd,survived,survived,survived,survived,survived,survived,survived,survived
M98cb12616ee76252,survived,survived,survived,survived,survived,survived,survived,survived
M98e00a6c80cff098,killed,killed,killed,killed,killed,killed,killed,killed
M98e011f8c006de6b,killed,killed,killed,killed,killed,killed,killed,killed
M98e4c1ebeeb61432,survived,survived,survived,survived,survived,survived,survived,survived
M98fb8c27502ca54f,killed,killed,killed,killed,killed,killed,killed,killed
M990e7d62f280f26c,killed,killed,killed,killed,killed,killed,killed,killed
M99158ca1025d4538,killed,killed,killed,killed,killed,killed,killed,killed
M991ae4b80c68dbad,survived,survived,survived,survived,survived,survived,survived,survived
M991e55bfb7c1532a,killed,killed,killed,timeout,killed,killed,timeout,killed
M994ee577ff2b7af7,killed,killed,killed,killed,killed,killed,killed,killed
M995ef2195bfe9fb5,survived,survived,survived,survived,survived,survived,survived,survived
M9961732c4454f9ae,killed,killed,killed,killed,killed,killed,killed,killed
M99a9ada7bc78fce8,survived,survived,survived,survived,survived,survived,survived,survived
M99b14c64eb906241,survived,survived,survived,survived,survived,survived,survived,survived
M99c0f08c9180fd98,timeout,timeout,timeout,timeout,timeout,timeout,timeout,timeout
M99cd5f87c00861bb,killed,killed,killed,killed,killed,killed,killed,killed
M99d0547f6c5a0150,survived,killed,killed,survived,killed,killed,survived,killed
M99d575cd70afdbec,survived,survived,survived,survived,survived,survived,survived,survived
M99e32081d4ffbca9,survived,survived,survived,survived,survived,survived,survived,survived
M99ecead241bf0bc8,killed,killed,killed,killed,killed,killed,killed,killed
M9a0929715942e573,killed,killed,killed,killed,killed,killed,killed,killed
M9a09f7be4e03fe70,killed,killed,killed,killed,killed,killed,killed,killed
M9a0a5219e262f69e,survived,survived,survived,survived,survived,survived,survived,survived
M9a1ba3ab34954274,killed,killed,killed,killed,killed,killed,killed,killed
M9a2799703b0d270f,killed,killed,killed,killed,killed,killed,killed,killed
M9a2eadab6a6d18f1,killed,killed,killed,killed,killed,killed,killed,killed
M9a3587d87ae9d7de,survived,survived,survived,survived,survived,survived,survived,survived
M9a3e5db5652658a0,killed,killed,killed,killed,killed,killed,killed,killed
M9a3e8cc73363ffe0,survived,survived,survived,survived,survived,survived,survived,survived
M9a3fc7fa8f7944a2,survived,survived,survived,survived,survived,survived,survived,survived
M9a42a3f535bfcbfe,killed,killed,killed,killed,killed,killed,killed,killed
M9a44959dc3c0a8c9,killed,killed,killed,killed,killed,killed,killed,killed
M9a53241668f13a6b,survived,survived,survived,survived,survived,survived,survived,survived
M9a5c80a8f6c8a564,survived,survived,survived,survived,survived,survived,survived,survived
M9a626682a5f781fc,killed,killed,killed,killed,killed,killed,killed,killed
M9a68b649cbae3ab0,killed,killed,killed,killed,killed,killed,killed,killed
M9a79a764d24efa3c,killed,killed,killed,killed,killed,killed,killed,killed
M9a8f3bc172b1b1f0,killed,killed,killed,killed,killed,killed,killed,killed
M9a8fa9e3a4f332ec,killed,killed,killed,killed,killed,killed,killed,killed
M9a92dbb60a7c5e71,killed,killed,killed,killed,killed,killed,killed,killed
M9ab690ebdfcb4990,survived,survived,survived,survived,survived,survived,survived,survived
M9aca5f2671b8b2e2,killed,killed,killed,killed,killed,killed,killed,killed
M9ad805d798a962ce,timeout,timeout,timeout,timeout,timeout,timeout,timeout,timeout
M9ad9efdb200f7026,killed,killed,killed,killed,killed,killed,killed,killed
M9ae6bf2bde8602bd,survived,survived,survived,survived,survived,survived,survived,survived
M9ae8855a64573041,killed,killed,killed,killed,killed,killed,killed,killed
M9aeef0321b370bc6,killed,killed,killed,killed,killed,killed,killed,killed
M9b012a452f78021c,killed,killed,killed,killed,killed,killed,killed,killed
M9b06e648adf24d9d,survived,survived,survived,survived,survived,survived,survived,survived
M9b0f62ffb4f34eda,survived,survived,survived,survived,survived,survived,survived,survived
M9b1e4b1fd6e041e7,survived,survived,survived,survived,survived,survived,survived,survived
M9b2d0ade10851028,survived,survived,survived,survived,survived,survived,survived,survived
M9b3af0c80d928eb0,killed,killed,killed,killed,killed,killed,killed,killed
M9b424d806d86dbb5,survived,survived,survived,survived,survived,survived,survived,survived
M9b4a2b53d573a219,killed,killed,killed,killed,killed,killed,killed,killed
M9b52f7f2f458b182,survived,survived,survived,survived,survived,survived,survived,survived
M9b57a91436bbbba7,killed,killed,killed,killed,killed,killed,killed,killed
M9b87d320a8977e68,survived,survived,survived,survived,survived,survived,survived,survived
M9ba369b3e892e759,killed,killed,killed,killed,killed,killed,killed,killed
M9ba7cfb5b7c00a23,killed,killed,killed,killed,killed,killed,killed,killed
M9ba83681a22c8d88,killed,killed,killed,killed,killed,killed,killed,killed
M9bab064e47feb575,survived,survived,survived,survived,survived,survived,survived,survived
M9bb427b72d2ce8b7,killed,killed,killed,killed,killed,killed,killed,killed
M9be064177e14d855,killed,killed,killed,killed,killed,killed,killed,killed
M9be264983b1bdedf,killed,killed,killed,killed,killed,killed,killed,killed
M9be595b4e4caedef,killed,killed,killed,killed,killed,killed,killed,killed
M9be87cb4cbdf5bae,killed,killed,killed,killed,killed,killed,killed,killed
M9bf3527ba516b454,survived,survived,survived,survived,survived,survived,survived,survived
M9bf75bd6aef607ed,survived,survived,survived,survived,survived,survived,survived,survived
M9bf79fc272807030,killed,killed,killed,killed,killed,killed,killed,killed
M9bf82a8da42728c4,killed,killed,killed,killed,killed,killed,killed,killed
M9c332dcd21356d2d,killed,killed,killed,killed,killed,killed,killed,killed
M9c33839263f69160,killed,killed,killed,killed,killed,killed,killed,killed
M9c4f057538ec6393,killed,killed,killed,killed,killed,killed,killed,killed
M9c540d93fd2c42e5,killed,killed,killed,killed,killed,killed,killed,killed
M9c7490c38b90ac1a,survived,survived,survived,survived,survived,survived,survived,survived
M9c9bba974520d5f0,killed,killed,killed,killed,killed,killed,killed,killed
M9cb57e50c5201907,timeout,timeout,timeout,timeout,timeout,timeout,timeout,timeout
M9cb9fe0051bd2f43,survived,survived,survived,survived,survived,survived,survived,survived
M9cbd96051b465a49,killed,killed,killed,killed,killed,killed,killed,killed
M9cc1baeebe5bb357,killed,killed,killed,killed,killed,killed,killed,killed
M9ccbb28553fe7cab,killed,killed,killed,killed,killed,killed,killed,killed
M9cfef1afa4acd28c,killed,killed,killed,killed,killed,killed,killed,killed
M9d0d5643af3b195c,timeout,timeout,timeout,killed,timeout,timeout,killed,timeout
M9d154200c7802b9d,killed,killed,killed,killed,killed,killed,killed,killed
M9d216afd2df2bd5c,killed,killed,killed,killed,killed,killed,killed,killed
M9d2174a128d97cee,killed,killed,killed,killed,killed,killed,killed,killed
M9d397a78ace5f7ba,killed,killed,killed,killed,killed,killed,killed,killed
M9d438272feb1f708,killed,killed,killed,killed,killed,killed,killed,killed
M9d4a7f1e4575b932,killed,killed,killed,killed,killed,killed,killed,killed
M9d5857731c65bc51,killed,killed,killed,killed,killed,killed,killed,killed
M9d6b32bc7d759625,killed,killed,killed,killed,killed,killed,killed,killed
M9d6d67a5b6398709,timeout,timeout,timeout,timeout,timeout,timeout,timeout,timeout
M9d73281cffb1d5dd,killed,killed,killed,killed,killed,killed,killed,killed
M9d7a251f7254c354,survived,survived,survived,survived,survived,survived,survived,survived
M9d81391b2f9a9741,killed,killed,killed,killed,killed,killed,killed,killed
M9d9cf4808fcf2316,killed,killed,killed,killed,killed,killed,killed,killed
M9da752cdb3cf64a2,timeout,timeout,timeout,timeout,timeout,timeout,timeout,timeout
M9da8b53b388378b3,killed,killed,killed,killed,killed,killed,killed,killed
M9de26c0e80304e78,killed,killed,killed,killed,killed,killed,killed,killed
M9de51823da54f5de,killed,killed,killed,killed,killed,killed,killed,killed
M9dec50eeab85c416,killed,killed,killed,killed,killed,killed,killed,killed
M9df49985fa74da97,survived,survived,survived,survived,survived,survived,survived,survived
M9df989fa6174a7e2,killed,killed,killed,killed,killed,killed,killed,killed
M9e255b0ec0d16bb6,survived,survived,survived,survived,survived,survived,survived,survived
M9e2892d42d973e7a,survived,survived,survived,survived,survived,survived,survived,survived
M9e2b949ebeb52a77,survived,survived,survived,survived,survived,survived,survived,survived
M9e2dea5b3f3cfbf5,survived,survived,survived,survived,survived,survived,survived,survived
M9e3164ad246c64e4,killed,killed,killed,killed,killed,killed,killed,killed
M9e444c538c968a05,survived,survived,survived,survived,survived,survived,survived,survived
M9e4d040045a0b624,survived,survived,survived,survived,survived,survived,survived,survived
M9e4d2a558f520ee8,killed,killed,killed,killed,killed,killed,killed,killed
M9e676f5d23ab76e9,killed,killed,killed,killed,killed,killed,killed,killed
M9e8755239f275380,killed,killed,killed,killed,killed,killed,killed,killed
M9ea3f5aea8f31713,killed,killed,killed,killed,killed,killed,killed,killed
M9ea7d91b0ff01c35,survived,survived,survived,survived,survived,survived,survived,survived
M9eabfb6703024f37,killed,killed,killed,killed,killed,killed,killed,killed
M9eb522ecf179da50,killed,killed,killed,killed,killed,killed,killed,killed
M9eb6b84ce6fc564e,killed,killed,killed,killed,killed,killed,killed,killed
M9eb978103d745264,killed,killed,killed,killed,killed,killed,killed,killed
M9ebc6c987c481f82,killed,killed,killed,killed,killed,killed,killed,killed
M9ede88aeaf907bca,survived,survived,survived,survived,survived,survived,survived,survived
M9ee04f41b2af320d,killed,killed,killed,killed,killed,killed,killed,killed
M9eee76a5db0561a6,killed,killed,killed,killed,killed,killed,killed,killed
M9ef42d5b6637e517,killed,killed,killed,killed,killed,killed,killed,killed
M9ef5b2389d1dc4c7,killed,killed,killed,killed,killed,killed,killed,killed
M9f024a425f917d1e,killed,killed,killed,killed,killed,killed,killed,killed
M9f0376d7b04d33d4,survived,survived,survived,survived,survived,survived,survived,survived
M9f1c1f9114482917,killed,killed,killed,killed,killed,killed,killed,killed
M9f40d9d1b885ff0b,survived,survived,survived,survived,survived,survived,survived,survived
M9f546692d21b329a,survived,survived,survived,survived,survived,survived,survived,survived
M9f63d38691de52e7,survived,survived,survived,survived,survived,survived,survived,survived
M9f6634c6c2970e5e,killed,killed,killed,killed,killed,killed,killed,killed
M9f7d77edae126b7b,survived,survived,survived,survived,survived,survived,survived,survived
M9f90b0bf0ea951f7,killed,killed,killed,killed,killed,killed,killed,killed
M9f9c15f6c0b6ceb6,killed,killed,killed,killed,killed,killed,killed,killed
M9fc052d329f83a89,killed,killed,killed,killed,killed,killed,killed,killed
M9fc2cd7f05e0c20a,survived,survived,survived,survived,survived,survived,survived,survived
M9fc3378cc145389e,killed,killed,killed,killed,killed,killed,killed,killed
M9fc75d1e88ec59eb,killed,killed,killed,killed,killed,killed,killed,killed
M9fe8eccb5e640551,killed,killed,killed,killed,killed,killed,killed,killed
M9ffb64528c15be18,killed,killed,killed,killed,killed,killed,killed,killed
Ma00fbd87bdced594,killed,killed,killed,killed,killed,killed,killed,killed
Ma022851a1041c883,survived,survived,survived,survived,survived,survived,survived,survived
Ma022f9dca15cbeea,killed,killed,killed,killed,killed,killed,killed,killed
Ma02dce2189cb47c1,survived,survived,survived,survived,survived,survived,survived,survived
Ma032e9d63f20c960,killed,killed,killed,killed,killed,killed,killed,killed
Ma04d3f87e45c5876,killed,killed,killed,timeout,killed,killed,timeout,killed
Ma05f1c3f7dc57b4a,survived,survived,survived,survived,survived,survived,survived,survived
Ma06ba5dbae98010b,killed,killed,killed,killed,killed,killed,killed,killed
Ma087d092de301e0d,survived,survived,survived,survived,survived,survived,survived,survived
Ma08a214f4e848ff9,killed,killed,killed,killed,killed,killed,killed,killed
Ma093fabc7f01f0f2,survived,survived,survived,survived,survived,survived,survived,survived
Ma0ec1f2ed9c4549f,survived,survived,survived,survived,survived,survived,survived,survived
Ma0f8fc441bc7d57c,survived,survived,survived,survived,survived,survived,survived,survived
Ma0fe40bf034bf9dc,survived,survived,survived,survived,killed,killed,survived,killed
Ma1051bf2752f1833,killed,killed,killed,killed,killed,killed,killed,killed
Ma10d8477f3804d24,killed,killed,killed,killed,killed,killed,killed,killed
Ma11a238f010210f0,killed,killed,killed,killed,killed,killed,killed,killed
Ma1293c52db32cc2d,killed,killed,killed,killed,killed,killed,killed,killed
Ma12e3624c4bfcb1b,killed,killed,killed,killed,killed,killed,killed,killed
Ma137aba5d800b2fe,survived,survived,survived,survived,survived,survived,survived,survived
Ma13db59649497b3e,survived,survived,survived,survived,survived,survived,survived,survived
Ma1431ee27441cdc1,survived,survived,survived,survived,survived,survived,survived,survived
Ma1433ec69df2f577,killed,killed,killed,killed,killed,killed,killed,killed
Ma149fb501b7313be,killed,killed,killed,killed,killed,killed,killed,killed
Ma152153cd891c31f,killed,killed,killed,killed,killed,killed,killed,killed
Ma15b1e140b729726,killed,killed,killed,killed,killed,killed,killed,killed
Ma177ab343125524c,survived,survived,survived,survived,survived,survived,survived,survived
Ma17c12f4374ea086,timeout,timeout,timeout,timeout,timeout,timeout,timeout,timeout
Ma17ed48a109b611b,survived,survived,survived,survived,survived,survived,survived,survived
Ma18460365a5422f1,killed,killed,killed,killed,killed,killed,killed,killed
Ma197cdf7e897f010,killed,killed,killed,killed,killed,killed,killed,killed
Ma1a511223619267d,killed,killed,killed,killed,killed,killed,killed,killed
Ma1da14eb8923f387,survived,survived,survived,survived,survived,survived,survived,survived
Ma1dad19117dab53c,survived,survived,survived,survived,survived,survived,survived,survived
Ma1ea0ded553b48c0,killed,killed,killed,killed,killed,killed,killed,killed
Ma1f1d8e0f5f8bc1e,killed,killed,killed,killed,killed,killed,killed,killed
Ma1fa7dfa7dc55b76,timeout,timeout,timeout,timeout,timeout,timeout,timeout,timeout
Ma2084d7e52d3b2a1,killed,killed,killed,killed,killed,killed,killed,killed
Ma20c2fad88c78c7c,killed,killed,killed,killed,killed,killed,killed,killed
Ma2127b97f1b9a1a1,killed,killed,killed,killed,killed,killed,killed,killed
Ma215e0c72cf67a0f,killed,killed,killed,killed,killed,killed,killed,killed
Ma2186e88d4f32d50,killed,killed,killed,killed,killed,killed,killed,killed
Ma2389220e713b467,survived,survived,survived,survived,survived,survived,survived,survived
Ma24529953a9501d1,killed,killed,killed,killed,killed,killed,killed,killed
Ma257e2997ebfc58f,survived,survived,survived,survived,survived,survived,survived,survived
Ma25c7218f1593bae,killed,killed,killed,killed,killed,killed,killed,killed
Ma26821564f63b8b6,survived,survived,survived,survived,survived,survived,survived,survived
Ma27d726001b70fff,killed,killed,killed,killed,killed,killed,killed,killed
Ma2925f412af0841d,timeout,timeout,timeout,timeout,timeout,timeout,timeout,timeout
Ma297a3341d8300c1,killed,killed,killed,killed,killed,killed,killed,killed
Ma2b575d95150596d,killed,killed,killed,killed,killed,killed,killed,killed
Ma2b6d43ce0ee68aa,survived,survived,survived,survived,survived,survived,survived,survived
Ma2ba87b1d8f47ed8,timeout,timeout,timeout,timeout,timeout,timeout,timeout,timeout
Ma2d06762e528aded,killed,killed,killed,killed,killed,killed,killed,killed
Ma2dabdb0a82e4abd,killed,killed,killed,killed,killed,killed,killed,killed
Ma2f0fc7ad64100cd,survived,survived,survived,survived,survived,survived,survived,survived
Ma3041a0eb9f43cb3,killed,killed,killed,killed,killed,killed,killed,killed
Ma309b05613c18793,killed,killed,killed,killed,killed,killed,killed,killed
Ma31d2631c6e9ca39,timeout,timeout,timeout,timeout,timeout,timeout,timeout,timeout
Ma33c743f9d2e5241,killed,killed,killed,killed,killed,killed,killed,killed
Ma341b46ca3ea0da9,killed,killed,killed,killed,killed,killed,killed,killed
Ma34a3f384fefab25,survived,survived,survived,survived,survived,survived,survived,survived
Ma34ea8714386f89d,survived,survived,survived,survived,survived,survived,survived,survived
Ma357f2e0c4c09d98,killed,killed,killed,killed,killed,killed,killed,killed
Ma3581083665a867e,killed,killed,killed,killed,killed,killed,killed,killed
Ma3778ddc69349c6e,killed,killed,killed,killed,killed,killed,killed,killed
Ma38dd93588c49a1a,survived,survived,survived,survived,survived,survived,survived,survived
Ma3a46744a5f3ded1,survived,survived,survived,survived,survived,survived,survived,survived
Ma3cbdaaf57e73b3c,survived,survived,survived,survived,survived,survived,survived,survived
Ma3d8534e61402b1e,survived,survived,survived,survived,survived,survived,survived,survived
Ma3dab9037d157837,killed,killed,killed,killed,killed,killed,killed,killed
Ma3f89888c8bebb7e,killed,killed,killed,killed,killed,killed,killed,killed
Ma40ffb92744eb123,killed,killed,killed,killed,killed,killed,killed,killed
Ma41a4c350f379fac,killed,killed,killed,killed,killed,killed,killed,killed
Ma4202bf0e5a11a57,killed,killed,killed,killed,killed,killed,killed,killed
Ma42bc55aa32a2dfe,killed,killed,killed,killed,killed,killed,killed,killed
Ma43ed30430390372,killed,killed,killed,killed,killed,killed,killed,killed
Ma45e3dc5ce9ccfae,killed,killed,killed,killed,killed,killed,killed,killed
Ma46d1a823c27af49,killed,killed,killed,killed,killed,killed,killed,killed
Ma47185d1561aa177,survived,survived,survived,survived,survived,survived,survived,survived
Ma47f8c1d94c24729,killed,killed,killed,killed,killed,killed,killed,killed
Ma48b31ef4cdc822a,killed,killed,killed,killed,killed,killed,killed,killed
Ma4b8ffe1a897584c,survived,survived,survived,survived,survived,survived,survived,survived
Ma4c296f1dfd2d073,survived,survived,survived,survived,survived,survived,survived,survived
Ma4ec762aade83373,killed,killed,killed,killed,killed,killed,killed,killed
Ma4effe4f57def733,killed,killed,killed,killed,killed,killed,killed,killed
Ma4f47052fc75bbcc,killed,killed,killed,killed,killed,killed,killed,killed
Ma4ff7cbb82d5a81d,killed,killed,killed,killed,killed,killed,killed,killed
Ma5005c01201e8c4a,killed,killed,killed,killed,killed,killed,killed,killed
Ma50eadc9607d9ba6,survived,survived,survived,survived,survived,survived,survived,survived
Ma51a0be725734cca,killed,killed,killed,killed,killed,killed,killed,killed
Ma535d980ceab6867,survived,survived,survived,survived,survived,survived,survived,survived
Ma54fc4f36cb17774,survived,survived,survived,survived,survived,survived,survived,survived
Ma554341bb2e6bb75,survived,survived,survived,survived,survived,survived,survived,survived
Ma557758f7dd33afe,survived,survived,survived,survived,survived,survived,survived,survived
Ma56f8c3bae3d5717,timeout,timeout,timeout,timeout,timeout,timeout,timeout,timeout
Ma576c822bd484ff3,killed,killed,killed,killed,killed,killed,killed,killed
Ma57c5b49405398e4,killed,killed,killed,killed,killed,killed,killed,killed
Ma5882782b3439cdf,killed,killed,killed,killed,killed,killed,killed,killed
Ma58b697f1e62fe88,timeout,timeout,timeout,timeout,timeout,timeout,timeout,timeout
Ma5aa18afc325b4da,killed,killed,killed,killed,killed,killed,killed,killed
Ma5aa539765673237,killed,killed,killed,killed,killed,killed,killed,killed
Ma5abc3bc9a31391c,killed,killed,killed,killed,killed,killed,killed,killed
Ma5b0c175dcafc616,survived,survived,survived,survived,survived,survived,survived,survived
Ma5ec2601ed341b78,killed,killed,killed,killed,killed,killed,killed,killed
Ma5eff705e2e3875b,killed,killed,killed,killed,killed,killed,killed,killed
Ma5fc3b1cb7553996,killed,killed,killed,killed,killed,killed,killed,killed
Ma618d0f6e42ce1e5,killed,killed,killed,killed,killed,killed,killed,killed
Ma61c9945545a7d3a,killed,killed,killed,killed,killed,killed,killed,killed
Ma61d1457e73db670,killed,killed,killed,killed,killed,killed,killed,killed
Ma61f24e7c2cd7b7c,killed,killed,killed,killed,killed,killed,killed,killed
Ma62197bd1faa14a9,killed,killed,killed,killed,killed,killed,killed,killed
Ma64143497faee9be,survived,survived,survived,survived,survived,survived,survived,survived
Ma653eac7b7b0b7ac,killed,killed,killed,killed,killed,killed,killed,killed
Ma6596e5fe8c7e9a7,survived,survived,survived,survived,survived,survived,survived,survived
Ma665636e9e07cc83,killed,killed,killed,killed,killed,killed,killed,killed
Ma66b3c46cb0b415e,timeout,timeout,timeout,timeout,timeout,timeout,timeout,timeout
Ma66ca49020a67514,survived,survived,survived,survived,survived,survived,survived,survived
Ma6751a23d963d634,survived,survived,survived,survived,survived,survived,survived,survived
Ma67e0e075a07b7b0,survived,survived,survived,survived,survived,survived,survived,survived
Ma680a4dbea68d718,killed,killed,killed,killed,killed,killed,killed,killed
Ma6874a03629b0667,killed,killed,killed,killed,killed,killed,killed,killed
Ma68ffc07e1bb07f5,killed,killed,killed,killed,killed,killed,killed,killed
Ma6923ceb758aa237,killed,killed,killed,killed,killed,killed,killed,killed
Ma6a39024f910bad5,killed,killed,killed,killed,killed,killed,killed,killed
Ma6c3cb10c5e32047,killed,killed,killed,killed,killed,killed,killed,killed
Ma6f1736ae6331b0e,survived,survived,survived,survived,survived,survived,survived,survived
Ma702cf853e1fdada,killed,killed,killed,killed,killed,killed,killed,killed
Ma742a9bfc2274dfc,killed,killed,killed,killed,killed,killed,killed,killed
Ma7443e410637e618,survived,survived,survived,survived,survived,survived,survived,survived
Ma74bae3d22d98a93,killed,killed,killed,killed,killed,killed,killed,killed
Ma753364b13b8bb35,killed,killed,killed,killed,killed,killed,killed,killed
Ma76a78bf46ec6f9c,killed,killed,killed,killed,killed,killed,killed,killed
Ma76b02dbcabff047,killed,killed,killed,killed,killed,killed,killed,killed
Ma76d9b17c100504c,killed,killed,killed,killed,killed,killed,killed,killed
Ma76fa1c5e930a797,killed,killed,killed,killed,killed,killed,killed,killed
Ma771c359ad79a76c,killed,killed,killed,killed,killed,killed,killed,killed
Ma78d3f5658ff92aa,timeout,timeout,timeout,timeout,timeout,timeout,timeout,timeout
Ma78f77d06aa65afe,killed,killed,killed,killed,killed,killed,killed,killed
Ma7ae1d56377b91e4,killed,killed,killed,killed,killed,killed,killed,killed
Ma7b28ec11ebede8a,survived,survived,survived,survived,survived,survived,survived,survived
Ma7b60c4c6ebe50ff,killed,killed,killed,killed,killed,killed,killed,killed
Ma7b7f252209c4466,killed,killed,killed,killed,killed,killed,killed,killed
Ma7e34db94186dab5,survived,survived,survived,survived,survived,survived,survived,survived
Ma7efb553c08125a6,killed,killed,killed,killed,killed,killed,killed,killed
Ma808dbea7edcb3db,survived,survived,survived,survived,survived,survived,survived,survived
Ma81ddeeb9cc84f7e,killed,killed,killed,killed,killed,killed,killed,killed
Ma82d50d0d1c2dd7c,survived,survived,survived,survived,survived,survived,survived,survived
Ma835ca315ed9e4ba,killed,killed,killed,killed,killed,killed,killed,killed
Ma844fb7d4dfafdf6,killed,killed,killed,killed,killed,killed,killed,killed
Ma8586d2314f34169,killed,killed,killed,killed,killed,killed,killed,killed
Ma86ab2db8b11fecb,killed,killed,killed,killed,killed,killed,killed,killed
Ma870bfa4efcf64cf,killed,killed,killed,killed,killed,killed,killed,killed
Ma885085ed252971b,killed,killed,killed,killed,killed,killed,killed,killed
Ma89cbc49cca1439c,survived,survived,survived,survived,survived,survived,survived,survived
Ma8a160992290de22,killed,killed,killed,killed,killed,killed,killed,killed
Ma8b1d6f19cbcdca0,killed,killed,killed,killed,killed,killed,killed,killed
Ma8b44b4adf282145,survived,survived,survived,survived,survived,survived,survived,survived
Ma8b83738dba4cca8,killed,killed,killed,killed,killed,killed,killed,killed
Ma8bed5ba4a914f22,killed,killed,killed,killed,killed,killed,killed,killed
Ma8c55b49158b30b9,killed,killed,killed,killed,killed,killed,killed,killed
Ma8ce4fe1d12192c5,killed,killed,killed,killed,killed,killed,killed,killed
Ma8e4357b82538b00,survived,survived,survived,survived,survived,survived,survived,survived
Ma8f6ead9b0802f3f,survived,survived,survived,survived,survived,survived,survived,survived
Ma90420a4f4974438,killed,killed,killed,killed,killed,killed,killed,killed
Ma905b5e132e1d9ff,killed,killed,killed,killed,killed,killed,killed,killed
Ma909b09893585044,killed,killed,killed,killed,killed,killed,killed,killed
Ma952a3cf983d41ff,killed,killed,killed,killed,killed,killed,killed,killed
Ma982346a0e1b4e2b,survived,survived,survived,survived,survived,survived,survived,survived
Ma99aa8fda2465165,killed,killed,killed,killed,killed,killed,killed,killed
Ma9bf9ef0e060e558,no_tests,killed,killed,killed,killed,killed,killed,killed
Ma9c1138fada7d69b,killed,killed,killed,killed,killed,killed,killed,killed
Ma9c2d6f4e415967a,killed,killed,killed,killed,killed,killed,killed,killed
Ma9cfb9e644ce2876,killed,killed,killed,killed,killed,killed,killed,killed
Ma9d0e4c624808757,killed,killed,killed,killed,killed,killed,killed,killed
Ma9dde9f0a161cf5a,killed,killed,killed,killed,killed,killed,killed,killed
Ma9f8af47f651c592,survived,survived,survived,survived,survived,survived,survived,survived
Maa021184906d0be9,killed,killed,killed,killed,killed,killed,killed,killed
Maa21e345628e5a7e,survived,survived,survived,survived,survived,survived,survived,survived
Maa31bb39a821dc87,killed,killed,killed,killed,killed,killed,killed,killed
Maa4867d96cc3337c,survived,survived,survived,survived,survived,survived,survived,survived
Maa4d9a30d1e2048c,killed,killed,killed,killed,killed,killed,killed,killed
Maa5d826aeea1a823,killed,killed,killed,killed,killed,killed,killed,killed
Maa6bd7685ff468c7,killed,killed,killed,killed,killed,killed,killed,killed
Maa719954980317ac,killed,killed,killed,killed,killed,killed,killed,killed
Maa72cbcd299f8676,killed,killed,killed,killed,killed,killed,killed,killed
Maa7377d3aa116d83,survived,survived,survived,survived,survived,survived,survived,survived
Maa75ad163e978df7,killed,killed,killed,killed,killed,killed,killed,killed
Maa8f7b9a49443706,survived,survived,survived,survived,survived,survived,survived,survived
Maa973155728122e1,survived,survived,survived,survived,survived,survived,survived,survived
Maab0c20f49908afb,killed,killed,killed,killed,killed,killed,killed,killed
Maabd614c27e72836,survived,survived,survived,survived,survived,survived,survived,survived
Maad5f08703629417,killed,killed,killed,killed,killed,killed,killed,killed
Maadacbf9e59645c5,killed,killed,killed,killed,killed,killed,killed,killed
Maadf707258d917e5,killed,killed,killed,killed,killed,killed,killed,killed
Maae0da81e465f1cb,killed,killed,killed,killed,killed,killed,killed,killed
Maae397a0d0e8d07c,killed,killed,killed,killed,killed,killed,killed,killed
Maaefef0164dc1404,survived,survived,survived,survived,survived,survived,survived,survived
Maaf145812182f8d7,survived,survived,survived,survived,survived,survived,survived,survived
Maaf1df106514e802,timeout,timeout,timeout,timeout,timeout,timeout,timeout,timeout
Maafd6dc17cf90efb,survived,survived,survived,survived,survived,survived,survived,survived
Mab02d0f6b023ba37,killed,killed,killed,killed,killed,killed,killed,killed
Mab0933243ae34ce3,survived,survived,survived,survived,survived,survived,survived,survived
Mab10a4b513d9f833,killed,killed,killed,killed,killed,killed,killed,killed
Mab2ca36f2dda893f,timeout,timeout,timeout,timeout,timeout,timeout,timeout,timeout
Mab5af73f6afad46d,survived,survived,survived,survived,survived,survived,survived,survived
Mab64e89627d185b2,survived,survived,survived,survived,survived,survived,survived,survived
Mab698d2ab05efb93,survived,survived,survived,survived,survived,survived,survived,survived
Mab6d1e58d72bc263,killed,killed,killed,killed,killed,killed,killed,killed
Mab7f0be07b32e643,survived,survived,survived,survived,survived,survived,survived,survived
Mab93d046cfc135e2,survived,survived,survived,survived,survived,survived,survived,survived
Mab9c8ea8177c165c,killed,killed,killed,killed,killed,killed,killed,killed
Mabb27f3ac418627d,killed,killed,killed,killed,killed,killed,killed,killed
Mabba362953c0ba2d,no_tests,killed,killed,killed,killed,killed,killed,killed
Mabd9d58ced659c99,killed,killed,killed,killed,killed,killed,killed,killed
Mac02641dc941e84b,survived,survived,survived,survived,survived,survived,survived,survived
Mac04faa62125778b,killed,killed,killed,killed,killed,killed,killed,killed
Mac070ccc5968a986,survived,killed,killed,killed,killed,killed,survived,killed
Mac10787eafe417c7,killed,killed,killed,killed,killed,killed,killed,killed
Mac1520103f525041,survived,survived,survived,survived,survived,survived,survived,survived
Mac2a101f719ab1bb,survived,survived,survived,survived,survived,survived,survived,survived
Mac2b5385a5ddc813,killed,killed,killed,killed,killed,killed,killed,killed
Mac36a25eb45a2519,killed,killed,killed,killed,killed,killed,killed,killed
Mac3e7cdecfb4f0af,killed,killed,killed,killed,killed,killed,killed,killed
Mac57127224f0b30f,killed,killed,killed,killed,killed,killed,killed,killed
Mac642e1b418568f7,killed,killed,killed,killed,killed,killed,killed,killed
Mac84d3aa59cf17f5,killed,killed,killed,killed,killed,killed,killed,killed
Mac905daaa6e8b6d9,killed,killed,killed,killed,killed,killed,killed,killed
Mac96693ada3a7b49,survived,survived,survived,survived,survived,survived,survived,survived
Mac9794a80080aa72,killed,killed,killed,killed,killed,killed,killed,killed
Macaf63a3259c9820,killed,killed,killed,killed,killed,killed,killed,killed
Macb21e5f4f9c8901,killed,killed,killed,killed,killed,killed,killed,killed
Macb9e33898ad0727,killed,killed,killed,killed,killed,killed,killed,killed
Macc618a8e46cc0cc,survived,survived,survived,survived,survived,survived,survived,survived
Maccb70df7fb520ae,survived,survived,survived,survived,survived,survived,survived,survived
Macd7291c26123df8,killed,killed,killed,killed,killed,killed,killed,killed
Macdcd69bef2ea6e6,killed,killed,killed,killed,killed,killed,killed,killed
Mad0066c525c71e90,killed,killed,killed,killed,killed,killed,killed,killed
Mad04c60ab4c1377f,killed,killed,killed,killed,killed,killed,killed,killed
Mad1f80325ab9c230,survived,survived,survived,survived,survived,survived,survived,survived
Mad25b308ca550211,survived,survived,survived,survived,survived,survived,survived,survived
Mad2caad1d5a7ab76,survived,survived,survived,survived,survived,survived,survived,survived
Mad2ef83a29a0bc15,killed,killed,killed,killed,killed,killed,killed,killed
Mad440e48889dccda,killed,killed,killed,killed,killed,killed,killed,killed
Mad5665d35f095661,killed,killed,killed,killed,killed,killed,killed,killed
Mad6bb7c78a6c5638,survived,survived,survived,survived,survived,survived,survived,survived
Mad7056c43fbecf3e,survived,survived,survived,survived,survived,survived,survived,survived
Mad7bc769c33bb184,timeout,timeout,timeout,timeout,timeout,timeout,timeout,timeout
Mad7f852c423ee54d,killed,killed,killed,killed,killed,killed,killed,killed
Madacd0e91bc395d5,killed,killed,killed,killed,killed,killed,killed,killed
Madb3aea5e770430b,killed,killed,killed,killed,killed,killed,killed,killed
Madc3b6cef3db1ed3,killed,killed,killed,killed,killed,killed,killed,killed
Madca085503936daa,no_tests,no_tests,no_tests,no_tests,no_tests,no_tests,no_tests,no_tests
Made9f6230aaa131e,survived,survived,survived,survived,survived,survived,survived,survived
Madef09ea4fe3f914,killed,killed,killed,killed,killed,killed,killed,killed
Mae0c9b7172e05ed2,killed,killed,killed,killed,killed,killed,killed,killed
Mae0d4853f8f3f0b5,killed,killed,killed,killed,killed,killed,killed,killed
Mae2c5b620f336abc,survived,survived,survived,survived,survived,survived,survived,survived
Mae338b9c175fbecb,killed,killed,killed,killed,killed,killed,killed,killed
Mae35ee593813f041,survived,survived,survived,survived,survived,survived,survived,survived
Mae43a1c5de947121,killed,killed,killed,killed,killed,killed,killed,killed
Mae62ac54c3b85687,killed,killed,killed,killed,killed,killed,killed,killed
Mae6da653439e6293,survived,survived,survived,survived,survived,survived,survived,survived
Mae78c19b8d34ead4,killed,killed,killed,killed,killed,killed,killed,killed
Mae8278843f9acfd1,killed,killed,killed,killed,killed,killed,killed,killed
Mae8ecddc1a57a31b,survived,survived,survived,survived,survived,survived,survived,survived
Mae8f3831c1f6967d,survived,survived,survived,survived,survived,survived,survived,survived
Mae9b748173757afa,killed,killed,killed,killed,killed,killed,killed,killed
Maea0eb80a85c7dfb,survived,survived,survived,survived,survived,survived,survived,survived
Maeb5a262b7d52294,killed,killed,killed,killed,killed,killed,killed,killed
Maedb03d01ddb11ed,killed,killed,killed,killed,killed,killed,killed,killed
Maee886b7f8005618,killed,killed,killed,killed,killed,killed,killed,killed
Maef2111b86ce85c7,survived,survived,survived,survived,survived,survived,survived,survived
Maf08d34163785e48,killed,killed,killed,killed,killed,killed,killed,killed
Maf105421ee72fc9c,killed,killed,killed,killed,killed,killed,killed,killed
Maf17f7128e9e4322,killed,killed,killed,killed,killed,killed,killed,killed
Maf2a9f9c50a03462,survived,survived,survived,survived,survived,survived,survived,survived
Maf2b3d4fdf29cacc,survived,survived,survived,survived,survived,survived,survived,survived
Maf42c6c84742031d,killed,killed,killed,killed,killed,killed,killed,killed
Maf5df94180546d5a,killed,killed,killed,killed,killed,killed,killed,killed
Maf655426f1c1e2fd,killed,killed,killed,killed,killed,killed,killed,killed
Maf7555979b518a0f,survived,survived,survived,survived,survived,survived,survived,survived
Maf79187c1d00236b,killed,killed,killed,killed,killed,killed,killed,killed
Maf872e190d8c05d3,killed,killed,killed,survived,killed,survived,killed,killed
Maf9016ae65c60b53,killed,killed,killed,killed,killed,killed,killed,killed
Maf9aa601f4097660,killed,killed,killed,killed,killed,killed,killed,killed
Mafa6bbd03283745a,killed,killed,killed,killed,killed,killed,killed,killed
Mafc63ede2642487b,killed,killed,killed,killed,killed,killed,killed,killed
Mafc947220879caeb,killed,killed,killed,killed,killed,killed,killed,killed
Mafd09c364816d13a,killed,killed,killed,killed,killed,killed,killed,killed
Mafd11724a89e350a,killed,killed,killed,killed,killed,killed,killed,killed
Mafd1ad15aab2527a,killed,killed,killed,killed,killed,killed,killed,killed
Mafd45a2fab496f1a,killed,killed,killed,killed,killed,killed,killed,killed
Maff26473ecf4c2ca,survived,survived,survived,survived,survived,survived,survived,survived
Mb005a91e3a616fff,killed,killed,killed,killed,killed,killed,killed,killed
Mb00641b831603f9b,survived,survived,survived,survived,survived,survived,survived,survived
Mb018cebbf77d71bd,killed,killed,killed,killed,killed,killed,killed,killed
Mb01fb68c5a2485e0,killed,killed,killed,killed,killed,killed,killed,killed
Mb03b9a8a59a7964c,survived,survived,survived,survived,survived,survived,survived,survived
Mb043c537714f7f73,survived,survived,survived,survived,survived,survived,survived,survived
Mb05658e87f9ca7ca,survived,survived,survived,survived,survived,survived,survived,survived
Mb07004c03bf5a655,killed,killed,killed,killed,killed,killed,killed,killed
Mb07624bf14d8a8e4,killed,killed,killed,killed,killed,killed,killed,killed
Mb07ac6768fdaf11c,killed,killed,killed,killed,killed,killed,killed,killed
Mb081047c7ac26224,no_tests,killed,killed,killed,killed,killed,killed,killed
Mb084da086186bfe7,killed,killed,killed,killed,killed,killed,killed,killed
Mb08775c6c7d09deb,killed,killed,killed,killed,killed,killed,killed,killed
Mb08f09fd307c7b19,killed,killed,killed,killed,killed,killed,killed,killed
Mb09c14d62fc199c7,killed,killed,killed,killed,killed,killed,killed,killed
Mb0a640ed7e4f5df9,killed,killed,killed,killed,killed,killed,killed,killed
Mb0a795fd7e56782e,survived,survived,survived,survived,survived,survived,survived,survived
Mb0b4bdfb19cd09a2,killed,killed,killed,killed,killed,killed,killed,killed
Mb0b4d4a3414aae1b,survived,survived,survived,survived,survived,survived,survived,survived
Mb0ba04acfb11bd8f,killed,killed,killed,killed,killed,killed,killed,killed
Mb0c38bda8e373c0f,killed,killed,killed,killed,killed,killed,killed,killed
Mb0d23c24a7c6b89b,survived,survived,survived,survived,survived,survived,survived,survived
Mb0d2b13776a4666b,survived,survived,survived,survived,survived,survived,survived,survived
Mb0d9ce3c4146ecf8,killed,killed,killed,killed,killed,killed,killed,killed
Mb0e601501c856551,killed,killed,killed,killed,killed,killed,killed,killed
Mb0f64fd3117d2617,killed,killed,killed,killed,killed,killed,killed,killed
Mb0ff2ec10feaf5c7,survived,survived,survived,survived,survived,survived,survived,survived
Mb126a86da51ff20d,killed,killed,killed,killed,killed,killed,killed,killed
Mb13a548d53527aa6,survived,survived,survived,survived,survived,survived,survived,survived
Mb14b35f3bafc1c5f,killed,killed,killed,killed,killed,killed,killed,killed
Mb14cbbd339926afc,killed,killed,killed,killed,killed,killed,killed,killed
Mb19dbbbab7c04b71,killed,killed,killed,killed,killed,killed,killed,killed
Mb1a1664e83939ec3,survived,survived,survived,survived,survived,survived,survived,survived
Mb1b50e3c325ad8b6,killed,killed,killed,killed,killed,killed,killed,killed
Mb1be52aaf45f1d3c,killed,killed,killed,killed,killed,killed,killed,killed
Mb1c2ebd239843dcb,survived,survived,survived,survived,survived,survived,survived,survived
Mb1c75a8a86b64307,killed,killed,killed,killed,killed,killed,killed,killed
Mb1cec158e9aea1d6,killed,killed,killed,killed,killed,killed,killed,killed
Mb1d425c3917390d4,survived,survived,survived,survived,survived,survived,survived,survived
Mb1d78d4ac1a108c2,killed,killed,killed,killed,killed,killed,killed,killed
Mb1de7e99b2ae4da3,killed,killed,killed,killed,killed,killed,killed,killed
Mb206f0e9a4dd58f7,killed,killed,killed,killed,killed,killed,killed,killed
Mb21024246dc69282,survived,survived,survived,survived,survived,survived,survived,survived
Mb21ec118b4ded506,killed,killed,killed,killed,killed,killed,killed,killed
Mb2346741cdf9d6cf,survived,survived,survived,survived,survived,survived,survived,survived
Mb234c17fab252192,killed,killed,killed,killed,killed,killed,killed,killed
Mb23676edca451f03,survived,survived,survived,survived,survived,survived,survived,survived
Mb2482fda44f6c92d,killed,killed,killed,killed,killed,killed,killed,killed
Mb24884113c8fac04,killed,killed,killed,killed,killed,killed,killed,killed
Mb25bef862d7369de,killed,killed,killed,killed,killed,killed,killed,killed
Mb25cab4a93be00f0,survived,survived,survived,survived,survived,survived,survived,survived
Mb2607af5aed0a394,killed,killed,killed,killed,killed,killed,killed,killed
Mb268b96391608a43,survived,survived,survived,survived,survived,survived,survived,survived
Mb26c5e0491572d0c,survived,survived,survived,survived,survived,survived,survived,survived
Mb271fc405a83be7c,killed,killed,killed,killed,killed,killed,killed,killed
Mb2797ad8b4e9a667,killed,killed,killed,killed,killed,killed,killed,killed
Mb284938ca0385771,killed,killed,killed,killed,killed,killed,killed,killed
Mb2877bfd77b21e26,timeout,timeout,timeout,timeout,timeout,timeout,timeout,timeout
Mb28ac3d48cd3a966,killed,killed,killed,killed,killed,killed,killed,killed
Mb2a83cd87d9fe727,killed,killed,killed,killed,killed,killed,killed,killed
Mb2aebbceaf0e730b,killed,killed,killed,killed,killed,killed,killed,killed
Mb2b14090b919089a,killed,killed,killed,killed,killed,killed,killed,killed
Mb2b20d75f425c405,killed,killed,killed,killed,killed,killed,killed,killed
Mb2c4c2c48e989b56,killed,killed,killed,killed,killed,killed,killed,killed
Mb2e1fd54e5e6a03c,survived,survived,survived,survived,survived,survived,survived,survived
Mb2fa461a5486c454,killed,killed,killed,killed,killed,killed,killed,killed
Mb3076f2d37352c86,killed,killed,killed,killed,killed,killed,killed,killed
Mb31408e01f8acc40,killed,killed,killed,killed,killed,killed,killed,killed
Mb320cf0f74977992,killed,killed,killed,killed,killed,killed,killed,killed
Mb3233165fa3d2f3d,killed,killed,killed,killed,killed,killed,killed,killed
Mb32390555ab392d5,killed,killed,killed,killed,killed,killed,killed,killed
Mb325c3b55bf628db,killed,killed,killed,killed,killed,killed,killed,killed
Mb3320dbe2305574a,survived,survived,survived,survived,survived,survived,survived,survived
Mb34ef6073b9ab9ec,killed,killed,killed,killed,killed,killed,killed,killed
Mb35db0e12ac3b23a,killed,killed,killed,killed,killed,killed,killed,killed
Mb3667a797d011c24,survived,survived,survived,survived,survived,survived,survived,survived
Mb367c77ecf8d3323,killed,killed,killed,killed,killed,killed,killed,killed
Mb36bce7af803cde1,killed,killed,killed,killed,killed,killed,killed,killed
Mb385aa0bcb4a206b,survived,survived,survived,survived,survived,survived,survived,survived
Mb39f4689ad21353a,survived,survived,survived,survived,survived,survived,survived,survived
Mb3a2f355d557881f,killed,killed,killed,killed,killed,killed,killed,killed
Mb3b0b9273116dab6,killed,killed,killed,killed,killed,killed,killed,killed
Mb3b875198444c120,killed,killed,killed,killed,killed,killed,killed,killed
Mb3b999f73820750f,survived,survived,survived,survived,survived,survived,survived,survived
Mb3d4ce0fd4865160,timeout,timeout,timeout,timeout,timeout,timeout,timeout,timeout
Mb3e8c092e7b6dc80,survived,survived,survived,survived,survived,survived,survived,survived
Mb3e937f64b892ed5,survived,survived,survived,survived,survived,survived,survived,survived
Mb3eba4ab4f1b33fb,killed,killed,killed,killed,killed,killed,killed,killed
Mb3f95fd5443a655d,killed,killed,killed,killed,killed,killed,killed,killed
Mb3fcbf9e2c79bc7b,killed,killed,killed,killed,killed,killed,killed,killed
Mb4173c4b203a8a59,killed,killed,killed,killed,killed,killed,killed,killed
Mb41f9fa41e95e481,killed,killed,killed,killed,killed,killed,killed,killed
Mb42f17b7aedecbdb,killed,killed,killed,killed,killed,killed,killed,killed
Mb4397fe9126debcd,survived,survived,survived,survived,survived,survived,survived,survived
Mb4492355e7747f33,killed,killed,killed,killed,killed,killed,killed,killed
Mb454e4a9e21a221a,killed,killed,killed,killed,killed,killed,killed,killed
Mb456533f6bc3c107,killed,killed,killed,killed,killed,killed,killed,killed
Mb4565d9f8f6ac72c,killed,killed,killed,killed,killed,killed,killed,killed
Mb461505adbc8ce68,survived,survived,survived,survived,survived,survived,survived,survived
Mb48ca535869b8101,timeout,timeout,timeout,timeout,timeout,timeout,timeout,timeout
Mb4a2d26c2615614f,survived,survived,survived,survived,survived,survived,survived,survived
Mb4b01ad0732fc961,killed,killed,killed,killed,killed,killed,killed,killed
Mb4b47df46fbcd9a9,survived,survived,survived,survived,survived,survived,survived,survived
Mb4b5e78f53224ea0,killed,killed,killed,killed,killed,killed,killed,killed
Mb4b755e5e3ea9b5b,killed,killed,killed,killed,killed,killed,killed,killed
Mb4cf2328ce8cc972,killed,killed,killed,killed,killed,killed,killed,killed
Mb4d53cb50d6a2a45,killed,killed,killed,killed,killed,killed,killed,killed
Mb4d670335e6ffda1,killed,killed,killed,killed,killed,killed,killed,killed
Mb4f7af068066115c,survived,survived,survived,survived,survived,survived,survived,survived
Mb4faf8db062b24a2,survived,survived,survived,survived,survived,survived,survived,survived
Mb4fed1f784fb753e,survived,survived,survived,survived,survived,survived,survived,survived
Mb50bb9b68df16b81,survived,survived,survived,survived,survived,survived,survived,survived
Mb5270129be84d864,killed,killed,killed,killed,killed,killed,killed,killed
Mb5287c4984952555,killed,killed,killed,killed,killed,killed,killed,killed
Mb5308a77c7713a7a,no_tests,survived,survived,survived,survived,survived,survived,survived
Mb53bf1bf0bfe9f50,killed,killed,killed,killed,killed,killed,killed,killed
Mb54820558dbe4ed4,survived,survived,killed,survived,survived,survived,survived,survived
Mb554a156e90ae5f8,killed,killed,killed,killed,killed,killed,killed,killed
Mb589b6b1f75830ea,survived,survived,survived,survived,survived,survived,survived,survived
Mb58c3dd52cabc7a7,survived,survived,survived,survived,survived,survived,survived,survived
Mb58d40aa5bf68e16,killed,killed,killed,killed,killed,killed,killed,killed
Mb592111ca5f7aa10,survived,survived,survived,survived,survived,survived,survived,survived
Mb5a09554d8087c1d,killed,killed,killed,killed,killed,killed,killed,killed
Mb5a8b8ae9c856a23,killed,killed,killed,killed,killed,killed,killed,killed
Mb5d2b045a1dd9583,killed,killed,killed,killed,killed,killed,killed,killed
Mb5d2c683ed2e8d7c,killed,killed,killed,killed,killed,killed,killed,killed
Mb5dbee16cd9444b5,survived,survived,survived,survived,survived,survived,survived,survived
Mb5e3c09ea36e93a2,survived,survived,survived,survived,survived,survived,survived,survived
Mb5eba03a7163a98a,killed,killed,killed,killed,killed,killed,killed,killed
Mb60122b831ee4fd3,survived,survived,survived,survived,survived,survived,survived,survived
Mb6151725ecdd2cdf,survived,survived,survived,survived,survived,survived,survived,survived
Mb61bd2db244babdf,survived,survived,survived,survived,survived,survived,survived,survived
Mb61d36374a5c72f3,killed,killed,killed,killed,killed,killed,killed,killed
Mb627fbf729f1ad61,survived,survived,survived,survived,survived,survived,survived,survived
Mb649fbe6fd8f0712,killed,killed,killed,killed,killed,killed,killed,killed
Mb66df810d78690cb,killed,killed,killed,killed,killed,killed,killed,killed
Mb671dbeb48a0d55e,timeout,timeout,timeout,timeout,timeout,timeout,timeout,timeout
Mb6745da59bfb9396,killed,killed,killed,killed,killed,killed,killed,killed
Mb678044ba6c440a9,killed,killed,killed,killed,killed,killed,killed,killed
Mb67ae3a22012ebc0,killed,killed,killed,killed,killed,killed,killed,killed
Mb6805387482d422a,killed,killed,killed,killed,killed,killed,killed,killed
Mb681687863d24c7a,killed,killed,killed,killed,killed,killed,killed,killed
Mb6a22290fa39f550,killed,killed,killed,killed,killed,killed,killed,killed
Mb6a268dee6e2c29e,killed,killed,killed,killed,killed,killed,killed,killed
Mb6a6529979071c39,survived,survived,survived,survived,survived,survived,survived,survived
Mb6b4a7289f54d4f1,killed,killed,killed,killed,killed,killed,killed,killed
Mb6ba6e146db8b6a3,killed,killed,killed,killed,killed,killed,killed,killed
Mb6bf245df9ed6906,killed,killed,killed,killed,killed,killed,killed,killed
Mb6d2aa892f89c86e,killed,killed,killed,killed,killed,killed,killed,killed
Mb6e9f97209563442,killed,killed,killed,killed,killed,killed,killed,killed
Mb719a81416222180,survived,survived,survived,survived,survived,survived,survived,survived
Mb722242c3af05f68,survived,survived,survived,survived,survived,survived,survived,survived
Mb725bfe15e1e12c8,killed,killed,killed,killed,killed,killed,killed,killed
Mb72b98ce3a5ace3b,killed,killed,killed,killed,killed,killed,killed,killed
Mb7392b9b38c3b9aa,survived,survived,survived,survived,survived,survived,survived,survived
Mb741509f95f12d58,survived,survived,survived,survived,survived,survived,survived,survived
Mb76b29f95efbb204,survived,survived,survived,survived,survived,survived,survived,survived
Mb76e5ad79bcee179,killed,killed,killed,killed,killed,killed,killed,killed
Mb771952fc7b180fd,killed,killed,killed,killed,killed,killed,killed,killed
Mb77e37c3657d9648,killed,killed,killed,killed,killed,killed,killed,killed
Mb787fce459bbf900,killed,killed,killed,killed,killed,killed,killed,killed
Mb79178d32d8775c7,killed,killed,killed,killed,killed,killed,killed,killed
Mb7bce1e30e9d99f3,survived,survived,survived,survived,survived,survived,survived,survived
Mb7c313cc70010167,killed,killed,killed,killed,killed,killed,killed,killed
Mb7cf6a94ee06428e,killed,killed,killed,killed,killed,killed,killed,killed
Mb7eaceda7e74aba5,killed,killed,killed,killed,killed,killed,killed,killed
Mb7ee0928e0c35264,survived,survived,survived,survived,survived,survived,survived,survived
Mb7f5c776e67a7457,killed,killed,killed,killed,killed,killed,killed,killed
Mb80a96ef40c1bd95,killed,killed,killed,killed,killed,killed,killed,killed
Mb81d79a5e3813a6c,killed,killed,killed,killed,killed,killed,killed,killed
Mb823f7bde338e33f,survived,survived,survived,survived,survived,survived,survived,survived
Mb8512d7012c33fdb,survived,survived,survived,survived,survived,survived,survived,survived
Mb85c02f289bad629,killed,killed,killed,killed,killed,killed,killed,killed
Mb85d73c96e392b6a,timeout,timeout,timeout,timeout,timeout,timeout,timeout,timeout
Mb86c9e7e38752135,survived,survived,survived,survived,survived,survived,survived,survived
Mb8947e40a9648b31,killed,killed,killed,killed,killed,killed,killed,killed
Mb8a1d6d148a3befc,killed,killed,killed,killed,killed,killed,killed,killed
Mb8a3c210d5aa5fce,killed,killed,killed,killed,killed,killed,killed,killed
Mb8a6496b7cf8827e,killed,killed,killed,killed,killed,killed,killed,killed
Mb8d6fa845121ebdc,killed,killed,killed,killed,killed,killed,killed,killed
Mb8ddbd00ed83affe,killed,killed,killed,killed,killed,killed,killed,killed
Mb8e86de8a62f10e4,timeout,timeout,timeout,timeout,timeout,timeout,timeout,timeout
Mb8ed6e487dd2f140,killed,killed,killed,killed,killed,killed,survived,killed
Mb92872926307f321,killed,killed,killed,killed,killed,killed,killed,killed
Mb9346805ed48076f,killed,killed,killed,killed,killed,killed,killed,killed
Mb9417af6b385640d,killed,killed,killed,killed,killed,killed,killed,killed
Mb9965612054954e0,killed,killed,killed,killed,killed,killed,killed,killed
Mb9ba8b441d5c1545,killed,killed,killed,killed,killed,killed,killed,killed
Mb9beaf50d25386fd,survived,survived,survived,survived,survived,survived,survived,survived
Mb9bffc8c203ebee4,survived,survived,survived,survived,survived,survived,survived,survived
Mb9d2e256344c2442,survived,survived,survived,survived,survived,survived,survived,survived
Mb9ed68931e07cc24,survived,survived,survived,survived,survived,survived,survived,survived
Mb9fe7807fc20b82c,survived,survived,survived,survived,survived,survived,survived,survived
Mba0280d3452e0d08,killed,killed,killed,killed,killed,killed,killed,killed
Mba04d8d1ea6fde46,killed,killed,killed,killed,killed,killed,killed,killed
Mba080370e8deaf8c,killed,killed,killed,killed,killed,killed,killed,killed
Mba125df733abea28,killed,killed,killed,killed,killed,killed,killed,killed
Mba2da7f66ba8a18e,killed,killed,killed,killed,killed,killed,killed,killed
Mba34f77eb0cd93d2,killed,killed,killed,killed,killed,killed,killed,killed
Mba3707fafe24fc83,killed,killed,killed,killed,killed,killed,killed,killed
Mba3cf3b09d2ab643,killed,killed,killed,killed,killed,killed,killed,killed
Mba4279bb5f6dc577,survived,survived,survived,survived,survived,survived,survived,survived
Mba4372d7d5630f56,killed,killed,killed,killed,killed,killed,killed,killed
Mba51c87c237fff7c,killed,killed,killed,killed,killed,killed,killed,killed
Mba5cec7c05234c39,survived,survived,survived,survived,survived,survived,survived,survived
Mba685d269c5ea01b,survived,survived,survived,survived,survived,survived,survived,survived
Mba6b2487a2a169e5,killed,killed,killed,killed,killed,killed,killed,killed
Mba710f536a0efc6c,killed,killed,killed,killed,killed,killed,killed,killed
Mba7cd9ca9c0f38d0,killed,killed,killed,killed,killed,killed,killed,killed
Mba8be1771d3efd94,survived,survived,survived,survived,survived,survived,survived,survived
Mba8c921f7ea59e77,no_tests,killed,killed,killed,killed,killed,killed,killed
Mba9b1d6dfd050f0f,killed,killed,killed,killed,killed,killed,killed,killed
Mba9d3ff0c215a027,survived,survived,survived,survived,survived,survived,survived,survived
Mbab4686e08c3cf93,killed,killed,killed,killed,killed,killed,killed,killed
Mbacf6a5e699e8e42,survived,survived,survived,survived,survived,survived,survived,survived
Mbad2fd7d3d268a19,survived,survived,survived,survived,survived,survived,survived,survived
Mbb042366335fc1e5,killed,killed,killed,killed,killed,killed,killed,killed
Mbb08c7d6b14a799a,killed,killed,killed,killed,killed,killed,killed,killed
Mbb0e34cefc0a8adc,killed,killed,killed,killed,killed,killed,killed,killed
Mbb23ca7880cc84fe,killed,killed,killed,killed,killed,killed,killed,killed
Mbb26142cef4889da,killed,killed,killed,killed,killed,killed,killed,killed
Mbb27f220d97c65f6,killed,killed,killed,killed,killed,killed,killed,killed
Mbb28de7ce25522b8,killed,killed,killed,killed,killed,killed,killed,killed
Mbb3fe793bdcb370f,killed,killed,killed,killed,killed,killed,killed,killed
Mbb50f59644c8d8f7,survived,survived,survived,survived,survived,survived,survived,survived
Mbb67fc258221ecd3,survived,survived,survived,survived,survived,survived,survived,survived
Mbb7a0cb3d1c2aa96,killed,killed,killed,killed,killed,killed,killed,killed
Mbb8f50bfe98b0be4,killed,killed,killed,killed,killed,killed,timeout,killed
Mbb9e39becb42b345,survived,survived,survived,survived,survived,survived,survived,survived
Mbbb27e7dcc994daf,survived,survived,survived,survived,survived,survived,survived,survived
Mbbd4fa7f03886d6a,survived,survived,survived,survived,survived,survived,survived,survived
Mbbdd5f4910ac9d66,survived,survived,survived,survived,survived,survived,survived,survived
Mbbdd7d5e30646c5b,killed,killed,killed,killed,killed,killed,killed,killed
Mbbeb33c3e1f589db,killed,killed,killed,killed,killed,killed,killed,killed
Mbc0afd4e7a1adc93,killed,killed,killed,killed,killed,killed,killed,killed
Mbc0de166fc0fa330,killed,killed,killed,killed,killed,killed,killed,killed
Mbc0ecb9da52b0385,survived,survived,survived,survived,survived,survived,survived,survived
Mbc0f0ef670760706,killed,killed,killed,killed,killed,killed,killed,killed
Mbc1170b73545e9b2,survived,survived,survived,survived,survived,survived,survived,survived
Mbc17e5b0ca506194,killed,killed,killed,killed,killed,killed,killed,killed
Mbc1c3b4f06ecafbd,killed,killed,killed,killed,killed,killed,killed,killed
Mbc1efec366ea2c7a,killed,killed,killed,killed,killed,killed,killed,killed
Mbc216831001462bd,survived,survived,survived,survived,survived,survived,survived,survived
Mbc28c4f6ab4cd994,killed,killed,killed,killed,killed,killed,killed,killed
Mbc35a2b95e5bc7e9,survived,survived,survived,survived,survived,survived,survived,survived
Mbc40ebdd85392b7f,killed,killed,killed,killed,killed,killed,killed,killed
Mbc62c7e85687566d,killed,killed,killed,killed,killed,killed,killed,killed
Mbc6567851548c890,killed,killed,killed,killed,killed,killed,killed,killed
Mbc7d38fd53fb41c1,killed,killed,killed,killed,killed,killed,killed,killed
Mbc82c7e6dbd9d8de,killed,killed,killed,killed,killed,killed,killed,killed
Mbc8e7da3facdc681,killed,killed,killed,killed,killed,killed,killed,killed
Mbc98c9acafec4d67,killed,killed,killed,killed,killed,killed,killed,killed
Mbc99d7578a0263c0,killed,killed,killed,killed,killed,killed,killed,killed
Mbcb0aea5359f11f3,killed,killed,killed,killed,killed,killed,killed,killed
Mbcb71e35aeb58a03,killed,killed,killed,killed,killed,killed,killed,killed
Mbcbd6aefe5761228,survived,survived,survived,survived,survived,survived,survived,survived
Mbccb98d11c8262e4,killed,killed,killed,killed,killed,killed,killed,killed
Mbcceb569ebccb605,killed,killed,killed,killed,killed,killed,killed,killed
Mbcd5f38009e89ca6,killed,killed,killed,killed,killed,killed,killed,killed
Mbcd900a6c2af5b8c,killed,killed,killed,killed,killed,killed,killed,killed
Mbcdb7d8b6f5b80aa,killed,killed,killed,killed,killed,killed,killed,killed
Mbcdd3878cb4bc8c1,survived,survived,survived,survived,survived,survived,survived,survived
Mbce15a4ca3b50633,killed,killed,killed,killed,killed,killed,killed,killed
Mbcecee61dfe7ea9b,survived,survived,survived,survived,survived,survived,survived,survived
Mbcf18f9e4f6967c8,killed,killed,killed,killed,killed,killed,killed,killed
Mbcf4c9306296a5e9,survived,survived,survived,survived,survived,survived,survived,survived
Mbd0c9c4054508952,timeout,timeout,timeout,timeout,timeout,timeout,timeout,timeout
Mbd19abc6b0874dcd,killed,killed,killed,killed,killed,killed,killed,killed
Mbd2f5d227e7386a5,survived,survived,survived,survived,survived,survived,survived,survived
Mbd323a628af3c779,timeout,timeout,timeout,timeout,timeout,timeout,timeout,timeout
Mbd3461ae4692cc7c,timeout,timeout,timeout,timeout,timeout,timeout,timeout,timeout
Mbd4509a007236355,killed,killed,killed,killed,killed,killed,killed,killed
Mbd567daa2065e309,killed,killed,killed,killed,killed,killed,killed,killed
Mbd5857f63a4ca202,survived,survived,survived,survived,survived,survived,survived,survived
Mbd851e560eefde0c,survived,survived,survived,survived,survived,survived,survived,survived
Mbdb05388b158aa98,survived,survived,survived,survived,survived,survived,survived,survived
Mbdb276c6b6193090,killed,killed,killed,killed,killed,killed,killed,killed
Mbdb9f544220a0421,killed,killed,killed,killed,killed,killed,killed,killed
Mbdc41b582ce51e35,killed,killed,killed,killed,killed,killed,killed,killed
Mbdd22e87d0d228d2,survived,survived,survived,survived,survived,survived,survived,survived
Mbdda8842883ebf9b,killed,killed,killed,killed,killed,killed,killed,killed
Mbddf115457a8ff50,timeout,timeout,timeout,timeout,timeout,timeout,timeout,timeout
Mbde3f6137dc7ae0a,killed,killed,killed,killed,killed,killed,killed,killed
Mbde77e7c9a0b4fc0,killed,killed,killed,killed,killed,killed,killed,killed
Mbdedb405537501b5,survived,survived,survived,survived,survived,survived,survived,survived
Mbe0ff9780762cdfd,killed,killed,killed,killed,killed,killed,killed,killed
Mbe236e8865e46583,killed,killed,killed,killed,killed,killed,killed,killed
Mbe37030a25ac7298,killed,killed,killed,killed,killed,killed,killed,killed
Mbe55eb54d2919cbd,survived,survived,survived,survived,survived,survived,survived,survived
Mbe5eed9a0ce0a0e8,killed,killed,killed,killed,killed,killed,killed,killed
Mbe6951f1e774ccdb,survived,survived,survived,survived,survived,survived,survived,survived
Mbe6e7f8481a870b9,timeout,timeout,timeout,timeout,timeout,timeout,timeout,timeout
Mbe6f0c37499b89f9,killed,killed,killed,killed,killed,killed,killed,killed
Mbe75341e22e86dd9,survived,survived,survived,survived,survived,survived,survived,survived
Mbe77a1a34c6608fc,killed,killed,killed,killed,killed,killed,killed,killed
Mbe9f3d586d0170ce,survived,survived,survived,survived,survived,survived,survived,survived
Mbea7bf748999daab,killed,killed,killed,killed,killed,killed,killed,killed
Mbebedaaede214ab2,killed,killed,killed,killed,killed,killed,killed,killed
Mbec1480b29ac7806,killed,killed,killed,killed,killed,killed,killed,killed
Mbec1a22f6ea2ef1c,killed,killed,killed,killed,killed,killed,killed,killed
Mbec34683905a9f56,killed,killed,killed,killed,killed,killed,killed,killed
Mbed5c6b1daaaeb75,killed,killed,killed,killed,killed,killed,killed,killed
Mbef846894f6fc441,survived,survived,survived,survived,survived,survived,survived,survived
Mbf1a32fe12906fd9,killed,killed,killed,killed,killed,killed,killed,killed
Mbf2252d2b1f43bee,survived,survived,survived,survived,survived,survived,survived,survived
Mbf23537a5ae034df,killed,killed,killed,killed,killed,killed,killed,killed
Mbf30f94046cff64f,survived,survived,survived,survived,survived,survived,survived,survived
Mbf369e115ec205a6,killed,killed,killed,killed,killed,killed,killed,killed
Mbf4ec18b4f6d64ad,survived,survived,survived,survived,killed,killed,survived,killed
Mbf5719b63cabb5b8,killed,killed,killed,killed,killed,killed,killed,killed
Mbf5db0cd465cf342,killed,killed,killed,killed,killed,killed,killed,killed
Mbf64fb24755fc1d4,survived,survived,survived,survived,survived,survived,survived,survived
Mbf81e0f8c5d75f67,killed,killed,killed,killed,killed,killed,killed,killed
Mbf84c76e760261ca,survived,survived,survived,survived,survived,survived,survived,survived
Mbf884e638a33866f,killed,killed,killed,killed,killed,killed,killed,killed
Mbf9a4cc770a0d273,killed,killed,killed,killed,killed,killed,killed,killed
Mbf9d81ef53945b18,survived,survived,survived,survived,survived,survived,survived,survived
Mbfb3488e7088fd2e,survived,survived,survived,survived,survived,survived,survived,survived
Mbfb563e474cbd717,survived,survived,survived,survived,survived,survived,survived,survived
Mbfc3020f5273214b,killed,killed,killed,killed,killed,killed,killed,killed
Mbfc4191304db1dd2,killed,killed,killed,killed,killed,killed,killed,killed
Mbfdab2d4e244b684,survived,survived,survived,survived,survived,survived,survived,survived
Mbff0fd8316e8f10c,killed,killed,killed,killed,killed,killed,killed,killed
Mbff4dbb1f25693c7,killed,killed,killed,killed,killed,killed,killed,killed
Mc010397a21b3f2c6,killed,killed,killed,killed,killed,killed,killed,killed
Mc014f8d394258c76,survived,survived,survived,survived,survived,survived,survived,survived
Mc02010d6bdf97740,killed,killed,killed,killed,killed,killed,killed,killed
Mc0398385764c2551,timeout,timeout,timeout,timeout,timeout,timeout,timeout,timeout
Mc03a6dc0d700c925,survived,survived,survived,survived,survived,survived,survived,survived
Mc041bd2f2e760c98,survived,survived,survived,survived,survived,survived,survived,survived
Mc04b975ef7475017,timeout,timeout,timeout,timeout,timeout,timeout,timeout,timeout
Mc05e28c950f9c6c0,killed,killed,killed,killed,killed,killed,killed,killed
Mc0674f41b3e68077,killed,killed,killed,killed,killed,killed,killed,killed
Mc06ec129e9f59576,killed,killed,killed,killed,killed,killed,killed,killed
Mc07b33fd695e99eb,killed,killed,killed,killed,killed,killed,killed,killed
Mc081bf5e0bcbc457,killed,killed,killed,killed,killed,killed,killed,killed
Mc09370b932088372,survived,survived,survived,survived,survived,survived,survived,survived
Mc09b614109f57557,killed,killed,killed,killed,killed,killed,killed,killed
Mc0a5340ca44d0c69,timeout,timeout,timeout,timeout,timeout,timeout,timeout,timeout
Mc0b78d20358f69f8,killed,killed,killed,killed,killed,killed,killed,killed
Mc0bee221ae54265e,killed,killed,killed,killed,killed,killed,killed,killed
Mc0dc56cd2164ed7e,killed,killed,killed,killed,killed,killed,killed,killed
Mc0f3769001a735dd,killed,killed,killed,killed,killed,killed,killed,killed
Mc0fb86ff219fb1f4,killed,killed,killed,killed,killed,killed,killed,killed
Mc10aa36f00a3abd7,survived,survived,survived,survived,survived,survived,survived,survived
Mc11393b875b835ab,killed,killed,killed,killed,killed,killed,killed,killed
Mc115e3dbe44425b0,survived,survived,survived,survived,survived,survived,survived,survived
Mc119ed826d050365,timeout,timeout,timeout,timeout,timeout,timeout,timeout,timeout
Mc11a25d6eeab16c6,killed,killed,killed,killed,killed,killed,killed,killed
Mc132f56a9f11195e,survived,survived,survived,survived,survived,survived,survived,survived
Mc145e0974c1ba397,killed,killed,killed,killed,killed,killed,killed,killed
Mc15f94b4ae1e13df,killed,killed,killed,killed,killed,killed,killed,killed
Mc187cbcc79851bd0,killed,killed,killed,killed,killed,killed,killed,killed
Mc1886692920cf4cf,survived,survived,survived,survived,survived,survived,survived,survived
Mc19dad2b1235daaf,killed,killed,killed,killed,killed,killed,killed,killed
Mc19f37347efcd910,killed,killed,killed,killed,killed,killed,killed,killed
Mc1a3be2690cb22f0,survived,survived,survived,survived,survived,survived,survived,survived
Mc1af7d860c329319,timeout,timeout,timeout,timeout,timeout,timeout,timeout,timeout
Mc1e015fa740e4faa,killed,killed,killed,killed,killed,killed,killed,killed
Mc1e746209a482b87,timeout,timeout,timeout,timeout,timeout,timeout,timeout,timeout
Mc2065a5d263f478d,timeout,timeout,timeout,timeout,timeout,timeout,timeout,timeout
Mc207b89d56c780c8,survived,survived,survived,survived,survived,survived,survived,survived
Mc208f1c4df143885,killed,killed,killed,killed,killed,killed,killed,killed
Mc21c4807d7cfa7fa,killed,killed,killed,killed,killed,killed,killed,killed
Mc2239e1dc0b1ecb1,survived,survived,survived,survived,survived,survived,survived,survived
Mc2270414879e8218,survived,survived,survived,survived,survived,survived,survived,survived
Mc2310b491e7d793e,survived,survived,survived,survived,survived,survived,survived,survived
Mc23cd73c346383d6,survived,survived,survived,survived,survived,survived,survived,survived
Mc243c0173c849e6e,survived,survived,survived,survived,survived,survived,survived,survived
Mc253a9b87c8e13a9,killed,killed,killed,killed,killed,killed,killed,killed
Mc259196d1929e4e7,killed,killed,killed,killed,killed,killed,killed,killed
Mc25a415da2e191a5,killed,killed,killed,killed,killed,killed,killed,killed
Mc26297e13092b796,killed,killed,killed,killed,killed,killed,killed,killed
Mc264d5e649226171,killed,killed,killed,killed,killed,killed,killed,killed
Mc26d88dec9c8cf50,killed,killed,killed,killed,killed,killed,killed,killed
Mc26eeaaadbcfff26,survived,survived,survived,survived,survived,survived,survived,survived
Mc27c32b1a6e273e5,killed,killed,killed,killed,killed,killed,killed,killed
Mc27f35806d057999,killed,killed,killed,killed,killed,killed,killed,killed
Mc284254e425e2876,killed,killed,killed,killed,killed,killed,killed,killed
Mc2847d7c09eff3e4,survived,survived,survived,survived,survived,survived,survived,survived
Mc2a62145d478bade,killed,killed,killed,killed,killed,killed,killed,killed
Mc2aeeae6240ad321,survived,survived,survived,survived,survived,survived,survived,survived
Mc2c85390304fe351,survived,survived,survived,survived,survived,survived,survived,survived
Mc2cfdfb5f5591e91,killed,killed,killed,killed,killed,killed,killed,killed
Mc2d1950e88a63591,killed,killed,killed,killed,killed,killed,killed,killed
Mc2da59f344c2f5d5,killed,killed,killed,killed,killed,killed,killed,killed
Mc2dcef506f9ef2c3,timeout,timeout,timeout,timeout,timeout,timeout,timeout,timeout
Mc2e7cc6edc1bc19d,killed,killed,killed,killed,killed,killed,killed,killed
Mc309efc62e39ea84,survived,survived,survived,survived,survived,survived,survived,survived
Mc30b5c30d8d7d4c2,killed,killed,killed,killed,killed,killed,killed,killed
Mc30bc3eef14ae86f,killed,killed,killed,killed,killed,killed,killed,killed
Mc3148d80f58b66da,killed,killed,killed,killed,killed,killed,killed,killed
Mc328323f2baaf8f3,survived,survived,survived,survived,survived,survived,survived,survived
Mc328da31d9de408f,killed,killed,killed,killed,killed,killed,killed,killed
Mc330f0ec9fd905dd,killed,killed,killed,killed,killed,killed,killed,killed
Mc337dc979fce59cd,killed,killed,killed,killed,killed,killed,killed,killed
Mc345e8807e4d8b83,killed,killed,killed,killed,killed,killed,killed,killed
Mc3482e40286dc911,killed,killed,killed,killed,killed,killed,killed,killed
Mc3546e3217b06192,survived,survived,survived,survived,survived,survived,survived,survived
Mc367b67e208faaff,killed,killed,killed,killed,killed,killed,killed,killed
Mc37cd1b03d3e6fe8,killed,killed,killed,killed,killed,killed,killed,killed
Mc387d1ed1caeaef9,survived,survived,survived,survived,survived,survived,survived,survived
Mc3920f068aceff97,killed,killed,killed,killed,killed,killed,killed,killed
Mc3ab5f0058ca31a7,killed,killed,killed,killed,killed,killed,killed,killed
Mc3b85a020c71f50e,killed,killed,killed,killed,killed,killed,killed,killed
Mc3ceaa93ce50f737,killed,killed,killed,killed,killed,killed,killed,killed
Mc3cf3fcbe49dd827,killed,killed,killed,killed,killed,killed,killed,killed
Mc3d4c2a50667b09a,survived,survived,survived,survived,survived,survived,survived,survived
Mc3d699d9a77058ad,killed,killed,killed,killed,killed,killed,killed,killed
Mc3ef227e090a48c7,survived,survived,survived,survived,survived,survived,survived,survived
Mc4011e9457f995c1,killed,killed,killed,killed,killed,killed,killed,killed
Mc40514769da6f827,killed,killed,killed,killed,killed,killed,killed,killed
Mc4107158d1eaf099,killed,killed,killed,killed,killed,killed,killed,killed
Mc41d70d99787ad1a,survived,survived,survived,survived,survived,survived,survived,survived
Mc4250f47a5751438,survived,survived,survived,survived,survived,survived,survived,survived
Mc43f775d4b016bc0,killed,killed,killed,killed,killed,killed,killed,killed
Mc44213c26109aab2,survived,survived,killed,killed,survived,survived,survived,survived
Mc4528b68348296b1,killed,killed,killed,killed,killed,killed,killed,killed
Mc46702fb1366a665,killed,killed,killed,killed,killed,killed,killed,killed
Mc469f6cb48eec73f,killed,killed,killed,killed,killed,killed,killed,killed
Mc476c7b18454cfac,killed,killed,killed,killed,killed,killed,killed,killed
Mc4787a69a4ebeaf8,killed,killed,killed,killed,killed,killed,killed,killed
Mc47e67c551abd074,killed,killed,killed,killed,killed,killed,killed,killed
Mc4842df5b43d8d22,killed,killed,killed,killed,killed,killed,killed,killed
Mc48bd08e02bd2fd6,killed,killed,killed,killed,killed,killed,killed,killed
Mc49fdf2be48ac993,killed,killed,killed,killed,killed,killed,killed,killed
Mc4f46cfab5de0197,killed,killed,killed,killed,killed,killed,killed,killed
Mc506c2852a1d29e3,survived,survived,survived,survived,survived,survived,survived,survived
Mc51016753ae9306f,survived,survived,survived,survived,survived,survived,survived,survived
Mc521d491838bebc7,killed,killed,killed,killed,killed,killed,killed,killed
Mc53cb4ff7248aa82,killed,killed,killed,killed,killed,killed,killed,killed
Mc545a1be91264461,survived,survived,survived,survived,survived,survived,survived,survived
Mc5588db57f601191,survived,survived,survived,survived,survived,survived,survived,survived
Mc55915e58dcf7eb6,killed,killed,killed,killed,killed,killed,killed,killed
Mc57877a407199351,killed,killed,killed,killed,killed,killed,killed,killed
Mc57dd6e70ddf62a5,timeout,timeout,timeout,timeout,timeout,timeout,timeout,timeout
Mc5835644ac828d50,killed,killed,killed,killed,killed,killed,killed,killed
Mc584ae8f7be2d9a2,killed,killed,killed,killed,killed,killed,killed,killed
Mc5902bce4253e2b0,survived,survived,survived,survived,survived,survived,survived,survived
Mc5920d203655b93a,survived,survived,survived,survived,survived,survived,survived,survived
Mc593e0c0e1bfb443,survived,survived,survived,survived,survived,survived,survived,survived
Mc5a598af07d2faa7,survived,survived,survived,survived,survived,survived,survived,survived
Mc5bd80cda67c4f5e,killed,killed,killed,killed,killed,killed,killed,killed
Mc5ca1ffff2164b44,killed,killed,killed,killed,killed,killed,killed,killed
Mc5cb8c3081b9eef3,killed,killed,killed,killed,killed,killed,killed,killed
Mc5d1a492b9afa6e8,survived,survived,survived,survived,survived,survived,survived,survived
Mc5de8ab034d0f739,survived,survived,survived,survived,survived,survived,survived,survived
Mc5e40eab5c8889fe,timeout,timeout,timeout,timeout,timeout,timeout,timeout,timeout
Mc5f8e18afff36570,killed,killed,killed,killed,killed,killed,killed,killed
Mc61a0207d4c03005,killed,killed,killed,killed,killed,killed,killed,killed
Mc634b3f13ce3d30c,survived,survived,survived,survived,survived,survived,survived,survived
Mc6514cd8db6925db,survived,survived,survived,survived,survived,survived,survived,survived
Mc65659b7995464cb,killed,killed,killed,killed,killed,killed,killed,killed
Mc65eff286ad128b1,timeout,timeout,timeout,timeout,timeout,timeout,timeout,timeout
Mc6687d727a69be61,timeout,timeout,timeout,timeout,timeout,timeout,timeout,timeout
Mc6694bc26b402393,killed,killed,killed,killed,killed,killed,killed,killed
Mc66ccfaa2826db9e,killed,killed,killed,killed,killed,killed,killed,killed
Mc6966e01982475ea,killed,killed,killed,killed,killed,killed,killed,killed
Mc69c77e93220dcd6,survived,survived,survived,survived,survived,survived,survived,survived
Mc6a17cd24f635bf9,killed,killed,killed,killed,killed,killed,killed,killed
Mc6b7f83675f7b6b2,killed,killed,killed,killed,killed,killed,killed,killed
Mc6bdbdd3cd404300,killed,killed,killed,killed,killed,killed,killed,killed
Mc6c255717e5657f3,killed,killed,killed,killed,killed,killed,killed,killed
Mc6f7a161d78b0fd8,survived,survived,survived,survived,survived,survived,survived,survived
Mc703872eebb9a3f0,survived,survived,survived,survived,survived,survived,survived,survived
Mc70c8e12ef7789ee,killed,killed,killed,killed,killed,killed,killed,killed
Mc71295d63a3c53f5,killed,killed,killed,killed,killed,killed,killed,killed
Mc72244833b62e9fc,killed,killed,killed,killed,killed,killed,killed,killed
Mc72c15488b5cbc1f,survived,survived,survived,survived,survived,survived,survived,survived
Mc72edd125466b1dc,killed,killed,killed,killed,killed,killed,killed,killed
Mc73237965e7399c2,killed,killed,killed,killed,killed,killed,killed,killed
Mc73adb670577fd54,killed,killed,killed,killed,killed,killed,killed,killed
Mc73be2d21fc69510,killed,killed,killed,killed,killed,killed,killed,killed
Mc7439c3322a7f41a,killed,killed,killed,killed,killed,killed,killed,killed
Mc762ed0c477efcff,killed,killed,killed,killed,killed,killed,killed,killed
Mc76340dcc85bab3d,killed,killed,killed,killed,killed,killed,killed,killed
Mc768de459b08b9f4,killed,killed,killed,killed,killed,killed,killed,killed
Mc76acac94b58aa84,survived,survived,survived,survived,survived,survived,survived,survived
Mc778d9a52a0ecbfb,survived,survived,survived,survived,survived,survived,survived,survived
Mc77f239792c9eafe,survived,survived,survived,survived,survived,survived,survived,survived
Mc78da41f2cec54be,killed,killed,killed,killed,killed,killed,killed,killed
Mc79c5d4ab785d8d2,killed,killed,killed,killed,killed,killed,killed,killed
Mc7a7599f2814f605,killed,killed,killed,killed,killed,killed,killed,killed
Mc7c1fc28426cb1eb,killed,killed,killed,killed,killed,killed,killed,killed
Mc7c5b45d206e6bec,killed,killed,killed,killed,killed,killed,killed,killed
Mc7c6cd875f00cb1e,killed,killed,killed,killed,killed,killed,killed,killed
Mc7c7ee4dc3a64223,survived,survived,survived,survived,survived,survived,survived,survived
Mc7cd50ffbaf34746,survived,survived,survived,survived,survived,survived,survived,survived
Mc7cec8bceba7d677,killed,killed,killed,killed,killed,killed,killed,killed
Mc7d250dfa5767c35,killed,killed,killed,killed,killed,killed,killed,killed
Mc7d40ba2edb4854c,killed,killed,killed,killed,killed,killed,killed,killed
Mc7eb43e45c74a1f9,killed,killed,killed,killed,killed,killed,killed,killed
Mc7eb750b64275f10,timeout,timeout,timeout,timeout,timeout,timeout,timeout,timeout
Mc7ef4dee69928040,survived,survived,survived,survived,survived,survived,survived,survived
Mc7efa2d2c8f8c6f1,killed,killed,killed,killed,killed,killed,killed,killed
Mc80f63d965ba4279,killed,killed,killed,killed,killed,killed,killed,killed
Mc8144575847825a3,killed,killed,killed,killed,killed,killed,killed,killed
Mc8254a538a928a7f,killed,killed,killed,killed,killed,killed,killed,killed
Mc82d7dad5670d02b,survived,survived,survived,survived,survived,survived,survived,survived
Mc82fd92a18ba50aa,survived,survived,survived,survived,survived,survived,survived,survived
Mc82fdba5e718c938,survived,survived,survived,survived,survived,survived,survived,survived
Mc8415e5a427f71e8,survived,survived,survived,survived,survived,survived,survived,survived
Mc84991468d8be19b,killed,killed,killed,killed,killed,killed,killed,killed
Mc850982c1ce60aa9,killed,killed,killed,killed,killed,killed,killed,killed
Mc8535fef9abe8281,no_tests,killed,killed,killed,killed,killed,killed,killed
Mc86687027bfa0aca,survived,survived,survived,survived,survived,survived,survived,survived
Mc8904a7f9f09f8ed,killed,killed,killed,killed,killed,killed,killed,killed
Mc89cd17390ed81de,killed,killed,killed,killed,killed,killed,killed,killed
Mc8a03dbe18e880a8,killed,killed,killed,killed,killed,killed,killed,killed
Mc8b37ea2e70e06fa,killed,killed,killed,killed,killed,killed,killed,killed
Mc8c24d4ae4063e90,killed,killed,killed,killed,killed,killed,killed,killed
Mc8c418f6193c9bb8,survived,survived,survived,survived,survived,survived,survived,survived
Mc8df7c26513f51ef,survived,survived,survived,survived,survived,survived,survived,survived
Mc8f12e37a26c772c,survived,survived,survived,survived,survived,survived,survived,survived
Mc8f250247eb188ff,killed,killed,killed,killed,killed,killed,killed,killed
Mc900d6ece7c5b78f,survived,survived,survived,survived,survived,survived,survived,survived
Mc91ad63a289b93d9,killed,killed,killed,killed,killed,killed,killed,killed
Mc9202a8c0341d0f9,killed,killed,killed,killed,killed,killed,killed,killed
Mc921abc1464b9cd8,killed,killed,killed,killed,killed,killed,killed,killed
Mc9226ee94f8507a5,killed,killed,killed,killed,killed,killed,killed,killed
Mc9244ed83974074d,killed,killed,killed,killed,killed,killed,killed,killed
Mc932dc04f6d9d6f7,no_tests,killed,killed,killed,killed,killed,killed,killed
Mc9353e5b48ef7d38,survived,survived,survived,survived,survived,survived,survived,survived
Mc945c1b061dc2dc0,killed,killed,killed,killed,killed,killed,killed,killed
Mc94b8593a366bbc2,killed,killed,killed,killed,killed,killed,killed,killed
Mc955b9ad5c99381b,killed,killed,killed,killed,killed,killed,killed,killed
Mc967eae9a5236060,killed,killed,killed,survived,killed,killed,survived,killed
Mc9777c2d3931b2de,survived,survived,survived,survived,survived,survived,survived,survived
Mc9785680ae530ff6,killed,killed,killed,killed,killed,killed,killed,killed
Mc982adb909308f0f,killed,killed,killed,killed,killed,killed,killed,killed
Mc985de878199f557,killed,killed,killed,killed,killed,killed,killed,killed
Mc986f7c184b25ecd,killed,killed,killed,killed,killed,killed,killed,killed
Mc994b41b0b0394ab,survived,survived,survived,survived,survived,survived,survived,survived
Mc9a5435357ebadc6,killed,killed,killed,killed,killed,killed,killed,killed
Mc9ad3d8a633db388,killed,killed,killed,killed,killed,killed,killed,killed
Mc9bd8403329059ef,killed,killed,killed,killed,killed,killed,killed,killed
Mc9c04eaf4f9f068f,killed,killed,killed,killed,killed,killed,killed,killed
Mc9c7ef4f4a9e20a3,survived,survived,survived,survived,survived,survived,survived,survived
Mc9e1600c5eab09d1,killed,killed,killed,killed,killed,killed,killed,killed
Mca0deb06268135c9,killed,killed,killed,killed,killed,killed,killed,killed
Mca2674522f759181,killed,killed,killed,killed,killed,killed,killed,killed
Mca2a26d554536bb7,timeout,timeout,timeout,timeout,timeout,timeout,timeout,timeout
Mca2a7a232c82d2c7,killed,killed,killed,killed,killed,killed,killed,killed
Mca47ed40a82fa815,killed,killed,killed,killed,killed,killed,killed,killed
Mca483d712a15f511,killed,killed,killed,killed,killed,killed,killed,killed
Mca4f3eeb606d73f4,survived,survived,survived,survived,survived,survived,survived,survived
Mca52255413a191a6,killed,killed,killed,killed,killed,killed,killed,killed
Mca52725591ffc22f,killed,killed,killed,killed,killed,killed,killed,killed
Mca63664de86274f6,killed,killed,killed,killed,killed,killed,killed,killed
Mca84b674a6ccbdd0,killed,killed,killed,killed,killed,killed,killed,killed
Mca8f02fb5dfa4960,killed,killed,killed,killed,killed,killed,killed,killed
Mca9472a2b90d0cb6,killed,killed,killed,killed,killed,killed,survived,killed
Mca9aa4c9dc61e15c,killed,killed,killed,killed,killed,killed,killed,killed
Mcaa590b6a202ffa3,killed,killed,killed,killed,killed,killed,killed,killed
Mcaaeefc4aed63bd7,killed,killed,killed,killed,killed,killed,killed,killed
Mcab1256eb7a7b008,killed,killed,killed,killed,killed,killed,killed,killed
Mcab60039483eab15,killed,killed,killed,killed,killed,killed,killed,killed
Mcad4e73970f87790,survived,survived,survived,survived,survived,survived,survived,survived
Mcadebe91b810829a,survived,survived,survived,survived,survived,survived,survived,survived
Mcae577ea88557436,killed,killed,killed,killed,killed,killed,killed,killed
Mcae88642abc088de,survived,survived,survived,survived,survived,survived,survived,survived
Mcaf04dc7d3a2efb5,killed,killed,killed,killed,killed,killed,killed,killed
Mcaf2829143cbef2a,killed,killed,killed,killed,killed,killed,killed,killed
Mcaf43f8ca74909f2,survived,survived,survived,survived,survived,survived,survived,survived
Mcaf7ffd743f4371e,survived,survived,survived,survived,survived,survived,survived,survived
Mcafe7a8c541a82b7,killed,killed,killed,killed,killed,killed,killed,killed
Mcb092616faec448a,survived,survived,survived,survived,survived,survived,survived,survived
Mcb09769403fdcbb4,survived,survived,survived,survived,survived,survived,survived,survived
Mcb0d3ef4483f9984,timeout,timeout,timeout,timeout,timeout,timeout,timeout,timeout
Mcb134c1907930296,survived,survived,survived,survived,survived,survived,survived,survived
Mcb4546a5480de398,timeout,timeout,timeout,timeout,timeout,timeout,timeout,timeout
Mcb5115f1d5809812,killed,killed,killed,killed,killed,killed,killed,killed
Mcb5850810dc0bc9b,killed,killed,killed,killed,killed,killed,killed,killed
Mcb725690d917c9fa,survived,survived,survived,survived,survived,survived,survived,survived
Mcb7666ed91f6d93e,survived,survived,survived,survived,survived,survived,survived,survived
Mcb7969c0aa201f75,killed,killed,killed,killed,killed,killed,killed,killed
Mcb7d68d86fd85d9f,survived,survived,survived,survived,survived,survived,survived,survived
Mcb8e48f6f10d2dd6,killed,killed,killed,killed,killed,killed,killed,killed
Mcb9dffbd828e9240,survived,survived,survived,survived,survived,survived,survived,survived
Mcba3d662993ebabb,killed,killed,killed,killed,killed,killed,killed,killed
Mcbb95ce06b804cd4,survived,survived,survived,survived,survived,survived,survived,survived
Mcbbe542b8565ae2c,killed,killed,killed,killed,killed,killed,killed,killed
Mcbd5b3cd31aa120b,survived,survived,survived,survived,survived,survived,survived,survived
Mcbd85598d21f4001,survived,survived,survived,survived,survived,survived,survived,survived
Mcc085d7c411abb3e,survived,survived,survived,survived,survived,survived,survived,survived
Mcc090472e5bffdec,killed,killed,killed,killed,killed,killed,killed,killed
Mcc0ee47e15ccae4e,killed,killed,killed,killed,killed,killed,killed,killed
Mcc14d4fd0e01b974,killed,killed,killed,killed,killed,killed,killed,killed
Mcc2ea0414b621a42,killed,killed,killed,killed,killed,killed,killed,killed
Mcc2f127b59a5ae97,killed,killed,killed,killed,killed,killed,killed,killed
Mcc36a937bd659253,killed,killed,killed,killed,killed,killed,killed,killed
Mcc3849aed6c0680a,killed,killed,killed,killed,killed,killed,killed,killed
Mcc42e184153c02e9,killed,killed,killed,killed,killed,killed,killed,killed
Mcc43ac2997b038b6,killed,killed,killed,killed,killed,killed,killed,killed
Mcc4aaf2fccf3bbb5,killed,killed,killed,killed,killed,killed,killed,killed
Mcc5017d4ffc6e94c,killed,killed,killed,killed,killed,killed,killed,killed
Mcc53b09a6b467f14,killed,killed,killed,killed,killed,killed,killed,killed
Mcc65c5d608820b35,survived,survived,survived,survived,survived,survived,survived,survived
Mcc6e86163958d665,killed,killed,killed,killed,killed,killed,killed,killed
Mcc7ed9e9de2c747f,killed,killed,killed,killed,killed,killed,killed,killed
Mcc81961618cb32dc,survived,survived,survived,survived,survived,survived,survived,survived
Mcc84dff13e8fb05e,killed,killed,killed,killed,killed,killed,killed,killed
Mccb40848b170f671,survived,survived,survived,survived,survived,survived,survived,survived
Mccc6ff9bc6846b64,killed,killed,killed,killed,killed,killed,killed,killed
Mccccd17748cf910b,killed,killed,killed,killed,killed,killed,killed,killed
Mccde65239c2c9eee,killed,killed,killed,killed,killed,killed,killed,killed
Mcce047ac73cb4beb,killed,killed,killed,killed,killed,killed,killed,killed
Mcce3469b24e54af9,survived,survived,survived,survived,survived,survived,survived,survived
Mcce82056af63920a,killed,killed,killed,killed,killed,killed,killed,killed
Mccf605116b79a3dc,survived,survived,survived,survived,survived,survived,survived,survived
Mccf76e6b95901da0,survived,survived,survived,survived,survived,survived,survived,survived
Mccfd53b65f2bc7cc,killed,killed,killed,killed,killed,killed,killed,killed
Mcd02a2c473587d21,killed,killed,killed,killed,killed,killed,killed,killed
Mcd06bb31aa758282,killed,killed,killed,killed,killed,killed,killed,killed
Mcd09f982cf7404d1,killed,killed,killed,killed,killed,killed,killed,killed
Mcd0d8651c9a44224,killed,killed,killed,killed,killed,killed,killed,killed
Mcd126acc14b58a98,killed,killed,killed,killed,killed,killed,killed,killed
Mcd12f2bad0f6c18e,killed,killed,killed,killed,killed,killed,killed,killed
Mcd36f8d8af6e8682,killed,killed,killed,killed,killed,killed,killed,killed
Mcd454be8ae246e6d,killed,killed,killed,killed,killed,killed,killed,killed
Mcd4717379ed7d604,killed,killed,killed,killed,killed,killed,killed,killed
Mcd491118e2f03864,survived,survived,survived,survived,survived,survived,survived,survived
Mcd4b01127309ea94,killed,killed,killed,killed,killed,killed,killed,killed
Mcd5d0db4483c5238,survived,survived,survived,survived,survived,survived,survived,survived
Mcd61f9ef9a9184a6,killed,killed,killed,killed,killed,killed,killed,killed
Mcd643bdfcb1dfb13,killed,killed,killed,killed,killed,killed,killed,killed
Mcd8917243abe6eb2,killed,killed,killed,killed,killed,killed,killed,killed
Mcd9090a4dfda9ceb,killed,killed,killed,killed,killed,killed,killed,killed
Mcd985a9d32977d28,killed,killed,killed,killed,killed,killed,killed,killed
Mcda53976bca2e5fd,survived,survived,survived,survived,survived,survived,survived,survived
Mcdaef09629d9653d,killed,killed,killed,killed,killed,killed,killed,killed
Mcdc732564241ca56,survived,survived,killed,survived,survived,survived,survived,survived
Mcddd0f1ae33472a4,killed,killed,killed,killed,killed,killed,killed,killed
Mcddf16bb19428169,killed,killed,killed,killed,killed,killed,killed,killed
Mcde0ff651d020b48,killed,killed,killed,killed,killed,killed,killed,killed
Mcdf27a8928a6a3d3,killed,killed,killed,killed,killed,killed,killed,killed
Mcdf3e1ff50ec0b52,survived,survived,survived,survived,survived,survived,survived,survived
Mcdf4ebc391e7210c,killed,killed,killed,killed,killed,killed,killed,killed
Mcdfbe077263885bc,killed,killed,killed,killed,killed,killed,killed,killed
Mcdfcfb47610cbfeb,killed,killed,killed,killed,killed,killed,killed,killed
Mce0596d5b6f531aa,killed,killed,killed,killed,killed,killed,killed,killed
Mce28894bf162edf6,survived,survived,survived,survived,survived,survived,survived,survived
Mce3f45422fc27161,killed,killed,killed,killed,killed,killed,killed,killed
Mce498450ad42db69,killed,killed,killed,killed,killed,killed,killed,killed
Mce500f75dec3fa2a,killed,killed,killed,killed,killed,killed,killed,killed
Mce53742e95386766,killed,killed,killed,killed,killed,killed,killed,killed
Mce583232fdc5b593,timeout,timeout,timeout,timeout,timeout,timeout,timeout,timeout
Mce60bf1dcc40cf0c,killed,killed,killed,killed,killed,killed,killed,killed
Mce61a932fc4ccc67,killed,killed,killed,killed,killed,killed,killed,killed
Mce6e54415aab3f2c,survived,survived,survived,survived,survived,survived,survived,survived
Mce71efdfef8ba079,killed,killed,killed,killed,killed,killed,killed,killed
Mce73f2f979e7efc5,survived,survived,survived,survived,survived,survived,survived,survived
Mce7468f439b8598e,killed,killed,killed,killed,killed,killed,killed,killed
Mce896ba88dfe07f3,killed,killed,killed,killed,killed,killed,killed,killed
Mce92a4c3044e6d75,survived,survived,survived,survived,survived,survived,survived,survived
Mceaf873512ffa2a1,killed,killed,killed,killed,killed,killed,killed,killed
Mceb32cb4cd7322a5,killed,killed,killed,killed,killed,killed,killed,killed
Mcec165b430d1fe92,survived,survived,survived,survived,survived,survived,survived,survived
Mced80b37d7adfea5,killed,killed,killed,killed,killed,killed,killed,killed
Mcee5b5bd4108eb47,survived,survived,survived,survived,survived,survived,survived,survived
Mceec87339a66ac27,killed,killed,killed,killed,killed,killed,killed,killed
Mcef76cebf53d6c83,killed,killed,killed,killed,killed,killed,killed,killed
Mcf0406cc30490e96,killed,killed,killed,killed,killed,killed,killed,killed
Mcf07c17847d79a16,killed,killed,killed,killed,killed,killed,killed,killed
Mcf0832a78cfd0cab,killed,killed,killed,killed,killed,killed,killed,killed
Mcf10f467b612eb51,killed,killed,killed,killed,killed,killed,killed,killed
Mcf1d27600765143e,survived,survived,survived,survived,survived,survived,survived,survived
Mcf1e69af5266fb96,killed,killed,killed,killed,killed,killed,killed,killed
Mcf1f41a07804df54,killed,killed,killed,killed,killed,killed,killed,killed
Mcf2346413d849041,killed,killed,killed,killed,killed,killed,killed,killed
Mcf26337b0cb3d655,killed,killed,killed,killed,killed,killed,killed,killed
Mcf2f8c2db5528fc2,survived,survived,survived,survived,survived,survived,survived,survived
Mcf36673a49504605,killed,killed,killed,killed,killed,killed,killed,killed
Mcf385cd7a493c171,survived,survived,survived,survived,survived,survived,survived,survived
Mcf3f65d5a116a686,killed,killed,killed,killed,killed,killed,killed,killed
Mcf4a3aaf986d56b7,killed,killed,killed,killed,killed,killed,killed,killed
Mcf56350103f58cf8,killed,killed,killed,killed,killed,killed,killed,killed
Mcf61e7c99bc74157,killed,killed,killed,killed,killed,killed,killed,killed
Mcf7597d456338147,timeout,timeout,timeout,timeout,timeout,timeout,timeout,timeout
Mcf75c38ea893a1cb,killed,killed,killed,killed,killed,killed,killed,killed
Mcf7d4eeaca01820a,survived,survived,survived,survived,survived,survived,survived,survived
Mcf8079cc8efd2cb7,survived,survived,survived,survived,survived,survived,survived,survived
Mcf93d99f8f5b2d81,killed,killed,killed,killed,killed,killed,survived,killed
Mcfd105c60898215d,killed,killed,killed,killed,killed,killed,killed,killed
Mcfd5086fda880172,survived,survived,survived,survived,survived,survived,survived,survived
Mcfd8879a71112a99,killed,killed,killed,killed,killed,killed,killed,killed
Mcfe51bdfdebc920b,survived,survived,survived,survived,survived,survived,survived,survived
Md0017df0ba457f4d,timeout,timeout,timeout,timeout,timeout,timeout,timeout,timeout
Md022087223577e8e,survived,survived,survived,survived,survived,survived,survived,survived
Md02294f45a19a8a9,killed,killed,killed,killed,killed,killed,killed,killed
Md03d31f8e1095a67,survived,survived,survived,survived,survived,survived,survived,survived
Md045de62a75aad8b,survived,survived,survived,survived,survived,survived,survived,survived
Md04f495c71d973a0,killed,killed,killed,killed,killed,killed,killed,killed
Md053f59efbca11b4,killed,killed,killed,killed,killed,killed,killed,killed
Md05fd5e77edb55b2,killed,killed,killed,killed,killed,killed,killed,killed
Md074d8bdc0c4be9a,survived,survived,survived,survived,survived,survived,survived,survived
Md0790310fd3961bc,killed,killed,killed,killed,killed,killed,killed,killed
Md07bade3b4d9d5c3,survived,survived,survived,survived,survived,survived,survived,survived
Md07fa920add2a410,survived,survived,survived,survived,survived,survived,survived,survived
Md0845d0311325120,killed,killed,killed,killed,killed,killed,killed,killed
Md09948c2dbeb0ae8,killed,killed,killed,killed,killed,killed,killed,killed
Md0a979345878c832,killed,killed,killed,killed,killed,killed,killed,killed
Md0b8739f7f90b89a,killed,killed,killed,killed,killed,killed,killed,killed
Md0bc07173ed22acd,killed,killed,killed,killed,killed,killed,killed,killed
Md0bca56482cf6bf9,killed,killed,killed,killed,killed,killed,killed,killed
Md0d36718644ff57c,killed,killed,killed,killed,killed,killed,killed,killed
Md0d87131350b39f5,survived,survived,survived,survived,survived,survived,survived,survived
Md0e21c6033e828f1,killed,killed,killed,killed,killed,killed,killed,killed
Md0e7344d979b455c,killed,killed,killed,killed,killed,killed,killed,killed
Md0ea0ba58cb3e618,killed,killed,killed,killed,killed,killed,killed,killed
Md0fe9bede55e4f4f,killed,killed,killed,killed,killed,killed,killed,killed
Md109569cff1207dd,killed,killed,killed,killed,killed,killed,killed,killed
Md10ee449ed6bedbc,killed,killed,killed,killed,killed,killed,killed,killed
Md1381ac309f02a8e,killed,killed,killed,killed,killed,killed,killed,killed
Md144513d605c4ee1,survived,survived,survived,survived,survived,survived,survived,survived
Md170389cf73c1e86,killed,killed,killed,killed,killed,killed,killed,killed
Md1782f85ee271cbb,killed,killed,killed,killed,killed,killed,killed,killed
Md1790b679dca7a1f,killed,killed,killed,killed,killed,killed,killed,killed
Md1791cb96ade4adc,killed,killed,killed,killed,killed,killed,killed,killed
Md183303202cb9bea,killed,killed,killed,killed,killed,killed,killed,killed
Md187fc36779bbc4c,killed,killed,killed,killed,killed,killed,killed,killed
Md19f183d4e506deb,survived,survived,survived,survived,survived,survived,survived,survived
Md1a39309ce7ef724,killed,killed,killed,killed,killed,killed,killed,killed
Md1a47a2410d37b45,killed,killed,killed,killed,killed,killed,killed,killed
Md1aa5e65506c3de8,killed,killed,killed,killed,killed,killed,killed,killed
Md1bd1d3226b459fe,killed,killed,killed,killed,killed,killed,killed,killed
Md1df61c52306a45b,killed,killed,killed,killed,killed,killed,killed,killed
Md1e6d5232a81e3d0,killed,killed,killed,killed,killed,killed,killed,killed
Md1f404e2b26f6a52,killed,killed,killed,killed,killed,killed,killed,killed
Md2134cf9b7e7eb71,killed,killed,killed,killed,killed,killed,killed,killed
Md21c3078a1dd6972,survived,survived,survived,survived,survived,survived,survived,survived
Md22353324f763722,killed,killed,killed,killed,killed,killed,killed,killed
Md2251d2268d9736e,killed,killed,killed,killed,killed,killed,killed,killed
Md23d682f5db80d62,killed,killed,killed,killed,killed,killed,killed,killed
Md251a1036a01d71c,survived,survived,survived,survived,survived,survived,survived,survived
Md254a962ee7c4217,timeout,timeout,timeout,timeout,timeout,timeout,timeout,timeout
Md25a3d6bfa78e243,killed,killed,killed,killed,killed,killed,killed,killed
Md26a2e43a2439332,killed,killed,killed,killed,killed,killed,killed,killed
Md276493db2b9751f,killed,killed,killed,killed,killed,killed,killed,killed
Md29951e3e4478a7c,survived,survived,survived,survived,survived,survived,survived,survived
Md2a6f1b9146d1f44,survived,survived,survived,survived,survived,survived,survived,survived
Md2aa06a0e317ba66,killed,killed,killed,killed,killed,killed,killed,killed
Md2b1d26ae927178d,survived,survived,survived,survived,survived,survived,survived,survived
Md2d10338deea2566,killed,killed,killed,killed,killed,killed,killed,killed
Md2df131269d294f2,killed,killed,killed,killed,killed,killed,killed,killed
Md2dff62128e8f342,killed,killed,killed,killed,killed,killed,killed,killed
Md2e0948eee1c8aeb,killed,killed,killed,killed,killed,killed,killed,killed
Md2e1ecabb7c10868,killed,killed,killed,killed,killed,killed,killed,killed
Md2e5e81ea70ffdd5,killed,killed,killed,killed,killed,killed,killed,killed
Md2e71f2759aab45b,killed,killed,killed,killed,killed,killed,killed,killed
Md2f7b658768b17f0,killed,killed,killed,killed,killed,killed,killed,killed
Md319a04394d68863,killed,killed,killed,killed,killed,killed,killed,killed
Md344013efdff2fbe,killed,killed,killed,killed,killed,killed,killed,killed
Md34c1507fd2bc526,killed,killed,killed,killed,killed,killed,killed,killed
Md363e0ea0a7e1960,survived,survived,survived,survived,survived,survived,survived,survived
Md36f74cacc1f2186,survived,survived,survived,survived,survived,survived,survived,survived
Md3a1185355a8a1f9,killed,killed,killed,killed,killed,killed,killed,killed
Md3bff2a106e77cc1,killed,killed,killed,killed,killed,killed,killed,killed
Md3d43188a10ee0fd,killed,survived,killed,survived,survived,survived,survived,killed
Md3e6787537abf161,killed,killed,killed,killed,killed,killed,killed,killed
Md3f3207c588ad498,killed,killed,killed,killed,killed,killed,killed,killed
Md3f5ae5d2cddf6b6,survived,survived,survived,survived,survived,survived,survived,survived
Md3fdedf210780de2,survived,survived,survived,survived,survived,survived,survived,survived
Md40b5dd9a18d7614,survived,survived,survived,survived,survived,survived,survived,survived
Md40deb2a5fb3a5fa,killed,killed,killed,killed,killed,killed,killed,killed
Md4110b7cea0326ec,killed,killed,killed,killed,killed,killed,killed,killed
Md416552af4019295,killed,killed,killed,killed,killed,killed,killed,killed
Md417d4a9d30bc5e4,killed,killed,killed,killed,killed,killed,killed,killed
Md41b60b55ab2e9b2,killed,killed,killed,killed,killed,killed,killed,killed
Md43ba0b0e2a94f87,killed,killed,killed,killed,killed,killed,killed,killed
Md44e4a8ab2fb56af,survived,survived,survived,survived,survived,survived,survived,survived
Md453c409264e5fd9,survived,survived,survived,survived,survived,survived,survived,survived
Md45eb438245001d6,killed,killed,killed,killed,killed,killed,killed,killed
Md462bd454775b4c3,killed,killed,killed,killed,killed,killed,killed,killed
Md47299907690b354,killed,killed,killed,killed,killed,killed,killed,killed
Md475adc92c9b6f3b,killed,killed,killed,killed,killed,killed,killed,killed
Md47baa15f17011b9,killed,killed,killed,killed,killed,killed,killed,killed
Md48c5b3385f24ba5,survived,survived,survived,survived,survived,survived,survived,survived
Md49c58da1e369d9b,killed,killed,killed,killed,killed,killed,killed,killed
Md4a6524817078c44,killed,killed,killed,killed,killed,killed,killed,killed
Md4b2e42b788f64f7,timeout,timeout,timeout,timeout,timeout,timeout,timeout,timeout
Md4b96758ec58ed55,survived,survived,survived,survived,survived,survived,survived,survived
Md4cc8198b88666a8,killed,killed,killed,killed,killed,killed,killed,killed
Md4ced72cfca3f337,survived,survived,survived,survived,survived,survived,survived,survived
Md4e65a988bcd1470,killed,killed,killed,killed,killed,killed,killed,killed
Md4f245ab54ff8acf,killed,killed,killed,killed,killed,killed,killed,killed
Md51807c9ba23d409,killed,killed,killed,killed,killed,killed,killed,killed
Md52535a3cca4ea49,killed,killed,killed,killed,killed,killed,killed,killed
Md529461a5e290261,killed,killed,killed,killed,killed,killed,killed,killed
Md53b42ad3ecc8e14,survived,survived,survived,survived,survived,survived,survived,survived
Md54e98c6eff297e8,killed,killed,killed,killed,killed,killed,killed,killed
Md54ff562941f1ae8,survived,survived,survived,survived,survived,survived,survived,survived
Md5514b0cd99c399b,killed,killed,killed,killed,killed,killed,killed,killed
Md56c5821f567b99f,survived,survived,survived,survived,survived,survived,survived,survived
Md56df3729778b8cf,survived,survived,survived,survived,survived,survived,survived,survived
Md5ce74e9e9b4b0a1,survived,survived,survived,survived,survived,survived,survived,survived
Md5cfd9a246d50b6a,killed,killed,killed,killed,killed,killed,killed,killed
Md5d32b6d2ba78a88,survived,survived,survived,survived,survived,survived,survived,survived
Md5d4394d8b2eb7b0,killed,killed,killed,killed,killed,killed,killed,killed
Md5d8c0b988c691f7,killed,killed,killed,killed,killed,killed,killed,killed
Md5ee78657686fd92,killed,killed,killed,killed,killed,killed,killed,killed
Md5efba8a89c1ad8f,survived,survived,survived,survived,survived,survived,survived,survived
Md5f30d0669002d55,killed,killed,killed,killed,killed,killed,killed,killed
Md5fb69dbf59a150a,killed,killed,killed,killed,killed,killed,killed,killed
Md5fb7752a3f4a9d1,survived,survived,survived,survived,survived,survived,survived,survived
Md601ab43ca790765,killed,killed,killed,killed,killed,killed,killed,killed
Md6069b583cdba6ee,killed,killed,killed,killed,killed,killed,killed,killed
Md61da5b3ef4274c9,killed,killed,killed,killed,killed,killed,killed,killed
Md61f0373ab9ca458,killed,killed,killed,killed,killed,killed,killed,killed
Md636bdaffa68aed9,survived,survived,survived,survived,survived,survived,survived,survived
Md65afcfccff1c156,killed,killed,killed,killed,killed,killed,killed,killed
Md65f6d5ee10a6902,killed,killed,killed,killed,killed,killed,killed,killed
Md66caa9758cbe079,survived,survived,survived,survived,killed,survived,survived,survived
Md67a3d70f834e7b1,survived,survived,survived,survived,survived,survived,survived,survived
Md6a74df57e2edc2a,killed,killed,killed,killed,killed,killed,killed,killed
Md6afa7f09234db4f,killed,killed,killed,killed,killed,killed,killed,killed
Md6b2b54439ab8869,killed,killed,killed,killed,killed,killed,killed,killed
Md6c4aca2ef2a9434,survived,survived,survived,survived,survived,survived,survived,survived
Md6d08f661483df0c,survived,survived,survived,survived,survived,survived,survived,survived
Md6e271bdb20eaf0e,killed,killed,killed,killed,killed,killed,killed,killed
Md6ebcc60ecbe8b90,killed,killed,killed,killed,killed,killed,killed,killed
Md6f2649b43e7e80b,no_tests,survived,survived,survived,survived,survived,survived,survived
Md6fb9f285bf2cd3f,killed,killed,killed,killed,killed,killed,killed,killed
Md7166e6134e66e22,survived,survived,survived,survived,survived,survived,survived,survived
Md7189c6367ff11e7,survived,survived,survived,survived,survived,survived,survived,survived
Md71c9e3a10b126ea,killed,killed,killed,killed,killed,killed,killed,killed
Md71d08f6944f2c1d,killed,killed,killed,killed,killed,killed,killed,killed
Md72ea644cf491c94,killed,killed,killed,killed,killed,killed,killed,killed
Md744d9b4a6c96419,survived,survived,survived,survived,survived,survived,survived,survived
Md74669731e2b805c,timeout,timeout,timeout,timeout,timeout,timeout,timeout,timeout
Md75ea1ef1ac3bda9,survived,survived,survived,survived,survived,survived,survived,survived
Md7600192db9ca274,killed,killed,killed,killed,killed,killed,killed,killed
Md769d4364569421a,killed,killed,killed,killed,killed,killed,killed,killed
Md777fdd5a98cd89b,survived,survived,survived,survived,survived,survived,survived,survived
Md77fa302bf55957f,killed,killed,killed,killed,killed,killed,killed,killed
Md78c28f55723159e,killed,killed,killed,killed,killed,killed,killed,killed
Md7aa5789b8f4788f,killed,killed,killed,killed,killed,killed,killed,killed
Md7becf709314d632,survived,survived,survived,survived,survived,survived,survived,survived
Md7bef0d248545df5,killed,killed,killed,killed,killed,killed,killed,killed
Md7f387e080effa47,killed,killed,killed,killed,killed,killed,killed,killed
Md81da9efd3c6d74b,killed,killed,killed,killed,killed,killed,killed,killed
Md81dd2dafed69e79,survived,survived,survived,survived,survived,survived,survived,survived
Md82580df8d43a233,survived,survived,survived,survived,survived,survived,survived,survived
Md878eb9c5f853b4a,killed,killed,killed,killed,killed,killed,killed,killed
Md89514e40a5a4780,killed,killed,killed,killed,killed,killed,killed,killed
Md89535abf914027d,killed,killed,killed,killed,killed,killed,killed,killed
Md898edae83a6cec3,killed,killed,killed,killed,killed,killed,killed,killed
Md89dc5679700257e,killed,killed,killed,killed,killed,killed,killed,killed
Md8a432700244651e,killed,killed,killed,killed,killed,killed,killed,killed
Md8a8ae342d2de306,killed,killed,killed,killed,killed,killed,killed,killed
Md8abc10601046c0f,survived,survived,survived,survived,survived,survived,survived,survived
Md8b4f90ad8ee2757,killed,killed,killed,killed,killed,killed,killed,killed
Md8b9d724eb529c70,killed,killed,killed,killed,killed,killed,killed,killed
Md8e96a04034d095f,survived,survived,survived,survived,survived,survived,survived,survived
Md9196d6920c45095,killed,killed,killed,killed,killed,killed,killed,killed
Md91a9e47b687f405,killed,killed,killed,killed,killed,killed,killed,killed
Md92906f2bc003263,killed,killed,killed,killed,killed,killed,killed,killed
Md930ba91eba9acf1,killed,killed,killed,killed,killed,killed,killed,killed
Md93e0e0947cd9dbf,survived,survived,survived,survived,survived,survived,survived,survived
Md96870c4dc711d50,killed,killed,killed,killed,killed,killed,killed,killed
Md972c3086d7012fd,killed,killed,killed,killed,killed,killed,killed,killed
Md9766937804c54d9,survived,survived,survived,survived,survived,survived,survived,survived
Md987ff11e2ef5dde,survived,survived,survived,survived,survived,survived,survived,survived
Md98e7558d6be829e,survived,survived,survived,survived,survived,survived,survived,survived
Md995207f3909e0fe,survived,survived,survived,survived,survived,survived,survived,survived
Md9ae66803868cc02,survived,survived,survived,survived,survived,survived,survived,survived
Md9b8c3826a7fb6e1,killed,killed,killed,killed,killed,killed,killed,killed
Md9eb6392be28dd12,killed,killed,killed,killed,killed,killed,killed,killed
Md9efcc01d0ac1f89,killed,killed,killed,killed,killed,killed,killed,killed
Mda147ebced0c4dd9,killed,killed,killed,killed,killed,killed,killed,killed
Mda19ceaebcc3ad3c,killed,killed,killed,killed,killed,killed,killed,killed
Mda1c81d905e3d935,killed,killed,killed,killed,killed,killed,killed,killed
Mda3022dec123f16a,survived,survived,survived,survived,survived,survived,survived,survived
Mda3ac2cc7eeeda17,survived,survived,survived,survived,survived,survived,survived,survived
Mda5575b249682075,killed,killed,killed,killed,killed,killed,killed,killed
Mda5832eaed52e1bf,survived,survived,survived,survived,survived,survived,survived,survived
Mda97a5ef10860dd3,killed,killed,killed,killed,killed,killed,killed,killed
Mda9eb045de5648af,survived,survived,survived,survived,survived,survived,survived,survived
Mdaa4fd73bd08cfba,survived,survived,survived,survived,survived,survived,survived,survived
Mdaaa93a32b30764b,survived,survived,survived,survived,survived,survived,survived,survived
Mdabbc21fa2a0b38b,survived,survived,survived,survived,survived,survived,survived,survived
Mdad5e4848cf5ecdb,killed,killed,killed,killed,killed,killed,killed,killed
Mdad6f28f53fd3801,killed,killed,killed,killed,killed,killed,killed,killed
Mdad8e163b82bc6a4,killed,killed,killed,killed,killed,killed,killed,killed
Mdae6e162047a8fea,killed,killed,killed,killed,killed,killed,killed,killed
Mdae9b7fc8416d9d3,killed,killed,killed,killed,killed,killed,killed,killed
Mdb006e316bce986d,timeout,timeout,timeout,timeout,timeout,timeout,timeout,timeout
Mdb10b804ec1be052,killed,killed,killed,killed,killed,killed,killed,killed
Mdb301c2c87729644,killed,killed,killed,killed,killed,killed,killed,killed
Mdb38806522bb8a5e,survived,survived,survived,survived,survived,survived,survived,survived
Mdb398ff3e25d8482,killed,killed,killed,killed,killed,killed,killed,killed
Mdb4a30d548cdb4d8,killed,killed,killed,killed,killed,killed,killed,killed
Mdb4f2626f4e63ce1,killed,killed,killed,killed,killed,killed,killed,killed
Mdb58df8cefe756cf,survived,survived,survived,survived,survived,survived,survived,survived
Mdb691f43147aa616,killed,killed,killed,killed,killed,killed,killed,killed
Mdb90e4fc8bd9f8f0,survived,survived,survived,survived,survived,survived,survived,survived
Mdba11a39a5be8cfb,killed,killed,killed,killed,killed,killed,killed,killed
Mdba4c22f98768faf,killed,killed,killed,killed,killed,killed,killed,killed
Mdbb2fe385d8c0a55,survived,survived,survived,survived,survived,survived,survived,survived
Mdbb5f532def22db6,no_tests,killed,killed,killed,killed,killed,killed,killed
Mdbbac1b0fa3640dc,killed,killed,killed,killed,killed,killed,killed,killed
Mdbbc384d09f49246,survived,survived,survived,survived,survived,survived,survived,survived
Mdbd9f6a0d4e55e17,killed,killed,killed,killed,killed,killed,killed,killed
Mdc03f690ee418b1e,killed,killed,killed,killed,killed,killed,killed,killed
Mdc18b346af12cd70,survived,survived,survived,survived,survived,survived,survived,survived
Mdc2d3920409fa04f,killed,killed,killed,killed,killed,killed,killed,killed
Mdc3f1cdc00c69c96,killed,killed,killed,killed,killed,killed,killed,killed
Mdc4f034a2898084b,killed,killed,killed,killed,killed,killed,killed,killed
Mdc54f12e46ed8a4d,survived,survived,survived,survived,survived,survived,survived,survived
Mdc57b97978c4dab3,killed,killed,killed,killed,killed,killed,killed,killed
Mdc6c98237360cfb6,survived,survived,survived,survived,survived,survived,survived,survived
Mdc7dd3f2a5dfb016,killed,killed,killed,killed,killed,killed,killed,killed
Mdc8957fff55158a2,killed,killed,killed,killed,killed,killed,killed,killed
Mdc93c2afb87ac282,timeout,timeout,timeout,timeout,timeout,timeout,timeout,timeout
Mdc98eddce28b321e,killed,killed,killed,killed,killed,killed,killed,killed
Mdca4c60b8a7019cf,timeout,timeout,timeout,timeout,timeout,timeout,timeout,timeout
Mdcac0c16063f73b7,killed,killed,killed,killed,killed,killed,killed,killed
Mdcb7ed6712f13588,survived,survived,survived,survived,survived,survived,survived,survived
Mdcba6c4fd3cf3011,survived,survived,survived,survived,survived,survived,survived,survived
Mdcbccb2160c2d4c6,killed,killed,killed,killed,killed,killed,killed,killed
Mdcc23329817b24ce,killed,killed,killed,killed,killed,killed,killed,killed
Mdcc4e9d60349facf,killed,killed,killed,killed,killed,killed,killed,killed
Mdcd6a4cedbdaf1ab,survived,survived,survived,survived,survived,survived,survived,survived
Mdcdd1c17c86fad84,killed,killed,killed,killed,killed,killed,killed,killed
Mdcdd6b5e6fe5ccc9,killed,killed,killed,killed,killed,killed,killed,killed
Mdcea1fd0158454a7,survived,survived,survived,survived,survived,survived,survived,survived
Mdceb0b1504c507d6,killed,killed,killed,killed,killed,killed,killed,killed
Mdcf47a55f8cdc225,survived,survived,survived,survived,survived,survived,survived,survived
Mdd08c230b381990b,survived,survived,survived,survived,survived,survived,survived,survived
Mdd13259e4ffb624b,survived,survived,survived,survived,survived,survived,survived,survived
Mdd1927acdeadeea0,killed,killed,killed,killed,killed,killed,killed,killed
Mdd314ed3dd269565,killed,killed,killed,killed,killed,killed,killed,killed
Mdd3df6fd1596197a,killed,killed,killed,killed,killed,killed,killed,killed
Mdd4149045191473a,killed,killed,killed,killed,killed,killed,killed,killed
Mdd555ef3671dbda5,survived,survived,survived,survived,survived,survived,survived,survived
Mdd67aeb916a54c1b,killed,killed,killed,killed,killed,killed,killed,killed
Mdd6f2855b9fae93d,killed,killed,killed,killed,killed,killed,killed,killed
Mdd85a8c3fe03ebc8,killed,killed,killed,killed,killed,killed,killed,killed
Mdd8dcc9a163188ca,killed,killed,killed,killed,killed,killed,killed,killed
Mdd9830ab9b90fd7e,survived,survived,survived,survived,survived,survived,survived,survived
Mddc7a2653ff8b4d9,killed,killed,killed,killed,killed,killed,killed,killed
Mddd9270219055cf9,survived,survived,survived,survived,survived,survived,survived,survived
Mddda462c46e10fb2,killed,killed,killed,killed,killed,killed,killed,killed
Mdddae4c34e4b7ce6,timeout,timeout,timeout,timeout,timeout,timeout,timeout,timeout
Mdddbf0917f448aff,killed,killed,killed,killed,killed,killed,killed,killed
Mde07d7e59c21f3f5,killed,killed,killed,killed,killed,killed,killed,killed
Mde13275417d6b427,killed,killed,killed,killed,killed,killed,killed,killed
Mde221031135a196f,killed,killed,killed,killed,killed,killed,killed,killed
Mde238a44a9efd470,survived,survived,survived,survived,survived,survived,survived,survived
Mde38d9aa423a8d29,killed,killed,killed,killed,killed,killed,killed,killed
Mde398dccc907a287,killed,killed,killed,killed,killed,killed,killed,killed
Mde4b8f6a148235f3,killed,killed,killed,killed,killed,killed,killed,killed
Mde617e0ed58aad54,killed,killed,killed,killed,killed,killed,killed,killed
Mde7b543e1a24077d,timeout,timeout,timeout,timeout,timeout,timeout,timeout,timeout
Mde83bd25dd61418a,survived,survived,survived,survived,survived,survived,survived,survived
Mde8af61834467c88,killed,killed,killed,killed,killed,killed,killed,killed
Mde90b200122903ae,survived,survived,survived,survived,survived,survived,survived,survived
Mde90f38ca0e26e56,killed,killed,killed,killed,killed,killed,killed,killed
Mdeabbb911d71d646,killed,killed,killed,killed,killed,killed,killed,killed
Mdeb3911552e39554,killed,killed,killed,killed,killed,killed,killed,killed
Mdec4013fd6333477,killed,killed,killed,killed,killed,killed,killed,killed
Mdec8bf6b84b78023,killed,killed,killed,killed,killed,killed,killed,killed
Mdede95669ed7f6c4,no_tests,survived,survived,survived,survived,survived,survived,survived
Mdee6bd8f3e279599,survived,survived,survived,survived,survived,survived,survived,survived
Mdef3e799013bfc74,killed,killed,killed,killed,killed,killed,killed,killed
Mdf0f91bb5ffc2131,killed,killed,killed,killed,killed,killed,killed,killed
Mdf182c7e276749de,killed,killed,killed,killed,killed,killed,killed,killed
Mdf1b83e6f0c5788a,killed,killed,killed,killed,killed,killed,killed,killed
Mdf1c43b7bb6502ff,survived,survived,survived,survived,survived,survived,survived,survived
Mdf4dd994804bf90f,survived,survived,survived,survived,survived,survived,survived,survived
Mdf518dc731de6cfc,survived,survived,survived,survived,survived,survived,survived,survived
Mdf670b8557d299b7,killed,killed,killed,killed,killed,killed,killed,killed
Mdf6aa3cfa4c49635,killed,killed,killed,killed,killed,killed,killed,killed
Mdf76fa3d32314047,survived,survived,survived,survived,survived,survived,survived,survived
Mdf8590071e8f585c,killed,killed,killed,killed,killed,killed,killed,killed
Mdf886a4f79af9aaf,killed,killed,killed,killed,killed,killed,killed,killed
Mdf94384d8a71fb91,killed,killed,killed,killed,killed,killed,killed,killed
Mdf94ffb509e04af2,killed,killed,killed,killed,killed,killed,killed,killed
Mdfa2ae9c394fc73a,survived,survived,survived,survived,survived,survived,survived,survived
Mdfe1c0fee668249e,survived,survived,survived,survived,survived,survived,survived,survived
Mdfe602e35954cc69,killed,killed,killed,killed,killed,killed,killed,killed
Mdfee3cd9adf10387,killed,killed,killed,killed,killed,killed,killed,killed
Me00389a562b81641,killed,killed,killed,killed,killed,killed,killed,killed
Me030ec0227efc437,survived,survived,survived,survived,survived,survived,survived,survived
Me03f2a7b5133fb11,killed,killed,killed,killed,killed,killed,killed,killed
Me04f563a9fe761c4,killed,killed,killed,killed,killed,killed,killed,killed
Me051565ed6b8c432,survived,survived,survived,survived,survived,survived,survived,survived
Me06148aa466f551c,survived,survived,survived,survived,survived,survived,survived,survived
Me0660067b9fdf2eb,killed,killed,killed,killed,killed,killed,killed,killed
Me084872ad2960ba6,survived,survived,survived,survived,survived,survived,survived,survived
Me08bcb598f6e3f52,survived,survived,survived,survived,survived,survived,survived,survived
Me08c9849aafcf9fb,killed,killed,killed,killed,killed,killed,killed,killed
Me096b92e6a8cf79b,killed,killed,killed,killed,killed,killed,killed,killed
Me09928383a9bb7be,killed,killed,killed,killed,killed,killed,killed,killed
Me0a6dc71e95d9008,survived,survived,survived,survived,survived,survived,survived,survived
Me0a73dc88200fe86,timeout,timeout,timeout,timeout,timeout,timeout,timeout,timeout
Me0aa3f12550f119f,survived,survived,survived,survived,survived,survived,survived,survived
Me0b713053737a872,killed,killed,killed,killed,killed,killed,killed,killed
Me0b8f7b0049fb080,killed,killed,killed,killed,killed,killed,killed,killed
Me0c4beabbc936ad3,survived,survived,survived,survived,survived,survived,survived,survived
Me0d2f89d71f52a4f,killed,killed,killed,killed,killed,killed,killed,killed
Me0d7b29280b9d44c,killed,killed,killed,killed,killed,killed,killed,killed
Me0d7f68415d5ba81,killed,killed,killed,killed,killed,killed,killed,killed
Me0ed9358cbe8656b,killed,killed,killed,killed,killed,killed,killed,killed
Me10aeabc8eb74842,timeout,timeout,timeout,timeout,timeout,timeout,timeout,timeout
Me1100a7ce21dbf8d,killed,killed,killed,killed,killed,killed,killed,killed
Me13c55d3bb0b306d,survived,survived,survived,survived,survived,survived,survived,survived
Me144bf6017e482d0,killed,killed,killed,killed,killed,killed,killed,killed
Me15d05887f799256,survived,survived,survived,survived,survived,survived,survived,survived
Me16070c5ea9f1064,killed,killed,killed,killed,killed,killed,killed,killed
Me161843ac1fa6da8,killed,killed,killed,killed,killed,killed,killed,killed
Me1725ced038136d3,killed,killed,killed,killed,killed,killed,killed,killed
Me17a0d866af891be,survived,survived,survived,survived,survived,survived,survived,survived
Me194901dde87369c,killed,killed,killed,killed,killed,killed,killed,killed
Me1a8204b17fe4c6f,survived,survived,survived,survived,survived,survived,survived,survived
Me1aa07e29d519375,survived,survived,survived,survived,survived,survived,survived,survived
Me1ab76f2367554d4,killed,killed,killed,killed,killed,killed,killed,killed
Me1b56684a9274e0c,survived,survived,survived,survived,survived,survived,survived,survived
Me1ba8533034695b6,killed,killed,killed,killed,killed,killed,killed,killed
Me1bcd4dcdf523912,killed,killed,killed,killed,killed,killed,killed,killed
Me1c5bc020245db65,killed,killed,killed,killed,killed,killed,killed,killed
Me1ced5a3fc5c55d4,survived,survived,survived,survived,survived,survived,survived,survived
Me1d8a1406698bd77,killed,killed,killed,killed,killed,killed,killed,killed
Me1f40cecb5c2aa04,killed,killed,killed,killed,killed,killed,killed,killed
Me1f8ab1fe4b3fd3f,killed,killed,killed,killed,killed,killed,killed,killed
Me212f404b4ca5e50,survived,survived,survived,survived,survived,survived,survived,survived
Me222e46da5752f13,killed,killed,killed,killed,killed,killed,killed,killed
Me227539cd538a579,killed,killed,killed,killed,killed,killed,killed,killed
Me237ac30cd539be4,killed,killed,killed,killed,killed,killed,killed,killed
Me2460954497c8448,killed,killed,killed,killed,killed,killed,killed,killed
Me24d9c3889c1efd6,killed,killed,killed,killed,killed,killed,killed,killed
Me26f11735e42f1dc,killed,killed,killed,killed,killed,killed,killed,killed
Me27a4176946dfaf5,killed,killed,killed,killed,killed,killed,killed,killed
Me27cd83de069e45a,killed,killed,killed,killed,killed,killed,killed,killed
Me28ae12b8f4a8ee0,survived,survived,survived,survived,survived,survived,survived,survived
Me292f1816e1b6b00,killed,killed,killed,killed,killed,killed,killed,killed
Me29531871abe41fb,survived,survived,survived,survived,survived,survived,survived,survived
Me2a1a10bf8129d4f,killed,killed,killed,killed,killed,killed,killed,killed
Me2a3be9546dfc3be,killed,killed,killed,killed,killed,killed,killed,killed
Me2b044f8360139d1,survived,survived,survived,survived,survived,survived,survived,survived
Me2b22f1741de68df,killed,killed,killed,killed,killed,killed,killed,killed
Me2caba6c2f141e86,timeout,timeout,timeout,timeout,timeout,timeout,timeout,timeout
Me2cc9a0fd0356552,timeout,timeout,timeout,timeout,timeout,timeout,timeout,timeout
Me2cd2f5a48355558,timeout,timeout,timeout,timeout,timeout,timeout,timeout,timeout
Me2dfa72859e4d69a,killed,killed,killed,killed,killed,killed,killed,killed
Me2eb48a2be5036d8,killed,killed,killed,killed,killed,killed,killed,killed
Me318147e85e8cbe7,survived,survived,survived,survived,survived,survived,survived,survived
Me33cb5bfa4da179d,killed,killed,killed,killed,killed,killed,killed,killed
Me341a5edd1013123,killed,killed,killed,killed,killed,killed,killed,killed
Me3662f7008e204c6,survived,survived,survived,survived,survived,survived,survived,survived
Me36b2a13ba663f47,killed,killed,killed,killed,killed,killed,killed,killed
Me37b4ccabfbd5e5c,killed,killed,killed,killed,killed,killed,killed,killed
Me37e1fcd72e2400f,survived,survived,survived,survived,survived,survived,survived,survived
Me38e059c2e613e81,survived,survived,survived,survived,survived,survived,survived,survived
Me390c3f36751ad8a,survived,killed,killed,killed,killed,killed,survived,killed
Me3b52f8f90d7f70b,killed,killed,killed,killed,killed,killed,killed,killed
Me3bf9bd983c49ca6,survived,survived,survived,survived,survived,survived,survived,survived
Me3d2df8f683116b5,killed,killed,killed,killed,killed,killed,killed,killed
Me3d6bdbe4510b5f8,survived,survived,survived,survived,survived,survived,survived,survived
Me3dfdb6fefb35833,survived,survived,survived,survived,survived,survived,survived,survived
Me3f40fb4aeebd263,killed,killed,killed,killed,killed,killed,killed,killed
Me3fba38f14fa691a,killed,killed,killed,killed,killed,killed,killed,killed
Me40322354e1f10c0,killed,killed,killed,killed,killed,killed,killed,killed
Me414e40757d5eaae,killed,killed,killed,killed,killed,killed,killed,killed
Me41dc9bec342c227,killed,killed,killed,killed,killed,killed,killed,killed
Me41fa7b781741f94,killed,killed,killed,killed,killed,killed,survived,killed
Me43ee3d821e576c3,killed,killed,killed,killed,killed,killed,killed,killed
Me442c54a1f69ff36,timeout,timeout,timeout,timeout,timeout,timeout,timeout,timeout
Me4504d8528de7193,killed,killed,killed,killed,killed,killed,killed,killed
Me4615ee17c178643,killed,killed,killed,killed,killed,killed,killed,killed
Me4821f5f2c9a60cb,survived,survived,survived,survived,survived,survived,survived,survived
Me48a4a66c5892040,killed,killed,killed,killed,killed,killed,killed,killed
Me49040f5b50abae6,killed,killed,killed,killed,killed,killed,killed,killed
Me49203a3ec63a5a8,killed,killed,killed,killed,killed,killed,killed,killed
Me4926fde7494d852,survived,survived,survived,survived,survived,survived,survived,survived
Me496424b6b2364a7,killed,killed,killed,killed,killed,killed,killed,killed
Me4a8e7c80c9e85bd,killed,killed,killed,killed,killed,killed,killed,killed
Me4be1f9c4ca6f35d,killed,killed,killed,killed,killed,killed,killed,killed
Me4bf254b2df0758d,killed,killed,killed,killed,killed,killed,killed,killed
Me4c0f2b59a744586,survived,survived,survived,survived,survived,survived,survived,survived
Me4c53cb1a17735ea,killed,killed,killed,killed,killed,killed,killed,killed
Me4c9f253ba559fb6,killed,killed,killed,killed,killed,killed,killed,killed
Me4caa603cbb3027c,killed,killed,killed,killed,killed,killed,killed,killed
Me4d7d9ff28727872,killed,killed,killed,killed,killed,killed,killed,killed
Me4dccd74793fa0dc,survived,survived,survived,survived,survived,survived,survived,survived
Me5040a7cd42cdc76,survived,survived,survived,survived,survived,survived,survived,survived
Me50440cab7c347fc,killed,killed,killed,killed,killed,killed,killed,killed
Me51ba2824fac0d5f,killed,killed,killed,killed,killed,killed,killed,killed
Me523a00622f8b952,survived,survived,survived,survived,survived,survived,survived,survived
Me52666143f4181c5,killed,killed,killed,killed,killed,killed,killed,killed
Me551864615e625b5,killed,killed,killed,killed,killed,killed,killed,killed
Me563b8c049f5e606,killed,killed,killed,killed,killed,killed,killed,killed
Me56c9dec1770a363,survived,survived,survived,survived,survived,survived,survived,survived
Me572f809c7c873bb,survived,survived,survived,survived,survived,survived,survived,survived
Me580cf25b381aac7,killed,killed,killed,killed,killed,killed,killed,killed
Me581fec8ad131d23,killed,killed,killed,killed,killed,killed,killed,killed
Me582561aa8988fb6,killed,killed,killed,killed,killed,killed,killed,killed
Me58bc1a5b1337ad6,killed,killed,killed,killed,killed,killed,killed,killed
Me5903e2334b7bdd6,killed,killed,killed,killed,killed,killed,killed,killed
Me592360b0e254695,killed,killed,killed,killed,killed,killed,killed,killed
Me59ff7742c5bb3c3,killed,killed,killed,killed,killed,killed,killed,killed
Me5aabb3e01dbd502,survived,survived,survived,survived,survived,survived,survived,survived
Me5b2bbb3ecad3828,killed,killed,killed,killed,killed,killed,killed,killed
Me5ba39a22a3056eb,killed,killed,killed,killed,killed,killed,killed,killed
Me5babb91d047f0a3,killed,killed,killed,killed,killed,killed,killed,killed
Me5bdb79b87597a68,killed,killed,killed,killed,killed,killed,killed,killed
Me5c28f1a64160666,killed,killed,killed,killed,killed,killed,killed,killed
Me5d415422bdac37e,survived,survived,survived,survived,survived,survived,survived,survived
Me5e4fb61f51c3412,killed,killed,killed,killed,killed,killed,killed,killed
Me5ead183d1b9a322,killed,killed,killed,killed,killed,killed,killed,killed
Me609401abcd45f24,survived,survived,survived,survived,survived,survived,survived,survived
Me6183a9ae42e7e7c,killed,killed,killed,killed,killed,killed,killed,killed
Me620185c4210fd4e,killed,killed,killed,killed,killed,killed,killed,killed
Me6209bb9eb60f0d1,killed,killed,killed,killed,killed,killed,killed,killed
Me6218c0d3f0ef06c,killed,killed,killed,killed,killed,killed,killed,killed
Me6313d5122c7ea9a,killed,killed,killed,killed,killed,killed,killed,killed
Me64c8a584de4b11a,killed,killed,killed,killed,killed,killed,killed,killed
Me69b5d847ac902cd,survived,killed,survived,survived,killed,survived,survived,survived
Me6a7ed856110e555,killed,killed,killed,killed,killed,killed,killed,killed
Me6b9fb7935866f86,killed,killed,killed,killed,killed,killed,killed,killed
Me6c2c791efe554b4,killed,killed,killed,killed,killed,killed,killed,killed
Me6c6224fb3421679,killed,killed,killed,killed,killed,killed,killed,killed
Me6c673bada9ecd2b,survived,survived,survived,survived,survived,survived,survived,survived
Me6cd5611e38be20c,killed,killed,killed,killed,killed,killed,killed,killed
Me6d10ce5b0b09380,survived,survived,survived,survived,survived,survived,survived,survived
Me6d5d06391b05051,killed,killed,killed,killed,killed,killed,killed,killed
Me6dbf0e4661cc345,survived,survived,survived,survived,survived,survived,survived,survived
Me6e07720cd4df8ca,survived,survived,survived,survived,survived,survived,survived,survived
Me6f3168a49fec16c,killed,killed,killed,killed,killed,killed,killed,killed
Me6f91d8ba251e732,killed,killed,killed,killed,killed,killed,killed,killed
Me719a09d4ecc8b5c,survived,survived,survived,survived,survived,survived,survived,survived
Me71d1ea323f52d8b,survived,killed,killed,killed,killed,killed,survived,killed
Me71d553ce4527ab5,killed,killed,killed,killed,killed,killed,killed,killed
Me7200a4cb19dd581,survived,survived,survived,survived,survived,survived,survived,survived
Me72820daff2f1e3a,survived,survived,survived,survived,survived,survived,survived,survived
Me72a92bfe826d8a0,killed,killed,killed,killed,killed,killed,killed,killed
Me731fe8962fb9118,no_tests,survived,survived,survived,survived,survived,survived,survived
Me74b273e265b227d,killed,killed,killed,killed,killed,killed,killed,killed
Me769bcffbdd8548b,killed,killed,killed,killed,killed,killed,killed,killed
Me770524927cf5f02,survived,survived,survived,survived,survived,survived,survived,survived
Me774bc7c6cbe02a4,killed,killed,killed,killed,killed,killed,killed,killed
Me77640a40f890168,timeout,timeout,timeout,timeout,timeout,timeout,timeout,timeout
Me78260f9a530eac4,killed,killed,killed,killed,killed,killed,killed,killed
Me79f55075a6d7fb5,survived,survived,survived,survived,survived,survived,survived,survived
Me7a25a664af3fab4,killed,killed,killed,killed,killed,killed,killed,killed
Me7a38973bfbdc6ee,killed,killed,killed,killed,killed,killed,killed,killed
Me7d2ba802ffbccf1,killed,killed,killed,killed,killed,killed,killed,killed
Me7ed43a424e15ede,killed,killed,killed,killed,killed,killed,killed,killed
Me7ef9052c2f21f92,killed,killed,killed,killed,killed,killed,killed,killed
Me7f84e9ef0c57e6f,killed,killed,killed,killed,killed,killed,killed,killed
Me7fbad23ecab5073,killed,killed,killed,killed,killed,killed,killed,killed
Me7fd20496ca88937,timeout,timeout,timeout,killed,timeout,timeout,killed,timeout
Me80ab080bf0adfd2,killed,killed,killed,killed,killed,killed,killed,killed
Me80cde269dfeeb60,killed,killed,killed,killed,killed,killed,killed,killed
Me81ac5b216b61ce1,killed,killed,killed,killed,killed,killed,killed,killed
Me823f402d00785cc,killed,killed,killed,killed,killed,killed,killed,killed
Me8376965622b7043,killed,killed,killed,killed,killed,killed,killed,killed
Me83d70946b316d86,killed,killed,killed,killed,killed,killed,killed,killed
Me8405be7fcbd5dea,killed,killed,killed,killed,killed,killed,killed,killed
Me8580d9fb3e47d76,killed,killed,killed,killed,killed,killed,killed,killed
Me868e443caf3e039,survived,survived,survived,survived,survived,survived,survived,survived
Me86b89a2dbdceedb,killed,killed,killed,killed,killed,killed,killed,killed
Me875ae7ece20a2cd,killed,killed,killed,killed,killed,killed,killed,killed
Me876105560d9862e,killed,killed,killed,killed,killed,killed,killed,killed
Me87f5ba7fc61e4e0,killed,killed,killed,killed,killed,killed,killed,killed
Me8bbbbe8bcba1a5f,killed,killed,killed,killed,killed,killed,killed,killed
Me8cfe7d891248a39,killed,killed,killed,killed,killed,killed,killed,killed
Me8d16f4f16a6d89f,killed,killed,killed,killed,killed,killed,killed,killed
Me8e3673b9f970df6,killed,killed,killed,killed,killed,killed,killed,killed
Me8ef2de52be368ec,killed,killed,killed,killed,killed,killed,killed,killed
Me90a77a7626ca42c,killed,killed,killed,killed,killed,killed,killed,killed
Me911490e942544c2,survived,survived,survived,survived,survived,survived,survived,survived
Me91dd7542f1462bc,survived,survived,survived,survived,survived,survived,survived,survived
Me9217f97b67c92fb,killed,killed,killed,killed,killed,killed,killed,killed
Me92a05302484b3bb,timeout,timeout,timeout,timeout,timeout,timeout,timeout,timeout
Me92aa40c4d614efc,killed,killed,killed,killed,killed,killed,killed,killed
Me92ee05f90b269b2,survived,survived,survived,survived,survived,survived,survived,survived
Me9319a7f98e39b7c,killed,killed,killed,killed,killed,killed,killed,killed
Me932a755762a877e,killed,killed,killed,killed,killed,killed,killed,killed
Me9330706a904d64f,killed,killed,killed,killed,killed,killed,killed,killed
Me93d2ee2a3c09f1e,survived,survived,survived,survived,survived,survived,survived,survived
Me94535270d4ee3df,killed,killed,killed,killed,killed,killed,killed,killed
Me95238a3a863b9ad,survived,survived,survived,survived,survived,survived,survived,survived
Me9540dca043120f9,killed,killed,killed,killed,killed,killed,killed,killed
Me96745c4fb55ae5c,killed,killed,killed,killed,killed,killed,killed,killed
Me96ba6208660d1c6,killed,killed,killed,killed,killed,killed,killed,killed
Me9852c2d5f51d84b,killed,killed,killed,killed,killed,killed,killed,killed
Me99a2472eaae646a,survived,survived,survived,survived,survived,survived,survived,survived
Me9af951760199920,killed,killed,killed,killed,killed,killed,killed,killed
Me9b4ab411546407c,killed,killed,killed,killed,killed,killed,killed,killed
Me9b87e2460bff11b,killed,killed,killed,killed,killed,killed,killed,killed
Me9b9f06e60e2ae63,killed,killed,killed,killed,killed,killed,killed,killed
Me9be0d1118c00e46,survived,survived,survived,survived,survived,survived,survived,survived
Me9c8207fa3cc9f97,killed,killed,killed,killed,killed,killed,killed,killed
Me9cb633b8fcc0936,killed,killed,killed,killed,killed,killed,killed,killed
Me9cd9b90580a301f,timeout,timeout,timeout,timeout,timeout,timeout,timeout,timeout
Me9d00efbb4007669,killed,killed,killed,killed,killed,killed,killed,killed
Me9d25dce3d116dce,killed,killed,killed,killed,killed,killed,killed,killed
Me9d31c76f4b526a7,killed,killed,killed,killed,killed,killed,killed,killed
Me9d73f6ac5512cda,killed,killed,killed,killed,killed,killed,killed,killed
Me9edd376355275fc,killed,killed,killed,killed,killed,killed,killed,killed
Me9f65005061b4891,survived,survived,survived,survived,survived,survived,survived,survived
Me9fb7c520b7dc6fb,killed,killed,killed,killed,killed,killed,killed,killed
Mea05cd11a977f6f3,killed,killed,killed,killed,killed,killed,killed,killed
Mea0f3083d4b44ad6,killed,killed,killed,killed,killed,killed,killed,killed
Mea14cda54d99e665,killed,killed,killed,killed,killed,killed,killed,killed
Mea1b970a2a364f4b,killed,killed,killed,killed,killed,killed,killed,killed
Mea1da5145e000aac,killed,killed,killed,killed,killed,killed,killed,killed
Mea23f16bc5e67e0b,survived,survived,survived,survived,survived,survived,survived,survived
Mea2490f048e68c7a,timeout,timeout,timeout,timeout,timeout,timeout,timeout,timeout
Mea38db16714e4de1,killed,killed,killed,killed,killed,killed,killed,killed
Mea4f72e209c2d2d1,killed,killed,killed,killed,killed,killed,killed,killed
Mea50d71f187c6a36,killed,killed,killed,killed,killed,killed,killed,killed
Mea55feaa045e85a8,survived,survived,survived,survived,survived,survived,survived,survived
Mea5bad91c8b8ad3a,killed,killed,killed,killed,killed,killed,killed,killed
Mea6837adff3a95c1,survived,survived,survived,survived,survived,survived,survived,survived
Mea784d3cd6060d65,no_tests,survived,survived,survived,survived,survived,survived,survived
Mea7be0da1590c4ac,killed,killed,killed,killed,killed,killed,killed,killed
Mea89c182d3b36433,killed,killed,killed,killed,killed,killed,killed,killed
Mea8d1155275be5a8,killed,killed,killed,killed,killed,killed,killed,killed
Mea96d79e2738ad80,killed,killed,killed,killed,killed,killed,killed,killed
Meaa028580ab66a18,killed,killed,killed,killed,killed,killed,killed,killed
Meaa0b34268cacb25,killed,killed,killed,killed,killed,killed,killed,killed
Meaa88456a789957b,killed,killed,killed,killed,killed,killed,killed,killed
Meabfba06c61977ca,killed,killed,killed,killed,killed,killed,killed,killed
Meac0b2f6f884552f,survived,survived,survived,survived,survived,survived,survived,survived
Meac448682e6d3555,killed,killed,killed,killed,killed,killed,killed,killed
Mead5b0f05560695d,killed,killed,killed,killed,killed,killed,killed,killed
Mead5cd452b5f7e53,killed,killed,killed,killed,killed,killed,killed,killed
Meadea99f5ce94fcc,survived,survived,survived,survived,survived,survived,survived,survived
Meae3efbbe4cc46f2,killed,killed,killed,killed,killed,killed,killed,killed
Meb2da43be616c8ab,killed,killed,killed,killed,killed,killed,killed,killed
Meb2ef22a3089bddc,killed,killed,killed,killed,killed,killed,killed,killed
Meb39c1234f153b9d,killed,killed,killed,killed,killed,killed,killed,killed
Meb3c06e8d813d3ca,killed,killed,killed,killed,killed,killed,killed,killed
Meb641e4223091b10,killed,killed,killed,killed,killed,killed,killed,killed
Meb6c925cfa0deb3d,killed,killed,killed,killed,killed,killed,killed,killed
Meb7e0fbebc7ebf82,survived,survived,survived,survived,survived,survived,survived,survived
Meb86e21d616fbbfe,killed,killed,killed,killed,killed,killed,killed,killed
Meba9707ea8612e0e,killed,killed,killed,killed,killed,killed,killed,killed
Mebc2775763ddd908,survived,survived,survived,survived,survived,survived,survived,survived
Mebd1592266e9689b,killed,killed,killed,killed,killed,killed,killed,killed
Mebd4666f77ef82ee,killed,killed,killed,killed,killed,killed,killed,killed
Mebdcfe3f601d0d07,killed,killed,killed,killed,killed,killed,killed,killed
Mebf929bef0b99b3f,killed,killed,killed,killed,killed,killed,killed,killed
Mec179b6fb1e68897,survived,survived,survived,survived,survived,survived,survived,survived
Mec17a7ae9a8b6878,killed,killed,killed,killed,killed,killed,killed,killed
Mec195c553e7fd6aa,survived,survived,survived,survived,survived,survived,survived,survived
Mec1c4681b8d71441,survived,survived,survived,survived,survived,survived,survived,survived
Mec265c7347049524,survived,survived,survived,survived,survived,survived,survived,survived
Mec3b4840687b60d4,survived,survived,survived,survived,survived,survived,survived,survived
Mec560abf71f5d27b,survived,survived,survived,survived,survived,survived,survived,survived
Mec579da7272b076a,killed,killed,killed,killed,killed,killed,killed,killed
Mec618984a4a8d06e,killed,killed,killed,killed,killed,killed,killed,killed
Mec86354429347b61,killed,killed,killed,killed,killed,killed,killed,killed
Mec87d444bcb09ff2,timeout,timeout,timeout,timeout,timeout,timeout,timeout,timeout
Mec8cea12680d77bf,survived,survived,survived,survived,survived,survived,survived,survived
Mec92c9c2cb6af28c,survived,survived,survived,survived,survived,survived,survived,survived
Meca36f8bdf2b388b,killed,killed,killed,killed,killed,killed,killed,killed
Mecb73378e2a2a85c,killed,killed,killed,killed,killed,killed,killed,killed
Mecbc93b75f150e05,survived,survived,survived,survived,survived,survived,survived,survived
Mecd1b71a09346a31,survived,survived,survived,survived,survived,survived,survived,survived
Mecd92bb5badc4a4a,survived,survived,survived,survived,survived,survived,survived,survived
Mece557fe39dcd521,survived,survived,survived,survived,survived,survived,survived,survived
Mecf29bc539bf1244,killed,killed,killed,killed,killed,killed,killed,killed
Med08135d8ad5c2b5,survived,survived,survived,survived,survived,survived,survived,survived
Med0f498387f0877c,killed,killed,killed,killed,killed,killed,killed,killed
Med22508260b12385,survived,survived,survived,survived,survived,survived,survived,survived
Med4d4d691fb8b30e,killed,killed,killed,killed,killed,killed,killed,killed
Med6e00ee3821725c,killed,killed,killed,killed,killed,killed,killed,killed
Med744e967634a391,killed,killed,killed,killed,killed,killed,killed,killed
Med7e3cb352aab9b6,survived,survived,survived,survived,survived,survived,survived,survived
Meda1dca8d7c15326,killed,killed,killed,killed,killed,killed,killed,killed
Meda5e890cc519d12,killed,killed,killed,killed,killed,killed,killed,killed
Medb4ceadcffa1533,killed,killed,killed,killed,killed,killed,killed,killed
Medbd7b91fa59d1fe,survived,survived,survived,survived,survived,survived,survived,survived
Medc2fab80138e456,survived,survived,survived,survived,survived,survived,survived,survived
Medd3eb29b012dab5,killed,killed,killed,killed,killed,killed,killed,killed
Meddb609cd4d57622,killed,killed,killed,killed,killed,killed,killed,killed
Medea22278f1cbbd6,killed,killed,killed,killed,killed,killed,killed,killed
Medf4c203285e85e3,no_tests,survived,survived,survived,survived,survived,survived,survived
Medf97819107a1080,killed,killed,killed,killed,killed,killed,killed,killed
Mee1cb0f27d95127e,killed,killed,killed,killed,killed,killed,survived,killed
Mee247c1cf4ed4b6d,survived,survived,survived,survived,survived,survived,survived,survived
Mee3e9221fb4a2364,killed,killed,killed,killed,killed,killed,killed,killed
Mee435c053af4a88b,killed,killed,killed,killed,killed,killed,killed,killed
Mee5cdfaca18834d6,survived,survived,survived,survived,survived,survived,survived,survived
Mee5f7893b3cd5789,killed,killed,killed,killed,killed,killed,killed,killed
Mee614a86852b35cc,survived,survived,survived,survived,survived,survived,survived,survived
Mee685b99dc17f34e,killed,killed,killed,killed,killed,killed,killed,killed
Mee697d5557ae0c6b,survived,survived,survived,survived,survived,survived,survived,survived
Mee7c1c739c06e4d7,survived,survived,survived,survived,survived,survived,survived,survived
Mee95d2f64d3cf053,killed,killed,killed,killed,killed,killed,killed,killed
Mee9ef3b4a3a9b1fa,killed,killed,killed,killed,killed,killed,killed,killed
Meea460e30a2a2f42,killed,killed,killed,killed,killed,killed,killed,killed
Meeaed6bec0bc915b,killed,killed,killed,killed,killed,killed,killed,killed
Meeb3bcdf5a1f1837,killed,killed,killed,killed,killed,killed,killed,killed
Meeb5af80009d7651,survived,survived,survived,survived,survived,survived,survived,survived
Meebf923cca50569e,killed,killed,killed,killed,killed,killed,survived,killed
Meec22bbeb67b526f,survived,survived,survived,survived,survived,survived,survived,survived
Meecd19aa13b5f1a4,killed,killed,killed,killed,killed,killed,killed,killed
Meecf4d7eea5eb9f2,killed,killed,killed,killed,killed,killed,killed,killed
Meed914f8c7f3b814,killed,killed,killed,killed,killed,killed,killed,killed
Meed9d4e39a94378b,killed,killed,killed,killed,killed,killed,killed,killed
Meedd9076ba90ffe0,killed,killed,killed,killed,killed,killed,killed,killed
Mef14ca1bfcc160e8,killed,killed,killed,killed,killed,killed,killed,killed
Mef1aefe351f6d989,killed,killed,killed,killed,killed,killed,killed,killed
Mef201bea37026d6e,survived,killed,killed,killed,killed,killed,survived,killed
Mef32e04f1fff625e,survived,survived,survived,survived,survived,survived,survived,survived
Mef3ab100fcf84e44,killed,killed,killed,killed,killed,killed,killed,killed
Mef4ad0d0004c7eff,killed,killed,killed,killed,killed,killed,killed,killed
Mef524ff9b1ecb99a,killed,killed,killed,killed,killed,killed,killed,killed
Mef611f7d9adb1af6,killed,killed,killed,killed,killed,killed,killed,killed
Mef7916eb4a26c6f4,killed,killed,killed,killed,killed,killed,killed,killed
Mef7e721957ad3cc3,killed,killed,killed,killed,killed,killed,killed,killed
Mef8764f2dd057ede,survived,survived,survived,survived,survived,survived,survived,survived
Mef8f4d3c42bb32ab,killed,killed,killed,killed,killed,killed,killed,killed
Mef93929b67cd6237,timeout,timeout,timeout,timeout,timeout,timeout,timeout,timeout
Mef9de7f31b63ba51,killed,killed,killed,killed,killed,killed,killed,killed
Mefa46d6daa466910,killed,killed,killed,killed,killed,killed,killed,killed
Mefa8d01b4964636d,killed,killed,killed,killed,killed,killed,killed,killed
Mefae19093ad97d81,killed,killed,killed,killed,killed,killed,killed,killed
Mefafc87d721a08f5,killed,killed,killed,killed,killed,killed,survived,killed
Mefb9bd93833840b6,killed,killed,killed,killed,killed,killed,killed,killed
Mefbfe87cdaf977fa,killed,killed,killed,killed,killed,killed,killed,killed
Mefc409dffb1e2ad3,survived,survived,survived,survived,survived,survived,survived,survived
Meff2d61b372ec967,killed,killed,killed,killed,killed,killed,killed,killed
Mf00038b62be3dfc7,killed,killed,killed,killed,killed,killed,killed,killed
Mf00d48aaab79437e,survived,survived,survived,survived,survived,survived,survived,survived
Mf016c6fdcca77ff8,killed,killed,killed,killed,killed,killed,killed,killed
Mf01f96341233f6cc,survived,survived,survived,survived,survived,survived,survived,survived
Mf03eb0a200fdcc38,killed,killed,killed,killed,killed,killed,killed,killed
Mf04dcaf241689ef3,killed,killed,killed,killed,killed,killed,killed,killed
Mf0572ba9d4319e74,killed,killed,killed,killed,killed,killed,killed,killed
Mf059ea9475658f4e,killed,killed,killed,killed,killed,killed,killed,killed
Mf0618d799ec0d0a0,survived,survived,survived,survived,survived,survived,survived,survived
Mf064ad65dada2d5e,killed,killed,killed,killed,killed,killed,killed,killed
Mf067ae78e4f2876a,survived,survived,survived,survived,survived,survived,survived,survived
Mf07230a5f3181be6,survived,survived,survived,survived,survived,survived,survived,survived
Mf07b8654151a104b,killed,killed,killed,killed,killed,killed,killed,killed
Mf08f5ef7a3f5515b,killed,killed,killed,killed,killed,killed,killed,killed
Mf093cf67852cc035,killed,killed,killed,killed,killed,killed,killed,killed
Mf0a491d115e3fe0e,killed,killed,killed,killed,killed,killed,killed,killed
Mf0a5d595bcd69359,killed,killed,killed,killed,killed,killed,killed,killed
Mf0a7af53e9c7d51c,survived,survived,survived,survived,survived,survived,survived,survived
Mf0b7ce2014071dbe,killed,killed,killed,killed,killed,killed,killed,killed
Mf0cae3a29811d8e6,killed,killed,killed,killed,killed,killed,killed,killed
Mf0d51ff413dacb61,killed,killed,killed,killed,killed,killed,killed,killed
Mf0d5c76e5719be42,timeout,timeout,timeout,timeout,timeout,timeout,timeout,timeout
Mf0f76c28d734848b,no_tests,no_tests,no_tests,no_tests,no_tests,no_tests,no_tests,no_tests
Mf0fb700b8fa92174,killed,killed,killed,killed,killed,killed,killed,killed
Mf106ede868dcfa1e,killed,killed,killed,killed,killed,killed,killed,killed
Mf108f5b7d44b86b1,killed,killed,killed,killed,killed,killed,killed,killed
Mf10ed976f97e443e,killed,killed,killed,killed,killed,killed,killed,killed
Mf10fba93bfb51d53,survived,survived,survived,survived,survived,survived,survived,survived
Mf11e7e085aa677f9,killed,killed,killed,killed,killed,killed,killed,killed
Mf11f51835d0a16ff,killed,killed,killed,killed,killed,killed,killed,killed
Mf147a352c828b481,killed,killed,killed,killed,killed,killed,killed,killed
Mf14ab2f87af0e93d,timeout,timeout,timeout,timeout,timeout,timeout,timeout,timeout
Mf150241fd757f0c6,killed,killed,killed,killed,killed,killed,killed,killed
Mf153c34204ae9e5a,survived,survived,survived,survived,survived,survived,survived,survived
Mf15779293ae482a1,killed,killed,killed,killed,killed,killed,killed,killed
Mf179d54f8038b0bd,killed,killed,killed,killed,killed,killed,killed,killed
Mf183092d633589c6,survived,survived,survived,survived,survived,survived,survived,survived
Mf1911d4c43ee132a,killed,killed,killed,killed,killed,killed,killed,killed
Mf192040901593a72,killed,killed,killed,killed,killed,killed,killed,killed
Mf1a1f9e0aaae6c04,killed,killed,killed,killed,killed,killed,killed,killed
Mf1aa57a62eb85dfa,killed,killed,killed,killed,killed,killed,killed,killed
Mf1b38e9842813df7,survived,survived,killed,survived,survived,survived,survived,survived
Mf1b4bfa816d95ab6,killed,killed,killed,killed,killed,killed,killed,killed
Mf1b5c7194c39daa4,killed,killed,killed,killed,killed,killed,killed,killed
Mf1b74b36097c65d9,killed,killed,killed,killed,killed,killed,killed,killed
Mf1c9e4dd0e00c442,survived,survived,survived,survived,survived,survived,survived,survived
Mf1ca36e2d103c6c2,killed,killed,killed,killed,killed,killed,killed,killed
Mf1cfcc43d9ed31df,killed,killed,killed,killed,killed,killed,killed,killed
Mf1da81c6342efc64,killed,killed,killed,killed,killed,killed,killed,killed
Mf1e3e08ccbf72301,survived,survived,survived,survived,survived,survived,survived,survived
Mf1f1c2b0efa7bb01,survived,survived,survived,survived,survived,survived,survived,survived
Mf1f6b3cafcf7fcf0,killed,killed,killed,killed,killed,killed,killed,killed
Mf1f88d661baa3623,killed,killed,killed,killed,killed,killed,killed,killed
Mf210a5b20864afba,killed,killed,killed,killed,killed,killed,killed,killed
Mf2208a47bdf2ff03,killed,killed,killed,killed,killed,killed,killed,killed
Mf2232a55adaa6014,killed,killed,killed,killed,killed,killed,killed,killed
Mf226de867c2c8715,survived,survived,survived,survived,survived,survived,survived,survived
Mf229a45297dd58ae,killed,killed,killed,killed,killed,killed,killed,killed
Mf22bb6b3f7ae4deb,killed,killed,killed,killed,killed,killed,killed,killed
Mf2332505fcdfb769,killed,killed,killed,killed,killed,killed,killed,killed
Mf236a084297cf93a,killed,killed,killed,killed,killed,killed,killed,killed
Mf23c6078f734a0d7,killed,killed,killed,killed,killed,killed,killed,killed
Mf242f80c0c5a21f7,timeout,timeout,timeout,timeout,timeout,timeout,timeout,timeout
Mf25625ed7e848076,timeout,timeout,timeout,timeout,timeout,timeout,timeout,timeout
Mf259de28d8099b37,survived,survived,survived,survived,survived,survived,survived,survived
Mf25f3f1fbca4bcc0,killed,killed,killed,killed,killed,killed,killed,killed
Mf264919642009103,killed,killed,killed,killed,killed,killed,killed,killed
Mf264ec3402cb6a3e,killed,killed,killed,killed,killed,killed,killed,killed
Mf27ce289b96f8f54,survived,survived,survived,survived,survived,survived,survived,survived
Mf297edab3b22ed5e,killed,killed,killed,killed,killed,killed,killed,killed
Mf2a03b1f54c6cf73,survived,survived,survived,survived,survived,survived,survived,survived
Mf2ab176ecf525436,timeout,timeout,timeout,timeout,timeout,timeout,timeout,timeout
Mf2af7460b3d4f304,killed,killed,killed,killed,killed,killed,killed,killed
Mf2b0c645a010d239,killed,killed,killed,killed,killed,killed,killed,killed
Mf2bf28f71fe20148,killed,killed,killed,killed,killed,killed,killed,killed
Mf2c7ec5230716972,survived,survived,survived,survived,survived,survived,survived,survived
Mf2d6372bc895ae7c,killed,killed,killed,killed,killed,killed,killed,killed
Mf2e6839d60b045fa,survived,survived,survived,survived,survived,survived,survived,survived
Mf2e82a2befc120ee,survived,survived,survived,survived,survived,survived,survived,survived
Mf311ecf6ebca1895,survived,survived,survived,survived,survived,survived,survived,survived
Mf319eac910ebf8e6,killed,killed,killed,killed,killed,killed,killed,killed
Mf32db52b85980803,killed,killed,killed,timeout,killed,killed,timeout,killed
Mf32e4bd965cfd98e,killed,killed,killed,killed,killed,killed,killed,killed
Mf33b579905e2afec,killed,killed,killed,killed,killed,killed,killed,killed
Mf33ca9da1514bbd6,killed,killed,killed,killed,killed,killed,killed,killed
Mf3431964ed171fc5,killed,killed,killed,killed,killed,killed,killed,killed
Mf34bb713b86cfcd1,killed,killed,killed,killed,killed,killed,killed,killed
Mf34e129473d26f53,survived,survived,survived,survived,survived,survived,survived,survived
Mf3500495e37d37cd,killed,killed,killed,killed,killed,killed,killed,killed
Mf375d12278113a2e,killed,killed,killed,killed,killed,killed,killed,killed
Mf38601f6f4ad15cf,killed,killed,killed,killed,killed,killed,killed,killed
Mf3901489bbfa6f7e,killed,killed,killed,killed,killed,killed,killed,killed
Mf397e405837b1661,survived,survived,survived,survived,survived,survived,survived,survived
Mf3a3389d23329981,killed,killed,killed,killed,killed,killed,killed,killed
Mf3b068ba40f56150,killed,killed,killed,killed,killed,killed,killed,killed
Mf3fa8c91fd6fbfc0,killed,killed,killed,killed,killed,killed,killed,killed
Mf3fb9fc12efcd0f7,no_tests,survived,survived,survived,survived,survived,survived,survived
Mf4021c7b6c40058a,killed,killed,killed,killed,killed,killed,killed,killed
Mf4191258dd60ddb3,killed,killed,killed,killed,killed,killed,killed,killed
Mf43168df7624b4a1,killed,killed,killed,killed,killed,killed,killed,killed
Mf43913723e51dfbe,survived,survived,survived,survived,survived,survived,survived,survived
Mf462ca47c55f04fc,killed,killed,killed,killed,killed,killed,killed,killed
Mf484e4c9550dee9c,killed,killed,killed,killed,killed,killed,killed,killed
Mf4a54dd6de60e430,killed,killed,killed,killed,killed,killed,killed,killed
Mf4ad696b17147aa4,survived,survived,survived,survived,survived,survived,survived,survived
Mf4af754278ec3251,killed,killed,killed,killed,killed,killed,killed,killed
Mf4b0d5e967b4a8ee,survived,survived,survived,survived,survived,survived,survived,survived
Mf4b9150f893c3514,killed,killed,killed,killed,killed,killed,killed,killed
Mf4bdf8ab815387f5,survived,survived,survived,survived,survived,survived,survived,survived
Mf4cca654b7e492e5,killed,killed,killed,killed,killed,killed,killed,killed
Mf4d084a6f65ad7f0,killed,killed,killed,killed,killed,killed,killed,killed
Mf4ee774df6152d61,killed,killed,killed,killed,killed,killed,killed,killed
Mf4fed7b7601c14a2,timeout,timeout,timeout,killed,timeout,timeout,killed,timeout
Mf510bfc421ff7c0e,killed,killed,killed,killed,killed,killed,killed,killed
Mf518d354da91ba75,survived,survived,survived,survived,survived,survived,survived,survived
Mf53095a9799c06fe,killed,killed,killed,killed,killed,killed,killed,killed
Mf5464b64dfc6a1d8,killed,killed,killed,killed,killed,killed,killed,killed
Mf549bf54cca79df0,survived,survived,survived,survived,survived,survived,survived,survived
Mf5525c239cf74e17,survived,survived,survived,survived,survived,survived,survived,survived
Mf55e24691874fa61,timeout,timeout,timeout,timeout,timeout,timeout,timeout,timeout
Mf573764f9b4895fb,killed,killed,killed,killed,killed,killed,killed,killed
Mf577165f1dc1847b,killed,killed,killed,killed,killed,killed,killed,killed
Mf59bef764b249c65,survived,survived,survived,survived,survived,survived,survived,survived
Mf5ad2fab15963658,killed,killed,killed,killed,killed,killed,killed,killed
Mf5aeb7eec7cd69ca,killed,killed,killed,killed,killed,killed,killed,killed
Mf5aef863b332b956,killed,killed,killed,killed,killed,killed,killed,killed
Mf5beb4f0874ee46a,killed,killed,killed,killed,killed,killed,killed,killed
Mf5c3532c5bcc9edb,killed,killed,killed,killed,killed,killed,killed,killed
Mf5d12f8d1cee3baf,survived,survived,survived,survived,survived,survived,survived,survived
Mf5d8e854ae0ccf4e,killed,killed,killed,killed,killed,killed,killed,killed
Mf5df718b9cab8438,killed,killed,killed,killed,killed,killed,killed,killed
Mf5dfe9a7bc933993,killed,killed,killed,killed,killed,killed,killed,killed
Mf5e36ac696fde07f,killed,killed,killed,killed,killed,killed,killed,killed
Mf5f4932bdd842ee1,killed,killed,killed,killed,killed,killed,killed,killed
Mf5f4c674f9faa420,killed,killed,killed,killed,killed,killed,killed,killed
Mf5f92e8752d552d4,survived,survived,survived,survived,survived,survived,survived,survived
Mf6166d818c82fa17,killed,killed,killed,killed,killed,killed,killed,killed
Mf618e8b357f48047,killed,killed,killed,killed,killed,killed,killed,killed
Mf61f553c82a08ac2,killed,killed,killed,killed,killed,killed,killed,killed
Mf62e39706a1878c6,killed,killed,killed,killed,killed,killed,killed,killed
Mf63bcc523ae25323,killed,killed,killed,killed,killed,killed,killed,killed
Mf63d4145db5b6ba6,killed,killed,killed,killed,killed,killed,killed,killed
Mf64a8015416e3846,killed,killed,killed,killed,killed,killed,killed,killed
Mf64cdff35dc75300,killed,killed,killed,killed,killed,killed,killed,killed
Mf650cf4f517c597c,survived,survived,survived,survived,survived,survived,survived,survived
Mf674cdd9dcb351f1,no_tests,survived,survived,survived,survived,survived,survived,survived
Mf683c425adaa0749,killed,killed,killed,killed,killed,killed,killed,killed
Mf6893242f435f539,survived,survived,survived,survived,survived,survived,survived,survived
Mf6969ccf05d2052a,killed,killed,killed,killed,killed,killed,killed,killed
Mf699756953413d5f,killed,killed,killed,killed,killed,killed,killed,killed
Mf69ced8b3b05e836,killed,killed,killed,killed,killed,killed,killed,killed
Mf6c8989d216e941f,killed,killed,killed,killed,killed,killed,killed,killed
Mf6cc6a6c9d4f7f20,survived,survived,survived,survived,survived,survived,survived,survived
Mf6d4a8f75819e03e,killed,killed,killed,killed,killed,killed,killed,killed
Mf6dde2f26ba1be2a,killed,killed,killed,killed,killed,killed,killed,killed
Mf6ee7d40fd4a4774,survived,survived,survived,survived,survived,survived,survived,survived
Mf70b3adf138d3761,killed,killed,killed,killed,killed,killed,killed,killed
Mf72a4a5efd44def9,killed,killed,killed,killed,killed,killed,killed,killed
Mf72b447f48945e6b,survived,survived,survived,survived,survived,survived,survived,survived
Mf73f5c5f10c7b417,killed,killed,killed,killed,killed,killed,killed,killed
Mf75f41cf1f15ed2d,killed,killed,killed,killed,killed,killed,killed,killed
Mf76ef34d5ca957ff,survived,survived,survived,survived,survived,survived,survived,survived
Mf770e3dc354dbe8a,survived,survived,survived,survived,survived,survived,survived,survived
Mf77f3cec88b575eb,killed,killed,killed,killed,killed,killed,killed,killed
Mf780f35ef65dda53,killed,killed,killed,killed,killed,killed,killed,killed
Mf783fb4ae61bb999,killed,killed,killed,killed,killed,killed,killed,killed
Mf78455c652ab4db4,killed,killed,killed,killed,killed,killed,killed,killed
Mf78c1f93a5560419,survived,survived,survived,survived,survived,survived,survived,survived
Mf78f1bea2d4d161d,killed,killed,killed,killed,killed,killed,killed,killed
Mf7be4beec8cb8ad6,killed,killed,killed,killed,killed,killed,killed,killed
Mf7d4d50d72cb53b5,killed,killed,killed,killed,killed,killed,killed,killed
Mf7d53dad302f3499,killed,killed,killed,killed,killed,killed,killed,killed
Mf7de9058c72f3f20,killed,killed,killed,killed,killed,killed,killed,killed
Mf7f3b2548a54d0f5,killed,killed,killed,killed,killed,killed,killed,killed
Mf7f988f1824c9c83,killed,killed,killed,killed,killed,killed,killed,killed
Mf80d9b782235ffca,survived,survived,survived,survived,survived,survived,survived,survived
Mf812d31e79ad147d,killed,killed,killed,killed,killed,killed,killed,killed
Mf82a41e5ec74ccfb,survived,survived,survived,survived,survived,survived,survived,survived
Mf830f02fbf98fe2d,killed,killed,killed,killed,killed,killed,killed,killed
Mf83d829ba1f375e9,no_tests,survived,survived,survived,survived,survived,survived,survived
Mf8700ee7d87e2940,no_tests,killed,killed,killed,killed,killed,killed,killed
Mf873bd3fe95cb1bc,killed,killed,killed,killed,killed,killed,killed,killed
Mf8962219eb6852f0,killed,killed,killed,killed,killed,killed,killed,killed
Mf8a9593e2ccf9e2e,survived,survived,survived,survived,survived,survived,survived,survived
Mf8c4b2ae65c3e090,survived,survived,survived,survived,survived,survived,survived,survived
Mf8cbe2fb9baa4595,killed,killed,killed,killed,killed,killed,killed,killed
Mf8d5097d566f717a,survived,survived,survived,survived,survived,survived,survived,survived
Mf8e1230bb2c0d9ac,survived,survived,survived,survived,survived,survived,survived,survived
Mf8ed2e243e1d28d0,no_tests,killed,killed,killed,killed,killed,killed,killed
Mf8f4f129f03f8787,killed,killed,killed,killed,killed,killed,killed,killed
Mf92d14b7c9f8a4ca,killed,killed,killed,killed,killed,killed,killed,killed
Mf93a5436a0c45ff0,killed,killed,killed,killed,killed,killed,killed,killed
Mf93d7be62495fdc5,survived,survived,survived,survived,survived,survived,survived,survived
Mf93eda4ad664013f,killed,killed,killed,killed,killed,killed,killed,killed
Mf95e3a67078e7f26,killed,killed,killed,killed,killed,killed,killed,killed
Mf9a7c54b4883ec7f,killed,killed,killed,killed,killed,killed,killed,killed
Mf9aab6fc01e6580d,survived,survived,survived,survived,survived,survived,survived,survived
Mf9bfafb9576098a7,survived,survived,survived,survived,survived,survived,survived,survived
Mf9c2382860d604df,survived,survived,survived,survived,survived,survived,survived,survived
Mf9e21d9ec4e2ebd4,killed,killed,killed,killed,killed,killed,killed,killed
Mf9f26a4593621e29,killed,killed,killed,killed,killed,killed,killed,killed
Mf9fe9a6a5ffe303f,survived,survived,survived,survived,survived,survived,survived,survived
Mfa006f166de8e813,killed,killed,killed,killed,killed,killed,killed,killed
Mfa121e3d602dd503,survived,survived,survived,survived,survived,survived,survived,survived
Mfa1300e9f1cc459a,killed,killed,killed,killed,killed,killed,killed,killed
Mfa15f6501db97583,killed,killed,killed,killed,killed,killed,killed,killed
Mfa328bd8ecd180bb,killed,killed,killed,killed,killed,killed,killed,killed
Mfa3bb343447386b8,killed,killed,killed,killed,killed,killed,killed,killed
Mfa4272a0d446a855,survived,survived,survived,survived,survived,survived,survived,survived
Mfa59f80e2115fddc,killed,killed,killed,killed,killed,killed,killed,killed
Mfa8978bdf140ecf5,killed,killed,killed,killed,killed,killed,killed,killed
Mfa9c9dab9b9c1728,survived,survived,survived,survived,survived,survived,survived,survived
Mfab2fadb60ff1acf,survived,survived,survived,survived,survived,survived,survived,survived
Mfabf8b1b8a22ad26,killed,killed,killed,killed,killed,killed,killed,killed
Mfac8f790de852315,killed,killed,killed,killed,killed,killed,killed,killed
Mfaceb1f39fa34abb,killed,killed,killed,killed,killed,killed,killed,killed
Mfae67306b97bc220,survived,survived,survived,survived,survived,survived,survived,survived
Mfaef79d246bc74a0,killed,killed,killed,killed,killed,killed,killed,killed
Mfaf9ecd3965162f6,killed,killed,killed,killed,killed,killed,killed,killed
Mfafda454783730fa,survived,survived,survived,survived,survived,survived,survived,survived
Mfb1404c471dd7808,killed,killed,killed,killed,killed,killed,killed,killed
Mfb1ed23bd7c61ff3,killed,killed,killed,killed,killed,killed,killed,killed
Mfb21326a091a07f5,killed,killed,killed,killed,killed,killed,killed,killed
Mfb2b034a212569aa,killed,killed,killed,killed,killed,killed,killed,killed
Mfb52440823dd07ce,killed,killed,killed,killed,killed,killed,killed,killed
Mfb5fea0d3d3b32ea,survived,survived,survived,survived,survived,survived,survived,survived
Mfb66ea663d1ff041,killed,killed,killed,killed,killed,killed,killed,killed
Mfb6a89fbad534ae1,survived,survived,survived,survived,survived,survived,survived,survived
Mfb75a808b9fcfac6,killed,killed,killed,killed,killed,killed,killed,killed
Mfb8c6152cac693ed,killed,killed,killed,killed,killed,killed,killed,killed
Mfbbd350c5665d787,survived,survived,survived,survived,survived,survived,survived,survived
Mfbc01baf2508ff32,survived,survived,survived,survived,survived,survived,survived,survived
Mfbc810f98c84ce0a,killed,killed,killed,killed,killed,killed,killed,killed
Mfbd5d8f2cb55ce95,killed,killed,killed,killed,killed,killed,killed,killed
Mfbe36df366cbdf4f,survived,survived,survived,survived,survived,survived,survived,survived
Mfbe8492252ee4430,killed,killed,killed,killed,killed,killed,killed,killed
Mfbed609de8a66c11,killed,killed,killed,killed,killed,killed,killed,killed
Mfbefdd93dc55be18,survived,survived,survived,survived,survived,survived,survived,survived
Mfbf476fca8fabdfc,survived,survived,survived,survived,survived,survived,survived,survived
Mfc038e5bbb3670cc,survived,survived,survived,survived,survived,survived,survived,survived
Mfc0ffb5b812b0440,killed,killed,killed,killed,killed,killed,killed,killed
Mfc11847cd274a7b5,killed,killed,killed,killed,killed,killed,killed,killed
Mfc12623c5dc450f7,killed,killed,killed,killed,killed,killed,killed,killed
Mfc191ccecf255058,killed,killed,killed,killed,killed,killed,killed,killed
Mfc1e658503331dba,killed,killed,killed,killed,killed,killed,killed,killed
Mfc231026b56b95cc,survived,survived,survived,survived,survived,survived,survived,survived
Mfc2376ffdb996820,survived,survived,survived,survived,survived,survived,survived,survived
Mfc2aa01ed75d86ca,survived,survived,survived,survived,survived,survived,survived,survived
Mfc456fb55e2522ab,killed,killed,killed,killed,killed,killed,killed,killed
Mfc4d2ed916c7510e,killed,killed,killed,killed,killed,killed,killed,killed
Mfc519f4d00558548,survived,survived,survived,survived,survived,survived,survived,survived
Mfc598eef5deee272,survived,survived,survived,survived,survived,survived,survived,survived
Mfc63aa00bf2c757c,survived,survived,survived,survived,survived,survived,survived,survived
Mfc662f3fd4ee088e,killed,killed,killed,killed,killed,killed,killed,killed
Mfc6be97a26f33ca3,killed,killed,killed,killed,killed,killed,killed,killed
Mfc7b4a9e75443bb7,survived,survived,survived,survived,survived,survived,survived,survived
Mfc80dd497d40f46c,killed,killed,killed,killed,killed,killed,killed,killed
Mfc8b05ed577090db,killed,killed,killed,killed,killed,killed,killed,killed
Mfca4ce4db304c9c9,survived,survived,survived,survived,survived,survived,survived,survived
Mfca5c3d4c92fb3bb,killed,killed,killed,killed,killed,killed,killed,killed
Mfca5dc91e900df7d,killed,killed,killed,killed,killed,killed,killed,killed
Mfca5fecd291e7494,survived,survived,survived,survived,survived,survived,survived,survived
Mfca60664de16d609,killed,killed,killed,killed,killed,killed,killed,killed
Mfcad2d064a6d3a9e,killed,killed,killed,killed,killed,killed,killed,killed
Mfcaf12f7d666868c,survived,survived,survived,survived,survived,survived,survived,survived
Mfcd65294ff909cd1,survived,survived,survived,survived,survived,survived,survived,survived
Mfcdac88cb840ceb8,killed,killed,killed,killed,killed,killed,killed,killed
Mfce15944c896c4c1,killed,killed,killed,killed,killed,killed,killed,killed
Mfce553d8d34be9d0,killed,killed,killed,killed,killed,killed,killed,killed
Mfce59564cbd2c66a,killed,killed,killed,killed,killed,killed,killed,killed
Mfcf87d459ba40d48,timeout,timeout,timeout,timeout,timeout,timeout,timeout,timeout
Mfcf905af30d8a5cc,killed,killed,killed,killed,killed,killed,killed,killed
Mfcfb1182b0cb32e6,survived,survived,survived,survived,survived,survived,survived,survived
Mfd0372804d11d0a3,killed,killed,killed,killed,killed,killed,killed,killed
Mfd0b062f5543c62e,killed,killed,killed,killed,killed,killed,killed,killed
Mfd0e73ab9fbeec0f,killed,killed,killed,killed,killed,killed,killed,killed
Mfd12c9016fc09231,survived,survived,survived,survived,survived,survived,survived,survived
Mfd1cfc8814b08d23,timeout,timeout,timeout,timeout,timeout,timeout,timeout,timeout
Mfd22a34e56f5139f,survived,survived,survived,survived,survived,survived,survived,survived
Mfd3a3c1f9f2a7a23,killed,killed,killed,killed,killed,killed,killed,killed
Mfd4bbce0125f544c,killed,killed,killed,killed,killed,killed,killed,killed
Mfd595b3dcc27de14,survived,survived,survived,survived,survived,survived,survived,survived
Mfd676c1060753fa0,killed,killed,killed,killed,killed,killed,killed,killed
Mfd6ab087a384bb60,killed,killed,killed,killed,killed,killed,killed,killed
Mfd76c3b9e0c62a74,killed,killed,killed,killed,killed,killed,killed,killed
Mfd7a293265c01164,survived,survived,survived,survived,survived,survived,survived,survived
Mfd7ea513317d5e4c,killed,killed,killed,killed,killed,killed,killed,killed
Mfd8c177cf224cbed,survived,survived,survived,survived,survived,survived,survived,survived
Mfdbed7499349d80d,killed,killed,killed,killed,killed,killed,killed,killed
Mfde96e0d91759265,killed,killed,killed,killed,killed,killed,killed,killed
Mfdfb44776fc93a6b,survived,survived,survived,survived,survived,survived,survived,survived
Mfe02e6821dc2f29f,survived,survived,survived,survived,survived,survived,survived,survived
Mfe25a84ad4bc90d5,killed,killed,killed,killed,killed,killed,killed,killed
Mfe294ac462a727e9,killed,killed,killed,killed,killed,killed,killed,killed
Mfe3ba99478ef261d,killed,killed,killed,killed,killed,killed,killed,killed
Mfe3c8ee6f81abaf9,survived,survived,survived,survived,survived,survived,survived,survived
Mfe4c8741673938e8,killed,killed,killed,killed,killed,killed,killed,killed
Mfe83ba589509a85a,killed,killed,killed,killed,killed,killed,killed,killed
Mfe9724691d7d90e9,killed,killed,killed,killed,killed,killed,killed,killed
Mfea2024fbe83096b,killed,killed,killed,killed,killed,killed,killed,killed
Mfec338629f1a6ee6,killed,killed,killed,killed,killed,killed,killed,killed
Mfee0688388686b64,killed,killed,killed,killed,killed,killed,killed,killed
Mfeeb03b2c6f6d46a,killed,killed,killed,killed,killed,killed,killed,killed
Mfef13c8f6c2788e7,killed,killed,killed,killed,killed,killed,killed,killed
Mfef1ec6f6dcb0b61,survived,survived,survived,survived,survived,survived,survived,survived
Mfef7552656f140c5,killed,killed,killed,killed,killed,killed,killed,killed
Mff047f02a25150c7,killed,killed,killed,killed,killed,killed,killed,killed
Mff118eb2d11fa9c4,killed,killed,killed,killed,killed,killed,killed,killed
Mff1213fe5b76a9c7,killed,killed,killed,killed,killed,killed,killed,killed
Mff166b109ec73c0e,killed,killed,killed,killed,killed,killed,killed,killed
Mff3b0b4162d070f1,killed,killed,killed,killed,killed,killed,killed,killed
Mff4b0bf6b0beaf09,survived,survived,survived,survived,survived,survived,survived,survived
Mff4e610aee3a5a97,survived,survived,survived,survived,survived,survived,survived,survived
Mff6a26bd38edbd59,killed,killed,killed,killed,killed,killed,killed,killed
Mff6e47ee0ec164cb,killed,killed,killed,killed,killed,killed,killed,killed
Mff74dfce57ead48b,killed,killed,killed,killed,killed,killed,killed,killed
Mff81f6f08db19a8d,killed,killed,killed,killed,killed,killed,killed,killed
Mff9c23d35cae9f79,killed,killed,killed,killed,killed,killed,killed,killed
Mffbf4d2f635e00b4,killed,killed,killed,killed,killed,killed,killed,killed
Mffc5de0957be7e99,survived,survived,survived,survived,survived,survived,survived,survived
Mffd3c07dec845d5e,survived,survived,survived,survived,survived,survived,survived,survived
Mffeb656bd9716aec,killed,killed,killed,killed,killed,killed,killed,killed
Mfff15c2884f84f97,survived,survived,survived,survived,survived,survived,survived,survived
Mfff6ceb332890862,killed,killed,killed,killed,killed,killed,killed,killed
Mfff8b44e07f9cebb,survived,survived,survived,survived,survived,survived,survived,survived
