mutant_id,mutant_name,workload_layer,module,function,source_line,original_code,mutated_code,status,review_status,review_notes,covering_tests,show_command,tests_command,rerun_command
M0029398feabae374,markdown_it.renderer.xǁRendererHTMLǁrender__mutmut_11,specified,markdown_it/renderer.py,render,82,"                result += self.renderInline(token.children, options, env)","                result += self.renderInline(token.children, options, None)",survived,unreviewed,,tests/task/phase1/task.py::test_file;tests/task/phase1/task.py::test_spec,mutmut show 'markdown_it.renderer.xǁRendererHTMLǁrender__mutmut_11',mutmut tests-for-mutant 'markdown_it.renderer.xǁRendererHTMLǁrender__mutmut_11',mutmut run 'markdown_it.renderer.xǁRendererHTMLǁrender__mutmut_11'
M005cac56df85ad0c,markdown_it.rules_block.lheading.x_lheading__mutmut_84,specified,markdown_it/rules_block/lheading.py,lheading,62,        nextLine += 1,        nextLine -= 1,timeout,unreviewed,,tests/task/phase1/task.py::test_core_after;tests/task/phase1/task.py::test_file;tests/task/phase1/task.py::test_spec;tests/task/task2.py::test_make_fence_at,mutmut show 'markdown_it.rules_block.lheading.x_lheading__mutmut_84',mutmut tests-for-mutant 'markdown_it.rules_block.lheading.x_lheading__mutmut_84',mutmut run 'markdown_it.rules_block.lheading.x_lheading__mutmut_84'
M00727d893866bd7e,markdown_it.rules_inline.state_inline.xǁStateInlineǁpushPending__mutmut_13,specified,markdown_it/rules_inline/state_inline.py,pushPending,87,    token.level = self.pendingLevel,    token.level = None,survived,unreviewed,,tests/task/phase1/task.py::test_core_after;tests/task/phase1/task.py::test_file;tests/task/phase1/task.py::test_spec,mutmut show 'markdown_it.rules_inline.state_inline.xǁStateInlineǁpushPending__mutmut_13',mutmut tests-for-mutant 'markdown_it.rules_inline.state_inline.xǁStateInlineǁpushPending__mutmut_13',mutmut run 'markdown_it.rules_inline.state_inline.xǁStateInlineǁpushPending__mutmut_13'
M009c6ce5be62bc24,markdown_it.presets.zero.x_make__mutmut_36,specified,markdown_it/presets/zero.py,make,37,"            ""core"": {""rules"": [""normalize"", ""block"", ""inline"", ""text_join""]},","            ""XXcoreXX"": {""rules"": [""normalize"", ""block"", ""inline"", ""text_join""]},",survived,unreviewed,,tests/task/phase1/task.py::test_file,mutmut show 'markdown_it.presets.zero.x_make__mutmut_36',mutmut tests-for-mutant 'markdown_it.presets.zero.x_make__mutmut_36',mutmut run 'markdown_it.presets.zero.x_make__mutmut_36'
M00bd1d86e2b03a15,markdown_it.parser_block.xǁParserBlockǁtokenize__mutmut_45,specified,markdown_it/parser_block.py,tokenize,102,            line += 1,            line = 1,timeout,unreviewed,,tests/task/phase1/task.py::test_core_after;tests/task/phase1/task.py::test_file;tests/task/phase1/task.py::test_spec;tests/task/task2.py::test_make_fence_after;tests/task/task2.py::test_make_fence_at,mutmut show 'markdown_it.parser_block.xǁParserBlockǁtokenize__mutmut_45',mutmut tests-for-mutant 'markdown_it.parser_block.xǁParserBlockǁtokenize__mutmut_45',mutmut run 'markdown_it.parser_block.xǁParserBlockǁtokenize__mutmut_45'
M00c50f6b846c5346,markdown_it.rules_block.lheading.x_lheading__mutmut_68,specified,markdown_it/rules_block/lheading.py,lheading,54,        terminate = False,        terminate = None,survived,unreviewed,,tests/task/phase1/task.py::test_core_after;tests/task/phase1/task.py::test_file;tests/task/phase1/task.py::test_spec;tests/task/task2.py::test_make_fence_at,mutmut show 'markdown_it.rules_block.lheading.x_lheading__mutmut_68',mutmut tests-for-mutant 'markdown_it.rules_block.lheading.x_lheading__mutmut_68',mutmut run 'markdown_it.rules_block.lheading.x_lheading__mutmut_68'
M00fd6f3e5367953e,markdown_it.rules_block.fence.x_make_fence_rule__mutmut_59,specified,markdown_it/rules_block/fence.py,make_fence_rule,94,                break,                return,survived,unreviewed,,tests/task/phase1/task.py::test_file;tests/task/task2.py::test_make_fence_after;tests/task/task2.py::test_make_fence_at,mutmut show 'markdown_it.rules_block.fence.x_make_fence_rule__mutmut_59',mutmut tests-for-mutant 'markdown_it.rules_block.fence.x_make_fence_rule__mutmut_59',mutmut run 'markdown_it.rules_block.fence.x_make_fence_rule__mutmut_59'
M01046e43d5fad3a2,markdown_it.rules_inline.autolink.x_autolink__mutmut_154,specified,markdown_it/rules_inline/autolink.py,autolink,74,        state.pos += len(url) + 2,        state.pos -= len(url) + 2,timeout,unreviewed,,tests/task/phase1/task.py::test_file;tests/task/phase1/task.py::test_spec,mutmut show 'markdown_it.rules_inline.autolink.x_autolink__mutmut_154',mutmut tests-for-mutant 'markdown_it.rules_inline.autolink.x_autolink__mutmut_154',mutmut run 'markdown_it.rules_inline.autolink.x_autolink__mutmut_154'
M0141f3591acf0ca5,markdown_it.rules_block.reference.x_reference__mutmut_2,specified,markdown_it/rules_block/reference.py,reference,11,"        ""entering reference: %s, %s, %s, %s"", state, startLine, _endLine, silent","        ""entering reference: %s, %s, %s, %s"", None, startLine, _endLine, silent",survived,unreviewed,,tests/task/phase1/task.py::test_core_after;tests/task/phase1/task.py::test_file;tests/task/phase1/task.py::test_spec;tests/task/task2.py::test_make_fence_at,mutmut show 'markdown_it.rules_block.reference.x_reference__mutmut_2',mutmut tests-for-mutant 'markdown_it.rules_block.reference.x_reference__mutmut_2',mutmut run 'markdown_it.rules_block.reference.x_reference__mutmut_2'
M016c532c7d1c2f70,markdown_it.presets.commonmark.x_make__mutmut_41,specified,markdown_it/presets/commonmark.py,make,44,"            ""core"": {""rules"": [""normalize"", ""block"", ""inline"", ""text_join""]},","            ""core"": {""rules"": [""NORMALIZE"", ""block"", ""inline"", ""text_join""]},",survived,unreviewed,,tests/task/phase1/task.py::test_file,mutmut show 'markdown_it.presets.commonmark.x_make__mutmut_41',mutmut tests-for-mutant 'markdown_it.presets.commonmark.x_make__mutmut_41',mutmut run 'markdown_it.presets.commonmark.x_make__mutmut_41'
M01843ce79e1c68d7,markdown_it.rules_block.state_block.xǁStateBlockǁ__init____mutmut_86,specified,markdown_it/rules_block/state_block.py,__init__,105,    self.sCount.append(0),    self.sCount.append(None),survived,unreviewed,,tests/task/phase1/task.py::test_core_after;tests/task/phase1/task.py::test_file;tests/task/phase1/task.py::test_spec;tests/task/task2.py::test_make_fence_after;tests/task/task2.py::test_make_fence_at,mutmut show 'markdown_it.rules_block.state_block.xǁStateBlockǁ__init____mutmut_86',mutmut tests-for-mutant 'markdown_it.rules_block.state_block.xǁStateBlockǁ__init____mutmut_86',mutmut run 'markdown_it.rules_block.state_block.xǁStateBlockǁ__init____mutmut_86'
M019b73a7eb897956,markdown_it.presets.xǁgfm_likeǁmake__mutmut_24,specified,markdown_it/presets/__init__.py,make,24,"    config[""components""][""inline""][""rules""].extend([""strikethrough"", ""linkify""])","    config[""components""][""INLINE""][""rules""].extend([""strikethrough"", ""linkify""])",survived,unreviewed,,tests/task/phase1/task.py::test_file,mutmut show 'markdown_it.presets.xǁgfm_likeǁmake__mutmut_24',mutmut tests-for-mutant 'markdown_it.presets.xǁgfm_likeǁmake__mutmut_24',mutmut run 'markdown_it.presets.xǁgfm_likeǁmake__mutmut_24'
M01f5c9fdcd18b791,markdown_it.rules_block.reference.x_reference__mutmut_268,specified,markdown_it/rules_block/reference.py,reference,166,"    if state.md.options.get(""inline_definitions"", False):","    if state.md.options.get(""inline_definitions"", None):",survived,unreviewed,,tests/task/phase1/task.py::test_core_after;tests/task/phase1/task.py::test_file;tests/task/phase1/task.py::test_spec;tests/task/task2.py::test_make_fence_at,mutmut show 'markdown_it.rules_block.reference.x_reference__mutmut_268',mutmut tests-for-mutant 'markdown_it.rules_block.reference.x_reference__mutmut_268',mutmut run 'markdown_it.rules_block.reference.x_reference__mutmut_268'
M02089190a347b12d,markdown_it.presets.zero.x_make__mutmut_64,specified,markdown_it/presets/zero.py,make,41,"                ""rules2"": [""balance_pairs"", ""fragments_join""],","                ""rules2"": [""balance_pairs"", ""XXfragments_joinXX""],",survived,unreviewed,,tests/task/phase1/task.py::test_file,mutmut show 'markdown_it.presets.zero.x_make__mutmut_64',mutmut tests-for-mutant 'markdown_it.presets.zero.x_make__mutmut_64',mutmut run 'markdown_it.presets.zero.x_make__mutmut_64'
M022e6122ccc7dcfe,markdown_it.rules_block.blockquote.x_blockquote__mutmut_114,specified,markdown_it/rules_block/blockquote.py,blockquote,108,    oldParentType = state.parentType,    oldParentType = None,survived,unreviewed,,tests/task/phase1/task.py::test_core_after;tests/task/phase1/task.py::test_file;tests/task/phase1/task.py::test_spec;tests/task/task2.py::test_make_fence_at,mutmut show 'markdown_it.rules_block.blockquote.x_blockquote__mutmut_114',mutmut tests-for-mutant 'markdown_it.rules_block.blockquote.x_blockquote__mutmut_114',mutmut run 'markdown_it.rules_block.blockquote.x_blockquote__mutmut_114'
M0234b5325953fd63,markdown_it.rules_block.reference.x_getNextLine__mutmut_37,specified,markdown_it/rules_block/reference.py,getNextLine,225,        state.parentType = oldParentType,        state.parentType = None,survived,unreviewed,,tests/task/phase1/task.py::test_file;tests/task/phase1/task.py::test_spec,mutmut show 'markdown_it.rules_block.reference.x_getNextLine__mutmut_37',mutmut tests-for-mutant 'markdown_it.rules_block.reference.x_getNextLine__mutmut_37',mutmut run 'markdown_it.rules_block.reference.x_getNextLine__mutmut_37'
M0267810c65fc66cd,markdown_it.presets.commonmark.x_make__mutmut_18,specified,markdown_it/presets/commonmark.py,make,30,"            ""quotes"": ""\u201c\u201d\u2018\u2019"",  # /* “”‘’ */","            ""quotes"": ""XX\u201c\u201d\u2018\u2019XX"",  # /* “”‘’ */",survived,unreviewed,,tests/task/phase1/task.py::test_file,mutmut show 'markdown_it.presets.commonmark.x_make__mutmut_18',mutmut tests-for-mutant 'markdown_it.presets.commonmark.x_make__mutmut_18',mutmut run 'markdown_it.presets.commonmark.x_make__mutmut_18'
M03088053d9e3abe1,markdown_it.rules_inline.state_inline.xǁStateInlineǁpush__mutmut_16,specified,markdown_it/rules_inline/state_inline.py,push,109,    if nesting > 0:,    if nesting >= 0:,timeout,unreviewed,,tests/task/phase1/task.py::test_file;tests/task/phase1/task.py::test_spec;tests/task/task2.py::test_make_fence_at,mutmut show 'markdown_it.rules_inline.state_inline.xǁStateInlineǁpush__mutmut_16',mutmut tests-for-mutant 'markdown_it.rules_inline.state_inline.xǁStateInlineǁpush__mutmut_16',mutmut run 'markdown_it.rules_inline.state_inline.xǁStateInlineǁpush__mutmut_16'
M0337ae9970dff6a9,markdown_it.rules_inline.image.x_image__mutmut_50,specified,markdown_it/rules_inline/image.py,image,40,"            if not isStrSpace(ch) and ch != ""\n"":","            if not isStrSpace(ch) and ch != ""XX\nXX"":",survived,unreviewed,,tests/task/phase1/task.py::test_file;tests/task/phase1/task.py::test_spec,mutmut show 'markdown_it.rules_inline.image.x_image__mutmut_50',mutmut tests-for-mutant 'markdown_it.rules_inline.image.x_image__mutmut_50',mutmut run 'markdown_it.rules_inline.image.x_image__mutmut_50'
M034e27f40d82d614,markdown_it.rules_inline.link.x_link__mutmut_13,specified,markdown_it/rules_inline/link.py,link,17,        return False,        return True,timeout,unreviewed,,tests/task/phase1/task.py::test_file;tests/task/phase1/task.py::test_spec,mutmut show 'markdown_it.rules_inline.link.x_link__mutmut_13',mutmut tests-for-mutant 'markdown_it.rules_inline.link.x_link__mutmut_13',mutmut run 'markdown_it.rules_inline.link.x_link__mutmut_13'
M0350d3a3cf6ef7c8,markdown_it.rules_block.list.x_list_block__mutmut_277,specified,markdown_it/rules_block/list.py,list_block,327,"            if terminatorRule(state, nextLine, endLine, True):","            if terminatorRule(state, nextLine, None, True):",survived,unreviewed,,tests/task/phase1/task.py::test_core_after;tests/task/phase1/task.py::test_file;tests/task/phase1/task.py::test_spec;tests/task/task2.py::test_make_fence_at,mutmut show 'markdown_it.rules_block.list.x_list_block__mutmut_277',mutmut tests-for-mutant 'markdown_it.rules_block.list.x_list_block__mutmut_277',mutmut run 'markdown_it.rules_block.list.x_list_block__mutmut_277'
M03560683e5ba2322,markdown_it.rules_block.hr.x_hr__mutmut_1,specified,markdown_it/rules_block/hr.py,hr,15,"    LOGGER.debug(""entering hr: %s, %s, %s, %s"", state, startLine, endLine, silent)","    LOGGER.debug(None, state, startLine, endLine, silent)",survived,unreviewed,,tests/task/phase1/task.py::test_core_after;tests/task/phase1/task.py::test_file;tests/task/phase1/task.py::test_spec;tests/task/task2.py::test_make_fence_at,mutmut show 'markdown_it.rules_block.hr.x_hr__mutmut_1',mutmut tests-for-mutant 'markdown_it.rules_block.hr.x_hr__mutmut_1',mutmut run 'markdown_it.rules_block.hr.x_hr__mutmut_1'
M039ea43a540c0ebf,markdown_it.presets.commonmark.x_make__mutmut_57,specified,markdown_it/presets/commonmark.py,make,49,"                    ""fence"",","                    ""FENCE"",",survived,unreviewed,,tests/task/phase1/task.py::test_file,mutmut show 'markdown_it.presets.commonmark.x_make__mutmut_57',mutmut tests-for-mutant 'markdown_it.presets.commonmark.x_make__mutmut_57',mutmut run 'markdown_it.presets.commonmark.x_make__mutmut_57'
M040858668b20d32d,markdown_it.rules_block.blockquote.x_blockquote__mutmut_45,specified,markdown_it/rules_block/blockquote.py,blockquote,53,        spaceAfterMarker = True,        spaceAfterMarker = None,survived,unreviewed,,tests/task/phase1/task.py::test_core_after;tests/task/phase1/task.py::test_file;tests/task/phase1/task.py::test_spec;tests/task/task2.py::test_make_fence_at,mutmut show 'markdown_it.rules_block.blockquote.x_blockquote__mutmut_45',mutmut tests-for-mutant 'markdown_it.rules_block.blockquote.x_blockquote__mutmut_45',mutmut run 'markdown_it.rules_block.blockquote.x_blockquote__mutmut_45'
M042fe5d01f55e9a7,markdown_it.rules_block.fence.x_make_fence_rule__mutmut_105,specified,markdown_it/rules_block/fence.py,make_fence_rule,134,"        token = state.push(token_type, ""code"", 0)","        token = state.push(token_type, ""code"", 1)",survived,unreviewed,,tests/task/phase1/task.py::test_file;tests/task/task2.py::test_make_fence_after;tests/task/task2.py::test_make_fence_at,mutmut show 'markdown_it.rules_block.fence.x_make_fence_rule__mutmut_105',mutmut tests-for-mutant 'markdown_it.rules_block.fence.x_make_fence_rule__mutmut_105',mutmut run 'markdown_it.rules_block.fence.x_make_fence_rule__mutmut_105'
M0437f279f65ab3ba,markdown_it.presets.zero.x_make__mutmut_63,specified,markdown_it/presets/zero.py,make,41,"                ""rules2"": [""balance_pairs"", ""fragments_join""],","                ""rules2"": [""BALANCE_PAIRS"", ""fragments_join""],",survived,unreviewed,,tests/task/phase1/task.py::test_file,mutmut show 'markdown_it.presets.zero.x_make__mutmut_63',mutmut tests-for-mutant 'markdown_it.presets.zero.x_make__mutmut_63',mutmut run 'markdown_it.presets.zero.x_make__mutmut_63'
M04bea37727f72533,markdown_it.rules_inline.backticks.x_backtick__mutmut_4,specified,markdown_it/rules_inline/backticks.py,backtick,13,        return False,        return True,timeout,unreviewed,,tests/task/phase1/task.py::test_file;tests/task/phase1/task.py::test_spec;tests/task/task2.py::test_make_fence_at,mutmut show 'markdown_it.rules_inline.backticks.x_backtick__mutmut_4',mutmut tests-for-mutant 'markdown_it.rules_inline.backticks.x_backtick__mutmut_4',mutmut run 'markdown_it.rules_inline.backticks.x_backtick__mutmut_4'
M04c351ee4c9f5e92,markdown_it.ruler.xǁRulerǁafter__mutmut_6,specified,markdown_it/ruler.py,after,169,    if index == -1:,    if index == +1:,survived,unreviewed,,tests/task/phase1/task.py::test_core_after;tests/task/task2.py::test_make_fence_after,mutmut show 'markdown_it.ruler.xǁRulerǁafter__mutmut_6',mutmut tests-for-mutant 'markdown_it.ruler.xǁRulerǁafter__mutmut_6',mutmut run 'markdown_it.ruler.xǁRulerǁafter__mutmut_6'
M04fe4ae471070ad8,markdown_it.rules_inline.escape.x_escape__mutmut_83,specified,markdown_it/rules_inline/escape.py,escape,53,        token.markup = origStr,        token.markup = None,survived,unreviewed,,tests/task/phase1/task.py::test_file;tests/task/phase1/task.py::test_spec;tests/task/task2.py::test_make_fence_at,mutmut show 'markdown_it.rules_inline.escape.x_escape__mutmut_83',mutmut tests-for-mutant 'markdown_it.rules_inline.escape.x_escape__mutmut_83',mutmut run 'markdown_it.rules_inline.escape.x_escape__mutmut_83'
M050db650cf11a680,markdown_it.presets.xǁgfm_likeǁmake__mutmut_8,specified,markdown_it/presets/__init__.py,make,22,"    config[""components""][""core""][""rules""].append(""linkify"")","    config[""components""][""core""][""RULES""].append(""linkify"")",survived,unreviewed,,tests/task/phase1/task.py::test_file,mutmut show 'markdown_it.presets.xǁgfm_likeǁmake__mutmut_8',mutmut tests-for-mutant 'markdown_it.presets.xǁgfm_likeǁmake__mutmut_8',mutmut run 'markdown_it.presets.xǁgfm_likeǁmake__mutmut_8'
M051a7a0c7649d37e,markdown_it.presets.xǁgfm_likeǁmake__mutmut_16,specified,markdown_it/presets/__init__.py,make,23,"    config[""components""][""block""][""rules""].append(""table"")","    config[""components""][""block""][""XXrulesXX""].append(""table"")",survived,unreviewed,,tests/task/phase1/task.py::test_file,mutmut show 'markdown_it.presets.xǁgfm_likeǁmake__mutmut_16',mutmut tests-for-mutant 'markdown_it.presets.xǁgfm_likeǁmake__mutmut_16',mutmut run 'markdown_it.presets.xǁgfm_likeǁmake__mutmut_16'
M059ec243ee1eb220,markdown_it.rules_inline.emphasis.x__postProcess__mutmut_54,specified,markdown_it/rules_inline/emphasis.py,_postProcess,75,"        token.type = ""strong_open"" if isStrong else ""em_open""","        token.type = ""STRONG_OPEN"" if isStrong else ""em_open""",survived,unreviewed,,tests/task/phase1/task.py::test_core_after;tests/task/phase1/task.py::test_file;tests/task/phase1/task.py::test_spec;tests/task/task2.py::test_make_fence_at,mutmut show 'markdown_it.rules_inline.emphasis.x__postProcess__mutmut_54',mutmut tests-for-mutant 'markdown_it.rules_inline.emphasis.x__postProcess__mutmut_54',mutmut run 'markdown_it.rules_inline.emphasis.x__postProcess__mutmut_54'
M05b25dbb68a4a344,markdown_it.presets.default.x_make__mutmut_23,specified,markdown_it/presets/default.py,make,24,"            ""xhtmlOut"": False,  # Use '/' to close single tags (<br />)","            ""xhtmlOut"": True,  # Use '/' to close single tags (<br />)",survived,unreviewed,,tests/task/phase1/task.py::test_file,mutmut show 'markdown_it.presets.default.x_make__mutmut_23',mutmut tests-for-mutant 'markdown_it.presets.default.x_make__mutmut_23',mutmut run 'markdown_it.presets.default.x_make__mutmut_23'
M05b824fe06bdb8d9,markdown_it.rules_block.blockquote.x_blockquote__mutmut_257,specified,markdown_it/rules_block/blockquote.py,blockquote,271,        nextLine += 1,        nextLine -= 1,timeout,unreviewed,,tests/task/phase1/task.py::test_core_after;tests/task/phase1/task.py::test_file;tests/task/phase1/task.py::test_spec;tests/task/task2.py::test_make_fence_at,mutmut show 'markdown_it.rules_block.blockquote.x_blockquote__mutmut_257',mutmut tests-for-mutant 'markdown_it.rules_block.blockquote.x_blockquote__mutmut_257',mutmut run 'markdown_it.rules_block.blockquote.x_blockquote__mutmut_257'
M05dec278b2ad9fb8,markdown_it.main.xǁMarkdownItǁ__getitem____mutmut_7,specified,markdown_it/main.py,__getitem__,91,"        ""renderer"": self.renderer,","        ""XXrendererXX"": self.renderer,",survived,unreviewed,,tests/task/phase1/task.py::test_core_after;tests/task/phase1/task.py::test_file;tests/task/phase1/task.py::test_non_utf8;tests/task/phase1/task.py::test_spec;tests/task/task2.py::test_make_fence_after;tests/task/task2.py::test_make_fence_at,mutmut show 'markdown_it.main.xǁMarkdownItǁ__getitem____mutmut_7',mutmut tests-for-mutant 'markdown_it.main.xǁMarkdownItǁ__getitem____mutmut_7',mutmut run 'markdown_it.main.xǁMarkdownItǁ__getitem____mutmut_7'
M060a883338168aa6,markdown_it.presets.zero.x_make__mutmut_24,specified,markdown_it/presets/zero.py,make,28,"            ""breaks"": False,  # Convert '\n' in paragraphs into <br>","            ""XXbreaksXX"": False,  # Convert '\n' in paragraphs into <br>",survived,unreviewed,,tests/task/phase1/task.py::test_file,mutmut show 'markdown_it.presets.zero.x_make__mutmut_24',mutmut tests-for-mutant 'markdown_it.presets.zero.x_make__mutmut_24',mutmut run 'markdown_it.presets.zero.x_make__mutmut_24'
M066bf455c8ebdce9,markdown_it.rules_block.reference.x_getNextLine__mutmut_21,specified,markdown_it/rules_block/reference.py,getNextLine,216,"        state.parentType = ""reference""","        state.parentType = ""XXreferenceXX""",survived,unreviewed,,tests/task/phase1/task.py::test_file;tests/task/phase1/task.py::test_spec,mutmut show 'markdown_it.rules_block.reference.x_getNextLine__mutmut_21',mutmut tests-for-mutant 'markdown_it.rules_block.reference.x_getNextLine__mutmut_21',mutmut run 'markdown_it.rules_block.reference.x_getNextLine__mutmut_21'
M06871789bc7af263,markdown_it.rules_block.list.x_list_block__mutmut_62,specified,markdown_it/rules_block/list.py,list_block,151,            isOrdered = False,            isOrdered = None,survived,unreviewed,,tests/task/phase1/task.py::test_core_after;tests/task/phase1/task.py::test_file;tests/task/phase1/task.py::test_spec;tests/task/task2.py::test_make_fence_at,mutmut show 'markdown_it.rules_block.list.x_list_block__mutmut_62',mutmut tests-for-mutant 'markdown_it.rules_block.list.x_list_block__mutmut_62',mutmut run 'markdown_it.rules_block.list.x_list_block__mutmut_62'
M068fca681b878c32,markdown_it.rules_inline.emphasis.x__postProcess__mutmut_70,specified,markdown_it/rules_inline/emphasis.py,_postProcess,82,"        token.type = ""strong_close"" if isStrong else ""em_close""","        token.type = ""XXstrong_closeXX"" if isStrong else ""em_close""",survived,unreviewed,,tests/task/phase1/task.py::test_core_after;tests/task/phase1/task.py::test_file;tests/task/phase1/task.py::test_spec;tests/task/task2.py::test_make_fence_at,mutmut show 'markdown_it.rules_inline.emphasis.x__postProcess__mutmut_70',mutmut tests-for-mutant 'markdown_it.rules_inline.emphasis.x__postProcess__mutmut_70',mutmut run 'markdown_it.rules_inline.emphasis.x__postProcess__mutmut_70'
M06ac8b0aa925252c,markdown_it.rules_block.blockquote.x_blockquote__mutmut_267,specified,markdown_it/rules_block/blockquote.py,blockquote,281,"    if state.md.options.get(""alerts"", False) and nextLine > startLine:","    if state.md.options.get(""alerts"", ) and nextLine > startLine:",survived,unreviewed,,tests/task/phase1/task.py::test_core_after;tests/task/phase1/task.py::test_file;tests/task/phase1/task.py::test_spec;tests/task/task2.py::test_make_fence_at,mutmut show 'markdown_it.rules_block.blockquote.x_blockquote__mutmut_267',mutmut tests-for-mutant 'markdown_it.rules_block.blockquote.x_blockquote__mutmut_267',mutmut run 'markdown_it.rules_block.blockquote.x_blockquote__mutmut_267'
M06d775d160aca69b,markdown_it.rules_inline.escape.x_escape__mutmut_25,specified,markdown_it/rules_inline/escape.py,escape,27,"            state.push(""hardbreak"", ""br"", 0)","            state.push(""hardbreak"", ""XXbrXX"", 0)",survived,unreviewed,,tests/task/phase1/task.py::test_file;tests/task/phase1/task.py::test_spec;tests/task/task2.py::test_make_fence_at,mutmut show 'markdown_it.rules_inline.escape.x_escape__mutmut_25',mutmut tests-for-mutant 'markdown_it.rules_inline.escape.x_escape__mutmut_25',mutmut run 'markdown_it.rules_inline.escape.x_escape__mutmut_25'
M0730644104fb8548,markdown_it.helpers.parse_link_destination.x_parseLinkDestination__mutmut_40,specified,markdown_it/helpers/parse_link_destination.py,parseLinkDestination,36,                pos += 2,                pos -= 2,timeout,unreviewed,,tests/task/phase1/task.py::test_file;tests/task/phase1/task.py::test_spec,mutmut show 'markdown_it.helpers.parse_link_destination.x_parseLinkDestination__mutmut_40',mutmut tests-for-mutant 'markdown_it.helpers.parse_link_destination.x_parseLinkDestination__mutmut_40',mutmut run 'markdown_it.helpers.parse_link_destination.x_parseLinkDestination__mutmut_40'
M07387dc539abbbaf,markdown_it.rules_inline.newline.x_newline__mutmut_20,specified,markdown_it/rules_inline/newline.py,newline,22,"            if pmax >= 1 and charStrAt(state.pending, pmax - 1) == "" "":","            if pmax > 1 and charStrAt(state.pending, pmax - 1) == "" "":",survived,unreviewed,,tests/task/phase1/task.py::test_file;tests/task/phase1/task.py::test_spec;tests/task/task2.py::test_make_fence_at,mutmut show 'markdown_it.rules_inline.newline.x_newline__mutmut_20',mutmut tests-for-mutant 'markdown_it.rules_inline.newline.x_newline__mutmut_20',mutmut run 'markdown_it.rules_inline.newline.x_newline__mutmut_20'
M074ae35cdb248192,markdown_it.presets.commonmark.x_make__mutmut_63,specified,markdown_it/presets/commonmark.py,make,52,"                    ""html_block"",","                    ""HTML_BLOCK"",",survived,unreviewed,,tests/task/phase1/task.py::test_file,mutmut show 'markdown_it.presets.commonmark.x_make__mutmut_63',mutmut tests-for-mutant 'markdown_it.presets.commonmark.x_make__mutmut_63',mutmut run 'markdown_it.presets.commonmark.x_make__mutmut_63'
M075c814080eff11f,markdown_it.rules_inline.autolink.x_autolink__mutmut_120,specified,markdown_it/rules_inline/autolink.py,autolink,65,"            token.info = ""auto""","            token.info = ""AUTO""",survived,unreviewed,,tests/task/phase1/task.py::test_file;tests/task/phase1/task.py::test_spec,mutmut show 'markdown_it.rules_inline.autolink.x_autolink__mutmut_120',mutmut tests-for-mutant 'markdown_it.rules_inline.autolink.x_autolink__mutmut_120',mutmut run 'markdown_it.rules_inline.autolink.x_autolink__mutmut_120'
M07a657bd80c61508,markdown_it.rules_inline.link.x_link__mutmut_200,specified,markdown_it/rules_inline/link.py,link,143,        state.linkLevel -= 1,        state.linkLevel -= 2,survived,unreviewed,,tests/task/phase1/task.py::test_file;tests/task/phase1/task.py::test_spec,mutmut show 'markdown_it.rules_inline.link.x_link__mutmut_200',mutmut tests-for-mutant 'markdown_it.rules_inline.link.x_link__mutmut_200',mutmut run 'markdown_it.rules_inline.link.x_link__mutmut_200'
M07b323123efdcb14,markdown_it.rules_block.list.x_list_block__mutmut_10,specified,markdown_it/rules_block/list.py,list_block,102,"    LOGGER.debug(""entering list: %s, %s, %s, %s"", state, startLine, endLine, silent)","    LOGGER.debug(""entering list: %s, %s, %s, %s"", state, startLine, endLine, )",survived,unreviewed,,tests/task/phase1/task.py::test_core_after;tests/task/phase1/task.py::test_file;tests/task/phase1/task.py::test_spec;tests/task/task2.py::test_make_fence_at,mutmut show 'markdown_it.rules_block.list.x_list_block__mutmut_10',mutmut tests-for-mutant 'markdown_it.rules_block.list.x_list_block__mutmut_10',mutmut run 'markdown_it.rules_block.list.x_list_block__mutmut_10'
M07ce8af090511f64,markdown_it.presets.zero.x_make__mutmut_11,specified,markdown_it/presets/zero.py,make,16,"            ""linkify"": False,  # autoconvert URL-like texts to links","            ""LINKIFY"": False,  # autoconvert URL-like texts to links",survived,unreviewed,,tests/task/phase1/task.py::test_file,mutmut show 'markdown_it.presets.zero.x_make__mutmut_11',mutmut tests-for-mutant 'markdown_it.presets.zero.x_make__mutmut_11',mutmut run 'markdown_it.presets.zero.x_make__mutmut_11'
M07e795f899e34358,markdown_it.rules_block.blockquote.x_blockquote__mutmut_401,specified,markdown_it/rules_block/blockquote.py,blockquote,322,"        token = state.push(""blockquote_close"", ""blockquote"", -1)","        token = state.push(None, ""blockquote"", -1)",survived,unreviewed,,tests/task/phase1/task.py::test_core_after;tests/task/phase1/task.py::test_file;tests/task/phase1/task.py::test_spec;tests/task/task2.py::test_make_fence_at,mutmut show 'markdown_it.rules_block.blockquote.x_blockquote__mutmut_401',mutmut tests-for-mutant 'markdown_it.rules_block.blockquote.x_blockquote__mutmut_401',mutmut run 'markdown_it.rules_block.blockquote.x_blockquote__mutmut_401'
M07eb20a9e2447716,markdown_it.rules_inline.entity.x_entity__mutmut_5,specified,markdown_it/rules_inline/entity.py,entity,17,        return False,        return True,timeout,unreviewed,,tests/task/phase1/task.py::test_file;tests/task/phase1/task.py::test_spec,mutmut show 'markdown_it.rules_inline.entity.x_entity__mutmut_5',mutmut tests-for-mutant 'markdown_it.rules_inline.entity.x_entity__mutmut_5',mutmut run 'markdown_it.rules_inline.entity.x_entity__mutmut_5'
M085058e71ff1784a,markdown_it.rules_inline.escape.x_escape__mutmut_40,specified,markdown_it/rules_inline/escape.py,escape,37,        return True,        return False,survived,unreviewed,,tests/task/phase1/task.py::test_file;tests/task/phase1/task.py::test_spec;tests/task/task2.py::test_make_fence_at,mutmut show 'markdown_it.rules_inline.escape.x_escape__mutmut_40',mutmut tests-for-mutant 'markdown_it.rules_inline.escape.x_escape__mutmut_40',mutmut run 'markdown_it.rules_inline.escape.x_escape__mutmut_40'
M085c9fba59d1de6b,markdown_it.common.utils.x_isWhiteSpace__mutmut_3,specified,markdown_it/common/utils.py,isWhiteSpace,189,    if code >= 0x2000 and code <= 0x200A:,    if code >= 8193 and code <= 0x200A:,survived,unreviewed,,tests/task/phase1/task.py::test_file;tests/task/phase1/task.py::test_spec,mutmut show 'markdown_it.common.utils.x_isWhiteSpace__mutmut_3',mutmut tests-for-mutant 'markdown_it.common.utils.x_isWhiteSpace__mutmut_3',mutmut run 'markdown_it.common.utils.x_isWhiteSpace__mutmut_3'
M08913f0055b7e8ac,markdown_it.helpers.parse_link_title.x_parseLinkTitle__mutmut_56,specified,markdown_it/helpers/parse_link_title.py,parseLinkTitle,67,        elif code == 0x5C and pos + 1 < maximum:  # /* \ */,        elif code == 0x5C and pos + 1 <= maximum:  # /* \ */,survived,unreviewed,,tests/task/phase1/task.py::test_file;tests/task/phase1/task.py::test_spec,mutmut show 'markdown_it.helpers.parse_link_title.x_parseLinkTitle__mutmut_56',mutmut tests-for-mutant 'markdown_it.helpers.parse_link_title.x_parseLinkTitle__mutmut_56',mutmut run 'markdown_it.helpers.parse_link_title.x_parseLinkTitle__mutmut_56'
M08be14fef3636ba7,markdown_it.presets.xǁgfm_likeǁmake__mutmut_3,specified,markdown_it/presets/__init__.py,make,22,"    config[""components""][""core""][""rules""].append(""linkify"")","    config[""XXcomponentsXX""][""core""][""rules""].append(""linkify"")",survived,unreviewed,,tests/task/phase1/task.py::test_file,mutmut show 'markdown_it.presets.xǁgfm_likeǁmake__mutmut_3',mutmut tests-for-mutant 'markdown_it.presets.xǁgfm_likeǁmake__mutmut_3',mutmut run 'markdown_it.presets.xǁgfm_likeǁmake__mutmut_3'
M08e373d1b932e41c,markdown_it.presets.zero.x_make__mutmut_44,specified,markdown_it/presets/zero.py,make,37,"            ""core"": {""rules"": [""normalize"", ""block"", ""inline"", ""text_join""]},","            ""core"": {""rules"": [""normalize"", ""block"", ""XXinlineXX"", ""text_join""]},",survived,unreviewed,,tests/task/phase1/task.py::test_file,mutmut show 'markdown_it.presets.zero.x_make__mutmut_44',mutmut tests-for-mutant 'markdown_it.presets.zero.x_make__mutmut_44',mutmut run 'markdown_it.presets.zero.x_make__mutmut_44'
M08e81ac3b49131aa,markdown_it.parser_inline.xǁParserInlineǁskipToken__mutmut_30,specified,markdown_it/parser_inline.py,skipToken,171,        state.pos += 1,        state.pos = 1,timeout,unreviewed,,tests/task/phase1/task.py::test_file;tests/task/phase1/task.py::test_spec,mutmut show 'markdown_it.parser_inline.xǁParserInlineǁskipToken__mutmut_30',mutmut tests-for-mutant 'markdown_it.parser_inline.xǁParserInlineǁskipToken__mutmut_30',mutmut run 'markdown_it.parser_inline.xǁParserInlineǁskipToken__mutmut_30'
M08f16410a041921d,markdown_it.rules_inline.newline.x_newline__mutmut_81,specified,markdown_it/rules_inline/newline.py,newline,35,"            state.push(""softbreak"", ""br"", 0)","            state.push(""softbreak"", ""XXbrXX"", 0)",survived,unreviewed,,tests/task/phase1/task.py::test_file;tests/task/phase1/task.py::test_spec;tests/task/task2.py::test_make_fence_at,mutmut show 'markdown_it.rules_inline.newline.x_newline__mutmut_81',mutmut tests-for-mutant 'markdown_it.rules_inline.newline.x_newline__mutmut_81',mutmut run 'markdown_it.rules_inline.newline.x_newline__mutmut_81'
M09225b9e86c1b078,markdown_it.rules_block.blockquote.x_blockquote__mutmut_155,specified,markdown_it/rules_block/blockquote.py,blockquote,171,                spaceAfterMarker = True,                spaceAfterMarker = None,survived,unreviewed,,tests/task/phase1/task.py::test_core_after;tests/task/phase1/task.py::test_file;tests/task/phase1/task.py::test_spec;tests/task/task2.py::test_make_fence_at,mutmut show 'markdown_it.rules_block.blockquote.x_blockquote__mutmut_155',mutmut tests-for-mutant 'markdown_it.rules_block.blockquote.x_blockquote__mutmut_155',mutmut run 'markdown_it.rules_block.blockquote.x_blockquote__mutmut_155'
M0927b0e5f5b5eca2,markdown_it.renderer.xǁRendererHTMLǁrenderToken__mutmut_43,specified,markdown_it/renderer.py,renderToken,155,        if token.nesting == 1 and (idx + 1 < len(tokens)):,        if token.nesting == 1 and (idx - 1 < len(tokens)):,survived,unreviewed,,tests/task/phase1/task.py::test_file;tests/task/phase1/task.py::test_spec,mutmut show 'markdown_it.renderer.xǁRendererHTMLǁrenderToken__mutmut_43',mutmut tests-for-mutant 'markdown_it.renderer.xǁRendererHTMLǁrenderToken__mutmut_43',mutmut run 'markdown_it.renderer.xǁRendererHTMLǁrenderToken__mutmut_43'
M093f11cef7fb6d46,markdown_it.presets.commonmark.x_make__mutmut_5,specified,markdown_it/presets/commonmark.py,make,16,"            ""maxNesting"": 20,  # Internal protection, recursion limit","            ""MAXNESTING"": 20,  # Internal protection, recursion limit",survived,unreviewed,,tests/task/phase1/task.py::test_file,mutmut show 'markdown_it.presets.commonmark.x_make__mutmut_5',mutmut tests-for-mutant 'markdown_it.presets.commonmark.x_make__mutmut_5',mutmut run 'markdown_it.presets.commonmark.x_make__mutmut_5'
M09446f75b2acaddc,markdown_it.cli.parse.x_parse_args__mutmut_52,specified,markdown_it/cli/parse.py,parse_args,120,    return parser.parse_args(args),    return parser.parse_args(None),no_tests,unreviewed,,,mutmut show 'markdown_it.cli.parse.x_parse_args__mutmut_52',mutmut tests-for-mutant 'markdown_it.cli.parse.x_parse_args__mutmut_52',mutmut run 'markdown_it.cli.parse.x_parse_args__mutmut_52'
M09684104b896cf8f,markdown_it.rules_inline.image.x_image__mutmut_210,specified,markdown_it/rules_inline/image.py,image,143,"        if label and state.md.options.get(""store_labels"", False):","        if label and state.md.options.get(""STORE_LABELS"", False):",survived,unreviewed,,tests/task/phase1/task.py::test_file;tests/task/phase1/task.py::test_spec,mutmut show 'markdown_it.rules_inline.image.x_image__mutmut_210',mutmut tests-for-mutant 'markdown_it.rules_inline.image.x_image__mutmut_210',mutmut run 'markdown_it.rules_inline.image.x_image__mutmut_210'
M09ce598443a658f4,markdown_it.presets.commonmark.x_make__mutmut_2,specified,markdown_it/presets/commonmark.py,make,15,"        ""options"": {","        ""OPTIONS"": {",survived,unreviewed,,tests/task/phase1/task.py::test_file,mutmut show 'markdown_it.presets.commonmark.x_make__mutmut_2',mutmut tests-for-mutant 'markdown_it.presets.commonmark.x_make__mutmut_2',mutmut run 'markdown_it.presets.commonmark.x_make__mutmut_2'
M09ceb4a190bf1b9e,markdown_it.ruler.xǁRulerǁat__mutmut_6,specified,markdown_it/ruler.py,at,122,    if index == -1:,    if index == +1:,survived,unreviewed,,tests/task/task2.py::test_make_fence_at,mutmut show 'markdown_it.ruler.xǁRulerǁat__mutmut_6',mutmut tests-for-mutant 'markdown_it.ruler.xǁRulerǁat__mutmut_6',mutmut run 'markdown_it.ruler.xǁRulerǁat__mutmut_6'
M0b1d9417e05252c5,markdown_it.rules_inline.link.x_link__mutmut_185,specified,markdown_it/rules_inline/link.py,link,138,"        if label and state.md.options.get(""store_labels"", False):","        if label and state.md.options.get(""store_labels"", None):",survived,unreviewed,,tests/task/phase1/task.py::test_file;tests/task/phase1/task.py::test_spec,mutmut show 'markdown_it.rules_inline.link.x_link__mutmut_185',mutmut tests-for-mutant 'markdown_it.rules_inline.link.x_link__mutmut_185',mutmut run 'markdown_it.rules_inline.link.x_link__mutmut_185'
M0b3e1d1fb0d35cc6,markdown_it.rules_block.state_block.xǁStateBlockǁ__init____mutmut_87,specified,markdown_it/rules_block/state_block.py,__init__,105,    self.sCount.append(0),    self.sCount.append(1),survived,unreviewed,,tests/task/phase1/task.py::test_core_after;tests/task/phase1/task.py::test_file;tests/task/phase1/task.py::test_spec;tests/task/task2.py::test_make_fence_after;tests/task/task2.py::test_make_fence_at,mutmut show 'markdown_it.rules_block.state_block.xǁStateBlockǁ__init____mutmut_87',mutmut tests-for-mutant 'markdown_it.rules_block.state_block.xǁStateBlockǁ__init____mutmut_87',mutmut run 'markdown_it.rules_block.state_block.xǁStateBlockǁ__init____mutmut_87'
M0b517b6beaf3cec7,markdown_it.rules_inline.html_inline.x_html_inline__mutmut_36,specified,markdown_it/rules_inline/html_inline.py,html_inline,34,"        token = state.push(""html_inline"", """", 0)","        token = state.push(""html_inline"", None, 0)",survived,unreviewed,,tests/task/phase1/task.py::test_file;tests/task/phase1/task.py::test_spec,mutmut show 'markdown_it.rules_inline.html_inline.x_html_inline__mutmut_36',mutmut tests-for-mutant 'markdown_it.rules_inline.html_inline.x_html_inline__mutmut_36',mutmut run 'markdown_it.rules_inline.html_inline.x_html_inline__mutmut_36'
M0b5251e2d5c00731,markdown_it.rules_block.reference.x_reference__mutmut_319,specified,markdown_it/rules_block/reference.py,reference,187,"                ""label"": label,","                ""XXlabelXX"": label,",survived,unreviewed,,tests/task/phase1/task.py::test_core_after;tests/task/phase1/task.py::test_file;tests/task/phase1/task.py::test_spec;tests/task/task2.py::test_make_fence_at,mutmut show 'markdown_it.rules_block.reference.x_reference__mutmut_319',mutmut tests-for-mutant 'markdown_it.rules_block.reference.x_reference__mutmut_319',mutmut run 'markdown_it.rules_block.reference.x_reference__mutmut_319'
M0b880e2462a655b0,markdown_it.presets.commonmark.x_make__mutmut_95,specified,markdown_it/presets/commonmark.py,make,70,"                    ""text"",","                    ""TEXT"",",survived,unreviewed,,tests/task/phase1/task.py::test_file,mutmut show 'markdown_it.presets.commonmark.x_make__mutmut_95',mutmut tests-for-mutant 'markdown_it.presets.commonmark.x_make__mutmut_95',mutmut run 'markdown_it.presets.commonmark.x_make__mutmut_95'
M0b8c89abb53b7b59,markdown_it.presets.zero.x_make__mutmut_8,specified,markdown_it/presets/zero.py,make,13,"            ""html"": False,  # Enable HTML tags in source","            ""HTML"": False,  # Enable HTML tags in source",survived,unreviewed,,tests/task/phase1/task.py::test_file,mutmut show 'markdown_it.presets.zero.x_make__mutmut_8',mutmut tests-for-mutant 'markdown_it.presets.zero.x_make__mutmut_8',mutmut run 'markdown_it.presets.zero.x_make__mutmut_8'
M0bc1f3d4d2f92220,markdown_it.presets.xǁgfm_likeǁmake__mutmut_36,specified,markdown_it/presets/__init__.py,make,25,"    config[""components""][""inline""][""rules2""].append(""strikethrough"")","    config[""components""][""inline""][""XXrules2XX""].append(""strikethrough"")",survived,unreviewed,,tests/task/phase1/task.py::test_file,mutmut show 'markdown_it.presets.xǁgfm_likeǁmake__mutmut_36',mutmut tests-for-mutant 'markdown_it.presets.xǁgfm_likeǁmake__mutmut_36',mutmut run 'markdown_it.presets.xǁgfm_likeǁmake__mutmut_36'
M0bdfe5f0d9aaeafd,markdown_it.presets.commonmark.x_make__mutmut_59,specified,markdown_it/presets/commonmark.py,make,50,"                    ""heading"",","                    ""HEADING"",",survived,unreviewed,,tests/task/phase1/task.py::test_file,mutmut show 'markdown_it.presets.commonmark.x_make__mutmut_59',mutmut tests-for-mutant 'markdown_it.presets.commonmark.x_make__mutmut_59',mutmut run 'markdown_it.presets.commonmark.x_make__mutmut_59'
M0c0816b128edfc6c,markdown_it.rules_block.blockquote.x_blockquote__mutmut_8,specified,markdown_it/rules_block/blockquote.py,blockquote,14,"        ""entering blockquote: %s, %s, %s, %s"", state, startLine, endLine, silent","        ""entering blockquote: %s, %s, %s, %s"", state, endLine, silent",survived,unreviewed,,tests/task/phase1/task.py::test_core_after;tests/task/phase1/task.py::test_file;tests/task/phase1/task.py::test_spec;tests/task/task2.py::test_make_fence_at,mutmut show 'markdown_it.rules_block.blockquote.x_blockquote__mutmut_8',mutmut tests-for-mutant 'markdown_it.rules_block.blockquote.x_blockquote__mutmut_8',mutmut run 'markdown_it.rules_block.blockquote.x_blockquote__mutmut_8'
M0c3a77649304d7df,markdown_it.presets.xǁgfm_likeǁmake__mutmut_19,specified,markdown_it/presets/__init__.py,make,23,"    config[""components""][""block""][""rules""].append(""table"")","    config[""components""][""block""][""rules""].append(""TABLE"")",survived,unreviewed,,tests/task/phase1/task.py::test_file,mutmut show 'markdown_it.presets.xǁgfm_likeǁmake__mutmut_19',mutmut tests-for-mutant 'markdown_it.presets.xǁgfm_likeǁmake__mutmut_19',mutmut run 'markdown_it.presets.xǁgfm_likeǁmake__mutmut_19'
M0c64a781bdc45cf5,markdown_it.rules_block.paragraph.x_paragraph__mutmut_6,specified,markdown_it/rules_block/paragraph.py,paragraph,12,"        ""entering paragraph: %s, %s, %s, %s"", state, startLine, endLine, silent","        state, startLine, endLine, silent",survived,unreviewed,,tests/task/phase1/task.py::test_core_after;tests/task/phase1/task.py::test_file;tests/task/phase1/task.py::test_spec;tests/task/task2.py::test_make_fence_at,mutmut show 'markdown_it.rules_block.paragraph.x_paragraph__mutmut_6',mutmut tests-for-mutant 'markdown_it.rules_block.paragraph.x_paragraph__mutmut_6',mutmut run 'markdown_it.rules_block.paragraph.x_paragraph__mutmut_6'
M0c7e338c6e0f61b1,markdown_it.rules_inline.fragments_join.x_fragments_join__mutmut_7,specified,markdown_it/rules_inline/fragments_join.py,fragments_join,21,        if state.tokens[curr].nesting < 0:,        if state.tokens[curr].nesting <= 0:,survived,unreviewed,,tests/task/phase1/task.py::test_core_after;tests/task/phase1/task.py::test_file;tests/task/phase1/task.py::test_spec;tests/task/task2.py::test_make_fence_at,mutmut show 'markdown_it.rules_inline.fragments_join.x_fragments_join__mutmut_7',mutmut tests-for-mutant 'markdown_it.rules_inline.fragments_join.x_fragments_join__mutmut_7',mutmut run 'markdown_it.rules_inline.fragments_join.x_fragments_join__mutmut_7'
M0cb4135580386e2f,markdown_it.rules_inline.entity.x_entity__mutmut_59,specified,markdown_it/rules_inline/entity.py,entity,39,            state.pos += len(match.group(0)),            state.pos -= len(match.group(0)),timeout,unreviewed,,tests/task/phase1/task.py::test_file;tests/task/phase1/task.py::test_spec,mutmut show 'markdown_it.rules_inline.entity.x_entity__mutmut_59',mutmut tests-for-mutant 'markdown_it.rules_inline.entity.x_entity__mutmut_59',mutmut run 'markdown_it.rules_inline.entity.x_entity__mutmut_59'
M0cc423bf16d385f1,markdown_it.rules_block.lheading.x_lheading__mutmut_21,specified,markdown_it/rules_block/lheading.py,lheading,15,"    terminatorRules = ruler.getRules(""paragraph"")","    terminatorRules = ruler.getRules(""PARAGRAPH"")",survived,unreviewed,,tests/task/phase1/task.py::test_core_after;tests/task/phase1/task.py::test_file;tests/task/phase1/task.py::test_spec;tests/task/task2.py::test_make_fence_at,mutmut show 'markdown_it.rules_block.lheading.x_lheading__mutmut_21',mutmut tests-for-mutant 'markdown_it.rules_block.lheading.x_lheading__mutmut_21',mutmut run 'markdown_it.rules_block.lheading.x_lheading__mutmut_21'
M0cdc56338613319f,markdown_it.rules_inline.link.x_link__mutmut_35,specified,markdown_it/rules_inline/link.py,link,34,        parseReference = False,        parseReference = None,survived,unreviewed,,tests/task/phase1/task.py::test_file;tests/task/phase1/task.py::test_spec,mutmut show 'markdown_it.rules_inline.link.x_link__mutmut_35',mutmut tests-for-mutant 'markdown_it.rules_inline.link.x_link__mutmut_35',mutmut run 'markdown_it.rules_inline.link.x_link__mutmut_35'
M0dae6ec9ca9313b4,markdown_it.rules_block.blockquote.x_blockquote__mutmut_98,specified,markdown_it/rules_block/blockquote.py,blockquote,95,        state.sCount[startLine] + 1 + (1 if spaceAfterMarker else 0),        state.sCount[startLine] - 1 + (1 if spaceAfterMarker else 0),survived,unreviewed,,tests/task/phase1/task.py::test_core_after;tests/task/phase1/task.py::test_file;tests/task/phase1/task.py::test_spec;tests/task/task2.py::test_make_fence_at,mutmut show 'markdown_it.rules_block.blockquote.x_blockquote__mutmut_98',mutmut tests-for-mutant 'markdown_it.rules_block.blockquote.x_blockquote__mutmut_98',mutmut run 'markdown_it.rules_block.blockquote.x_blockquote__mutmut_98'
M0dd989cb8cd10f36,markdown_it.rules_block.blockquote.x_blockquote__mutmut_117,specified,markdown_it/rules_block/blockquote.py,blockquote,109,"    state.parentType = ""blockquote""","    state.parentType = ""BLOCKQUOTE""",survived,unreviewed,,tests/task/phase1/task.py::test_core_after;tests/task/phase1/task.py::test_file;tests/task/phase1/task.py::test_spec;tests/task/task2.py::test_make_fence_at,mutmut show 'markdown_it.rules_block.blockquote.x_blockquote__mutmut_117',mutmut tests-for-mutant 'markdown_it.rules_block.blockquote.x_blockquote__mutmut_117',mutmut run 'markdown_it.rules_block.blockquote.x_blockquote__mutmut_117'
M0df9ade585b23249,markdown_it.rules_inline.autolink.x_autolink__mutmut_9,specified,markdown_it/rules_inline/autolink.py,autolink,22,        pos += 1,        pos -= 1,survived,unreviewed,,tests/task/phase1/task.py::test_file;tests/task/phase1/task.py::test_spec,mutmut show 'markdown_it.rules_inline.autolink.x_autolink__mutmut_9',mutmut tests-for-mutant 'markdown_it.rules_inline.autolink.x_autolink__mutmut_9',mutmut run 'markdown_it.rules_inline.autolink.x_autolink__mutmut_9'
M0e08ed090c438c98,markdown_it.presets.default.x_make__mutmut_14,specified,markdown_it/presets/default.py,make,16,"            ""typographer"": False,","            ""TYPOGRAPHER"": False,",survived,unreviewed,,tests/task/phase1/task.py::test_file,mutmut show 'markdown_it.presets.default.x_make__mutmut_14',mutmut tests-for-mutant 'markdown_it.presets.default.x_make__mutmut_14',mutmut run 'markdown_it.presets.default.x_make__mutmut_14'
M0e4a6dc808b32bdc,markdown_it.rules_inline.entity.x_entity__mutmut_90,specified,markdown_it/rules_inline/entity.py,entity,53,    return False,    return True,timeout,unreviewed,,tests/task/phase1/task.py::test_file;tests/task/phase1/task.py::test_spec,mutmut show 'markdown_it.rules_inline.entity.x_entity__mutmut_90',mutmut tests-for-mutant 'markdown_it.rules_inline.entity.x_entity__mutmut_90',mutmut run 'markdown_it.rules_inline.entity.x_entity__mutmut_90'
M0eaeb824dbc36914,markdown_it.rules_block.paragraph.x_paragraph__mutmut_64,specified,markdown_it/rules_block/paragraph.py,paragraph,50,"    content = state.getLines(startLine, nextLine, state.blkIndent, False).strip()","    content = state.getLines(startLine, nextLine, state.blkIndent, None).strip()",survived,unreviewed,,tests/task/phase1/task.py::test_core_after;tests/task/phase1/task.py::test_file;tests/task/phase1/task.py::test_spec;tests/task/task2.py::test_make_fence_at,mutmut show 'markdown_it.rules_block.paragraph.x_paragraph__mutmut_64',mutmut tests-for-mutant 'markdown_it.rules_block.paragraph.x_paragraph__mutmut_64',mutmut run 'markdown_it.rules_block.paragraph.x_paragraph__mutmut_64'
M0ef1d448a7cac582,markdown_it.rules_block.heading.x_heading__mutmut_116,specified,markdown_it/rules_block/heading.py,heading,66,"    token = state.push(""heading_close"", ""h"" + str(level), -1)","    token = state.push(""HEADING_CLOSE"", ""h"" + str(level), -1)",survived,unreviewed,,tests/task/phase1/task.py::test_core_after;tests/task/phase1/task.py::test_file;tests/task/phase1/task.py::test_spec;tests/task/task2.py::test_make_fence_at,mutmut show 'markdown_it.rules_block.heading.x_heading__mutmut_116',mutmut tests-for-mutant 'markdown_it.rules_block.heading.x_heading__mutmut_116',mutmut run 'markdown_it.rules_block.heading.x_heading__mutmut_116'
M0f0ade0d4a6e5f91,markdown_it.rules_inline.state_inline.xǁStateInlineǁpush__mutmut_20,specified,markdown_it/rules_inline/state_inline.py,push,111,        self.level += 1,        self.level += 2,survived,unreviewed,,tests/task/phase1/task.py::test_file;tests/task/phase1/task.py::test_spec;tests/task/task2.py::test_make_fence_at,mutmut show 'markdown_it.rules_inline.state_inline.xǁStateInlineǁpush__mutmut_20',mutmut tests-for-mutant 'markdown_it.rules_inline.state_inline.xǁStateInlineǁpush__mutmut_20',mutmut run 'markdown_it.rules_inline.state_inline.xǁStateInlineǁpush__mutmut_20'
M0f0c55af9e075e3a,markdown_it.rules_block.state_block.xǁStateBlockǁ__init____mutmut_20,specified,markdown_it/rules_block/state_block.py,__init__,55,    self.ddIndent = -1  # indent of the current dd block (-1 if there isn't any),    self.ddIndent = -2  # indent of the current dd block (-1 if there isn't any),survived,unreviewed,,tests/task/phase1/task.py::test_core_after;tests/task/phase1/task.py::test_file;tests/task/phase1/task.py::test_spec;tests/task/task2.py::test_make_fence_after;tests/task/task2.py::test_make_fence_at,mutmut show 'markdown_it.rules_block.state_block.xǁStateBlockǁ__init____mutmut_20',mutmut tests-for-mutant 'markdown_it.rules_block.state_block.xǁStateBlockǁ__init____mutmut_20',mutmut run 'markdown_it.rules_block.state_block.xǁStateBlockǁ__init____mutmut_20'
M0f6f730c15f5f1f4,markdown_it.rules_block.fence.x_make_fence_rule__mutmut_17,specified,markdown_it/rules_block/fence.py,make_fence_rule,49,"            ""entering fence: %s, %s, %s, %s"", state, startLine, endLine, silent","            ""entering fence: %s, %s, %s, %s"", startLine, endLine, silent",survived,unreviewed,,tests/task/phase1/task.py::test_file;tests/task/task2.py::test_make_fence_after;tests/task/task2.py::test_make_fence_at,mutmut show 'markdown_it.rules_block.fence.x_make_fence_rule__mutmut_17',mutmut tests-for-mutant 'markdown_it.rules_block.fence.x_make_fence_rule__mutmut_17',mutmut run 'markdown_it.rules_block.fence.x_make_fence_rule__mutmut_17'
M0f945dac649d943d,markdown_it.rules_inline.newline.x_newline__mutmut_56,specified,markdown_it/rules_inline/newline.py,newline,29,"                state.push(""hardbreak"", ""br"", 0)","                state.push(""hardbreak"", ""XXbrXX"", 0)",survived,unreviewed,,tests/task/phase1/task.py::test_file;tests/task/phase1/task.py::test_spec;tests/task/task2.py::test_make_fence_at,mutmut show 'markdown_it.rules_inline.newline.x_newline__mutmut_56',mutmut tests-for-mutant 'markdown_it.rules_inline.newline.x_newline__mutmut_56',mutmut run 'markdown_it.rules_inline.newline.x_newline__mutmut_56'
M0fcd91f369fc885b,markdown_it.rules_block.code.x_code__mutmut_21,specified,markdown_it/rules_block/code.py,code,20,            nextLine += 1,            nextLine = 1,timeout,unreviewed,,tests/task/phase1/task.py::test_core_after;tests/task/phase1/task.py::test_file;tests/task/phase1/task.py::test_spec;tests/task/task2.py::test_make_fence_after;tests/task/task2.py::test_make_fence_at,mutmut show 'markdown_it.rules_block.code.x_code__mutmut_21',mutmut tests-for-mutant 'markdown_it.rules_block.code.x_code__mutmut_21',mutmut run 'markdown_it.rules_block.code.x_code__mutmut_21'
M0fe1662db5ae47ea,markdown_it.rules_inline.escape.x_escape__mutmut_48,specified,markdown_it/rules_inline/escape.py,escape,41,    if ch1_ord >= 0xD800 and ch1_ord <= 0xDBFF and pos + 1 < maximum:,    if ch1_ord >= 0xD800 and ch1_ord <= 0xDBFF and pos - 1 < maximum:,survived,unreviewed,,tests/task/phase1/task.py::test_file;tests/task/phase1/task.py::test_spec;tests/task/task2.py::test_make_fence_at,mutmut show 'markdown_it.rules_inline.escape.x_escape__mutmut_48',mutmut tests-for-mutant 'markdown_it.rules_inline.escape.x_escape__mutmut_48',mutmut run 'markdown_it.rules_inline.escape.x_escape__mutmut_48'
M1049280bbab9f85c,markdown_it.cli.parse.x_parse_args__mutmut_28,specified,markdown_it/cli/parse.py,parse_args,115,"        ""--stdin"", action=""store_true"", help=""read Markdown from standard input""","        None, action=""store_true"", help=""read Markdown from standard input""",no_tests,unreviewed,,,mutmut show 'markdown_it.cli.parse.x_parse_args__mutmut_28',mutmut tests-for-mutant 'markdown_it.cli.parse.x_parse_args__mutmut_28',mutmut run 'markdown_it.cli.parse.x_parse_args__mutmut_28'
M106ca28aa4569c9c,markdown_it.rules_block.blockquote.x_blockquote__mutmut_414,specified,markdown_it/rules_block/blockquote.py,blockquote,323,"        token.markup = "">""","        token.markup = ""XX>XX""",survived,unreviewed,,tests/task/phase1/task.py::test_core_after;tests/task/phase1/task.py::test_file;tests/task/phase1/task.py::test_spec;tests/task/task2.py::test_make_fence_at,mutmut show 'markdown_it.rules_block.blockquote.x_blockquote__mutmut_414',mutmut tests-for-mutant 'markdown_it.rules_block.blockquote.x_blockquote__mutmut_414',mutmut run 'markdown_it.rules_block.blockquote.x_blockquote__mutmut_414'
M106ed93d7a288033,markdown_it.renderer.xǁRendererHTMLǁsoftbreak__mutmut_2,specified,markdown_it/renderer.py,softbreak,340,"        (""<br />\n"" if options.xhtmlOut else ""<br>\n"") if options.breaks else ""\n""","        (""<BR />\n"" if options.xhtmlOut else ""<br>\n"") if options.breaks else ""\n""",survived,unreviewed,,tests/task/phase1/task.py::test_file;tests/task/phase1/task.py::test_spec,mutmut show 'markdown_it.renderer.xǁRendererHTMLǁsoftbreak__mutmut_2',mutmut tests-for-mutant 'markdown_it.renderer.xǁRendererHTMLǁsoftbreak__mutmut_2',mutmut run 'markdown_it.renderer.xǁRendererHTMLǁsoftbreak__mutmut_2'
M1079cbfa02dce65b,markdown_it.presets.default.x_make__mutmut_41,specified,markdown_it/presets/default.py,make,35,"        ""components"": {""core"": {}, ""block"": {}, ""inline"": {}},","        ""components"": {""core"": {}, ""block"": {}, ""INLINE"": {}},",survived,unreviewed,,tests/task/phase1/task.py::test_file,mutmut show 'markdown_it.presets.default.x_make__mutmut_41',mutmut tests-for-mutant 'markdown_it.presets.default.x_make__mutmut_41',mutmut run 'markdown_it.presets.default.x_make__mutmut_41'
M1084ff67624bb5ed,markdown_it.presets.zero.x_make__mutmut_9,specified,markdown_it/presets/zero.py,make,13,"            ""html"": False,  # Enable HTML tags in source","            ""html"": True,  # Enable HTML tags in source",survived,unreviewed,,tests/task/phase1/task.py::test_file,mutmut show 'markdown_it.presets.zero.x_make__mutmut_9',mutmut tests-for-mutant 'markdown_it.presets.zero.x_make__mutmut_9',mutmut run 'markdown_it.presets.zero.x_make__mutmut_9'
M10c4c60592f34382,markdown_it.common.normalize_url.x_normalizeLinkText__mutmut_5,specified,markdown_it/common/normalize_url.py,normalizeLinkText,48,"    parsed = mdurl.parse(url, slashes_denote_host=True)","    parsed = mdurl.parse(url, )",survived,unreviewed,,tests/task/phase1/task.py::test_file;tests/task/phase1/task.py::test_spec,mutmut show 'markdown_it.common.normalize_url.x_normalizeLinkText__mutmut_5',mutmut tests-for-mutant 'markdown_it.common.normalize_url.x_normalizeLinkText__mutmut_5',mutmut run 'markdown_it.common.normalize_url.x_normalizeLinkText__mutmut_5'
M10ecb058dc76eb8f,markdown_it.rules_block.blockquote.x_blockquote__mutmut_1,specified,markdown_it/rules_block/blockquote.py,blockquote,14,"        ""entering blockquote: %s, %s, %s, %s"", state, startLine, endLine, silent","        None, state, startLine, endLine, silent",survived,unreviewed,,tests/task/phase1/task.py::test_core_after;tests/task/phase1/task.py::test_file;tests/task/phase1/task.py::test_spec;tests/task/task2.py::test_make_fence_at,mutmut show 'markdown_it.rules_block.blockquote.x_blockquote__mutmut_1',mutmut tests-for-mutant 'markdown_it.rules_block.blockquote.x_blockquote__mutmut_1',mutmut run 'markdown_it.rules_block.blockquote.x_blockquote__mutmut_1'
M1107a3b303cd277f,markdown_it.rules_block.lheading.x_lheading__mutmut_131,specified,markdown_it/rules_block/lheading.py,lheading,78,"    token.map = [startLine, state.line - 1]","    token.map = [startLine, state.line - 2]",survived,unreviewed,,tests/task/phase1/task.py::test_core_after;tests/task/phase1/task.py::test_file;tests/task/phase1/task.py::test_spec;tests/task/task2.py::test_make_fence_at,mutmut show 'markdown_it.rules_block.lheading.x_lheading__mutmut_131',mutmut tests-for-mutant 'markdown_it.rules_block.lheading.x_lheading__mutmut_131',mutmut run 'markdown_it.rules_block.lheading.x_lheading__mutmut_131'
M112bc250ea2f6811,markdown_it.common.utils.x_isValidEntityCode__mutmut_4,specified,markdown_it/common/utils.py,isValidEntityCode,58,    if c >= 0xD800 and c <= 0xDFFF:,    if c >= 0xD800 and c < 0xDFFF:,survived,unreviewed,,tests/task/phase1/task.py::test_spec,mutmut show 'markdown_it.common.utils.x_isValidEntityCode__mutmut_4',mutmut tests-for-mutant 'markdown_it.common.utils.x_isValidEntityCode__mutmut_4',mutmut run 'markdown_it.common.utils.x_isValidEntityCode__mutmut_4'
M119e28e167eae60f,markdown_it.rules_inline.backticks.x_backtick__mutmut_14,specified,markdown_it/rules_inline/backticks.py,backtick,21,        pos += 1,        pos = 1,timeout,unreviewed,,tests/task/phase1/task.py::test_file;tests/task/phase1/task.py::test_spec;tests/task/task2.py::test_make_fence_at,mutmut show 'markdown_it.rules_inline.backticks.x_backtick__mutmut_14',mutmut tests-for-mutant 'markdown_it.rules_inline.backticks.x_backtick__mutmut_14',mutmut run 'markdown_it.rules_inline.backticks.x_backtick__mutmut_14'
M11d96c798b923623,markdown_it.cli.parse.x_parse_args__mutmut_30,specified,markdown_it/cli/parse.py,parse_args,115,"        ""--stdin"", action=""store_true"", help=""read Markdown from standard input""","        ""--stdin"", action=""store_true"", help=None",no_tests,unreviewed,,,mutmut show 'markdown_it.cli.parse.x_parse_args__mutmut_30',mutmut tests-for-mutant 'markdown_it.cli.parse.x_parse_args__mutmut_30',mutmut run 'markdown_it.cli.parse.x_parse_args__mutmut_30'
M11f3317fe99fb2eb,markdown_it.common.utils.x_unescapeAll__mutmut_7,specified,markdown_it/common/utils.py,unescapeAll,123,"        return replaceEntityPattern(match.group(), entity)","        return replaceEntityPattern(None, entity)",survived,unreviewed,,tests/task/phase1/task.py::test_file;tests/task/phase1/task.py::test_spec,mutmut show 'markdown_it.common.utils.x_unescapeAll__mutmut_7',mutmut tests-for-mutant 'markdown_it.common.utils.x_unescapeAll__mutmut_7',mutmut run 'markdown_it.common.utils.x_unescapeAll__mutmut_7'
M1217e05a7ac3679c,markdown_it.rules_block.hr.x_hr__mutmut_49,specified,markdown_it/rules_block/hr.py,hr,50,    state.line = startLine + 1,    state.line = startLine - 1,timeout,unreviewed,,tests/task/phase1/task.py::test_core_after;tests/task/phase1/task.py::test_file;tests/task/phase1/task.py::test_spec;tests/task/task2.py::test_make_fence_at,mutmut show 'markdown_it.rules_block.hr.x_hr__mutmut_49',mutmut tests-for-mutant 'markdown_it.rules_block.hr.x_hr__mutmut_49',mutmut run 'markdown_it.rules_block.hr.x_hr__mutmut_49'
M1225fcd54d3355c0,markdown_it.ruler.xǁRulerǁ__find____mutmut_2,specified,markdown_it/ruler.py,__find__,87,        if rule.name == name:,        if rule.name != name:,timeout,unreviewed,,tests/task/phase1/task.py::test_core_after;tests/task/phase1/task.py::test_file;tests/task/phase1/task.py::test_non_utf8;tests/task/phase1/task.py::test_spec;tests/task/task2.py::test_make_fence_after;tests/task/task2.py::test_make_fence_at,mutmut show 'markdown_it.ruler.xǁRulerǁ__find____mutmut_2',mutmut tests-for-mutant 'markdown_it.ruler.xǁRulerǁ__find____mutmut_2',mutmut run 'markdown_it.ruler.xǁRulerǁ__find____mutmut_2'
M122a972921b8f38a,markdown_it.presets.xǁgfm_likeǁmake__mutmut_29,specified,markdown_it/presets/__init__.py,make,24,"    config[""components""][""inline""][""rules""].extend([""strikethrough"", ""linkify""])","    config[""components""][""inline""][""rules""].extend([""strikethrough"", ""XXlinkifyXX""])",survived,unreviewed,,tests/task/phase1/task.py::test_file,mutmut show 'markdown_it.presets.xǁgfm_likeǁmake__mutmut_29',mutmut tests-for-mutant 'markdown_it.presets.xǁgfm_likeǁmake__mutmut_29',mutmut run 'markdown_it.presets.xǁgfm_likeǁmake__mutmut_29'
M127040101a1d6c5b,markdown_it.rules_inline.image.x_image__mutmut_135,specified,markdown_it/rules_inline/image.py,image,101,            if pos >= 0:,            if pos > 0:,survived,unreviewed,,tests/task/phase1/task.py::test_file;tests/task/phase1/task.py::test_spec,mutmut show 'markdown_it.rules_inline.image.x_image__mutmut_135',mutmut tests-for-mutant 'markdown_it.rules_inline.image.x_image__mutmut_135',mutmut run 'markdown_it.rules_inline.image.x_image__mutmut_135'
M12a703a545dd3730,markdown_it.rules_block.blockquote.x_blockquote__mutmut_43,specified,markdown_it/rules_block/blockquote.py,blockquote,52,        adjustTab = False,        adjustTab = None,survived,unreviewed,,tests/task/phase1/task.py::test_core_after;tests/task/phase1/task.py::test_file;tests/task/phase1/task.py::test_spec;tests/task/task2.py::test_make_fence_at,mutmut show 'markdown_it.rules_block.blockquote.x_blockquote__mutmut_43',mutmut tests-for-mutant 'markdown_it.rules_block.blockquote.x_blockquote__mutmut_43',mutmut run 'markdown_it.rules_block.blockquote.x_blockquote__mutmut_43'
M1318576b266c4743,markdown_it.rules_block.code.x_code__mutmut_6,specified,markdown_it/rules_block/code.py,code,11,"    LOGGER.debug(""entering code: %s, %s, %s, %s"", state, startLine, endLine, silent)","    LOGGER.debug(state, startLine, endLine, silent)",survived,unreviewed,,tests/task/phase1/task.py::test_core_after;tests/task/phase1/task.py::test_file;tests/task/phase1/task.py::test_spec;tests/task/task2.py::test_make_fence_after;tests/task/task2.py::test_make_fence_at,mutmut show 'markdown_it.rules_block.code.x_code__mutmut_6',mutmut tests-for-mutant 'markdown_it.rules_block.code.x_code__mutmut_6',mutmut run 'markdown_it.rules_block.code.x_code__mutmut_6'
M1320f2b67afbde78,markdown_it.presets.xǁgfm_like2ǁmake__mutmut_9,specified,markdown_it/presets/__init__.py,make,45,"    config[""options""][""tasklists_editable""] = False","    config[""XXoptionsXX""][""tasklists_editable""] = False",survived,unreviewed,,tests/task/phase1/task.py::test_file,mutmut show 'markdown_it.presets.xǁgfm_like2ǁmake__mutmut_9',mutmut tests-for-mutant 'markdown_it.presets.xǁgfm_like2ǁmake__mutmut_9',mutmut run 'markdown_it.presets.xǁgfm_like2ǁmake__mutmut_9'
M13259764fbb08980,markdown_it.rules_block.html_block.x_html_block__mutmut_1,specified,markdown_it/rules_block/html_block.py,html_block,36,"        ""entering html_block: %s, %s, %s, %s"", state, startLine, endLine, silent","        None, state, startLine, endLine, silent",survived,unreviewed,,tests/task/phase1/task.py::test_core_after;tests/task/phase1/task.py::test_file;tests/task/phase1/task.py::test_spec;tests/task/task2.py::test_make_fence_at,mutmut show 'markdown_it.rules_block.html_block.x_html_block__mutmut_1',mutmut tests-for-mutant 'markdown_it.rules_block.html_block.x_html_block__mutmut_1',mutmut run 'markdown_it.rules_block.html_block.x_html_block__mutmut_1'
M133068720205598a,markdown_it.rules_block.blockquote.x_blockquote__mutmut_393,specified,markdown_it/rules_block/blockquote.py,blockquote,318,        token.map = lines,        token.map = None,survived,unreviewed,,tests/task/phase1/task.py::test_core_after;tests/task/phase1/task.py::test_file;tests/task/phase1/task.py::test_spec;tests/task/task2.py::test_make_fence_at,mutmut show 'markdown_it.rules_block.blockquote.x_blockquote__mutmut_393',mutmut tests-for-mutant 'markdown_it.rules_block.blockquote.x_blockquote__mutmut_393',mutmut run 'markdown_it.rules_block.blockquote.x_blockquote__mutmut_393'
M133769441afdf92d,markdown_it.rules_inline.state_inline.xǁStateInlineǁ__init____mutmut_20,specified,markdown_it/rules_inline/state_inline.py,__init__,72,    self.backticksScanned = False,    self.backticksScanned = None,survived,unreviewed,,tests/task/phase1/task.py::test_core_after;tests/task/phase1/task.py::test_file;tests/task/phase1/task.py::test_spec;tests/task/task2.py::test_make_fence_at,mutmut show 'markdown_it.rules_inline.state_inline.xǁStateInlineǁ__init____mutmut_20',mutmut tests-for-mutant 'markdown_it.rules_inline.state_inline.xǁStateInlineǁ__init____mutmut_20',mutmut run 'markdown_it.rules_inline.state_inline.xǁStateInlineǁ__init____mutmut_20'
M135a80131e5fdaaa,markdown_it.presets.xǁgfm_like2ǁmake__mutmut_5,specified,markdown_it/presets/__init__.py,make,44,"    config[""options""][""tasklists""] = True","    config[""options""][""XXtasklistsXX""] = True",survived,unreviewed,,tests/task/phase1/task.py::test_file,mutmut show 'markdown_it.presets.xǁgfm_like2ǁmake__mutmut_5',mutmut tests-for-mutant 'markdown_it.presets.xǁgfm_like2ǁmake__mutmut_5',mutmut run 'markdown_it.presets.xǁgfm_like2ǁmake__mutmut_5'
M135c41703606ac91,markdown_it.presets.commonmark.x_make__mutmut_102,specified,markdown_it/presets/commonmark.py,make,72,"                ""rules2"": [""balance_pairs"", ""emphasis"", ""fragments_join""],","                ""rules2"": [""balance_pairs"", ""emphasis"", ""XXfragments_joinXX""],",survived,unreviewed,,tests/task/phase1/task.py::test_file,mutmut show 'markdown_it.presets.commonmark.x_make__mutmut_102',mutmut tests-for-mutant 'markdown_it.presets.commonmark.x_make__mutmut_102',mutmut run 'markdown_it.presets.commonmark.x_make__mutmut_102'
M137aa2e4d33297c9,markdown_it.rules_block.blockquote.x_blockquote__mutmut_387,specified,markdown_it/rules_block/blockquote.py,blockquote,316,"        token = state.push(""blockquote_open"", ""blockquote"", 1)","        token = state.push(""BLOCKQUOTE_OPEN"", ""blockquote"", 1)",survived,unreviewed,,tests/task/phase1/task.py::test_core_after;tests/task/phase1/task.py::test_file;tests/task/phase1/task.py::test_spec;tests/task/task2.py::test_make_fence_at,mutmut show 'markdown_it.rules_block.blockquote.x_blockquote__mutmut_387',mutmut tests-for-mutant 'markdown_it.rules_block.blockquote.x_blockquote__mutmut_387',mutmut run 'markdown_it.rules_block.blockquote.x_blockquote__mutmut_387'
M137c5d0dc26c68a0,markdown_it.rules_inline.link.x_link__mutmut_188,specified,markdown_it/rules_inline/link.py,link,138,"        if label and state.md.options.get(""store_labels"", False):","        if label and state.md.options.get(""XXstore_labelsXX"", False):",survived,unreviewed,,tests/task/phase1/task.py::test_file;tests/task/phase1/task.py::test_spec,mutmut show 'markdown_it.rules_inline.link.x_link__mutmut_188',mutmut tests-for-mutant 'markdown_it.rules_inline.link.x_link__mutmut_188',mutmut run 'markdown_it.rules_inline.link.x_link__mutmut_188'
M1398bde15db7e6d6,markdown_it.cli.parse.x_parse_args__mutmut_41,specified,markdown_it/cli/parse.py,parse_args,118,"        ""filenames"", nargs=""*"", help=""specify an optional list of files to convert""","        None, nargs=""*"", help=""specify an optional list of files to convert""",no_tests,unreviewed,,,mutmut show 'markdown_it.cli.parse.x_parse_args__mutmut_41',mutmut tests-for-mutant 'markdown_it.cli.parse.x_parse_args__mutmut_41',mutmut run 'markdown_it.cli.parse.x_parse_args__mutmut_41'
M1398be17b5817c45,markdown_it.common.utils.x_isValidEntityCode__mutmut_45,specified,markdown_it/common/utils.py,isValidEntityCode,75,    return not (c > 0x10FFFF),    return not (c >= 0x10FFFF),survived,unreviewed,,tests/task/phase1/task.py::test_spec,mutmut show 'markdown_it.common.utils.x_isValidEntityCode__mutmut_45',mutmut tests-for-mutant 'markdown_it.common.utils.x_isValidEntityCode__mutmut_45',mutmut run 'markdown_it.common.utils.x_isValidEntityCode__mutmut_45'
M1399140e527dc673,markdown_it.rules_block.blockquote.x_blockquote__mutmut_426,specified,markdown_it/rules_block/blockquote.py,blockquote,336,        state.bsCount[i + startLine] = oldBSCount[i],        state.bsCount[i + startLine] = None,survived,unreviewed,,tests/task/phase1/task.py::test_core_after;tests/task/phase1/task.py::test_file;tests/task/phase1/task.py::test_spec;tests/task/task2.py::test_make_fence_at,mutmut show 'markdown_it.rules_block.blockquote.x_blockquote__mutmut_426',mutmut tests-for-mutant 'markdown_it.rules_block.blockquote.x_blockquote__mutmut_426',mutmut run 'markdown_it.rules_block.blockquote.x_blockquote__mutmut_426'
M13a21c21f8ad7ed9,markdown_it.cli.parse.x_parse_args__mutmut_50,specified,markdown_it/cli/parse.py,parse_args,118,"        ""filenames"", nargs=""*"", help=""specify an optional list of files to convert""","        ""filenames"", nargs=""*"", help=""XXspecify an optional list of files to convertXX""",no_tests,unreviewed,,,mutmut show 'markdown_it.cli.parse.x_parse_args__mutmut_50',mutmut tests-for-mutant 'markdown_it.cli.parse.x_parse_args__mutmut_50',mutmut run 'markdown_it.cli.parse.x_parse_args__mutmut_50'
M13a5cb81d85d9053,markdown_it.rules_block.list.x_list_block__mutmut_294,specified,markdown_it/rules_block/list.py,list_block,337,            if posAfterMarker < 0:,            if posAfterMarker < 1:,survived,unreviewed,,tests/task/phase1/task.py::test_core_after;tests/task/phase1/task.py::test_file;tests/task/phase1/task.py::test_spec;tests/task/task2.py::test_make_fence_at,mutmut show 'markdown_it.rules_block.list.x_list_block__mutmut_294',mutmut tests-for-mutant 'markdown_it.rules_block.list.x_list_block__mutmut_294',mutmut run 'markdown_it.rules_block.list.x_list_block__mutmut_294'
M13b84174d07cbefb,markdown_it.rules_block.list.x_list_block__mutmut_198,specified,markdown_it/rules_block/list.py,list_block,251,        oldBMark = state.bMarks[startLine],        oldBMark = None,survived,unreviewed,,tests/task/phase1/task.py::test_core_after;tests/task/phase1/task.py::test_file;tests/task/phase1/task.py::test_spec;tests/task/task2.py::test_make_fence_at,mutmut show 'markdown_it.rules_block.list.x_list_block__mutmut_198',mutmut tests-for-mutant 'markdown_it.rules_block.list.x_list_block__mutmut_198',mutmut run 'markdown_it.rules_block.list.x_list_block__mutmut_198'
M13d2efda9cdcf561,markdown_it.rules_block.list.x_list_block__mutmut_64,specified,markdown_it/rules_block/list.py,list_block,153,            return False,            return True,timeout,unreviewed,,tests/task/phase1/task.py::test_core_after;tests/task/phase1/task.py::test_file;tests/task/phase1/task.py::test_spec;tests/task/task2.py::test_make_fence_at,mutmut show 'markdown_it.rules_block.list.x_list_block__mutmut_64',mutmut tests-for-mutant 'markdown_it.rules_block.list.x_list_block__mutmut_64',mutmut run 'markdown_it.rules_block.list.x_list_block__mutmut_64'
M13d44e34a421ac04,markdown_it.rules_block.code.x_code__mutmut_9,specified,markdown_it/rules_block/code.py,code,11,"    LOGGER.debug(""entering code: %s, %s, %s, %s"", state, startLine, endLine, silent)","    LOGGER.debug(""entering code: %s, %s, %s, %s"", state, startLine, silent)",survived,unreviewed,,tests/task/phase1/task.py::test_core_after;tests/task/phase1/task.py::test_file;tests/task/phase1/task.py::test_spec;tests/task/task2.py::test_make_fence_after;tests/task/task2.py::test_make_fence_at,mutmut show 'markdown_it.rules_block.code.x_code__mutmut_9',mutmut tests-for-mutant 'markdown_it.rules_block.code.x_code__mutmut_9',mutmut run 'markdown_it.rules_block.code.x_code__mutmut_9'
M1405c19dd7848f9e,markdown_it.rules_block.lheading.x_lheading__mutmut_99,specified,markdown_it/rules_block/lheading.py,lheading,70,    state.line = nextLine + 1,    state.line = nextLine - 1,timeout,unreviewed,,tests/task/phase1/task.py::test_core_after;tests/task/phase1/task.py::test_file;tests/task/phase1/task.py::test_spec;tests/task/task2.py::test_make_fence_at,mutmut show 'markdown_it.rules_block.lheading.x_lheading__mutmut_99',mutmut tests-for-mutant 'markdown_it.rules_block.lheading.x_lheading__mutmut_99',mutmut run 'markdown_it.rules_block.lheading.x_lheading__mutmut_99'
M1410b4ae2618a83a,markdown_it.rules_core.text_join.x_text_join__mutmut_56,specified,markdown_it/rules_core/text_join.py,text_join,52,                i += 1,                i = 1,timeout,unreviewed,,tests/task/phase1/task.py::test_core_after;tests/task/phase1/task.py::test_file;tests/task/phase1/task.py::test_spec;tests/task/task2.py::test_make_fence_after;tests/task/task2.py::test_make_fence_at,mutmut show 'markdown_it.rules_core.text_join.x_text_join__mutmut_56',mutmut tests-for-mutant 'markdown_it.rules_core.text_join.x_text_join__mutmut_56',mutmut run 'markdown_it.rules_core.text_join.x_text_join__mutmut_56'
M1423200c33654909,markdown_it.helpers.parse_link_label.x_parseLinkLabel__mutmut_4,specified,markdown_it/helpers/parse_link_label.py,parseLinkLabel,13,    labelEnd = -1,    labelEnd = -2,survived,unreviewed,,tests/task/phase1/task.py::test_file;tests/task/phase1/task.py::test_spec,mutmut show 'markdown_it.helpers.parse_link_label.x_parseLinkLabel__mutmut_4',mutmut tests-for-mutant 'markdown_it.helpers.parse_link_label.x_parseLinkLabel__mutmut_4',mutmut run 'markdown_it.helpers.parse_link_label.x_parseLinkLabel__mutmut_4'
M14250e55498e11ce,markdown_it.rules_block.list.x_skipOrderedListMarker__mutmut_49,specified,markdown_it/rules_block/list.py,skipOrderedListMarker,76,        return -1,        return -2,survived,unreviewed,,tests/task/phase1/task.py::test_core_after;tests/task/phase1/task.py::test_file;tests/task/phase1/task.py::test_spec;tests/task/task2.py::test_make_fence_at,mutmut show 'markdown_it.rules_block.list.x_skipOrderedListMarker__mutmut_49',mutmut tests-for-mutant 'markdown_it.rules_block.list.x_skipOrderedListMarker__mutmut_49',mutmut run 'markdown_it.rules_block.list.x_skipOrderedListMarker__mutmut_49'
M143cfb9912d88467,markdown_it.presets.default.x_make__mutmut_4,specified,markdown_it/presets/default.py,make,9,"            ""maxNesting"": 100,  # Internal protection, recursion limit","            ""maxnesting"": 100,  # Internal protection, recursion limit",survived,unreviewed,,tests/task/phase1/task.py::test_file,mutmut show 'markdown_it.presets.default.x_make__mutmut_4',mutmut tests-for-mutant 'markdown_it.presets.default.x_make__mutmut_4',mutmut run 'markdown_it.presets.default.x_make__mutmut_4'
M144e5a53f8b22dee,markdown_it.rules_block.lheading.x_lheading__mutmut_25,specified,markdown_it/rules_block/lheading.py,lheading,21,"    state.parentType = ""paragraph""  # use paragraph to match terminatorRules",    state.parentType = None  # use paragraph to match terminatorRules,survived,unreviewed,,tests/task/phase1/task.py::test_core_after;tests/task/phase1/task.py::test_file;tests/task/phase1/task.py::test_spec;tests/task/task2.py::test_make_fence_at,mutmut show 'markdown_it.rules_block.lheading.x_lheading__mutmut_25',mutmut tests-for-mutant 'markdown_it.rules_block.lheading.x_lheading__mutmut_25',mutmut run 'markdown_it.rules_block.lheading.x_lheading__mutmut_25'
M14b074e259e5e101,markdown_it.presets.commonmark.x_make__mutmut_15,specified,markdown_it/presets/commonmark.py,make,23,"            ""typographer"": False,","            ""typographer"": True,",survived,unreviewed,,tests/task/phase1/task.py::test_file,mutmut show 'markdown_it.presets.commonmark.x_make__mutmut_15',mutmut tests-for-mutant 'markdown_it.presets.commonmark.x_make__mutmut_15',mutmut run 'markdown_it.presets.commonmark.x_make__mutmut_15'
M14cc1f7e26cd215a,markdown_it.rules_block.hr.x_hr__mutmut_63,specified,markdown_it/rules_block/hr.py,hr,53,"    token.map = [startLine, state.line]",    token.map = None,survived,unreviewed,,tests/task/phase1/task.py::test_core_after;tests/task/phase1/task.py::test_file;tests/task/phase1/task.py::test_spec;tests/task/task2.py::test_make_fence_at,mutmut show 'markdown_it.rules_block.hr.x_hr__mutmut_63',mutmut tests-for-mutant 'markdown_it.rules_block.hr.x_hr__mutmut_63',mutmut run 'markdown_it.rules_block.hr.x_hr__mutmut_63'
M14ee043b05168c15,markdown_it.presets.zero.x_make__mutmut_13,specified,markdown_it/presets/zero.py,make,19,"            ""typographer"": False,","            ""XXtypographerXX"": False,",survived,unreviewed,,tests/task/phase1/task.py::test_file,mutmut show 'markdown_it.presets.zero.x_make__mutmut_13',mutmut tests-for-mutant 'markdown_it.presets.zero.x_make__mutmut_13',mutmut run 'markdown_it.presets.zero.x_make__mutmut_13'
M14f7d115ba793ccb,markdown_it.renderer.xǁRendererHTMLǁrenderToken__mutmut_45,specified,markdown_it/renderer.py,renderToken,155,        if token.nesting == 1 and (idx + 1 < len(tokens)):,        if token.nesting == 1 and (idx + 1 <= len(tokens)):,survived,unreviewed,,tests/task/phase1/task.py::test_file;tests/task/phase1/task.py::test_spec,mutmut show 'markdown_it.renderer.xǁRendererHTMLǁrenderToken__mutmut_45',mutmut tests-for-mutant 'markdown_it.renderer.xǁRendererHTMLǁrenderToken__mutmut_45',mutmut run 'markdown_it.renderer.xǁRendererHTMLǁrenderToken__mutmut_45'
M14fb34c52dbe9c37,markdown_it.rules_block.blockquote.x_blockquote__mutmut_70,specified,markdown_it/rules_block/blockquote.py,blockquote,71,        spaceAfterMarker = False,        spaceAfterMarker = True,survived,unreviewed,,tests/task/phase1/task.py::test_core_after;tests/task/phase1/task.py::test_file;tests/task/phase1/task.py::test_spec;tests/task/task2.py::test_make_fence_at,mutmut show 'markdown_it.rules_block.blockquote.x_blockquote__mutmut_70',mutmut tests-for-mutant 'markdown_it.rules_block.blockquote.x_blockquote__mutmut_70',mutmut run 'markdown_it.rules_block.blockquote.x_blockquote__mutmut_70'
M1565f4c79cb7ece0,markdown_it.cli.parse.x_parse_args__mutmut_15,specified,markdown_it/cli/parse.py,parse_args,113,"    parser.add_argument(""-v"", ""--version"", action=""version"", version=version_str)","    parser.add_argument(""-v"", None, action=""version"", version=version_str)",no_tests,unreviewed,,,mutmut show 'markdown_it.cli.parse.x_parse_args__mutmut_15',mutmut tests-for-mutant 'markdown_it.cli.parse.x_parse_args__mutmut_15',mutmut run 'markdown_it.cli.parse.x_parse_args__mutmut_15'
M158cd845b49d34a3,markdown_it.common.utils.x_isValidEntityCode__mutmut_46,specified,markdown_it/common/utils.py,isValidEntityCode,75,    return not (c > 0x10FFFF),    return not (c > 1114112),survived,unreviewed,,tests/task/phase1/task.py::test_spec,mutmut show 'markdown_it.common.utils.x_isValidEntityCode__mutmut_46',mutmut tests-for-mutant 'markdown_it.common.utils.x_isValidEntityCode__mutmut_46',mutmut run 'markdown_it.common.utils.x_isValidEntityCode__mutmut_46'
M159fd20769089ad4,markdown_it.presets.xǁgfm_like2ǁmake__mutmut_12,specified,markdown_it/presets/__init__.py,make,45,"    config[""options""][""tasklists_editable""] = False","    config[""options""][""TASKLISTS_EDITABLE""] = False",survived,unreviewed,,tests/task/phase1/task.py::test_file,mutmut show 'markdown_it.presets.xǁgfm_like2ǁmake__mutmut_12',mutmut tests-for-mutant 'markdown_it.presets.xǁgfm_like2ǁmake__mutmut_12',mutmut run 'markdown_it.presets.xǁgfm_like2ǁmake__mutmut_12'
M15cddb2be567a255,markdown_it.rules_block.paragraph.x_paragraph__mutmut_5,specified,markdown_it/rules_block/paragraph.py,paragraph,12,"        ""entering paragraph: %s, %s, %s, %s"", state, startLine, endLine, silent","        ""entering paragraph: %s, %s, %s, %s"", state, startLine, endLine, None",survived,unreviewed,,tests/task/phase1/task.py::test_core_after;tests/task/phase1/task.py::test_file;tests/task/phase1/task.py::test_spec;tests/task/task2.py::test_make_fence_at,mutmut show 'markdown_it.rules_block.paragraph.x_paragraph__mutmut_5',mutmut tests-for-mutant 'markdown_it.rules_block.paragraph.x_paragraph__mutmut_5',mutmut run 'markdown_it.rules_block.paragraph.x_paragraph__mutmut_5'
M15fce1e36c4fc265,markdown_it.rules_block.fence.x_make_fence_rule__mutmut_7,extended_only,markdown_it/rules_block/fence.py,make_fence_rule,40,"        closing_matcher = lambda opening_len, closing_len: closing_len == opening_len  # noqa: E731","        closing_matcher = lambda opening_len, closing_len: closing_len != opening_len  # noqa: E731",survived,unreviewed,,tests/task/phase1/task.py::test_file;tests/task/task2.py::test_make_fence_after;tests/task/task2.py::test_make_fence_at,mutmut show 'markdown_it.rules_block.fence.x_make_fence_rule__mutmut_7',mutmut tests-for-mutant 'markdown_it.rules_block.fence.x_make_fence_rule__mutmut_7',mutmut run 'markdown_it.rules_block.fence.x_make_fence_rule__mutmut_7'
M16003167cbfa29de,markdown_it.presets.commonmark.x_make__mutmut_22,specified,markdown_it/presets/commonmark.py,make,32,"            ""xhtmlOut"": True,  # Use '/' to close single tags (<br />)","            ""XHTMLOUT"": True,  # Use '/' to close single tags (<br />)",survived,unreviewed,,tests/task/phase1/task.py::test_file,mutmut show 'markdown_it.presets.commonmark.x_make__mutmut_22',mutmut tests-for-mutant 'markdown_it.presets.commonmark.x_make__mutmut_22',mutmut run 'markdown_it.presets.commonmark.x_make__mutmut_22'
M161257a93d5ea6b2,markdown_it.parser_inline.xǁParserInlineǁtokenize__mutmut_20,specified,markdown_it/parser_inline.py,tokenize,196,            if state.pos >= end:,            if state.pos > end:,survived,unreviewed,,tests/task/phase1/task.py::test_core_after;tests/task/phase1/task.py::test_file;tests/task/phase1/task.py::test_spec;tests/task/task2.py::test_make_fence_at,mutmut show 'markdown_it.parser_inline.xǁParserInlineǁtokenize__mutmut_20',mutmut tests-for-mutant 'markdown_it.parser_inline.xǁParserInlineǁtokenize__mutmut_20',mutmut run 'markdown_it.parser_inline.xǁParserInlineǁtokenize__mutmut_20'
M1625e40a28b5d753,markdown_it.cli.parse.x_parse_args__mutmut_23,specified,markdown_it/cli/parse.py,parse_args,113,"    parser.add_argument(""-v"", ""--version"", action=""version"", version=version_str)","    parser.add_argument(""-V"", ""--version"", action=""version"", version=version_str)",no_tests,unreviewed,,,mutmut show 'markdown_it.cli.parse.x_parse_args__mutmut_23',mutmut tests-for-mutant 'markdown_it.cli.parse.x_parse_args__mutmut_23',mutmut run 'markdown_it.cli.parse.x_parse_args__mutmut_23'
M16535ba419a666f8,markdown_it.rules_block.blockquote.x_blockquote__mutmut_39,specified,markdown_it/rules_block/blockquote.py,blockquote,50,        initial += 1,        initial += 2,timeout,unreviewed,,tests/task/phase1/task.py::test_core_after;tests/task/phase1/task.py::test_file;tests/task/phase1/task.py::test_spec;tests/task/task2.py::test_make_fence_at,mutmut show 'markdown_it.rules_block.blockquote.x_blockquote__mutmut_39',mutmut tests-for-mutant 'markdown_it.rules_block.blockquote.x_blockquote__mutmut_39',mutmut run 'markdown_it.rules_block.blockquote.x_blockquote__mutmut_39'
M169e075d0b862105,markdown_it.renderer.xǁRendererHTMLǁrenderToken__mutmut_44,specified,markdown_it/renderer.py,renderToken,155,        if token.nesting == 1 and (idx + 1 < len(tokens)):,        if token.nesting == 1 and (idx + 2 < len(tokens)):,survived,unreviewed,,tests/task/phase1/task.py::test_file;tests/task/phase1/task.py::test_spec,mutmut show 'markdown_it.renderer.xǁRendererHTMLǁrenderToken__mutmut_44',mutmut tests-for-mutant 'markdown_it.renderer.xǁRendererHTMLǁrenderToken__mutmut_44',mutmut run 'markdown_it.renderer.xǁRendererHTMLǁrenderToken__mutmut_44'
M17123dbb9117bafb,markdown_it.rules_inline.entity.x_entity__mutmut_54,specified,markdown_it/rules_inline/entity.py,entity,36,                token.markup = match.group(0),                token.markup = match.group(1),survived,unreviewed,,tests/task/phase1/task.py::test_file;tests/task/phase1/task.py::test_spec,mutmut show 'markdown_it.rules_inline.entity.x_entity__mutmut_54',mutmut tests-for-mutant 'markdown_it.rules_inline.entity.x_entity__mutmut_54',mutmut run 'markdown_it.rules_inline.entity.x_entity__mutmut_54'
M171bc33a0033dbc1,markdown_it.rules_inline.balance_pairs.x_processDelimiters__mutmut_122,specified,markdown_it/rules_inline/balance_pairs.py,processDelimiters,112,        if newMinOpenerIdx != -1:,        if newMinOpenerIdx == -1:,survived,unreviewed,,tests/task/phase1/task.py::test_core_after;tests/task/phase1/task.py::test_file;tests/task/phase1/task.py::test_spec;tests/task/task2.py::test_make_fence_at,mutmut show 'markdown_it.rules_inline.balance_pairs.x_processDelimiters__mutmut_122',mutmut tests-for-mutant 'markdown_it.rules_inline.balance_pairs.x_processDelimiters__mutmut_122',mutmut run 'markdown_it.rules_inline.balance_pairs.x_processDelimiters__mutmut_122'
M1728a465dbf59ef4,markdown_it.rules_block.hr.x_hr__mutmut_10,specified,markdown_it/rules_block/hr.py,hr,15,"    LOGGER.debug(""entering hr: %s, %s, %s, %s"", state, startLine, endLine, silent)","    LOGGER.debug(""entering hr: %s, %s, %s, %s"", state, startLine, endLine, )",survived,unreviewed,,tests/task/phase1/task.py::test_core_after;tests/task/phase1/task.py::test_file;tests/task/phase1/task.py::test_spec;tests/task/task2.py::test_make_fence_at,mutmut show 'markdown_it.rules_block.hr.x_hr__mutmut_10',mutmut tests-for-mutant 'markdown_it.rules_block.hr.x_hr__mutmut_10',mutmut run 'markdown_it.rules_block.hr.x_hr__mutmut_10'
M172bb6c0df74800f,markdown_it.rules_core.text_join.x_text_join__mutmut_22,specified,markdown_it/rules_core/text_join.py,text_join,31,"                child_token.type == ""text""","                child_token.type == ""TEXT""",survived,unreviewed,,tests/task/phase1/task.py::test_core_after;tests/task/phase1/task.py::test_file;tests/task/phase1/task.py::test_spec;tests/task/task2.py::test_make_fence_after;tests/task/task2.py::test_make_fence_at,mutmut show 'markdown_it.rules_core.text_join.x_text_join__mutmut_22',mutmut tests-for-mutant 'markdown_it.rules_core.text_join.x_text_join__mutmut_22',mutmut run 'markdown_it.rules_core.text_join.x_text_join__mutmut_22'
M17432bf59b6e5cad,markdown_it.rules_block.list.x_list_block__mutmut_98,specified,markdown_it/rules_block/list.py,list_block,179,"        token = state.push(""bullet_list_open"", ""ul"", 1)","        token = state.push(""XXbullet_list_openXX"", ""ul"", 1)",survived,unreviewed,,tests/task/phase1/task.py::test_core_after;tests/task/phase1/task.py::test_file;tests/task/phase1/task.py::test_spec;tests/task/task2.py::test_make_fence_at,mutmut show 'markdown_it.rules_block.list.x_list_block__mutmut_98',mutmut tests-for-mutant 'markdown_it.rules_block.list.x_list_block__mutmut_98',mutmut run 'markdown_it.rules_block.list.x_list_block__mutmut_98'
M17770b59aded898d,markdown_it.presets.xǁgfm_like2ǁmake__mutmut_3,specified,markdown_it/presets/__init__.py,make,44,"    config[""options""][""tasklists""] = True","    config[""XXoptionsXX""][""tasklists""] = True",survived,unreviewed,,tests/task/phase1/task.py::test_file,mutmut show 'markdown_it.presets.xǁgfm_like2ǁmake__mutmut_3',mutmut tests-for-mutant 'markdown_it.presets.xǁgfm_like2ǁmake__mutmut_3',mutmut run 'markdown_it.presets.xǁgfm_like2ǁmake__mutmut_3'
M178859f357cfd207,markdown_it.presets.xǁgfm_likeǁmake__mutmut_7,specified,markdown_it/presets/__init__.py,make,22,"    config[""components""][""core""][""rules""].append(""linkify"")","    config[""components""][""core""][""XXrulesXX""].append(""linkify"")",survived,unreviewed,,tests/task/phase1/task.py::test_file,mutmut show 'markdown_it.presets.xǁgfm_likeǁmake__mutmut_7',mutmut tests-for-mutant 'markdown_it.presets.xǁgfm_likeǁmake__mutmut_7',mutmut run 'markdown_it.presets.xǁgfm_likeǁmake__mutmut_7'
M179011e9c99de42a,markdown_it.rules_block.heading.x_heading__mutmut_37,specified,markdown_it/rules_block/heading.py,heading,34,"    while ch == ""#"" and pos < maximum and level <= 6:","    while ch == ""#"" and pos < maximum and level <= 7:",survived,unreviewed,,tests/task/phase1/task.py::test_core_after;tests/task/phase1/task.py::test_file;tests/task/phase1/task.py::test_spec;tests/task/task2.py::test_make_fence_at,mutmut show 'markdown_it.rules_block.heading.x_heading__mutmut_37',mutmut tests-for-mutant 'markdown_it.rules_block.heading.x_heading__mutmut_37',mutmut run 'markdown_it.rules_block.heading.x_heading__mutmut_37'
M17a583e51c8b10a9,markdown_it.rules_block.fence.x_make_fence_rule__mutmut_19,specified,markdown_it/rules_block/fence.py,make_fence_rule,49,"            ""entering fence: %s, %s, %s, %s"", state, startLine, endLine, silent","            ""entering fence: %s, %s, %s, %s"", state, startLine, silent",survived,unreviewed,,tests/task/phase1/task.py::test_file;tests/task/task2.py::test_make_fence_after;tests/task/task2.py::test_make_fence_at,mutmut show 'markdown_it.rules_block.fence.x_make_fence_rule__mutmut_19',mutmut tests-for-mutant 'markdown_it.rules_block.fence.x_make_fence_rule__mutmut_19',mutmut run 'markdown_it.rules_block.fence.x_make_fence_rule__mutmut_19'
M17b859f7591b49b6,markdown_it.rules_inline.balance_pairs.x_processDelimiters__mutmut_67,specified,markdown_it/rules_inline/balance_pairs.py,processDelimiters,70,                isOddMatch = False,                isOddMatch = None,survived,unreviewed,,tests/task/phase1/task.py::test_core_after;tests/task/phase1/task.py::test_file;tests/task/phase1/task.py::test_spec;tests/task/task2.py::test_make_fence_at,mutmut show 'markdown_it.rules_inline.balance_pairs.x_processDelimiters__mutmut_67',mutmut tests-for-mutant 'markdown_it.rules_inline.balance_pairs.x_processDelimiters__mutmut_67',mutmut run 'markdown_it.rules_inline.balance_pairs.x_processDelimiters__mutmut_67'
M17c6f96534c24745,markdown_it._punycode.x_to_unicode__mutmut_8,specified,markdown_it/_punycode.py,to_unicode,58,"    return map_domain(obj, mapping)","    return map_domain(obj, None)",survived,unreviewed,,tests/task/phase1/task.py::test_file;tests/task/phase1/task.py::test_spec,mutmut show 'markdown_it._punycode.x_to_unicode__mutmut_8',mutmut tests-for-mutant 'markdown_it._punycode.x_to_unicode__mutmut_8',mutmut run 'markdown_it._punycode.x_to_unicode__mutmut_8'
M18141bb28ea01b8b,markdown_it.rules_block.list.x_list_block__mutmut_115,specified,markdown_it/rules_block/list.py,list_block,193,"    state.parentType = ""list""","    state.parentType = ""XXlistXX""",survived,unreviewed,,tests/task/phase1/task.py::test_core_after;tests/task/phase1/task.py::test_file;tests/task/phase1/task.py::test_spec;tests/task/task2.py::test_make_fence_at,mutmut show 'markdown_it.rules_block.list.x_list_block__mutmut_115',mutmut tests-for-mutant 'markdown_it.rules_block.list.x_list_block__mutmut_115',mutmut run 'markdown_it.rules_block.list.x_list_block__mutmut_115'
M18456f34026a7c10,markdown_it.cli.parse.x_parse_args__mutmut_46,specified,markdown_it/cli/parse.py,parse_args,118,"        ""filenames"", nargs=""*"", help=""specify an optional list of files to convert""
    )","        ""filenames"", nargs=""*"", )",no_tests,unreviewed,,,mutmut show 'markdown_it.cli.parse.x_parse_args__mutmut_46',mutmut tests-for-mutant 'markdown_it.cli.parse.x_parse_args__mutmut_46',mutmut run 'markdown_it.cli.parse.x_parse_args__mutmut_46'
M1893ec04e715f2dc,markdown_it.rules_block.list.x_list_block__mutmut_170,specified,markdown_it/rules_block/list.py,list_block,236,            token.info = state.src[start : posAfterMarker - 1],            token.info = None,survived,unreviewed,,tests/task/phase1/task.py::test_core_after;tests/task/phase1/task.py::test_file;tests/task/phase1/task.py::test_spec;tests/task/task2.py::test_make_fence_at,mutmut show 'markdown_it.rules_block.list.x_list_block__mutmut_170',mutmut tests-for-mutant 'markdown_it.rules_block.list.x_list_block__mutmut_170',mutmut run 'markdown_it.rules_block.list.x_list_block__mutmut_170'
M18bfa97436ba3180,markdown_it.rules_inline.emphasis.x__postProcess__mutmut_64,specified,markdown_it/rules_inline/emphasis.py,_postProcess,78,        token.markup = ch + ch if isStrong else ch,        token.markup = None,survived,unreviewed,,tests/task/phase1/task.py::test_core_after;tests/task/phase1/task.py::test_file;tests/task/phase1/task.py::test_spec;tests/task/task2.py::test_make_fence_at,mutmut show 'markdown_it.rules_inline.emphasis.x__postProcess__mutmut_64',mutmut tests-for-mutant 'markdown_it.rules_inline.emphasis.x__postProcess__mutmut_64',mutmut run 'markdown_it.rules_inline.emphasis.x__postProcess__mutmut_64'
M18c560e9aedce9da,markdown_it.rules_block.fence.x_make_fence_rule__mutmut_23,specified,markdown_it/rules_block/fence.py,make_fence_rule,52,        haveEndMarker = False,        haveEndMarker = None,survived,unreviewed,,tests/task/phase1/task.py::test_file;tests/task/task2.py::test_make_fence_after;tests/task/task2.py::test_make_fence_at,mutmut show 'markdown_it.rules_block.fence.x_make_fence_rule__mutmut_23',mutmut tests-for-mutant 'markdown_it.rules_block.fence.x_make_fence_rule__mutmut_23',mutmut run 'markdown_it.rules_block.fence.x_make_fence_rule__mutmut_23'
M18dc9b31c4f182e6,markdown_it.rules_block.fence.x_make_fence_rule__mutmut_98,specified,markdown_it/rules_block/fence.py,make_fence_rule,134,"        token = state.push(token_type, ""code"", 0)","        token = state.push(token_type, None, 0)",survived,unreviewed,,tests/task/phase1/task.py::test_file;tests/task/task2.py::test_make_fence_after;tests/task/task2.py::test_make_fence_at,mutmut show 'markdown_it.rules_block.fence.x_make_fence_rule__mutmut_98',mutmut tests-for-mutant 'markdown_it.rules_block.fence.x_make_fence_rule__mutmut_98',mutmut run 'markdown_it.rules_block.fence.x_make_fence_rule__mutmut_98'
M18e2e03becd587a3,markdown_it.renderer.xǁRendererHTMLǁfence__mutmut_43,specified,markdown_it/renderer.py,fence,294,"        tmpToken = Token(type="""", tag="""", nesting=0, attrs=token.attrs.copy())","        tmpToken = Token(type="""", tag="""", nesting=0, )",survived,unreviewed,,tests/task/phase1/task.py::test_file;tests/task/phase1/task.py::test_spec,mutmut show 'markdown_it.renderer.xǁRendererHTMLǁfence__mutmut_43',mutmut tests-for-mutant 'markdown_it.renderer.xǁRendererHTMLǁfence__mutmut_43',mutmut run 'markdown_it.renderer.xǁRendererHTMLǁfence__mutmut_43'
M18eb293045d49c6a,markdown_it.rules_block.state_block.xǁStateBlockǁ__init____mutmut_31,specified,markdown_it/rules_block/state_block.py,__init__,69,    indent_found = False,    indent_found = None,survived,unreviewed,,tests/task/phase1/task.py::test_core_after;tests/task/phase1/task.py::test_file;tests/task/phase1/task.py::test_spec;tests/task/task2.py::test_make_fence_after;tests/task/task2.py::test_make_fence_at,mutmut show 'markdown_it.rules_block.state_block.xǁStateBlockǁ__init____mutmut_31',mutmut tests-for-mutant 'markdown_it.rules_block.state_block.xǁStateBlockǁ__init____mutmut_31',mutmut run 'markdown_it.rules_block.state_block.xǁStateBlockǁ__init____mutmut_31'
M192924dd5f3a1523,markdown_it.rules_block.paragraph.x_paragraph__mutmut_4,specified,markdown_it/rules_block/paragraph.py,paragraph,12,"        ""entering paragraph: %s, %s, %s, %s"", state, startLine, endLine, silent","        ""entering paragraph: %s, %s, %s, %s"", state, startLine, None, silent",survived,unreviewed,,tests/task/phase1/task.py::test_core_after;tests/task/phase1/task.py::test_file;tests/task/phase1/task.py::test_spec;tests/task/task2.py::test_make_fence_at,mutmut show 'markdown_it.rules_block.paragraph.x_paragraph__mutmut_4',mutmut tests-for-mutant 'markdown_it.rules_block.paragraph.x_paragraph__mutmut_4',mutmut run 'markdown_it.rules_block.paragraph.x_paragraph__mutmut_4'
M193f635f0f4af455,markdown_it.rules_inline.link.x_link__mutmut_26,specified,markdown_it/rules_inline/link.py,link,23,    if labelEnd < 0:,    if labelEnd < 1:,survived,unreviewed,,tests/task/phase1/task.py::test_file;tests/task/phase1/task.py::test_spec,mutmut show 'markdown_it.rules_inline.link.x_link__mutmut_26',mutmut tests-for-mutant 'markdown_it.rules_inline.link.x_link__mutmut_26',mutmut run 'markdown_it.rules_inline.link.x_link__mutmut_26'
M1944365edb0d3ca0,markdown_it.rules_block.reference.x_getNextLine__mutmut_11,specified,markdown_it/rules_block/reference.py,getNextLine,210,    if state.sCount[nextLine] < 0:,    if state.sCount[nextLine] < 1:,survived,unreviewed,,tests/task/phase1/task.py::test_file;tests/task/phase1/task.py::test_spec,mutmut show 'markdown_it.rules_block.reference.x_getNextLine__mutmut_11',mutmut tests-for-mutant 'markdown_it.rules_block.reference.x_getNextLine__mutmut_11',mutmut run 'markdown_it.rules_block.reference.x_getNextLine__mutmut_11'
M195105278c79bd21,markdown_it.presets.commonmark.x_make__mutmut_10,specified,markdown_it/presets/commonmark.py,make,20,"            ""linkify"": False,  # autoconvert URL-like texts to links","            ""XXlinkifyXX"": False,  # autoconvert URL-like texts to links",survived,unreviewed,,tests/task/phase1/task.py::test_file,mutmut show 'markdown_it.presets.commonmark.x_make__mutmut_10',mutmut tests-for-mutant 'markdown_it.presets.commonmark.x_make__mutmut_10',mutmut run 'markdown_it.presets.commonmark.x_make__mutmut_10'
M19876029ca49a506,markdown_it.rules_block.reference.x_reference__mutmut_3,specified,markdown_it/rules_block/reference.py,reference,11,"        ""entering reference: %s, %s, %s, %s"", state, startLine, _endLine, silent","        ""entering reference: %s, %s, %s, %s"", state, None, _endLine, silent",survived,unreviewed,,tests/task/phase1/task.py::test_core_after;tests/task/phase1/task.py::test_file;tests/task/phase1/task.py::test_spec;tests/task/task2.py::test_make_fence_at,mutmut show 'markdown_it.rules_block.reference.x_reference__mutmut_3',mutmut tests-for-mutant 'markdown_it.rules_block.reference.x_reference__mutmut_3',mutmut run 'markdown_it.rules_block.reference.x_reference__mutmut_3'
M199cd77580931d7e,markdown_it.presets.commonmark.x_make__mutmut_81,specified,markdown_it/presets/commonmark.py,make,63,"                    ""emphasis"",","                    ""EMPHASIS"",",survived,unreviewed,,tests/task/phase1/task.py::test_file,mutmut show 'markdown_it.presets.commonmark.x_make__mutmut_81',mutmut tests-for-mutant 'markdown_it.presets.commonmark.x_make__mutmut_81',mutmut run 'markdown_it.presets.commonmark.x_make__mutmut_81'
M19b0520104b971cd,markdown_it.rules_block.blockquote.x_blockquote__mutmut_392,specified,markdown_it/rules_block/blockquote.py,blockquote,317,"        token.markup = "">""","        token.markup = ""XX>XX""",survived,unreviewed,,tests/task/phase1/task.py::test_core_after;tests/task/phase1/task.py::test_file;tests/task/phase1/task.py::test_spec;tests/task/task2.py::test_make_fence_at,mutmut show 'markdown_it.rules_block.blockquote.x_blockquote__mutmut_392',mutmut tests-for-mutant 'markdown_it.rules_block.blockquote.x_blockquote__mutmut_392',mutmut run 'markdown_it.rules_block.blockquote.x_blockquote__mutmut_392'
M19c53dfc060470ae,markdown_it.rules_inline.html_inline.x_html_inline__mutmut_54,specified,markdown_it/rules_inline/html_inline.py,html_inline,40,            state.linkLevel -= 1,            state.linkLevel -= 2,survived,unreviewed,,tests/task/phase1/task.py::test_file;tests/task/phase1/task.py::test_spec,mutmut show 'markdown_it.rules_inline.html_inline.x_html_inline__mutmut_54',mutmut tests-for-mutant 'markdown_it.rules_inline.html_inline.x_html_inline__mutmut_54',mutmut run 'markdown_it.rules_inline.html_inline.x_html_inline__mutmut_54'
M1a23b0d4d5b90947,markdown_it.common.utils.x_isValidEntityCode__mutmut_42,specified,markdown_it/common/utils.py,isValidEntityCode,72,    if c >= 0x7F and c <= 0x9F:,    if c >= 0x7F and c <= 160:,survived,unreviewed,,tests/task/phase1/task.py::test_spec,mutmut show 'markdown_it.common.utils.x_isValidEntityCode__mutmut_42',mutmut tests-for-mutant 'markdown_it.common.utils.x_isValidEntityCode__mutmut_42',mutmut run 'markdown_it.common.utils.x_isValidEntityCode__mutmut_42'
M1a4b8a8b917fa436,markdown_it.presets.zero.x_make__mutmut_53,specified,markdown_it/presets/zero.py,make,38,"            ""block"": {""rules"": [""paragraph""]},","            ""block"": {""rules"": [""PARAGRAPH""]},",survived,unreviewed,,tests/task/phase1/task.py::test_file,mutmut show 'markdown_it.presets.zero.x_make__mutmut_53',mutmut tests-for-mutant 'markdown_it.presets.zero.x_make__mutmut_53',mutmut run 'markdown_it.presets.zero.x_make__mutmut_53'
M1a507fb5e02f26fa,markdown_it.helpers.parse_link_destination.x_parseLinkDestination__mutmut_37,specified,markdown_it/helpers/parse_link_destination.py,parseLinkDestination,35,            if code == 0x5C and pos + 1 < maximum:  # \,            if code == 0x5C and pos + 2 < maximum:  # \,survived,unreviewed,,tests/task/phase1/task.py::test_file;tests/task/phase1/task.py::test_spec,mutmut show 'markdown_it.helpers.parse_link_destination.x_parseLinkDestination__mutmut_37',mutmut tests-for-mutant 'markdown_it.helpers.parse_link_destination.x_parseLinkDestination__mutmut_37',mutmut run 'markdown_it.helpers.parse_link_destination.x_parseLinkDestination__mutmut_37'
M1a5a60328da8e085,markdown_it.presets.commonmark.x_make__mutmut_30,specified,markdown_it/presets/commonmark.py,make,34,"            ""langPrefix"": ""language-"",  # CSS language prefix for fenced blocks","            ""langPrefix"": ""XXlanguage-XX"",  # CSS language prefix for fenced blocks",survived,unreviewed,,tests/task/phase1/task.py::test_file,mutmut show 'markdown_it.presets.commonmark.x_make__mutmut_30',mutmut tests-for-mutant 'markdown_it.presets.commonmark.x_make__mutmut_30',mutmut run 'markdown_it.presets.commonmark.x_make__mutmut_30'
M1ae171d64605344b,markdown_it.rules_block.html_block.x_html_block__mutmut_47,specified,markdown_it/rules_block/html_block.py,html_block,74,            pos = state.bMarks[nextLine] + state.tShift[nextLine],            pos = state.bMarks[nextLine] - state.tShift[nextLine],survived,unreviewed,,tests/task/phase1/task.py::test_core_after;tests/task/phase1/task.py::test_file;tests/task/phase1/task.py::test_spec;tests/task/task2.py::test_make_fence_at,mutmut show 'markdown_it.rules_block.html_block.x_html_block__mutmut_47',mutmut tests-for-mutant 'markdown_it.rules_block.html_block.x_html_block__mutmut_47',mutmut run 'markdown_it.rules_block.html_block.x_html_block__mutmut_47'
M1ae2a688aa92d696,markdown_it.rules_inline.state_inline.xǁStateInlineǁ__init____mutmut_15,specified,markdown_it/rules_inline/state_inline.py,__init__,58,    self.pendingLevel = 0,    self.pendingLevel = 1,survived,unreviewed,,tests/task/phase1/task.py::test_core_after;tests/task/phase1/task.py::test_file;tests/task/phase1/task.py::test_spec;tests/task/task2.py::test_make_fence_at,mutmut show 'markdown_it.rules_inline.state_inline.xǁStateInlineǁ__init____mutmut_15',mutmut tests-for-mutant 'markdown_it.rules_inline.state_inline.xǁStateInlineǁ__init____mutmut_15',mutmut run 'markdown_it.rules_inline.state_inline.xǁStateInlineǁ__init____mutmut_15'
M1ae8e9f6d5b77197,markdown_it.main.xǁMarkdownItǁ__init____mutmut_9,specified,markdown_it/main.py,__init__,56,    self.renderer = renderer_cls(self),    self.renderer = renderer_cls(None),survived,unreviewed,,tests/task/phase1/task.py::test_core_after;tests/task/phase1/task.py::test_file;tests/task/phase1/task.py::test_non_utf8;tests/task/phase1/task.py::test_spec;tests/task/task2.py::test_make_fence_after;tests/task/task2.py::test_make_fence_at,mutmut show 'markdown_it.main.xǁMarkdownItǁ__init____mutmut_9',mutmut tests-for-mutant 'markdown_it.main.xǁMarkdownItǁ__init____mutmut_9',mutmut run 'markdown_it.main.xǁMarkdownItǁ__init____mutmut_9'
M1b40fd5236f9aa4c,markdown_it.common.utils.x_isValidEntityCode__mutmut_15,specified,markdown_it/common/utils.py,isValidEntityCode,63,    if ((c & 0xFFFF) == 0xFFFF) or ((c & 0xFFFF) == 0xFFFE):,    if ((c & 65536) == 0xFFFF) or ((c & 0xFFFF) == 0xFFFE):,survived,unreviewed,,tests/task/phase1/task.py::test_spec,mutmut show 'markdown_it.common.utils.x_isValidEntityCode__mutmut_15',mutmut tests-for-mutant 'markdown_it.common.utils.x_isValidEntityCode__mutmut_15',mutmut run 'markdown_it.common.utils.x_isValidEntityCode__mutmut_15'
M1b7b1accfa946945,markdown_it.cli.parse.x_parse_args__mutmut_16,specified,markdown_it/cli/parse.py,parse_args,113,"    parser.add_argument(""-v"", ""--version"", action=""version"", version=version_str)","    parser.add_argument(""-v"", ""--version"", action=None, version=version_str)",no_tests,unreviewed,,,mutmut show 'markdown_it.cli.parse.x_parse_args__mutmut_16',mutmut tests-for-mutant 'markdown_it.cli.parse.x_parse_args__mutmut_16',mutmut run 'markdown_it.cli.parse.x_parse_args__mutmut_16'
M1b7eb6a56b53a8e5,markdown_it.renderer.xǁRendererHTMLǁhardbreak__mutmut_4,specified,markdown_it/renderer.py,hardbreak,334,"    return ""<br />\n"" if options.xhtmlOut else ""<br>\n""","    return ""<br />\n"" if options.xhtmlOut else ""<BR>\n""",survived,unreviewed,,tests/task/phase1/task.py::test_file;tests/task/phase1/task.py::test_spec,mutmut show 'markdown_it.renderer.xǁRendererHTMLǁhardbreak__mutmut_4',mutmut tests-for-mutant 'markdown_it.renderer.xǁRendererHTMLǁhardbreak__mutmut_4',mutmut run 'markdown_it.renderer.xǁRendererHTMLǁhardbreak__mutmut_4'
M1ba48e8dbb227f2c,markdown_it.rules_block.list.x_list_block__mutmut_256,specified,markdown_it/rules_block/list.py,list_block,304,"        token = state.push(""list_item_close"", ""li"", -1)","        token = state.push(""XXlist_item_closeXX"", ""li"", -1)",survived,unreviewed,,tests/task/phase1/task.py::test_core_after;tests/task/phase1/task.py::test_file;tests/task/phase1/task.py::test_spec;tests/task/task2.py::test_make_fence_at,mutmut show 'markdown_it.rules_block.list.x_list_block__mutmut_256',mutmut tests-for-mutant 'markdown_it.rules_block.list.x_list_block__mutmut_256',mutmut run 'markdown_it.rules_block.list.x_list_block__mutmut_256'
M1bae7f1c33a22778,markdown_it.presets.zero.x_make__mutmut_21,specified,markdown_it/presets/zero.py,make,27,"            ""xhtmlOut"": False,  # Use '/' to close single tags (<br />)","            ""xhtmlout"": False,  # Use '/' to close single tags (<br />)",survived,unreviewed,,tests/task/phase1/task.py::test_file,mutmut show 'markdown_it.presets.zero.x_make__mutmut_21',mutmut tests-for-mutant 'markdown_it.presets.zero.x_make__mutmut_21',mutmut run 'markdown_it.presets.zero.x_make__mutmut_21'
M1be88f8eb567c3e6,markdown_it.presets.default.x_make__mutmut_37,specified,markdown_it/presets/default.py,make,35,"        ""components"": {""core"": {}, ""block"": {}, ""inline"": {}},","        ""components"": {""CORE"": {}, ""block"": {}, ""inline"": {}},",survived,unreviewed,,tests/task/phase1/task.py::test_file,mutmut show 'markdown_it.presets.default.x_make__mutmut_37',mutmut tests-for-mutant 'markdown_it.presets.default.x_make__mutmut_37',mutmut run 'markdown_it.presets.default.x_make__mutmut_37'
M1bfededc8b43e13e,markdown_it.presets.commonmark.x_make__mutmut_54,specified,markdown_it/presets/commonmark.py,make,48,"                    ""code"",","                    ""XXcodeXX"",",survived,unreviewed,,tests/task/phase1/task.py::test_file,mutmut show 'markdown_it.presets.commonmark.x_make__mutmut_54',mutmut tests-for-mutant 'markdown_it.presets.commonmark.x_make__mutmut_54',mutmut run 'markdown_it.presets.commonmark.x_make__mutmut_54'
M1c4a43d43e39f4ce,markdown_it.presets.commonmark.x_make__mutmut_20,specified,markdown_it/presets/commonmark.py,make,32,"            ""xhtmlOut"": True,  # Use '/' to close single tags (<br />)","            ""XXxhtmlOutXX"": True,  # Use '/' to close single tags (<br />)",survived,unreviewed,,tests/task/phase1/task.py::test_file,mutmut show 'markdown_it.presets.commonmark.x_make__mutmut_20',mutmut tests-for-mutant 'markdown_it.presets.commonmark.x_make__mutmut_20',mutmut run 'markdown_it.presets.commonmark.x_make__mutmut_20'
M1c4e82d4a9899363,markdown_it.presets.zero.x_make__mutmut_28,specified,markdown_it/presets/zero.py,make,29,"            ""langPrefix"": ""language-"",  # CSS language prefix for fenced blocks","            ""langprefix"": ""language-"",  # CSS language prefix for fenced blocks",survived,unreviewed,,tests/task/phase1/task.py::test_file,mutmut show 'markdown_it.presets.zero.x_make__mutmut_28',mutmut tests-for-mutant 'markdown_it.presets.zero.x_make__mutmut_28',mutmut run 'markdown_it.presets.zero.x_make__mutmut_28'
M1c6e364dd0d22830,markdown_it.rules_inline.backticks.x_backtick__mutmut_24,specified,markdown_it/rules_inline/backticks.py,backtick,26,"    if state.backticksScanned and state.backticks.get(openerLength, 0) <= start:","    if state.backticksScanned and state.backticks.get(openerLength, 1) <= start:",survived,unreviewed,,tests/task/phase1/task.py::test_file;tests/task/phase1/task.py::test_spec;tests/task/task2.py::test_make_fence_at,mutmut show 'markdown_it.rules_inline.backticks.x_backtick__mutmut_24',mutmut tests-for-mutant 'markdown_it.rules_inline.backticks.x_backtick__mutmut_24',mutmut run 'markdown_it.rules_inline.backticks.x_backtick__mutmut_24'
M1c7379e6249cc7ac,markdown_it.rules_inline.image.x_image__mutmut_93,specified,markdown_it/rules_inline/image.py,image,70,        if pos < max and start != pos and res.ok:,        if pos <= max and start != pos and res.ok:,survived,unreviewed,,tests/task/phase1/task.py::test_file;tests/task/phase1/task.py::test_spec,mutmut show 'markdown_it.rules_inline.image.x_image__mutmut_93',mutmut tests-for-mutant 'markdown_it.rules_inline.image.x_image__mutmut_93',mutmut run 'markdown_it.rules_inline.image.x_image__mutmut_93'
M1c8b06629d9c5f6f,markdown_it.rules_block.blockquote.x_blockquote__mutmut_9,specified,markdown_it/rules_block/blockquote.py,blockquote,14,"        ""entering blockquote: %s, %s, %s, %s"", state, startLine, endLine, silent","        ""entering blockquote: %s, %s, %s, %s"", state, startLine, silent",survived,unreviewed,,tests/task/phase1/task.py::test_core_after;tests/task/phase1/task.py::test_file;tests/task/phase1/task.py::test_spec;tests/task/task2.py::test_make_fence_at,mutmut show 'markdown_it.rules_block.blockquote.x_blockquote__mutmut_9',mutmut tests-for-mutant 'markdown_it.rules_block.blockquote.x_blockquote__mutmut_9',mutmut run 'markdown_it.rules_block.blockquote.x_blockquote__mutmut_9'
M1d2ab375178813ac,markdown_it.rules_inline.balance_pairs.x_link_pairs__mutmut_3,specified,markdown_it/rules_inline/balance_pairs.py,link_pairs,131,"    processDelimiters(state, state.delimiters)","    processDelimiters(None, state.delimiters)",survived,unreviewed,,tests/task/phase1/task.py::test_core_after;tests/task/phase1/task.py::test_file;tests/task/phase1/task.py::test_spec;tests/task/task2.py::test_make_fence_at,mutmut show 'markdown_it.rules_inline.balance_pairs.x_link_pairs__mutmut_3',mutmut tests-for-mutant 'markdown_it.rules_inline.balance_pairs.x_link_pairs__mutmut_3',mutmut run 'markdown_it.rules_inline.balance_pairs.x_link_pairs__mutmut_3'
M1da5672b3367c97a,markdown_it.common.utils.x_isValidEntityCode__mutmut_8,specified,markdown_it/common/utils.py,isValidEntityCode,61,    if c >= 0xFDD0 and c <= 0xFDEF:,    if c > 0xFDD0 and c <= 0xFDEF:,survived,unreviewed,,tests/task/phase1/task.py::test_spec,mutmut show 'markdown_it.common.utils.x_isValidEntityCode__mutmut_8',mutmut tests-for-mutant 'markdown_it.common.utils.x_isValidEntityCode__mutmut_8',mutmut run 'markdown_it.common.utils.x_isValidEntityCode__mutmut_8'
M1dc4dcfcb198fc34,markdown_it.rules_inline.balance_pairs.x_processDelimiters__mutmut_53,specified,markdown_it/rules_inline/balance_pairs.py,processDelimiters,58,        openerIdx = headerIdx - jumps[headerIdx] - 1,        openerIdx = headerIdx + jumps[headerIdx] - 1,survived,unreviewed,,tests/task/phase1/task.py::test_core_after;tests/task/phase1/task.py::test_file;tests/task/phase1/task.py::test_spec;tests/task/task2.py::test_make_fence_at,mutmut show 'markdown_it.rules_inline.balance_pairs.x_processDelimiters__mutmut_53',mutmut tests-for-mutant 'markdown_it.rules_inline.balance_pairs.x_processDelimiters__mutmut_53',mutmut run 'markdown_it.rules_inline.balance_pairs.x_processDelimiters__mutmut_53'
M1e1c363cf24602e8,markdown_it._punycode.x_map_domain__mutmut_6,specified,markdown_it/_punycode.py,map_domain,42,    if len(parts) > 1:,    if len(parts) >= 1:,survived,unreviewed,,tests/task/phase1/task.py::test_file;tests/task/phase1/task.py::test_spec,mutmut show 'markdown_it._punycode.x_map_domain__mutmut_6',mutmut tests-for-mutant 'markdown_it._punycode.x_map_domain__mutmut_6',mutmut run 'markdown_it._punycode.x_map_domain__mutmut_6'
M1e2d98d199f8e469,markdown_it.rules_inline.state_inline.xǁStateInlineǁpushPending__mutmut_11,specified,markdown_it/rules_inline/state_inline.py,pushPending,85,"    token = Token(""text"", """", 0)","    token = Token(""text"", """", 1)",survived,unreviewed,,tests/task/phase1/task.py::test_core_after;tests/task/phase1/task.py::test_file;tests/task/phase1/task.py::test_spec,mutmut show 'markdown_it.rules_inline.state_inline.xǁStateInlineǁpushPending__mutmut_11',mutmut tests-for-mutant 'markdown_it.rules_inline.state_inline.xǁStateInlineǁpushPending__mutmut_11',mutmut run 'markdown_it.rules_inline.state_inline.xǁStateInlineǁpushPending__mutmut_11'
M1e5300142125a5dc,markdown_it.presets.commonmark.x_make__mutmut_56,specified,markdown_it/presets/commonmark.py,make,49,"                    ""fence"",","                    ""XXfenceXX"",",survived,unreviewed,,tests/task/phase1/task.py::test_file,mutmut show 'markdown_it.presets.commonmark.x_make__mutmut_56',mutmut tests-for-mutant 'markdown_it.presets.commonmark.x_make__mutmut_56',mutmut run 'markdown_it.presets.commonmark.x_make__mutmut_56'
M1e6831d0262a6fd2,markdown_it.common.utils.x_isValidEntityCode__mutmut_30,specified,markdown_it/common/utils.py,isValidEntityCode,68,    if c == 0x0B:,    if c == 12:,survived,unreviewed,,tests/task/phase1/task.py::test_spec,mutmut show 'markdown_it.common.utils.x_isValidEntityCode__mutmut_30',mutmut tests-for-mutant 'markdown_it.common.utils.x_isValidEntityCode__mutmut_30',mutmut run 'markdown_it.common.utils.x_isValidEntityCode__mutmut_30'
M1edd7728d4b310a5,markdown_it.rules_block.code.x_code__mutmut_27,specified,markdown_it/rules_block/code.py,code,24,            nextLine += 1,            nextLine -= 1,timeout,unreviewed,,tests/task/phase1/task.py::test_core_after;tests/task/phase1/task.py::test_file;tests/task/phase1/task.py::test_spec;tests/task/task2.py::test_make_fence_after;tests/task/task2.py::test_make_fence_at,mutmut show 'markdown_it.rules_block.code.x_code__mutmut_27',mutmut tests-for-mutant 'markdown_it.rules_block.code.x_code__mutmut_27',mutmut run 'markdown_it.rules_block.code.x_code__mutmut_27'
M1f37f9a4f10f267b,markdown_it.cli.parse.x_parse_args__mutmut_38,specified,markdown_it/cli/parse.py,parse_args,115,"        ""--stdin"", action=""store_true"", help=""read Markdown from standard input""","        ""--stdin"", action=""store_true"", help=""XXread Markdown from standard inputXX""",no_tests,unreviewed,,,mutmut show 'markdown_it.cli.parse.x_parse_args__mutmut_38',mutmut tests-for-mutant 'markdown_it.cli.parse.x_parse_args__mutmut_38',mutmut run 'markdown_it.cli.parse.x_parse_args__mutmut_38'
M1f9eb75c60b93fb9,markdown_it.rules_block.list.x_list_block__mutmut_132,specified,markdown_it/rules_block/list.py,list_block,209,                offset += 4 - (offset + state.bsCount[nextLine]) % 4,                offset += 4 - (offset + state.bsCount[nextLine]) / 4,survived,unreviewed,,tests/task/phase1/task.py::test_core_after;tests/task/phase1/task.py::test_file;tests/task/phase1/task.py::test_spec;tests/task/task2.py::test_make_fence_at,mutmut show 'markdown_it.rules_block.list.x_list_block__mutmut_132',mutmut tests-for-mutant 'markdown_it.rules_block.list.x_list_block__mutmut_132',mutmut run 'markdown_it.rules_block.list.x_list_block__mutmut_132'
M1f9fcbfd42a2d16d,markdown_it.parser_inline.xǁParserInlineǁskipToken__mutmut_3,specified,markdown_it/parser_inline.py,skipToken,137,    pos = state.pos,    pos = None,timeout,unreviewed,,tests/task/phase1/task.py::test_file;tests/task/phase1/task.py::test_spec,mutmut show 'markdown_it.parser_inline.xǁParserInlineǁskipToken__mutmut_3',mutmut tests-for-mutant 'markdown_it.parser_inline.xǁParserInlineǁskipToken__mutmut_3',mutmut run 'markdown_it.parser_inline.xǁParserInlineǁskipToken__mutmut_3'
M1fa76c68aae18916,markdown_it.ruler.xǁRulerǁ__compile____mutmut_9,specified,markdown_it/ruler.py,__compile__,105,                continue,                break,timeout,unreviewed,,tests/task/phase1/task.py::test_core_after;tests/task/phase1/task.py::test_file;tests/task/phase1/task.py::test_spec;tests/task/task2.py::test_make_fence_after;tests/task/task2.py::test_make_fence_at,mutmut show 'markdown_it.ruler.xǁRulerǁ__compile____mutmut_9',mutmut tests-for-mutant 'markdown_it.ruler.xǁRulerǁ__compile____mutmut_9',mutmut run 'markdown_it.ruler.xǁRulerǁ__compile____mutmut_9'
M1fe52ca8d2d62bc6,markdown_it.rules_block.reference.x_getNextLine__mutmut_16,specified,markdown_it/rules_block/reference.py,getNextLine,214,"        terminatorRules = state.md.block.ruler.getRules(""reference"")",        terminatorRules = state.md.block.ruler.getRules(None),survived,unreviewed,,tests/task/phase1/task.py::test_file;tests/task/phase1/task.py::test_spec,mutmut show 'markdown_it.rules_block.reference.x_getNextLine__mutmut_16',mutmut tests-for-mutant 'markdown_it.rules_block.reference.x_getNextLine__mutmut_16',mutmut run 'markdown_it.rules_block.reference.x_getNextLine__mutmut_16'
M1ff6db6b36833e55,markdown_it.rules_inline.autolink.x_autolink__mutmut_47,specified,markdown_it/rules_inline/autolink.py,autolink,43,"            token.markup = ""autolink""","            token.markup = ""XXautolinkXX""",survived,unreviewed,,tests/task/phase1/task.py::test_file;tests/task/phase1/task.py::test_spec,mutmut show 'markdown_it.rules_inline.autolink.x_autolink__mutmut_47',mutmut tests-for-mutant 'markdown_it.rules_inline.autolink.x_autolink__mutmut_47',mutmut run 'markdown_it.rules_inline.autolink.x_autolink__mutmut_47'
M1ffc89187d52ab0a,markdown_it.rules_inline.autolink.x_autolink__mutmut_135,specified,markdown_it/rules_inline/autolink.py,autolink,70,"            token = state.push(""link_close"", ""a"", -1)","            token = state.push(None, ""a"", -1)",survived,unreviewed,,tests/task/phase1/task.py::test_file;tests/task/phase1/task.py::test_spec,mutmut show 'markdown_it.rules_inline.autolink.x_autolink__mutmut_135',mutmut tests-for-mutant 'markdown_it.rules_inline.autolink.x_autolink__mutmut_135',mutmut run 'markdown_it.rules_inline.autolink.x_autolink__mutmut_135'
M2004d59b6abed499,markdown_it.rules_block.state_block.xǁStateBlockǁ__init____mutmut_73,specified,markdown_it/rules_block/state_block.py,__init__,96,            indent_found = False,            indent_found = None,survived,unreviewed,,tests/task/phase1/task.py::test_core_after;tests/task/phase1/task.py::test_file;tests/task/phase1/task.py::test_spec;tests/task/task2.py::test_make_fence_after;tests/task/task2.py::test_make_fence_at,mutmut show 'markdown_it.rules_block.state_block.xǁStateBlockǁ__init____mutmut_73',mutmut tests-for-mutant 'markdown_it.rules_block.state_block.xǁStateBlockǁ__init____mutmut_73',mutmut run 'markdown_it.rules_block.state_block.xǁStateBlockǁ__init____mutmut_73'
M2016e874e07d9d30,markdown_it.rules_inline.newline.x_newline__mutmut_82,specified,markdown_it/rules_inline/newline.py,newline,35,"            state.push(""softbreak"", ""br"", 0)","            state.push(""softbreak"", ""BR"", 0)",survived,unreviewed,,tests/task/phase1/task.py::test_file;tests/task/phase1/task.py::test_spec;tests/task/task2.py::test_make_fence_at,mutmut show 'markdown_it.rules_inline.newline.x_newline__mutmut_82',mutmut tests-for-mutant 'markdown_it.rules_inline.newline.x_newline__mutmut_82',mutmut run 'markdown_it.rules_inline.newline.x_newline__mutmut_82'
M2054523d2177ec8b,markdown_it._punycode.x_map_domain__mutmut_15,specified,markdown_it/_punycode.py,map_domain,47,    labels = REGEX_SEPARATORS.split(string),    labels = REGEX_SEPARATORS.split(None),survived,unreviewed,,tests/task/phase1/task.py::test_file;tests/task/phase1/task.py::test_spec,mutmut show 'markdown_it._punycode.x_map_domain__mutmut_15',mutmut tests-for-mutant 'markdown_it._punycode.x_map_domain__mutmut_15',mutmut run 'markdown_it._punycode.x_map_domain__mutmut_15'
M20882fc076d22761,markdown_it.presets.xǁgfm_likeǁmake__mutmut_30,specified,markdown_it/presets/__init__.py,make,24,"    config[""components""][""inline""][""rules""].extend([""strikethrough"", ""linkify""])","    config[""components""][""inline""][""rules""].extend([""strikethrough"", ""LINKIFY""])",survived,unreviewed,,tests/task/phase1/task.py::test_file,mutmut show 'markdown_it.presets.xǁgfm_likeǁmake__mutmut_30',mutmut tests-for-mutant 'markdown_it.presets.xǁgfm_likeǁmake__mutmut_30',mutmut run 'markdown_it.presets.xǁgfm_likeǁmake__mutmut_30'
M208d8de6a16c3266,markdown_it.rules_block.heading.x_heading__mutmut_124,specified,markdown_it/rules_block/heading.py,heading,67,"    token.markup = ""########""[:level]","    token.markup = ""XX########XX""[:level]",survived,unreviewed,,tests/task/phase1/task.py::test_core_after;tests/task/phase1/task.py::test_file;tests/task/phase1/task.py::test_spec;tests/task/task2.py::test_make_fence_at,mutmut show 'markdown_it.rules_block.heading.x_heading__mutmut_124',mutmut tests-for-mutant 'markdown_it.rules_block.heading.x_heading__mutmut_124',mutmut run 'markdown_it.rules_block.heading.x_heading__mutmut_124'
M20a35f5f208a0dd4,markdown_it.rules_inline.link.x_link__mutmut_194,specified,markdown_it/rules_inline/link.py,link,141,        state.linkLevel += 1,        state.linkLevel = 1,survived,unreviewed,,tests/task/phase1/task.py::test_file;tests/task/phase1/task.py::test_spec,mutmut show 'markdown_it.rules_inline.link.x_link__mutmut_194',mutmut tests-for-mutant 'markdown_it.rules_inline.link.x_link__mutmut_194',mutmut run 'markdown_it.rules_inline.link.x_link__mutmut_194'
M20ba3c2c4aa590b0,markdown_it.rules_block.lheading.x_lheading__mutmut_63,specified,markdown_it/rules_block/lheading.py,lheading,49,        if state.sCount[nextLine] < 0:,        if state.sCount[nextLine] < 1:,survived,unreviewed,,tests/task/phase1/task.py::test_core_after;tests/task/phase1/task.py::test_file;tests/task/phase1/task.py::test_spec;tests/task/task2.py::test_make_fence_at,mutmut show 'markdown_it.rules_block.lheading.x_lheading__mutmut_63',mutmut tests-for-mutant 'markdown_it.rules_block.lheading.x_lheading__mutmut_63',mutmut run 'markdown_it.rules_block.lheading.x_lheading__mutmut_63'
M20d703a61eb1d779,markdown_it.rules_block.code.x_code__mutmut_11,specified,markdown_it/rules_block/code.py,code,11,"    LOGGER.debug(""entering code: %s, %s, %s, %s"", state, startLine, endLine, silent)","    LOGGER.debug(""XXentering code: %s, %s, %s, %sXX"", state, startLine, endLine, silent)",survived,unreviewed,,tests/task/phase1/task.py::test_core_after;tests/task/phase1/task.py::test_file;tests/task/phase1/task.py::test_spec;tests/task/task2.py::test_make_fence_after;tests/task/task2.py::test_make_fence_at,mutmut show 'markdown_it.rules_block.code.x_code__mutmut_11',mutmut tests-for-mutant 'markdown_it.rules_block.code.x_code__mutmut_11',mutmut run 'markdown_it.rules_block.code.x_code__mutmut_11'
M211619f56f5d35d4,markdown_it.rules_block.fence.x_make_fence_rule__mutmut_3,specified,markdown_it/rules_block/fence.py,make_fence_rule,16,"    exact_match: bool = False,","    exact_match: bool = True,",survived,unreviewed,,tests/task/phase1/task.py::test_file;tests/task/task2.py::test_make_fence_after;tests/task/task2.py::test_make_fence_at,mutmut show 'markdown_it.rules_block.fence.x_make_fence_rule__mutmut_3',mutmut tests-for-mutant 'markdown_it.rules_block.fence.x_make_fence_rule__mutmut_3',mutmut run 'markdown_it.rules_block.fence.x_make_fence_rule__mutmut_3'
M212fdaa33975858e,markdown_it.helpers.parse_link_label.x_parseLinkLabel__mutmut_3,specified,markdown_it/helpers/parse_link_label.py,parseLinkLabel,13,    labelEnd = -1,    labelEnd = +1,survived,unreviewed,,tests/task/phase1/task.py::test_file;tests/task/phase1/task.py::test_spec,mutmut show 'markdown_it.helpers.parse_link_label.x_parseLinkLabel__mutmut_3',mutmut tests-for-mutant 'markdown_it.helpers.parse_link_label.x_parseLinkLabel__mutmut_3',mutmut run 'markdown_it.helpers.parse_link_label.x_parseLinkLabel__mutmut_3'
M213f4097073c9cc3,markdown_it.common.utils.x_isWhiteSpace__mutmut_4,specified,markdown_it/common/utils.py,isWhiteSpace,189,    if code >= 0x2000 and code <= 0x200A:,    if code >= 0x2000 and code < 0x200A:,survived,unreviewed,,tests/task/phase1/task.py::test_file;tests/task/phase1/task.py::test_spec,mutmut show 'markdown_it.common.utils.x_isWhiteSpace__mutmut_4',mutmut tests-for-mutant 'markdown_it.common.utils.x_isWhiteSpace__mutmut_4',mutmut run 'markdown_it.common.utils.x_isWhiteSpace__mutmut_4'
M2152416a0a02522a,markdown_it.rules_inline.html_inline.x_html_inline__mutmut_49,specified,markdown_it/rules_inline/html_inline.py,html_inline,38,            state.linkLevel += 1,            state.linkLevel -= 1,survived,unreviewed,,tests/task/phase1/task.py::test_file;tests/task/phase1/task.py::test_spec,mutmut show 'markdown_it.rules_inline.html_inline.x_html_inline__mutmut_49',mutmut tests-for-mutant 'markdown_it.rules_inline.html_inline.x_html_inline__mutmut_49',mutmut run 'markdown_it.rules_inline.html_inline.x_html_inline__mutmut_49'
M215f68f4177449d7,markdown_it.rules_block.list.x_list_block__mutmut_148,specified,markdown_it/rules_block/list.py,list_block,220,        indentAfterMarker = 1 if contentStart >= maximum else offset - initial,        indentAfterMarker = 1 if contentStart >= maximum else offset + initial,timeout,unreviewed,,tests/task/phase1/task.py::test_core_after;tests/task/phase1/task.py::test_file;tests/task/phase1/task.py::test_spec;tests/task/task2.py::test_make_fence_at,mutmut show 'markdown_it.rules_block.list.x_list_block__mutmut_148',mutmut tests-for-mutant 'markdown_it.rules_block.list.x_list_block__mutmut_148',mutmut run 'markdown_it.rules_block.list.x_list_block__mutmut_148'
M218462ddb5094c29,markdown_it.rules_block.state_block.xǁStateBlockǁ__init____mutmut_19,specified,markdown_it/rules_block/state_block.py,__init__,55,    self.ddIndent = -1  # indent of the current dd block (-1 if there isn't any),    self.ddIndent = +1  # indent of the current dd block (-1 if there isn't any),survived,unreviewed,,tests/task/phase1/task.py::test_core_after;tests/task/phase1/task.py::test_file;tests/task/phase1/task.py::test_spec;tests/task/task2.py::test_make_fence_after;tests/task/task2.py::test_make_fence_at,mutmut show 'markdown_it.rules_block.state_block.xǁStateBlockǁ__init____mutmut_19',mutmut tests-for-mutant 'markdown_it.rules_block.state_block.xǁStateBlockǁ__init____mutmut_19',mutmut run 'markdown_it.rules_block.state_block.xǁStateBlockǁ__init____mutmut_19'
M21902bb0bd09e70a,markdown_it.rules_block.html_block.x_html_block__mutmut_58,specified,markdown_it/rules_block/html_block.py,html_block,82,            nextLine += 1,            nextLine = 1,timeout,unreviewed,,tests/task/phase1/task.py::test_core_after;tests/task/phase1/task.py::test_file;tests/task/phase1/task.py::test_spec;tests/task/task2.py::test_make_fence_at,mutmut show 'markdown_it.rules_block.html_block.x_html_block__mutmut_58',mutmut tests-for-mutant 'markdown_it.rules_block.html_block.x_html_block__mutmut_58',mutmut run 'markdown_it.rules_block.html_block.x_html_block__mutmut_58'
M21a91fa690e4f109,markdown_it.common.utils.x_normalizeReference__mutmut_9,specified,markdown_it/common/utils.py,normalizeReference,257,"    string = re.sub(r""\s+"", "" "", string.strip())","    string = re.sub(r""\s+"", ""XX XX"", string.strip())",survived,unreviewed,,tests/task/phase1/task.py::test_spec,mutmut show 'markdown_it.common.utils.x_normalizeReference__mutmut_9',mutmut tests-for-mutant 'markdown_it.common.utils.x_normalizeReference__mutmut_9',mutmut run 'markdown_it.common.utils.x_normalizeReference__mutmut_9'
M21d68cc1db32a6c8,markdown_it.presets.commonmark.x_make__mutmut_60,specified,markdown_it/presets/commonmark.py,make,51,"                    ""hr"",","                    ""XXhrXX"",",survived,unreviewed,,tests/task/phase1/task.py::test_file,mutmut show 'markdown_it.presets.commonmark.x_make__mutmut_60',mutmut tests-for-mutant 'markdown_it.presets.commonmark.x_make__mutmut_60',mutmut run 'markdown_it.presets.commonmark.x_make__mutmut_60'
M21dbacd4e1452ce4,markdown_it.rules_block.reference.x_reference__mutmut_187,specified,markdown_it/rules_block/reference.py,reference,117,        nextLine += 1,        nextLine -= 1,timeout,unreviewed,,tests/task/phase1/task.py::test_core_after;tests/task/phase1/task.py::test_file;tests/task/phase1/task.py::test_spec;tests/task/task2.py::test_make_fence_at,mutmut show 'markdown_it.rules_block.reference.x_reference__mutmut_187',mutmut tests-for-mutant 'markdown_it.rules_block.reference.x_reference__mutmut_187',mutmut run 'markdown_it.rules_block.reference.x_reference__mutmut_187'
M21dce9fd99320081,markdown_it.rules_block.hr.x_hr__mutmut_27,specified,markdown_it/rules_block/hr.py,hr,31,        return False,        return True,timeout,unreviewed,,tests/task/phase1/task.py::test_core_after;tests/task/phase1/task.py::test_file;tests/task/phase1/task.py::test_spec;tests/task/task2.py::test_make_fence_at,mutmut show 'markdown_it.rules_block.hr.x_hr__mutmut_27',mutmut tests-for-mutant 'markdown_it.rules_block.hr.x_hr__mutmut_27',mutmut run 'markdown_it.rules_block.hr.x_hr__mutmut_27'
M221183d3e556f51b,markdown_it.rules_block.list.x_list_block__mutmut_247,specified,markdown_it/rules_block/list.py,list_block,301,        state.sCount[startLine] = oldSCount,        state.sCount[startLine] = None,survived,unreviewed,,tests/task/phase1/task.py::test_core_after;tests/task/phase1/task.py::test_file;tests/task/phase1/task.py::test_spec;tests/task/task2.py::test_make_fence_at,mutmut show 'markdown_it.rules_block.list.x_list_block__mutmut_247',mutmut tests-for-mutant 'markdown_it.rules_block.list.x_list_block__mutmut_247',mutmut run 'markdown_it.rules_block.list.x_list_block__mutmut_247'
M222af97952feaca2,markdown_it.rules_block.list.x_list_block__mutmut_311,specified,markdown_it/rules_block/list.py,list_block,351,"    if state.md.options.get(""tasklists"", False):","    if state.md.options.get(""tasklists"", None):",survived,unreviewed,,tests/task/phase1/task.py::test_core_after;tests/task/phase1/task.py::test_file;tests/task/phase1/task.py::test_spec;tests/task/task2.py::test_make_fence_at,mutmut show 'markdown_it.rules_block.list.x_list_block__mutmut_311',mutmut tests-for-mutant 'markdown_it.rules_block.list.x_list_block__mutmut_311',mutmut run 'markdown_it.rules_block.list.x_list_block__mutmut_311'
M226b53e6a8e463ec,markdown_it.rules_block.reference.x_reference__mutmut_318,specified,markdown_it/rules_block/reference.py,reference,186,"                ""href"": href,","                ""HREF"": href,",survived,unreviewed,,tests/task/phase1/task.py::test_core_after;tests/task/phase1/task.py::test_file;tests/task/phase1/task.py::test_spec;tests/task/task2.py::test_make_fence_at,mutmut show 'markdown_it.rules_block.reference.x_reference__mutmut_318',mutmut tests-for-mutant 'markdown_it.rules_block.reference.x_reference__mutmut_318',mutmut run 'markdown_it.rules_block.reference.x_reference__mutmut_318'
M22b31bd16a4af050,markdown_it.presets.xǁgfm_likeǁmake__mutmut_5,specified,markdown_it/presets/__init__.py,make,22,"    config[""components""][""core""][""rules""].append(""linkify"")","    config[""components""][""XXcoreXX""][""rules""].append(""linkify"")",survived,unreviewed,,tests/task/phase1/task.py::test_file,mutmut show 'markdown_it.presets.xǁgfm_likeǁmake__mutmut_5',mutmut tests-for-mutant 'markdown_it.presets.xǁgfm_likeǁmake__mutmut_5',mutmut run 'markdown_it.presets.xǁgfm_likeǁmake__mutmut_5'
M22d4593736727628,markdown_it.renderer.xǁRendererHTMLǁsoftbreak__mutmut_4,specified,markdown_it/renderer.py,softbreak,340,"        (""<br />\n"" if options.xhtmlOut else ""<br>\n"") if options.breaks else ""\n""","        (""<br />\n"" if options.xhtmlOut else ""<BR>\n"") if options.breaks else ""\n""",survived,unreviewed,,tests/task/phase1/task.py::test_file;tests/task/phase1/task.py::test_spec,mutmut show 'markdown_it.renderer.xǁRendererHTMLǁsoftbreak__mutmut_4',mutmut tests-for-mutant 'markdown_it.renderer.xǁRendererHTMLǁsoftbreak__mutmut_4',mutmut run 'markdown_it.renderer.xǁRendererHTMLǁsoftbreak__mutmut_4'
M22ef4293f151134b,markdown_it.rules_inline.link.x_link__mutmut_184,specified,markdown_it/rules_inline/link.py,link,138,"        if label and state.md.options.get(""store_labels"", False):","        if label and state.md.options.get(None, False):",survived,unreviewed,,tests/task/phase1/task.py::test_file;tests/task/phase1/task.py::test_spec,mutmut show 'markdown_it.rules_inline.link.x_link__mutmut_184',mutmut tests-for-mutant 'markdown_it.rules_inline.link.x_link__mutmut_184',mutmut run 'markdown_it.rules_inline.link.x_link__mutmut_184'
M2388b0855aef38cf,markdown_it.rules_inline.autolink.x_autolink__mutmut_123,specified,markdown_it/rules_inline/autolink.py,autolink,67,"            token = state.push(""text"", """", 0)","            token = state.push(""text"", None, 0)",survived,unreviewed,,tests/task/phase1/task.py::test_file;tests/task/phase1/task.py::test_spec,mutmut show 'markdown_it.rules_inline.autolink.x_autolink__mutmut_123',mutmut tests-for-mutant 'markdown_it.rules_inline.autolink.x_autolink__mutmut_123',mutmut run 'markdown_it.rules_inline.autolink.x_autolink__mutmut_123'
M23d8e8b7189b9be8,markdown_it.renderer.xǁRendererHTMLǁ__init____mutmut_10,specified,markdown_it/renderer.py,__init__,64,"        if not (k.startswith(""render"") or k.startswith(""_""))","        if not (k.startswith(""RENDER"") or k.startswith(""_""))",survived,unreviewed,,tests/task/phase1/task.py::test_core_after;tests/task/phase1/task.py::test_file;tests/task/phase1/task.py::test_non_utf8;tests/task/phase1/task.py::test_spec;tests/task/task2.py::test_make_fence_after;tests/task/task2.py::test_make_fence_at,mutmut show 'markdown_it.renderer.xǁRendererHTMLǁ__init____mutmut_10',mutmut tests-for-mutant 'markdown_it.renderer.xǁRendererHTMLǁ__init____mutmut_10',mutmut run 'markdown_it.renderer.xǁRendererHTMLǁ__init____mutmut_10'
M23f749735791b6a1,markdown_it.presets.default.x_make__mutmut_35,specified,markdown_it/presets/default.py,make,35,"        ""components"": {""core"": {}, ""block"": {}, ""inline"": {}},","        ""COMPONENTS"": {""core"": {}, ""block"": {}, ""inline"": {}},",survived,unreviewed,,tests/task/phase1/task.py::test_file,mutmut show 'markdown_it.presets.default.x_make__mutmut_35',mutmut tests-for-mutant 'markdown_it.presets.default.x_make__mutmut_35',mutmut run 'markdown_it.presets.default.x_make__mutmut_35'
M2440925bf5fba901,markdown_it.rules_block.list.x_list_block__mutmut_172,specified,markdown_it/rules_block/list.py,list_block,236,            token.info = state.src[start : posAfterMarker - 1],            token.info = state.src[start : posAfterMarker - 2],survived,unreviewed,,tests/task/phase1/task.py::test_core_after;tests/task/phase1/task.py::test_file;tests/task/phase1/task.py::test_spec;tests/task/task2.py::test_make_fence_at,mutmut show 'markdown_it.rules_block.list.x_list_block__mutmut_172',mutmut tests-for-mutant 'markdown_it.rules_block.list.x_list_block__mutmut_172',mutmut run 'markdown_it.rules_block.list.x_list_block__mutmut_172'
M24edef9a0d927288,markdown_it.helpers.parse_link_destination.xǁ_Resultǁ__init____mutmut_4,specified,markdown_it/helpers/parse_link_destination.py,__init__,13,    self.pos = 0,    self.pos = 1,survived,unreviewed,,tests/task/phase1/task.py::test_file;tests/task/phase1/task.py::test_spec,mutmut show 'markdown_it.helpers.parse_link_destination.xǁ_Resultǁ__init____mutmut_4',mutmut tests-for-mutant 'markdown_it.helpers.parse_link_destination.xǁ_Resultǁ__init____mutmut_4',mutmut run 'markdown_it.helpers.parse_link_destination.xǁ_Resultǁ__init____mutmut_4'
M2543306a63cc0e88,markdown_it.cli.parse.x_convert_file__mutmut_6,specified,markdown_it/cli/parse.py,convert_file,53,"        with open(filename, encoding=""utf8"") as fin:","        with open(filename, encoding=""UTF8"") as fin:",survived,unreviewed,,tests/task/phase1/task.py::test_non_utf8;tests/task/phase1/task.py::test_parse_fail,mutmut show 'markdown_it.cli.parse.x_convert_file__mutmut_6',mutmut tests-for-mutant 'markdown_it.cli.parse.x_convert_file__mutmut_6',mutmut run 'markdown_it.cli.parse.x_convert_file__mutmut_6'
M257b94d87b759185,markdown_it.rules_block.reference.x_reference__mutmut_28,specified,markdown_it/rules_block/reference.py,reference,29,    labelEnd = None,"    labelEnd = """"",survived,unreviewed,,tests/task/phase1/task.py::test_core_after;tests/task/phase1/task.py::test_file;tests/task/phase1/task.py::test_spec;tests/task/task2.py::test_make_fence_at,mutmut show 'markdown_it.rules_block.reference.x_reference__mutmut_28',mutmut tests-for-mutant 'markdown_it.rules_block.reference.x_reference__mutmut_28',mutmut run 'markdown_it.rules_block.reference.x_reference__mutmut_28'
M258896d661a43c5f,markdown_it.helpers.parse_link_destination.x_parseLinkDestination__mutmut_43,specified,markdown_it/helpers/parse_link_destination.py,parseLinkDestination,39,            pos += 1,            pos = 1,timeout,unreviewed,,tests/task/phase1/task.py::test_file;tests/task/phase1/task.py::test_spec,mutmut show 'markdown_it.helpers.parse_link_destination.x_parseLinkDestination__mutmut_43',mutmut tests-for-mutant 'markdown_it.helpers.parse_link_destination.x_parseLinkDestination__mutmut_43',mutmut run 'markdown_it.helpers.parse_link_destination.x_parseLinkDestination__mutmut_43'
M25bccf99c280d395,markdown_it.rules_inline.escape.x_escape__mutmut_36,specified,markdown_it/rules_inline/escape.py,escape,34,            pos += 1,            pos = 1,timeout,unreviewed,,tests/task/phase1/task.py::test_file;tests/task/phase1/task.py::test_spec;tests/task/task2.py::test_make_fence_at,mutmut show 'markdown_it.rules_inline.escape.x_escape__mutmut_36',mutmut tests-for-mutant 'markdown_it.rules_inline.escape.x_escape__mutmut_36',mutmut run 'markdown_it.rules_inline.escape.x_escape__mutmut_36'
M25e152aba8a8ca17,markdown_it.presets.commonmark.x_make__mutmut_58,specified,markdown_it/presets/commonmark.py,make,50,"                    ""heading"",","                    ""XXheadingXX"",",survived,unreviewed,,tests/task/phase1/task.py::test_file,mutmut show 'markdown_it.presets.commonmark.x_make__mutmut_58',mutmut tests-for-mutant 'markdown_it.presets.commonmark.x_make__mutmut_58',mutmut run 'markdown_it.presets.commonmark.x_make__mutmut_58'
M26310b1f9d6b167a,markdown_it.rules_block.paragraph.x_paragraph__mutmut_106,specified,markdown_it/rules_block/paragraph.py,paragraph,62,"    token = state.push(""paragraph_close"", ""p"", -1)","    token = state.push(""PARAGRAPH_CLOSE"", ""p"", -1)",survived,unreviewed,,tests/task/phase1/task.py::test_core_after;tests/task/phase1/task.py::test_file;tests/task/phase1/task.py::test_spec;tests/task/task2.py::test_make_fence_at,mutmut show 'markdown_it.rules_block.paragraph.x_paragraph__mutmut_106',mutmut tests-for-mutant 'markdown_it.rules_block.paragraph.x_paragraph__mutmut_106',mutmut run 'markdown_it.rules_block.paragraph.x_paragraph__mutmut_106'
M269d4d8b82063cfc,markdown_it.rules_inline.entity.x_entity__mutmut_77,specified,markdown_it/rules_inline/entity.py,entity,45,"                token = state.push(""text_special"", """", 0)","                token = state.push(""text_special"", """", 1)",survived,unreviewed,,tests/task/phase1/task.py::test_file;tests/task/phase1/task.py::test_spec,mutmut show 'markdown_it.rules_inline.entity.x_entity__mutmut_77',mutmut tests-for-mutant 'markdown_it.rules_inline.entity.x_entity__mutmut_77',mutmut run 'markdown_it.rules_inline.entity.x_entity__mutmut_77'
M26c081f0827146b9,markdown_it.presets.zero.x_make__mutmut_47,specified,markdown_it/presets/zero.py,make,37,"            ""core"": {""rules"": [""normalize"", ""block"", ""inline"", ""text_join""]},","            ""core"": {""rules"": [""normalize"", ""block"", ""inline"", ""TEXT_JOIN""]},",survived,unreviewed,,tests/task/phase1/task.py::test_file,mutmut show 'markdown_it.presets.zero.x_make__mutmut_47',mutmut tests-for-mutant 'markdown_it.presets.zero.x_make__mutmut_47',mutmut run 'markdown_it.presets.zero.x_make__mutmut_47'
M26f1bb118e308554,markdown_it.renderer.xǁRendererHTMLǁlist_item_open__mutmut_13,specified,markdown_it/renderer.py,list_item_open,221,"    if token.meta and ""checked"" in token.meta:","    if token.meta and ""CHECKED"" in token.meta:",survived,unreviewed,,tests/task/phase1/task.py::test_file;tests/task/phase1/task.py::test_spec,mutmut show 'markdown_it.renderer.xǁRendererHTMLǁlist_item_open__mutmut_13',mutmut tests-for-mutant 'markdown_it.renderer.xǁRendererHTMLǁlist_item_open__mutmut_13',mutmut run 'markdown_it.renderer.xǁRendererHTMLǁlist_item_open__mutmut_13'
M270a1aa01fe883e6,markdown_it.common.normalize_url.x_normalizeLinkText__mutmut_21,specified,markdown_it/common/normalize_url.py,normalizeLinkText,63,"    return mdurl.decode(mdurl.format(parsed), mdurl.DECODE_DEFAULT_CHARS + ""%"")","    return mdurl.decode(mdurl.format(parsed), mdurl.DECODE_DEFAULT_CHARS + ""XX%XX"")",survived,unreviewed,,tests/task/phase1/task.py::test_file;tests/task/phase1/task.py::test_spec,mutmut show 'markdown_it.common.normalize_url.x_normalizeLinkText__mutmut_21',mutmut tests-for-mutant 'markdown_it.common.normalize_url.x_normalizeLinkText__mutmut_21',mutmut run 'markdown_it.common.normalize_url.x_normalizeLinkText__mutmut_21'
M270e03eccf840c0f,markdown_it.rules_block.blockquote.x_blockquote__mutmut_89,specified,markdown_it/rules_block/blockquote.py,blockquote,86,                offset += 1,                offset -= 1,timeout,unreviewed,,tests/task/phase1/task.py::test_core_after;tests/task/phase1/task.py::test_file;tests/task/phase1/task.py::test_spec;tests/task/task2.py::test_make_fence_at,mutmut show 'markdown_it.rules_block.blockquote.x_blockquote__mutmut_89',mutmut tests-for-mutant 'markdown_it.rules_block.blockquote.x_blockquote__mutmut_89',mutmut run 'markdown_it.rules_block.blockquote.x_blockquote__mutmut_89'
M271995a15d4f7aae,markdown_it.rules_block.list.x_markTightParagraphs__mutmut_22,specified,markdown_it/rules_block/list.py,markTightParagraphs,97,            i += 2,            i = 2,timeout,unreviewed,,tests/task/phase1/task.py::test_file;tests/task/phase1/task.py::test_spec,mutmut show 'markdown_it.rules_block.list.x_markTightParagraphs__mutmut_22',mutmut tests-for-mutant 'markdown_it.rules_block.list.x_markTightParagraphs__mutmut_22',mutmut run 'markdown_it.rules_block.list.x_markTightParagraphs__mutmut_22'
M275424fc8d22d44b,markdown_it.presets.commonmark.x_make__mutmut_103,specified,markdown_it/presets/commonmark.py,make,72,"                ""rules2"": [""balance_pairs"", ""emphasis"", ""fragments_join""],","                ""rules2"": [""balance_pairs"", ""emphasis"", ""FRAGMENTS_JOIN""],",survived,unreviewed,,tests/task/phase1/task.py::test_file,mutmut show 'markdown_it.presets.commonmark.x_make__mutmut_103',mutmut tests-for-mutant 'markdown_it.presets.commonmark.x_make__mutmut_103',mutmut run 'markdown_it.presets.commonmark.x_make__mutmut_103'
M27543e8736a66791,markdown_it.rules_block.list.x_list_block__mutmut_268,specified,markdown_it/rules_block/list.py,list_block,313,        contentStart = state.bMarks[startLine],        contentStart = None,survived,unreviewed,,tests/task/phase1/task.py::test_core_after;tests/task/phase1/task.py::test_file;tests/task/phase1/task.py::test_spec;tests/task/task2.py::test_make_fence_at,mutmut show 'markdown_it.rules_block.list.x_list_block__mutmut_268',mutmut tests-for-mutant 'markdown_it.rules_block.list.x_list_block__mutmut_268',mutmut run 'markdown_it.rules_block.list.x_list_block__mutmut_268'
M275a5ecd858c38ca,markdown_it.rules_inline.image.x_image__mutmut_11,specified,markdown_it/rules_inline/image.py,image,18,"    if state.pos + 1 < state.posMax and state.src[state.pos + 1] != ""["":","    if state.pos + 2 < state.posMax and state.src[state.pos + 1] != ""["":",survived,unreviewed,,tests/task/phase1/task.py::test_file;tests/task/phase1/task.py::test_spec,mutmut show 'markdown_it.rules_inline.image.x_image__mutmut_11',mutmut tests-for-mutant 'markdown_it.rules_inline.image.x_image__mutmut_11',mutmut run 'markdown_it.rules_inline.image.x_image__mutmut_11'
M275d1e9dee227995,markdown_it.rules_inline.balance_pairs.x_processDelimiters__mutmut_106,specified,markdown_it/rules_inline/balance_pairs.py,processDelimiters,99,                    closer.open = False,                    closer.open = None,survived,unreviewed,,tests/task/phase1/task.py::test_core_after;tests/task/phase1/task.py::test_file;tests/task/phase1/task.py::test_spec;tests/task/task2.py::test_make_fence_at,mutmut show 'markdown_it.rules_inline.balance_pairs.x_processDelimiters__mutmut_106',mutmut tests-for-mutant 'markdown_it.rules_inline.balance_pairs.x_processDelimiters__mutmut_106',mutmut run 'markdown_it.rules_inline.balance_pairs.x_processDelimiters__mutmut_106'
M278c7d435325e3fe,markdown_it.rules_block.blockquote.x_blockquote__mutmut_413,specified,markdown_it/rules_block/blockquote.py,blockquote,323,"        token.markup = "">""",        token.markup = None,survived,unreviewed,,tests/task/phase1/task.py::test_core_after;tests/task/phase1/task.py::test_file;tests/task/phase1/task.py::test_spec;tests/task/task2.py::test_make_fence_at,mutmut show 'markdown_it.rules_block.blockquote.x_blockquote__mutmut_413',mutmut tests-for-mutant 'markdown_it.rules_block.blockquote.x_blockquote__mutmut_413',mutmut run 'markdown_it.rules_block.blockquote.x_blockquote__mutmut_413'
M279f40a1976f45b3,markdown_it.common.normalize_url.x_normalizeLinkText__mutmut_3,specified,markdown_it/common/normalize_url.py,normalizeLinkText,48,"    parsed = mdurl.parse(url, slashes_denote_host=True)","    parsed = mdurl.parse(url, slashes_denote_host=None)",survived,unreviewed,,tests/task/phase1/task.py::test_file;tests/task/phase1/task.py::test_spec,mutmut show 'markdown_it.common.normalize_url.x_normalizeLinkText__mutmut_3',mutmut tests-for-mutant 'markdown_it.common.normalize_url.x_normalizeLinkText__mutmut_3',mutmut run 'markdown_it.common.normalize_url.x_normalizeLinkText__mutmut_3'
M27c11a1e8c31661d,markdown_it.rules_inline.emphasis.x__postProcess__mutmut_69,specified,markdown_it/rules_inline/emphasis.py,_postProcess,82,"        token.type = ""strong_close"" if isStrong else ""em_close""",        token.type = None,survived,unreviewed,,tests/task/phase1/task.py::test_core_after;tests/task/phase1/task.py::test_file;tests/task/phase1/task.py::test_spec;tests/task/task2.py::test_make_fence_at,mutmut show 'markdown_it.rules_inline.emphasis.x__postProcess__mutmut_69',mutmut tests-for-mutant 'markdown_it.rules_inline.emphasis.x__postProcess__mutmut_69',mutmut run 'markdown_it.rules_inline.emphasis.x__postProcess__mutmut_69'
M27fa915dafb27649,markdown_it.rules_block.blockquote.x_blockquote__mutmut_153,specified,markdown_it/rules_block/blockquote.py,blockquote,170,                adjustTab = False,                adjustTab = None,survived,unreviewed,,tests/task/phase1/task.py::test_core_after;tests/task/phase1/task.py::test_file;tests/task/phase1/task.py::test_spec;tests/task/task2.py::test_make_fence_at,mutmut show 'markdown_it.rules_block.blockquote.x_blockquote__mutmut_153',mutmut tests-for-mutant 'markdown_it.rules_block.blockquote.x_blockquote__mutmut_153',mutmut run 'markdown_it.rules_block.blockquote.x_blockquote__mutmut_153'
M281aea8f987c0c3d,markdown_it.rules_inline.autolink.x_autolink__mutmut_115,specified,markdown_it/rules_inline/autolink.py,autolink,64,"            token.markup = ""autolink""",            token.markup = None,survived,unreviewed,,tests/task/phase1/task.py::test_file;tests/task/phase1/task.py::test_spec,mutmut show 'markdown_it.rules_inline.autolink.x_autolink__mutmut_115',mutmut tests-for-mutant 'markdown_it.rules_inline.autolink.x_autolink__mutmut_115',mutmut run 'markdown_it.rules_inline.autolink.x_autolink__mutmut_115'
M28404e42e3fb9836,markdown_it.rules_block.reference.x_reference__mutmut_270,specified,markdown_it/rules_block/reference.py,reference,166,"    if state.md.options.get(""inline_definitions"", False):","    if state.md.options.get(""inline_definitions"", ):",survived,unreviewed,,tests/task/phase1/task.py::test_core_after;tests/task/phase1/task.py::test_file;tests/task/phase1/task.py::test_spec;tests/task/task2.py::test_make_fence_at,mutmut show 'markdown_it.rules_block.reference.x_reference__mutmut_270',mutmut tests-for-mutant 'markdown_it.rules_block.reference.x_reference__mutmut_270',mutmut run 'markdown_it.rules_block.reference.x_reference__mutmut_270'
M2888f296a75dfe82,markdown_it.rules_inline.image.x_image__mutmut_4,specified,markdown_it/rules_inline/image.py,image,12,    oldPos = state.pos,    oldPos = None,survived,unreviewed,,tests/task/phase1/task.py::test_file;tests/task/phase1/task.py::test_spec,mutmut show 'markdown_it.rules_inline.image.x_image__mutmut_4',mutmut tests-for-mutant 'markdown_it.rules_inline.image.x_image__mutmut_4',mutmut run 'markdown_it.rules_inline.image.x_image__mutmut_4'
M28bb525a9ee9c7b9,markdown_it.helpers.parse_link_destination.x_parseLinkDestination__mutmut_89,specified,markdown_it/helpers/parse_link_destination.py,parseLinkDestination,65,            if level > 32:,            if level >= 32:,survived,unreviewed,,tests/task/phase1/task.py::test_file;tests/task/phase1/task.py::test_spec,mutmut show 'markdown_it.helpers.parse_link_destination.x_parseLinkDestination__mutmut_89',mutmut tests-for-mutant 'markdown_it.helpers.parse_link_destination.x_parseLinkDestination__mutmut_89',mutmut run 'markdown_it.helpers.parse_link_destination.x_parseLinkDestination__mutmut_89'
M28e8cde5ead33305,markdown_it.rules_block.reference.x_reference__mutmut_82,specified,markdown_it/rules_block/reference.py,reference,53,        pos += 1,        pos = 1,timeout,unreviewed,,tests/task/phase1/task.py::test_core_after;tests/task/phase1/task.py::test_file;tests/task/phase1/task.py::test_spec;tests/task/task2.py::test_make_fence_at,mutmut show 'markdown_it.rules_block.reference.x_reference__mutmut_82',mutmut tests-for-mutant 'markdown_it.rules_block.reference.x_reference__mutmut_82',mutmut run 'markdown_it.rules_block.reference.x_reference__mutmut_82'
M296260034d7a0e0c,markdown_it.common.utils.x_isWhiteSpace__mutmut_2,specified,markdown_it/common/utils.py,isWhiteSpace,189,    if code >= 0x2000 and code <= 0x200A:,    if code > 0x2000 and code <= 0x200A:,survived,unreviewed,,tests/task/phase1/task.py::test_file;tests/task/phase1/task.py::test_spec,mutmut show 'markdown_it.common.utils.x_isWhiteSpace__mutmut_2',mutmut tests-for-mutant 'markdown_it.common.utils.x_isWhiteSpace__mutmut_2',mutmut run 'markdown_it.common.utils.x_isWhiteSpace__mutmut_2'
M2971dac2ba0dd81d,markdown_it.presets.xǁgfm_like2ǁmake__mutmut_6,specified,markdown_it/presets/__init__.py,make,44,"    config[""options""][""tasklists""] = True","    config[""options""][""TASKLISTS""] = True",survived,unreviewed,,tests/task/phase1/task.py::test_file,mutmut show 'markdown_it.presets.xǁgfm_like2ǁmake__mutmut_6',mutmut tests-for-mutant 'markdown_it.presets.xǁgfm_like2ǁmake__mutmut_6',mutmut run 'markdown_it.presets.xǁgfm_like2ǁmake__mutmut_6'
M2975e03f1f899db8,markdown_it.presets.xǁgfm_likeǁmake__mutmut_42,specified,markdown_it/presets/__init__.py,make,26,"    config[""options""][""linkify""] = True","    config[""OPTIONS""][""linkify""] = True",survived,unreviewed,,tests/task/phase1/task.py::test_file,mutmut show 'markdown_it.presets.xǁgfm_likeǁmake__mutmut_42',mutmut tests-for-mutant 'markdown_it.presets.xǁgfm_likeǁmake__mutmut_42',mutmut run 'markdown_it.presets.xǁgfm_likeǁmake__mutmut_42'
M299905ca857e3266,markdown_it.renderer.xǁRendererHTMLǁrenderInline__mutmut_20,specified,markdown_it/renderer.py,renderInline,105,"            result += self.renderToken(tokens, i, options, env)","            result += self.renderToken(tokens, i, options, None)",survived,unreviewed,,tests/task/phase1/task.py::test_file;tests/task/phase1/task.py::test_spec,mutmut show 'markdown_it.renderer.xǁRendererHTMLǁrenderInline__mutmut_20',mutmut tests-for-mutant 'markdown_it.renderer.xǁRendererHTMLǁrenderInline__mutmut_20',mutmut run 'markdown_it.renderer.xǁRendererHTMLǁrenderInline__mutmut_20'
M29a5531c9c458d7e,markdown_it.renderer.xǁRendererHTMLǁ__init____mutmut_12,specified,markdown_it/renderer.py,__init__,64,"        if not (k.startswith(""render"") or k.startswith(""_""))","        if not (k.startswith(""render"") or k.startswith(""XX_XX""))",survived,unreviewed,,tests/task/phase1/task.py::test_core_after;tests/task/phase1/task.py::test_file;tests/task/phase1/task.py::test_non_utf8;tests/task/phase1/task.py::test_spec;tests/task/task2.py::test_make_fence_after;tests/task/task2.py::test_make_fence_at,mutmut show 'markdown_it.renderer.xǁRendererHTMLǁ__init____mutmut_12',mutmut tests-for-mutant 'markdown_it.renderer.xǁRendererHTMLǁ__init____mutmut_12',mutmut run 'markdown_it.renderer.xǁRendererHTMLǁ__init____mutmut_12'
M29ae4337de50b4c5,markdown_it.rules_block.state_block.xǁStateBlockǁ__init____mutmut_66,specified,markdown_it/rules_block/state_block.py,__init__,89,                pos += 1,                pos += 2,survived,unreviewed,,tests/task/phase1/task.py::test_core_after;tests/task/phase1/task.py::test_file;tests/task/phase1/task.py::test_spec;tests/task/task2.py::test_make_fence_after;tests/task/task2.py::test_make_fence_at,mutmut show 'markdown_it.rules_block.state_block.xǁStateBlockǁ__init____mutmut_66',mutmut tests-for-mutant 'markdown_it.rules_block.state_block.xǁStateBlockǁ__init____mutmut_66',mutmut run 'markdown_it.rules_block.state_block.xǁStateBlockǁ__init____mutmut_66'
M29e81f88cb295f82,markdown_it.rules_block.hr.x_hr__mutmut_8,specified,markdown_it/rules_block/hr.py,hr,15,"    LOGGER.debug(""entering hr: %s, %s, %s, %s"", state, startLine, endLine, silent)","    LOGGER.debug(""entering hr: %s, %s, %s, %s"", state, endLine, silent)",survived,unreviewed,,tests/task/phase1/task.py::test_core_after;tests/task/phase1/task.py::test_file;tests/task/phase1/task.py::test_spec;tests/task/task2.py::test_make_fence_at,mutmut show 'markdown_it.rules_block.hr.x_hr__mutmut_8',mutmut tests-for-mutant 'markdown_it.rules_block.hr.x_hr__mutmut_8',mutmut run 'markdown_it.rules_block.hr.x_hr__mutmut_8'
M29ee33cc67524fdc,markdown_it.rules_inline.newline.x_newline__mutmut_91,specified,markdown_it/rules_inline/newline.py,newline,41,        pos += 1,        pos -= 1,timeout,unreviewed,,tests/task/phase1/task.py::test_file;tests/task/phase1/task.py::test_spec;tests/task/task2.py::test_make_fence_at,mutmut show 'markdown_it.rules_inline.newline.x_newline__mutmut_91',mutmut tests-for-mutant 'markdown_it.rules_inline.newline.x_newline__mutmut_91',mutmut run 'markdown_it.rules_inline.newline.x_newline__mutmut_91'
M29f9f1c3809a82c3,markdown_it.rules_block.lheading.x_lheading__mutmut_62,specified,markdown_it/rules_block/lheading.py,lheading,49,        if state.sCount[nextLine] < 0:,        if state.sCount[nextLine] <= 0:,survived,unreviewed,,tests/task/phase1/task.py::test_core_after;tests/task/phase1/task.py::test_file;tests/task/phase1/task.py::test_spec;tests/task/task2.py::test_make_fence_at,mutmut show 'markdown_it.rules_block.lheading.x_lheading__mutmut_62',mutmut tests-for-mutant 'markdown_it.rules_block.lheading.x_lheading__mutmut_62',mutmut run 'markdown_it.rules_block.lheading.x_lheading__mutmut_62'
M2a541de9fd726146,markdown_it.rules_inline.autolink.x_autolink__mutmut_150,specified,markdown_it/rules_inline/autolink.py,autolink,72,"            token.info = ""auto""",            token.info = None,survived,unreviewed,,tests/task/phase1/task.py::test_file;tests/task/phase1/task.py::test_spec,mutmut show 'markdown_it.rules_inline.autolink.x_autolink__mutmut_150',mutmut tests-for-mutant 'markdown_it.rules_inline.autolink.x_autolink__mutmut_150',mutmut run 'markdown_it.rules_inline.autolink.x_autolink__mutmut_150'
M2ac56dfcc64ed2f1,markdown_it.rules_inline.balance_pairs.x_processDelimiters__mutmut_48,specified,markdown_it/rules_inline/balance_pairs.py,processDelimiters,55,            (3 if closer.open else 0) + (closer.length % 3),            (3 if closer.open else 1) + (closer.length % 3),survived,unreviewed,,tests/task/phase1/task.py::test_core_after;tests/task/phase1/task.py::test_file;tests/task/phase1/task.py::test_spec;tests/task/task2.py::test_make_fence_at,mutmut show 'markdown_it.rules_inline.balance_pairs.x_processDelimiters__mutmut_48',mutmut tests-for-mutant 'markdown_it.rules_inline.balance_pairs.x_processDelimiters__mutmut_48',mutmut run 'markdown_it.rules_inline.balance_pairs.x_processDelimiters__mutmut_48'
M2ae7f782301e7920,markdown_it.presets.commonmark.x_make__mutmut_49,specified,markdown_it/presets/commonmark.py,make,45,"            ""block"": {","            ""BLOCK"": {",survived,unreviewed,,tests/task/phase1/task.py::test_file,mutmut show 'markdown_it.presets.commonmark.x_make__mutmut_49',mutmut tests-for-mutant 'markdown_it.presets.commonmark.x_make__mutmut_49',mutmut run 'markdown_it.presets.commonmark.x_make__mutmut_49'
M2b0f22485be6f3e1,markdown_it.rules_block.state_block.xǁStateBlockǁ__init____mutmut_18,specified,markdown_it/rules_block/state_block.py,__init__,55,    self.ddIndent = -1  # indent of the current dd block (-1 if there isn't any),    self.ddIndent = None  # indent of the current dd block (-1 if there isn't any),survived,unreviewed,,tests/task/phase1/task.py::test_core_after;tests/task/phase1/task.py::test_file;tests/task/phase1/task.py::test_spec;tests/task/task2.py::test_make_fence_after;tests/task/task2.py::test_make_fence_at,mutmut show 'markdown_it.rules_block.state_block.xǁStateBlockǁ__init____mutmut_18',mutmut tests-for-mutant 'markdown_it.rules_block.state_block.xǁStateBlockǁ__init____mutmut_18',mutmut run 'markdown_it.rules_block.state_block.xǁStateBlockǁ__init____mutmut_18'
M2b3725a4c2f30399,markdown_it.presets.zero.x_make__mutmut_54,specified,markdown_it/presets/zero.py,make,39,"            ""inline"": {","            ""XXinlineXX"": {",survived,unreviewed,,tests/task/phase1/task.py::test_file,mutmut show 'markdown_it.presets.zero.x_make__mutmut_54',mutmut tests-for-mutant 'markdown_it.presets.zero.x_make__mutmut_54',mutmut run 'markdown_it.presets.zero.x_make__mutmut_54'
M2b663bf8ed7c2ef0,markdown_it.rules_core.text_join.x_text_join__mutmut_47,specified,markdown_it/rules_core/text_join.py,text_join,48,                    i += 1,                    i = 1,timeout,unreviewed,,tests/task/phase1/task.py::test_core_after;tests/task/phase1/task.py::test_file;tests/task/phase1/task.py::test_spec;tests/task/task2.py::test_make_fence_after;tests/task/task2.py::test_make_fence_at,mutmut show 'markdown_it.rules_core.text_join.x_text_join__mutmut_47',mutmut tests-for-mutant 'markdown_it.rules_core.text_join.x_text_join__mutmut_47',mutmut run 'markdown_it.rules_core.text_join.x_text_join__mutmut_47'
M2b818b3f76e2bc78,markdown_it.presets.commonmark.x_make__mutmut_89,specified,markdown_it/presets/commonmark.py,make,67,"                    ""image"",","                    ""IMAGE"",",survived,unreviewed,,tests/task/phase1/task.py::test_file,mutmut show 'markdown_it.presets.commonmark.x_make__mutmut_89',mutmut tests-for-mutant 'markdown_it.presets.commonmark.x_make__mutmut_89',mutmut run 'markdown_it.presets.commonmark.x_make__mutmut_89'
M2b8976d45c0f1025,markdown_it.rules_block.list.x_list_block__mutmut_12,specified,markdown_it/rules_block/list.py,list_block,102,"    LOGGER.debug(""entering list: %s, %s, %s, %s"", state, startLine, endLine, silent)","    LOGGER.debug(""ENTERING LIST: %S, %S, %S, %S"", state, startLine, endLine, silent)",survived,unreviewed,,tests/task/phase1/task.py::test_core_after;tests/task/phase1/task.py::test_file;tests/task/phase1/task.py::test_spec;tests/task/task2.py::test_make_fence_at,mutmut show 'markdown_it.rules_block.list.x_list_block__mutmut_12',mutmut tests-for-mutant 'markdown_it.rules_block.list.x_list_block__mutmut_12',mutmut run 'markdown_it.rules_block.list.x_list_block__mutmut_12'
M2b93bdd58aee835f,markdown_it.rules_core.text_join.x_text_join__mutmut_26,specified,markdown_it/rules_core/text_join.py,text_join,33,"                and new_tokens[-1].type == ""text""","                and new_tokens[-1].type == ""XXtextXX""",survived,unreviewed,,tests/task/phase1/task.py::test_core_after;tests/task/phase1/task.py::test_file;tests/task/phase1/task.py::test_spec;tests/task/task2.py::test_make_fence_after;tests/task/task2.py::test_make_fence_at,mutmut show 'markdown_it.rules_core.text_join.x_text_join__mutmut_26',mutmut tests-for-mutant 'markdown_it.rules_core.text_join.x_text_join__mutmut_26',mutmut run 'markdown_it.rules_core.text_join.x_text_join__mutmut_26'
M2bdf5143a2968255,markdown_it.rules_inline.image.x_image__mutmut_17,specified,markdown_it/rules_inline/image.py,image,19,        return False,        return True,timeout,unreviewed,,tests/task/phase1/task.py::test_file;tests/task/phase1/task.py::test_spec,mutmut show 'markdown_it.rules_inline.image.x_image__mutmut_17',mutmut tests-for-mutant 'markdown_it.rules_inline.image.x_image__mutmut_17',mutmut run 'markdown_it.rules_inline.image.x_image__mutmut_17'
M2c0d09e8148d5c62,markdown_it.rules_block.list.x_list_block__mutmut_233,specified,markdown_it/rules_block/list.py,list_block,290,            tight = False,            tight = None,survived,unreviewed,,tests/task/phase1/task.py::test_core_after;tests/task/phase1/task.py::test_file;tests/task/phase1/task.py::test_spec;tests/task/task2.py::test_make_fence_at,mutmut show 'markdown_it.rules_block.list.x_list_block__mutmut_233',mutmut tests-for-mutant 'markdown_it.rules_block.list.x_list_block__mutmut_233',mutmut run 'markdown_it.rules_block.list.x_list_block__mutmut_233'
M2c17e3f445df892a,markdown_it.rules_inline.entity.x_entity__mutmut_57,specified,markdown_it/rules_inline/entity.py,entity,37,"                token.info = ""entity""","                token.info = ""ENTITY""",survived,unreviewed,,tests/task/phase1/task.py::test_file;tests/task/phase1/task.py::test_spec,mutmut show 'markdown_it.rules_inline.entity.x_entity__mutmut_57',mutmut tests-for-mutant 'markdown_it.rules_inline.entity.x_entity__mutmut_57',mutmut run 'markdown_it.rules_inline.entity.x_entity__mutmut_57'
M2c5d98fa35dc55a7,markdown_it.rules_inline.autolink.x_autolink__mutmut_4,specified,markdown_it/rules_inline/autolink.py,autolink,16,        return False,        return True,timeout,unreviewed,,tests/task/phase1/task.py::test_file;tests/task/phase1/task.py::test_spec,mutmut show 'markdown_it.rules_inline.autolink.x_autolink__mutmut_4',mutmut tests-for-mutant 'markdown_it.rules_inline.autolink.x_autolink__mutmut_4',mutmut run 'markdown_it.rules_inline.autolink.x_autolink__mutmut_4'
M2c7e536188460bb9,markdown_it.renderer.xǁRendererHTMLǁrenderInlineAsText__mutmut_21,specified,markdown_it/renderer.py,renderInlineAsText,205,"        elif token.type == ""softbreak"":","        elif token.type == ""XXsoftbreakXX"":",survived,unreviewed,,tests/task/phase1/task.py::test_spec,mutmut show 'markdown_it.renderer.xǁRendererHTMLǁrenderInlineAsText__mutmut_21',mutmut tests-for-mutant 'markdown_it.renderer.xǁRendererHTMLǁrenderInlineAsText__mutmut_21',mutmut run 'markdown_it.renderer.xǁRendererHTMLǁrenderInlineAsText__mutmut_21'
M2c83f44dff769ba6,markdown_it.presets.zero.x_make__mutmut_31,specified,markdown_it/presets/zero.py,make,29,"            ""langPrefix"": ""language-"",  # CSS language prefix for fenced blocks","            ""langPrefix"": ""LANGUAGE-"",  # CSS language prefix for fenced blocks",survived,unreviewed,,tests/task/phase1/task.py::test_file,mutmut show 'markdown_it.presets.zero.x_make__mutmut_31',mutmut tests-for-mutant 'markdown_it.presets.zero.x_make__mutmut_31',mutmut run 'markdown_it.presets.zero.x_make__mutmut_31'
M2c90a672c08cfcbc,markdown_it.rules_block.blockquote.x_blockquote__mutmut_266,specified,markdown_it/rules_block/blockquote.py,blockquote,281,"    if state.md.options.get(""alerts"", False) and nextLine > startLine:",    if state.md.options.get(False) and nextLine > startLine:,survived,unreviewed,,tests/task/phase1/task.py::test_core_after;tests/task/phase1/task.py::test_file;tests/task/phase1/task.py::test_spec;tests/task/task2.py::test_make_fence_at,mutmut show 'markdown_it.rules_block.blockquote.x_blockquote__mutmut_266',mutmut tests-for-mutant 'markdown_it.rules_block.blockquote.x_blockquote__mutmut_266',mutmut run 'markdown_it.rules_block.blockquote.x_blockquote__mutmut_266'
M2cb3374cd6062bc7,markdown_it.presets.xǁgfm_likeǁmake__mutmut_9,specified,markdown_it/presets/__init__.py,make,22,"    config[""components""][""core""][""rules""].append(""linkify"")","    config[""components""][""core""][""rules""].append(""XXlinkifyXX"")",survived,unreviewed,,tests/task/phase1/task.py::test_file,mutmut show 'markdown_it.presets.xǁgfm_likeǁmake__mutmut_9',mutmut tests-for-mutant 'markdown_it.presets.xǁgfm_likeǁmake__mutmut_9',mutmut run 'markdown_it.presets.xǁgfm_likeǁmake__mutmut_9'
M2cc79cb30eac0627,markdown_it.rules_block.blockquote.x_blockquote__mutmut_263,specified,markdown_it/rules_block/blockquote.py,blockquote,281,"    if state.md.options.get(""alerts"", False) and nextLine > startLine:","    if state.md.options.get(""alerts"", False) or nextLine > startLine:",survived,unreviewed,,tests/task/phase1/task.py::test_core_after;tests/task/phase1/task.py::test_file;tests/task/phase1/task.py::test_spec;tests/task/task2.py::test_make_fence_at,mutmut show 'markdown_it.rules_block.blockquote.x_blockquote__mutmut_263',mutmut tests-for-mutant 'markdown_it.rules_block.blockquote.x_blockquote__mutmut_263',mutmut run 'markdown_it.rules_block.blockquote.x_blockquote__mutmut_263'
M2cec61bc796dbcaa,markdown_it.rules_block.reference.x_reference__mutmut_200,specified,markdown_it/rules_block/reference.py,reference,120,    if pos < maximum and start != pos and titleRes.ok:,    if pos <= maximum and start != pos and titleRes.ok:,survived,unreviewed,,tests/task/phase1/task.py::test_core_after;tests/task/phase1/task.py::test_file;tests/task/phase1/task.py::test_spec;tests/task/task2.py::test_make_fence_at,mutmut show 'markdown_it.rules_block.reference.x_reference__mutmut_200',mutmut tests-for-mutant 'markdown_it.rules_block.reference.x_reference__mutmut_200',mutmut run 'markdown_it.rules_block.reference.x_reference__mutmut_200'
M2d4604fdfe2654b2,markdown_it.rules_inline.backticks.x_backtick__mutmut_65,specified,markdown_it/rules_inline/backticks.py,backtick,51,"                token = state.push(""code_inline"", ""code"", 0)","                token = state.push(""code_inline"", ""XXcodeXX"", 0)",survived,unreviewed,,tests/task/phase1/task.py::test_file;tests/task/phase1/task.py::test_spec;tests/task/task2.py::test_make_fence_at,mutmut show 'markdown_it.rules_inline.backticks.x_backtick__mutmut_65',mutmut tests-for-mutant 'markdown_it.rules_inline.backticks.x_backtick__mutmut_65',mutmut run 'markdown_it.rules_inline.backticks.x_backtick__mutmut_65'
M2d6121496d7d3399,markdown_it.presets.default.x_make__mutmut_40,specified,markdown_it/presets/default.py,make,35,"        ""components"": {""core"": {}, ""block"": {}, ""inline"": {}},","        ""components"": {""core"": {}, ""block"": {}, ""XXinlineXX"": {}},",survived,unreviewed,,tests/task/phase1/task.py::test_file,mutmut show 'markdown_it.presets.default.x_make__mutmut_40',mutmut tests-for-mutant 'markdown_it.presets.default.x_make__mutmut_40',mutmut run 'markdown_it.presets.default.x_make__mutmut_40'
M2da2c833b809d871,markdown_it.rules_block.lheading.x_lheading__mutmut_27,specified,markdown_it/rules_block/lheading.py,lheading,21,"    state.parentType = ""paragraph""  # use paragraph to match terminatorRules","    state.parentType = ""PARAGRAPH""  # use paragraph to match terminatorRules",survived,unreviewed,,tests/task/phase1/task.py::test_core_after;tests/task/phase1/task.py::test_file;tests/task/phase1/task.py::test_spec;tests/task/task2.py::test_make_fence_at,mutmut show 'markdown_it.rules_block.lheading.x_lheading__mutmut_27',mutmut tests-for-mutant 'markdown_it.rules_block.lheading.x_lheading__mutmut_27',mutmut run 'markdown_it.rules_block.lheading.x_lheading__mutmut_27'
M2e0d7628342d82f1,markdown_it.helpers.parse_link_title.xǁ_Stateǁ__init____mutmut_3,specified,markdown_it/helpers/parse_link_title.py,__init__,12,    self.can_continue = False,    self.can_continue = None,survived,unreviewed,,tests/task/phase1/task.py::test_file;tests/task/phase1/task.py::test_spec,mutmut show 'markdown_it.helpers.parse_link_title.xǁ_Stateǁ__init____mutmut_3',mutmut tests-for-mutant 'markdown_it.helpers.parse_link_title.xǁ_Stateǁ__init____mutmut_3',mutmut run 'markdown_it.helpers.parse_link_title.xǁ_Stateǁ__init____mutmut_3'
M2e1047ecec06db0c,markdown_it.rules_core.text_join.x_text_join__mutmut_38,specified,markdown_it/rules_core/text_join.py,text_join,43,"                    if next_token.type == ""text_special"":","                    if next_token.type == ""TEXT_SPECIAL"":",survived,unreviewed,,tests/task/phase1/task.py::test_core_after;tests/task/phase1/task.py::test_file;tests/task/phase1/task.py::test_spec;tests/task/task2.py::test_make_fence_after;tests/task/task2.py::test_make_fence_at,mutmut show 'markdown_it.rules_core.text_join.x_text_join__mutmut_38',mutmut tests-for-mutant 'markdown_it.rules_core.text_join.x_text_join__mutmut_38',mutmut run 'markdown_it.rules_core.text_join.x_text_join__mutmut_38'
M2e54b7f24f7edbdb,markdown_it.rules_inline.newline.x_newline__mutmut_49,specified,markdown_it/rules_inline/newline.py,newline,29,"                state.push(""hardbreak"", ""br"", 0)","                state.push(""hardbreak"", None, 0)",survived,unreviewed,,tests/task/phase1/task.py::test_file;tests/task/phase1/task.py::test_spec;tests/task/task2.py::test_make_fence_at,mutmut show 'markdown_it.rules_inline.newline.x_newline__mutmut_49',mutmut tests-for-mutant 'markdown_it.rules_inline.newline.x_newline__mutmut_49',mutmut run 'markdown_it.rules_inline.newline.x_newline__mutmut_49'
M2e7f9d33cf8b749d,markdown_it.rules_block.paragraph.x_paragraph__mutmut_39,specified,markdown_it/rules_block/paragraph.py,paragraph,35,            nextLine += 1,            nextLine -= 1,timeout,unreviewed,,tests/task/phase1/task.py::test_core_after;tests/task/phase1/task.py::test_file;tests/task/phase1/task.py::test_spec;tests/task/task2.py::test_make_fence_at,mutmut show 'markdown_it.rules_block.paragraph.x_paragraph__mutmut_39',mutmut tests-for-mutant 'markdown_it.rules_block.paragraph.x_paragraph__mutmut_39',mutmut run 'markdown_it.rules_block.paragraph.x_paragraph__mutmut_39'
M2e8ec73e0c455d70,markdown_it.presets.xǁgfm_likeǁmake__mutmut_23,specified,markdown_it/presets/__init__.py,make,24,"    config[""components""][""inline""][""rules""].extend([""strikethrough"", ""linkify""])","    config[""components""][""XXinlineXX""][""rules""].extend([""strikethrough"", ""linkify""])",survived,unreviewed,,tests/task/phase1/task.py::test_file,mutmut show 'markdown_it.presets.xǁgfm_likeǁmake__mutmut_23',mutmut tests-for-mutant 'markdown_it.presets.xǁgfm_likeǁmake__mutmut_23',mutmut run 'markdown_it.presets.xǁgfm_likeǁmake__mutmut_23'
M2ed13981c53e68c5,markdown_it.ruler.xǁRulerǁ__init____mutmut_2,specified,markdown_it/ruler.py,__init__,82,"    self.__cache__: dict[str, list[RuleFuncTv]] | None = None","    self.__cache__: dict[str, list[RuleFuncTv]] | None = """"",survived,unreviewed,,tests/task/phase1/task.py::test_core_after;tests/task/phase1/task.py::test_file;tests/task/phase1/task.py::test_non_utf8;tests/task/phase1/task.py::test_spec;tests/task/task2.py::test_make_fence_after;tests/task/task2.py::test_make_fence_at,mutmut show 'markdown_it.ruler.xǁRulerǁ__init____mutmut_2',mutmut tests-for-mutant 'markdown_it.ruler.xǁRulerǁ__init____mutmut_2',mutmut run 'markdown_it.ruler.xǁRulerǁ__init____mutmut_2'
M2ef4ea5719682090,markdown_it.rules_block.reference.x_reference__mutmut_5,specified,markdown_it/rules_block/reference.py,reference,11,"        ""entering reference: %s, %s, %s, %s"", state, startLine, _endLine, silent","        ""entering reference: %s, %s, %s, %s"", state, startLine, _endLine, None",survived,unreviewed,,tests/task/phase1/task.py::test_core_after;tests/task/phase1/task.py::test_file;tests/task/phase1/task.py::test_spec;tests/task/task2.py::test_make_fence_at,mutmut show 'markdown_it.rules_block.reference.x_reference__mutmut_5',mutmut tests-for-mutant 'markdown_it.rules_block.reference.x_reference__mutmut_5',mutmut run 'markdown_it.rules_block.reference.x_reference__mutmut_5'
M2f00089859ad6d00,markdown_it.rules_block.blockquote.x_blockquote__mutmut_427,specified,markdown_it/rules_block/blockquote.py,blockquote,336,        state.bsCount[i + startLine] = oldBSCount[i],        state.bsCount[i - startLine] = oldBSCount[i],survived,unreviewed,,tests/task/phase1/task.py::test_core_after;tests/task/phase1/task.py::test_file;tests/task/phase1/task.py::test_spec;tests/task/task2.py::test_make_fence_at,mutmut show 'markdown_it.rules_block.blockquote.x_blockquote__mutmut_427',mutmut tests-for-mutant 'markdown_it.rules_block.blockquote.x_blockquote__mutmut_427',mutmut run 'markdown_it.rules_block.blockquote.x_blockquote__mutmut_427'
M2f14724c495c29bd,markdown_it.ruler.xǁRulerǁat__mutmut_7,specified,markdown_it/ruler.py,at,122,    if index == -1:,    if index == -2:,survived,unreviewed,,tests/task/task2.py::test_make_fence_at,mutmut show 'markdown_it.ruler.xǁRulerǁat__mutmut_7',mutmut tests-for-mutant 'markdown_it.ruler.xǁRulerǁat__mutmut_7',mutmut run 'markdown_it.ruler.xǁRulerǁat__mutmut_7'
M2f1d24378499b5f1,markdown_it.rules_block.fence.x_make_fence_rule__mutmut_47,specified,markdown_it/rules_block/fence.py,make_fence_rule,77,        params = state.src[pos:maximum],        params = None,survived,unreviewed,,tests/task/phase1/task.py::test_file;tests/task/task2.py::test_make_fence_after;tests/task/task2.py::test_make_fence_at,mutmut show 'markdown_it.rules_block.fence.x_make_fence_rule__mutmut_47',mutmut tests-for-mutant 'markdown_it.rules_block.fence.x_make_fence_rule__mutmut_47',mutmut run 'markdown_it.rules_block.fence.x_make_fence_rule__mutmut_47'
M2f401c46830a3672,markdown_it.rules_block.blockquote.x_blockquote__mutmut_229,specified,markdown_it/rules_block/blockquote.py,blockquote,239,"            if terminatorRule(state, nextLine, endLine, True):","            if terminatorRule(state, nextLine, None, True):",survived,unreviewed,,tests/task/phase1/task.py::test_core_after;tests/task/phase1/task.py::test_file;tests/task/phase1/task.py::test_spec;tests/task/task2.py::test_make_fence_at,mutmut show 'markdown_it.rules_block.blockquote.x_blockquote__mutmut_229',mutmut tests-for-mutant 'markdown_it.rules_block.blockquote.x_blockquote__mutmut_229',mutmut run 'markdown_it.rules_block.blockquote.x_blockquote__mutmut_229'
M2f7491a4777d6225,markdown_it.rules_block.state_block.xǁStateBlockǁ__init____mutmut_48,specified,markdown_it/rules_block/state_block.py,__init__,80,                    offset += 4 - offset % 4,                    offset += 4 - offset / 4,survived,unreviewed,,tests/task/phase1/task.py::test_core_after;tests/task/phase1/task.py::test_file;tests/task/phase1/task.py::test_spec;tests/task/task2.py::test_make_fence_after;tests/task/task2.py::test_make_fence_at,mutmut show 'markdown_it.rules_block.state_block.xǁStateBlockǁ__init____mutmut_48',mutmut tests-for-mutant 'markdown_it.rules_block.state_block.xǁStateBlockǁ__init____mutmut_48',mutmut run 'markdown_it.rules_block.state_block.xǁStateBlockǁ__init____mutmut_48'
M2f86379735fbf3b5,markdown_it.rules_block.list.x_list_block__mutmut_113,specified,markdown_it/rules_block/list.py,list_block,192,    oldParentType = state.parentType,    oldParentType = None,survived,unreviewed,,tests/task/phase1/task.py::test_core_after;tests/task/phase1/task.py::test_file;tests/task/phase1/task.py::test_spec;tests/task/task2.py::test_make_fence_at,mutmut show 'markdown_it.rules_block.list.x_list_block__mutmut_113',mutmut tests-for-mutant 'markdown_it.rules_block.list.x_list_block__mutmut_113',mutmut run 'markdown_it.rules_block.list.x_list_block__mutmut_113'
M2fc416bb92c986cb,markdown_it.rules_block.blockquote.x_blockquote__mutmut_264,specified,markdown_it/rules_block/blockquote.py,blockquote,281,"    if state.md.options.get(""alerts"", False) and nextLine > startLine:","    if state.md.options.get(None, False) and nextLine > startLine:",survived,unreviewed,,tests/task/phase1/task.py::test_core_after;tests/task/phase1/task.py::test_file;tests/task/phase1/task.py::test_spec;tests/task/task2.py::test_make_fence_at,mutmut show 'markdown_it.rules_block.blockquote.x_blockquote__mutmut_264',mutmut tests-for-mutant 'markdown_it.rules_block.blockquote.x_blockquote__mutmut_264',mutmut run 'markdown_it.rules_block.blockquote.x_blockquote__mutmut_264'
M2fe046fbfc90f346,markdown_it.rules_block.blockquote.x_blockquote__mutmut_116,specified,markdown_it/rules_block/blockquote.py,blockquote,109,"    state.parentType = ""blockquote""","    state.parentType = ""XXblockquoteXX""",survived,unreviewed,,tests/task/phase1/task.py::test_core_after;tests/task/phase1/task.py::test_file;tests/task/phase1/task.py::test_spec;tests/task/task2.py::test_make_fence_at,mutmut show 'markdown_it.rules_block.blockquote.x_blockquote__mutmut_116',mutmut tests-for-mutant 'markdown_it.rules_block.blockquote.x_blockquote__mutmut_116',mutmut run 'markdown_it.rules_block.blockquote.x_blockquote__mutmut_116'
M2fe82d09d7f9afcc,markdown_it.rules_inline.autolink.x_autolink__mutmut_118,specified,markdown_it/rules_inline/autolink.py,autolink,65,"            token.info = ""auto""",            token.info = None,survived,unreviewed,,tests/task/phase1/task.py::test_file;tests/task/phase1/task.py::test_spec,mutmut show 'markdown_it.rules_inline.autolink.x_autolink__mutmut_118',mutmut tests-for-mutant 'markdown_it.rules_inline.autolink.x_autolink__mutmut_118',mutmut run 'markdown_it.rules_inline.autolink.x_autolink__mutmut_118'
M2fec550b4556df02,markdown_it.rules_inline.image.x_image__mutmut_57,specified,markdown_it/rules_inline/image.py,image,49,        start = pos,        start = None,survived,unreviewed,,tests/task/phase1/task.py::test_file;tests/task/phase1/task.py::test_spec,mutmut show 'markdown_it.rules_inline.image.x_image__mutmut_57',mutmut tests-for-mutant 'markdown_it.rules_inline.image.x_image__mutmut_57',mutmut run 'markdown_it.rules_inline.image.x_image__mutmut_57'
M2fee87d070680d94,markdown_it.rules_block.lheading.x_lheading__mutmut_6,specified,markdown_it/rules_block/lheading.py,lheading,10,"    LOGGER.debug(""entering lheading: %s, %s, %s, %s"", state, startLine, endLine, silent)","    LOGGER.debug(state, startLine, endLine, silent)",survived,unreviewed,,tests/task/phase1/task.py::test_core_after;tests/task/phase1/task.py::test_file;tests/task/phase1/task.py::test_spec;tests/task/task2.py::test_make_fence_at,mutmut show 'markdown_it.rules_block.lheading.x_lheading__mutmut_6',mutmut tests-for-mutant 'markdown_it.rules_block.lheading.x_lheading__mutmut_6',mutmut run 'markdown_it.rules_block.lheading.x_lheading__mutmut_6'
M3012cd47cfa27dec,markdown_it.rules_block.fence.x_make_fence_rule__mutmut_95,specified,markdown_it/rules_block/fence.py,make_fence_rule,132,        state.line = nextLine + (1 if haveEndMarker else 0),        state.line = nextLine + (1 if haveEndMarker else 1),survived,unreviewed,,tests/task/phase1/task.py::test_file;tests/task/task2.py::test_make_fence_after;tests/task/task2.py::test_make_fence_at,mutmut show 'markdown_it.rules_block.fence.x_make_fence_rule__mutmut_95',mutmut tests-for-mutant 'markdown_it.rules_block.fence.x_make_fence_rule__mutmut_95',mutmut run 'markdown_it.rules_block.fence.x_make_fence_rule__mutmut_95'
M303bb41780f596c4,markdown_it.rules_block.reference.x_reference__mutmut_17,specified,markdown_it/rules_block/reference.py,reference,16,    nextLine = startLine + 1,    nextLine = startLine - 1,timeout,unreviewed,,tests/task/phase1/task.py::test_core_after;tests/task/phase1/task.py::test_file;tests/task/phase1/task.py::test_spec;tests/task/task2.py::test_make_fence_at,mutmut show 'markdown_it.rules_block.reference.x_reference__mutmut_17',mutmut tests-for-mutant 'markdown_it.rules_block.reference.x_reference__mutmut_17',mutmut run 'markdown_it.rules_block.reference.x_reference__mutmut_17'
M3085bff374354e30,markdown_it.rules_block.fence.x_make_fence_rule__mutmut_6,extended_only,markdown_it/rules_block/fence.py,make_fence_rule,40,"        closing_matcher = lambda opening_len, closing_len: closing_len == opening_len  # noqa: E731","        closing_matcher = lambda opening_len, closing_len: None  # noqa: E731",survived,unreviewed,,tests/task/phase1/task.py::test_file;tests/task/task2.py::test_make_fence_after;tests/task/task2.py::test_make_fence_at,mutmut show 'markdown_it.rules_block.fence.x_make_fence_rule__mutmut_6',mutmut tests-for-mutant 'markdown_it.rules_block.fence.x_make_fence_rule__mutmut_6',mutmut run 'markdown_it.rules_block.fence.x_make_fence_rule__mutmut_6'
M30e5dbf093365be3,markdown_it.rules_block.list.x_list_block__mutmut_105,specified,markdown_it/rules_block/list.py,list_block,182,    token.markup = markerChar,    token.markup = None,survived,unreviewed,,tests/task/phase1/task.py::test_core_after;tests/task/phase1/task.py::test_file;tests/task/phase1/task.py::test_spec;tests/task/task2.py::test_make_fence_at,mutmut show 'markdown_it.rules_block.list.x_list_block__mutmut_105',mutmut tests-for-mutant 'markdown_it.rules_block.list.x_list_block__mutmut_105',mutmut run 'markdown_it.rules_block.list.x_list_block__mutmut_105'
M30ee169f1288c74b,markdown_it.rules_block.blockquote.x_blockquote__mutmut_417,specified,markdown_it/rules_block/blockquote.py,blockquote,328,    lines[1] = state.line,    lines[1] = None,survived,unreviewed,,tests/task/phase1/task.py::test_core_after;tests/task/phase1/task.py::test_file;tests/task/phase1/task.py::test_spec;tests/task/task2.py::test_make_fence_at,mutmut show 'markdown_it.rules_block.blockquote.x_blockquote__mutmut_417',mutmut tests-for-mutant 'markdown_it.rules_block.blockquote.x_blockquote__mutmut_417',mutmut run 'markdown_it.rules_block.blockquote.x_blockquote__mutmut_417'
M30ee7bcb4cd1c869,markdown_it.rules_inline.balance_pairs.x_processDelimiters__mutmut_60,specified,markdown_it/rules_inline/balance_pairs.py,processDelimiters,66,                openerIdx -= jumps[openerIdx] + 1,                openerIdx += jumps[openerIdx] + 1,timeout,unreviewed,,tests/task/phase1/task.py::test_core_after;tests/task/phase1/task.py::test_file;tests/task/phase1/task.py::test_spec;tests/task/task2.py::test_make_fence_at,mutmut show 'markdown_it.rules_inline.balance_pairs.x_processDelimiters__mutmut_60',mutmut tests-for-mutant 'markdown_it.rules_inline.balance_pairs.x_processDelimiters__mutmut_60',mutmut run 'markdown_it.rules_inline.balance_pairs.x_processDelimiters__mutmut_60'
M3174081c6830d0db,markdown_it.rules_block.blockquote.x_blockquote__mutmut_115,specified,markdown_it/rules_block/blockquote.py,blockquote,109,"    state.parentType = ""blockquote""",    state.parentType = None,survived,unreviewed,,tests/task/phase1/task.py::test_core_after;tests/task/phase1/task.py::test_file;tests/task/phase1/task.py::test_spec;tests/task/task2.py::test_make_fence_at,mutmut show 'markdown_it.rules_block.blockquote.x_blockquote__mutmut_115',mutmut tests-for-mutant 'markdown_it.rules_block.blockquote.x_blockquote__mutmut_115',mutmut run 'markdown_it.rules_block.blockquote.x_blockquote__mutmut_115'
M317c8067594654ae,markdown_it.rules_block.reference.x_reference__mutmut_98,specified,markdown_it/rules_block/reference.py,reference,58,        return False,        return True,timeout,unreviewed,,tests/task/phase1/task.py::test_core_after;tests/task/phase1/task.py::test_file;tests/task/phase1/task.py::test_spec;tests/task/task2.py::test_make_fence_at,mutmut show 'markdown_it.rules_block.reference.x_reference__mutmut_98',mutmut tests-for-mutant 'markdown_it.rules_block.reference.x_reference__mutmut_98',mutmut run 'markdown_it.rules_block.reference.x_reference__mutmut_98'
M3186c55848f0c753,markdown_it.presets.zero.x_make__mutmut_27,specified,markdown_it/presets/zero.py,make,29,"            ""langPrefix"": ""language-"",  # CSS language prefix for fenced blocks","            ""XXlangPrefixXX"": ""language-"",  # CSS language prefix for fenced blocks",survived,unreviewed,,tests/task/phase1/task.py::test_file,mutmut show 'markdown_it.presets.zero.x_make__mutmut_27',mutmut tests-for-mutant 'markdown_it.presets.zero.x_make__mutmut_27',mutmut run 'markdown_it.presets.zero.x_make__mutmut_27'
M318afa6a7e5b3753,markdown_it.helpers.parse_link_title.x_parseLinkTitle__mutmut_25,specified,markdown_it/helpers/parse_link_title.py,parseLinkTitle,50,        pos += 1,        pos += 2,survived,unreviewed,,tests/task/phase1/task.py::test_file;tests/task/phase1/task.py::test_spec,mutmut show 'markdown_it.helpers.parse_link_title.x_parseLinkTitle__mutmut_25',mutmut tests-for-mutant 'markdown_it.helpers.parse_link_title.x_parseLinkTitle__mutmut_25',mutmut run 'markdown_it.helpers.parse_link_title.x_parseLinkTitle__mutmut_25'
M318eb522105a30a7,markdown_it.rules_inline.entity.x_entity__mutmut_46,specified,markdown_it/rules_inline/entity.py,entity,30,"                token = state.push(""text_special"", """", 0)","                token = state.push(""text_special"", """", 1)",survived,unreviewed,,tests/task/phase1/task.py::test_file;tests/task/phase1/task.py::test_spec,mutmut show 'markdown_it.rules_inline.entity.x_entity__mutmut_46',mutmut tests-for-mutant 'markdown_it.rules_inline.entity.x_entity__mutmut_46',mutmut run 'markdown_it.rules_inline.entity.x_entity__mutmut_46'
M31ac818bd343ad35,markdown_it.rules_inline.escape.x_escape__mutmut_34,specified,markdown_it/rules_inline/escape.py,escape,32,            if not isStrSpace(ch):,            if not isStrSpace(None):,survived,unreviewed,,tests/task/phase1/task.py::test_file;tests/task/phase1/task.py::test_spec;tests/task/task2.py::test_make_fence_at,mutmut show 'markdown_it.rules_inline.escape.x_escape__mutmut_34',mutmut tests-for-mutant 'markdown_it.rules_inline.escape.x_escape__mutmut_34',mutmut run 'markdown_it.rules_inline.escape.x_escape__mutmut_34'
M321821d696e29152,markdown_it.rules_block.reference.x_getNextLine__mutmut_22,specified,markdown_it/rules_block/reference.py,getNextLine,216,"        state.parentType = ""reference""","        state.parentType = ""REFERENCE""",survived,unreviewed,,tests/task/phase1/task.py::test_file;tests/task/phase1/task.py::test_spec,mutmut show 'markdown_it.rules_block.reference.x_getNextLine__mutmut_22',mutmut tests-for-mutant 'markdown_it.rules_block.reference.x_getNextLine__mutmut_22',mutmut run 'markdown_it.rules_block.reference.x_getNextLine__mutmut_22'
M322dbac3e4a89bfa,markdown_it.presets.zero.x_make__mutmut_15,specified,markdown_it/presets/zero.py,make,19,"            ""typographer"": False,","            ""typographer"": True,",survived,unreviewed,,tests/task/phase1/task.py::test_file,mutmut show 'markdown_it.presets.zero.x_make__mutmut_15',mutmut tests-for-mutant 'markdown_it.presets.zero.x_make__mutmut_15',mutmut run 'markdown_it.presets.zero.x_make__mutmut_15'
M322eadf298d415fe,markdown_it.rules_inline.balance_pairs.x_processDelimiters__mutmut_124,specified,markdown_it/rules_inline/balance_pairs.py,processDelimiters,112,        if newMinOpenerIdx != -1:,        if newMinOpenerIdx != -2:,survived,unreviewed,,tests/task/phase1/task.py::test_core_after;tests/task/phase1/task.py::test_file;tests/task/phase1/task.py::test_spec;tests/task/task2.py::test_make_fence_at,mutmut show 'markdown_it.rules_inline.balance_pairs.x_processDelimiters__mutmut_124',mutmut tests-for-mutant 'markdown_it.rules_inline.balance_pairs.x_processDelimiters__mutmut_124',mutmut run 'markdown_it.rules_inline.balance_pairs.x_processDelimiters__mutmut_124'
M32371cf62f9819b7,markdown_it.rules_inline.balance_pairs.x_processDelimiters__mutmut_96,specified,markdown_it/rules_inline/balance_pairs.py,processDelimiters,92,                        lastJump = jumps[openerIdx - 1] + 1,                        lastJump = jumps[openerIdx - 1] - 1,survived,unreviewed,,tests/task/phase1/task.py::test_core_after;tests/task/phase1/task.py::test_file;tests/task/phase1/task.py::test_spec;tests/task/task2.py::test_make_fence_at,mutmut show 'markdown_it.rules_inline.balance_pairs.x_processDelimiters__mutmut_96',mutmut tests-for-mutant 'markdown_it.rules_inline.balance_pairs.x_processDelimiters__mutmut_96',mutmut run 'markdown_it.rules_inline.balance_pairs.x_processDelimiters__mutmut_96'
M32415c760c6004b5,markdown_it.renderer.xǁRendererHTMLǁrenderInline__mutmut_10,specified,markdown_it/renderer.py,renderInline,103,"            result += self.rules[token.type](tokens, i, options, env)","            result += self.rules[token.type](tokens, i, options, None)",survived,unreviewed,,tests/task/phase1/task.py::test_file;tests/task/phase1/task.py::test_spec,mutmut show 'markdown_it.renderer.xǁRendererHTMLǁrenderInline__mutmut_10',mutmut tests-for-mutant 'markdown_it.renderer.xǁRendererHTMLǁrenderInline__mutmut_10',mutmut run 'markdown_it.renderer.xǁRendererHTMLǁrenderInline__mutmut_10'
M3251eed4a4ab0570,markdown_it.rules_block.blockquote.x_blockquote__mutmut_183,specified,markdown_it/rules_block/blockquote.py,blockquote,194,            while pos < max:,            while pos <= max:,survived,unreviewed,,tests/task/phase1/task.py::test_core_after;tests/task/phase1/task.py::test_file;tests/task/phase1/task.py::test_spec;tests/task/task2.py::test_make_fence_at,mutmut show 'markdown_it.rules_block.blockquote.x_blockquote__mutmut_183',mutmut tests-for-mutant 'markdown_it.rules_block.blockquote.x_blockquote__mutmut_183',mutmut run 'markdown_it.rules_block.blockquote.x_blockquote__mutmut_183'
M32684b10852ba723,markdown_it.rules_inline.link.x_link__mutmut_190,specified,markdown_it/rules_inline/link.py,link,138,"        if label and state.md.options.get(""store_labels"", False):","        if label and state.md.options.get(""store_labels"", True):",survived,unreviewed,,tests/task/phase1/task.py::test_file;tests/task/phase1/task.py::test_spec,mutmut show 'markdown_it.rules_inline.link.x_link__mutmut_190',mutmut tests-for-mutant 'markdown_it.rules_inline.link.x_link__mutmut_190',mutmut run 'markdown_it.rules_inline.link.x_link__mutmut_190'
M32b9c832ee499bc1,markdown_it.main.xǁMarkdownItǁ__init____mutmut_10,specified,markdown_it/main.py,__init__,57,    self.linkify = linkify_it.LinkifyIt() if linkify_it else None,    self.linkify = None,survived,unreviewed,,tests/task/phase1/task.py::test_core_after;tests/task/phase1/task.py::test_file;tests/task/phase1/task.py::test_non_utf8;tests/task/phase1/task.py::test_spec;tests/task/task2.py::test_make_fence_after;tests/task/task2.py::test_make_fence_at,mutmut show 'markdown_it.main.xǁMarkdownItǁ__init____mutmut_10',mutmut tests-for-mutant 'markdown_it.main.xǁMarkdownItǁ__init____mutmut_10',mutmut run 'markdown_it.main.xǁMarkdownItǁ__init____mutmut_10'
M32cfd1dd9ab15391,markdown_it.rules_block.heading.x_heading__mutmut_75,specified,markdown_it/rules_block/heading.py,heading,55,    state.line = startLine + 1,    state.line = startLine - 1,timeout,unreviewed,,tests/task/phase1/task.py::test_core_after;tests/task/phase1/task.py::test_file;tests/task/phase1/task.py::test_spec;tests/task/task2.py::test_make_fence_at,mutmut show 'markdown_it.rules_block.heading.x_heading__mutmut_75',mutmut tests-for-mutant 'markdown_it.rules_block.heading.x_heading__mutmut_75',mutmut run 'markdown_it.rules_block.heading.x_heading__mutmut_75'
M33254647879b1c6b,markdown_it.rules_block.paragraph.x_paragraph__mutmut_57,specified,markdown_it/rules_block/paragraph.py,paragraph,48,        nextLine += 1,        nextLine = 1,timeout,unreviewed,,tests/task/phase1/task.py::test_core_after;tests/task/phase1/task.py::test_file;tests/task/phase1/task.py::test_spec;tests/task/task2.py::test_make_fence_at,mutmut show 'markdown_it.rules_block.paragraph.x_paragraph__mutmut_57',mutmut tests-for-mutant 'markdown_it.rules_block.paragraph.x_paragraph__mutmut_57',mutmut run 'markdown_it.rules_block.paragraph.x_paragraph__mutmut_57'
M332f918b268cf6bc,markdown_it.rules_inline.escape.x_escape__mutmut_31,specified,markdown_it/rules_inline/escape.py,escape,30,        while pos < maximum:,        while pos <= maximum:,survived,unreviewed,,tests/task/phase1/task.py::test_file;tests/task/phase1/task.py::test_spec;tests/task/task2.py::test_make_fence_at,mutmut show 'markdown_it.rules_inline.escape.x_escape__mutmut_31',mutmut tests-for-mutant 'markdown_it.rules_inline.escape.x_escape__mutmut_31',mutmut run 'markdown_it.rules_inline.escape.x_escape__mutmut_31'
M336001db9d9b1c2d,markdown_it._punycode.x_map_domain__mutmut_19,specified,markdown_it/_punycode.py,map_domain,48,"    encoded = ""."".join(fn(label) for label in labels)","    encoded = ""."".join(fn(None) for label in labels)",survived,unreviewed,,tests/task/phase1/task.py::test_file;tests/task/phase1/task.py::test_spec,mutmut show 'markdown_it._punycode.x_map_domain__mutmut_19',mutmut tests-for-mutant 'markdown_it._punycode.x_map_domain__mutmut_19',mutmut run 'markdown_it._punycode.x_map_domain__mutmut_19'
M33715275ea7ac768,markdown_it.rules_block.lheading.x_lheading__mutmut_7,specified,markdown_it/rules_block/lheading.py,lheading,10,"    LOGGER.debug(""entering lheading: %s, %s, %s, %s"", state, startLine, endLine, silent)","    LOGGER.debug(""entering lheading: %s, %s, %s, %s"", startLine, endLine, silent)",survived,unreviewed,,tests/task/phase1/task.py::test_core_after;tests/task/phase1/task.py::test_file;tests/task/phase1/task.py::test_spec;tests/task/task2.py::test_make_fence_at,mutmut show 'markdown_it.rules_block.lheading.x_lheading__mutmut_7',mutmut tests-for-mutant 'markdown_it.rules_block.lheading.x_lheading__mutmut_7',mutmut run 'markdown_it.rules_block.lheading.x_lheading__mutmut_7'
M3374d772486a5822,markdown_it.main.xǁMarkdownItǁ__getitem____mutmut_8,specified,markdown_it/main.py,__getitem__,91,"        ""renderer"": self.renderer,","        ""RENDERER"": self.renderer,",survived,unreviewed,,tests/task/phase1/task.py::test_core_after;tests/task/phase1/task.py::test_file;tests/task/phase1/task.py::test_non_utf8;tests/task/phase1/task.py::test_spec;tests/task/task2.py::test_make_fence_after;tests/task/task2.py::test_make_fence_at,mutmut show 'markdown_it.main.xǁMarkdownItǁ__getitem____mutmut_8',mutmut tests-for-mutant 'markdown_it.main.xǁMarkdownItǁ__getitem____mutmut_8',mutmut run 'markdown_it.main.xǁMarkdownItǁ__getitem____mutmut_8'
M338a4708634476dd,markdown_it.rules_inline.autolink.x_autolink__mutmut_50,specified,markdown_it/rules_inline/autolink.py,autolink,44,"            token.info = ""auto""","            token.info = ""XXautoXX""",survived,unreviewed,,tests/task/phase1/task.py::test_file;tests/task/phase1/task.py::test_spec,mutmut show 'markdown_it.rules_inline.autolink.x_autolink__mutmut_50',mutmut tests-for-mutant 'markdown_it.rules_inline.autolink.x_autolink__mutmut_50',mutmut run 'markdown_it.rules_inline.autolink.x_autolink__mutmut_50'
M338c2f83d1ff7ecb,markdown_it.presets.commonmark.x_make__mutmut_24,specified,markdown_it/presets/commonmark.py,make,33,"            ""breaks"": False,  # Convert '\n' in paragraphs into <br>","            ""XXbreaksXX"": False,  # Convert '\n' in paragraphs into <br>",survived,unreviewed,,tests/task/phase1/task.py::test_file,mutmut show 'markdown_it.presets.commonmark.x_make__mutmut_24',mutmut tests-for-mutant 'markdown_it.presets.commonmark.x_make__mutmut_24',mutmut run 'markdown_it.presets.commonmark.x_make__mutmut_24'
M33ccecfa74dd2f9f,markdown_it.rules_inline.image.x_image__mutmut_146,specified,markdown_it/rules_inline/image.py,image,107,            pos = labelEnd + 1,            pos = labelEnd + 2,survived,unreviewed,,tests/task/phase1/task.py::test_file;tests/task/phase1/task.py::test_spec,mutmut show 'markdown_it.rules_inline.image.x_image__mutmut_146',mutmut tests-for-mutant 'markdown_it.rules_inline.image.x_image__mutmut_146',mutmut run 'markdown_it.rules_inline.image.x_image__mutmut_146'
M33ed93db11cd949d,markdown_it.rules_block.list.x_list_block__mutmut_304,specified,markdown_it/rules_block/list.py,list_block,342,            if posAfterMarker < 0:,            if posAfterMarker < 1:,survived,unreviewed,,tests/task/phase1/task.py::test_core_after;tests/task/phase1/task.py::test_file;tests/task/phase1/task.py::test_spec;tests/task/task2.py::test_make_fence_at,mutmut show 'markdown_it.rules_block.list.x_list_block__mutmut_304',mutmut tests-for-mutant 'markdown_it.rules_block.list.x_list_block__mutmut_304',mutmut run 'markdown_it.rules_block.list.x_list_block__mutmut_304'
M33f052f59a60ff86,markdown_it.ruler.xǁRulerǁat__mutmut_15,specified,markdown_it/ruler.py,at,125,"    self.__rules__[index].alt = options.get(""alt"", [])","    self.__rules__[index].alt = options.get(""XXaltXX"", [])",survived,unreviewed,,tests/task/task2.py::test_make_fence_at,mutmut show 'markdown_it.ruler.xǁRulerǁat__mutmut_15',mutmut tests-for-mutant 'markdown_it.ruler.xǁRulerǁat__mutmut_15',mutmut run 'markdown_it.ruler.xǁRulerǁat__mutmut_15'
M34a5330a4a83f922,markdown_it.presets.xǁgfm_likeǁmake__mutmut_46,specified,markdown_it/presets/__init__.py,make,27,"    config[""options""][""html""] = True","    config[""options""][""html""] = None",survived,unreviewed,,tests/task/phase1/task.py::test_file,mutmut show 'markdown_it.presets.xǁgfm_likeǁmake__mutmut_46',mutmut tests-for-mutant 'markdown_it.presets.xǁgfm_likeǁmake__mutmut_46',mutmut run 'markdown_it.presets.xǁgfm_likeǁmake__mutmut_46'
M34cd13fb6ea7561d,markdown_it.rules_inline.emphasis.x__postProcess__mutmut_66,specified,markdown_it/rules_inline/emphasis.py,_postProcess,79,"        token.content = """"",        token.content = None,survived,unreviewed,,tests/task/phase1/task.py::test_core_after;tests/task/phase1/task.py::test_file;tests/task/phase1/task.py::test_spec;tests/task/task2.py::test_make_fence_at,mutmut show 'markdown_it.rules_inline.emphasis.x__postProcess__mutmut_66',mutmut tests-for-mutant 'markdown_it.rules_inline.emphasis.x__postProcess__mutmut_66',mutmut run 'markdown_it.rules_inline.emphasis.x__postProcess__mutmut_66'
M3514f748c62476db,markdown_it._punycode.x_to_unicode__mutmut_2,specified,markdown_it/_punycode.py,to_unicode,54,"        if obj.startswith(""xn--""):","        if obj.startswith(""XXxn--XX""):",survived,unreviewed,,tests/task/phase1/task.py::test_file;tests/task/phase1/task.py::test_spec,mutmut show 'markdown_it._punycode.x_to_unicode__mutmut_2',mutmut tests-for-mutant 'markdown_it._punycode.x_to_unicode__mutmut_2',mutmut run 'markdown_it._punycode.x_to_unicode__mutmut_2'
M35554c040eab7e19,markdown_it.rules_block.fence.x_make_fence_rule__mutmut_15,specified,markdown_it/rules_block/fence.py,make_fence_rule,49,"            ""entering fence: %s, %s, %s, %s"", state, startLine, endLine, silent","            ""entering fence: %s, %s, %s, %s"", state, startLine, endLine, None",survived,unreviewed,,tests/task/phase1/task.py::test_file;tests/task/task2.py::test_make_fence_after;tests/task/task2.py::test_make_fence_at,mutmut show 'markdown_it.rules_block.fence.x_make_fence_rule__mutmut_15',mutmut tests-for-mutant 'markdown_it.rules_block.fence.x_make_fence_rule__mutmut_15',mutmut run 'markdown_it.rules_block.fence.x_make_fence_rule__mutmut_15'
M356c2791b2bfaca6,markdown_it.presets.zero.x_make__mutmut_52,specified,markdown_it/presets/zero.py,make,38,"            ""block"": {""rules"": [""paragraph""]},","            ""block"": {""rules"": [""XXparagraphXX""]},",survived,unreviewed,,tests/task/phase1/task.py::test_file,mutmut show 'markdown_it.presets.zero.x_make__mutmut_52',mutmut tests-for-mutant 'markdown_it.presets.zero.x_make__mutmut_52',mutmut run 'markdown_it.presets.zero.x_make__mutmut_52'
M3576ca544f2aaa26,markdown_it.rules_inline.image.x_image__mutmut_171,specified,markdown_it/rules_inline/image.py,image,132,"        state.md.inline.parse(content, state.md, state.env, tokens)","        state.md.inline.parse(content, state.md, None, tokens)",survived,unreviewed,,tests/task/phase1/task.py::test_file;tests/task/phase1/task.py::test_spec,mutmut show 'markdown_it.rules_inline.image.x_image__mutmut_171',mutmut tests-for-mutant 'markdown_it.rules_inline.image.x_image__mutmut_171',mutmut run 'markdown_it.rules_inline.image.x_image__mutmut_171'
M35c55d260005d584,markdown_it.rules_inline.backticks.x_backtick__mutmut_50,specified,markdown_it/rules_inline/backticks.py,backtick,44,            matchEnd += 1,            matchEnd -= 1,timeout,unreviewed,,tests/task/phase1/task.py::test_file;tests/task/phase1/task.py::test_spec;tests/task/task2.py::test_make_fence_at,mutmut show 'markdown_it.rules_inline.backticks.x_backtick__mutmut_50',mutmut tests-for-mutant 'markdown_it.rules_inline.backticks.x_backtick__mutmut_50',mutmut run 'markdown_it.rules_inline.backticks.x_backtick__mutmut_50'
M35e884a9e1797fa5,markdown_it.rules_block.lheading.x_lheading__mutmut_43,specified,markdown_it/rules_block/lheading.py,lheading,36,            if pos < maximum:,            if pos <= maximum:,survived,unreviewed,,tests/task/phase1/task.py::test_core_after;tests/task/phase1/task.py::test_file;tests/task/phase1/task.py::test_spec;tests/task/task2.py::test_make_fence_at,mutmut show 'markdown_it.rules_block.lheading.x_lheading__mutmut_43',mutmut tests-for-mutant 'markdown_it.rules_block.lheading.x_lheading__mutmut_43',mutmut run 'markdown_it.rules_block.lheading.x_lheading__mutmut_43'
M3648731e8fed0a85,markdown_it.renderer.xǁRendererHTMLǁ__init____mutmut_3,specified,markdown_it/renderer.py,__init__,63,"        for k, v in inspect.getmembers(self, predicate=inspect.ismethod)","        for k, v in inspect.getmembers(self, predicate=None)",survived,unreviewed,,tests/task/phase1/task.py::test_core_after;tests/task/phase1/task.py::test_file;tests/task/phase1/task.py::test_non_utf8;tests/task/phase1/task.py::test_spec;tests/task/task2.py::test_make_fence_after;tests/task/task2.py::test_make_fence_at,mutmut show 'markdown_it.renderer.xǁRendererHTMLǁ__init____mutmut_3',mutmut tests-for-mutant 'markdown_it.renderer.xǁRendererHTMLǁ__init____mutmut_3',mutmut run 'markdown_it.renderer.xǁRendererHTMLǁ__init____mutmut_3'
M364f843f6a476247,markdown_it.renderer.xǁRendererHTMLǁrenderToken__mutmut_59,specified,markdown_it/renderer.py,renderToken,163,            elif nextToken.nesting == -1 and nextToken.tag == token.tag:,            elif nextToken.nesting == -1 and nextToken.tag != token.tag:,survived,unreviewed,,tests/task/phase1/task.py::test_file;tests/task/phase1/task.py::test_spec,mutmut show 'markdown_it.renderer.xǁRendererHTMLǁrenderToken__mutmut_59',mutmut tests-for-mutant 'markdown_it.renderer.xǁRendererHTMLǁrenderToken__mutmut_59',mutmut run 'markdown_it.renderer.xǁRendererHTMLǁrenderToken__mutmut_59'
M36a1532ac2a8349d,markdown_it.rules_block.blockquote.x_blockquote__mutmut_407,specified,markdown_it/rules_block/blockquote.py,blockquote,322,"        token = state.push(""blockquote_close"", ""blockquote"", -1)","        token = state.push(""XXblockquote_closeXX"", ""blockquote"", -1)",survived,unreviewed,,tests/task/phase1/task.py::test_core_after;tests/task/phase1/task.py::test_file;tests/task/phase1/task.py::test_spec;tests/task/task2.py::test_make_fence_at,mutmut show 'markdown_it.rules_block.blockquote.x_blockquote__mutmut_407',mutmut tests-for-mutant 'markdown_it.rules_block.blockquote.x_blockquote__mutmut_407',mutmut run 'markdown_it.rules_block.blockquote.x_blockquote__mutmut_407'
M36c1eea035c60f96,markdown_it.rules_block.paragraph.x_paragraph__mutmut_55,specified,markdown_it/rules_block/paragraph.py,paragraph,43,                break,                return,timeout,unreviewed,,tests/task/phase1/task.py::test_core_after;tests/task/phase1/task.py::test_file;tests/task/phase1/task.py::test_spec;tests/task/task2.py::test_make_fence_at,mutmut show 'markdown_it.rules_block.paragraph.x_paragraph__mutmut_55',mutmut tests-for-mutant 'markdown_it.rules_block.paragraph.x_paragraph__mutmut_55',mutmut run 'markdown_it.rules_block.paragraph.x_paragraph__mutmut_55'
M36ecd15b8a4dc21e,markdown_it.rules_block.list.x_list_block__mutmut_175,specified,markdown_it/rules_block/list.py,list_block,240,"        if state.md.options.get(""tasklists"", False) and contentStart < maximum:","        if state.md.options.get(""tasklists"", False) or contentStart < maximum:",survived,unreviewed,,tests/task/phase1/task.py::test_core_after;tests/task/phase1/task.py::test_file;tests/task/phase1/task.py::test_spec;tests/task/task2.py::test_make_fence_at,mutmut show 'markdown_it.rules_block.list.x_list_block__mutmut_175',mutmut tests-for-mutant 'markdown_it.rules_block.list.x_list_block__mutmut_175',mutmut run 'markdown_it.rules_block.list.x_list_block__mutmut_175'
M36f2c7acd9c9dd7a,markdown_it.presets.commonmark.x_make__mutmut_88,specified,markdown_it/presets/commonmark.py,make,67,"                    ""image"",","                    ""XXimageXX"",",survived,unreviewed,,tests/task/phase1/task.py::test_file,mutmut show 'markdown_it.presets.commonmark.x_make__mutmut_88',mutmut tests-for-mutant 'markdown_it.presets.commonmark.x_make__mutmut_88',mutmut run 'markdown_it.presets.commonmark.x_make__mutmut_88'
M36f5c8540db989cf,markdown_it.rules_inline.balance_pairs.x_processDelimiters__mutmut_77,specified,markdown_it/rules_inline/balance_pairs.py,processDelimiters,82,                    and (opener.length % 3 != 0 or closer.length % 3 != 0),                    and (opener.length % 3 != 0 and closer.length % 3 != 0),survived,unreviewed,,tests/task/phase1/task.py::test_core_after;tests/task/phase1/task.py::test_file;tests/task/phase1/task.py::test_spec;tests/task/task2.py::test_make_fence_at,mutmut show 'markdown_it.rules_inline.balance_pairs.x_processDelimiters__mutmut_77',mutmut tests-for-mutant 'markdown_it.rules_inline.balance_pairs.x_processDelimiters__mutmut_77',mutmut run 'markdown_it.rules_inline.balance_pairs.x_processDelimiters__mutmut_77'
M36fba8861693fe8e,markdown_it.rules_inline.html_inline.x_html_inline__mutmut_14,specified,markdown_it/rules_inline/html_inline.py,html_inline,21,"    if state.src[pos] != ""<"" or pos + 2 >= maximum:","    if state.src[pos] != ""<"" or pos + 3 >= maximum:",survived,unreviewed,,tests/task/phase1/task.py::test_file;tests/task/phase1/task.py::test_spec,mutmut show 'markdown_it.rules_inline.html_inline.x_html_inline__mutmut_14',mutmut tests-for-mutant 'markdown_it.rules_inline.html_inline.x_html_inline__mutmut_14',mutmut run 'markdown_it.rules_inline.html_inline.x_html_inline__mutmut_14'
M3783de5912da2475,markdown_it.rules_inline.image.x_image__mutmut_97,specified,markdown_it/rules_inline/image.py,image,76,            while pos < max:,            while pos <= max:,survived,unreviewed,,tests/task/phase1/task.py::test_file;tests/task/phase1/task.py::test_spec,mutmut show 'markdown_it.rules_inline.image.x_image__mutmut_97',mutmut tests-for-mutant 'markdown_it.rules_inline.image.x_image__mutmut_97',mutmut run 'markdown_it.rules_inline.image.x_image__mutmut_97'
M37a1f67a44ee1804,markdown_it.rules_block.list.x_list_block__mutmut_4,specified,markdown_it/rules_block/list.py,list_block,102,"    LOGGER.debug(""entering list: %s, %s, %s, %s"", state, startLine, endLine, silent)","    LOGGER.debug(""entering list: %s, %s, %s, %s"", state, startLine, None, silent)",survived,unreviewed,,tests/task/phase1/task.py::test_core_after;tests/task/phase1/task.py::test_file;tests/task/phase1/task.py::test_spec;tests/task/task2.py::test_make_fence_at,mutmut show 'markdown_it.rules_block.list.x_list_block__mutmut_4',mutmut tests-for-mutant 'markdown_it.rules_block.list.x_list_block__mutmut_4',mutmut run 'markdown_it.rules_block.list.x_list_block__mutmut_4'
M37ac2b0c9616a940,markdown_it.rules_block.blockquote.x_blockquote__mutmut_212,specified,markdown_it/rules_block/blockquote.py,blockquote,219,                state.sCount[nextLine] + 1 + (1 if spaceAfterMarker else 0),                state.sCount[nextLine] + 1 + (2 if spaceAfterMarker else 0),survived,unreviewed,,tests/task/phase1/task.py::test_core_after;tests/task/phase1/task.py::test_file;tests/task/phase1/task.py::test_spec;tests/task/task2.py::test_make_fence_at,mutmut show 'markdown_it.rules_block.blockquote.x_blockquote__mutmut_212',mutmut tests-for-mutant 'markdown_it.rules_block.blockquote.x_blockquote__mutmut_212',mutmut run 'markdown_it.rules_block.blockquote.x_blockquote__mutmut_212'
M37b2b6a7f304a949,markdown_it.presets.xǁgfm_likeǁmake__mutmut_34,specified,markdown_it/presets/__init__.py,make,25,"    config[""components""][""inline""][""rules2""].append(""strikethrough"")","    config[""components""][""XXinlineXX""][""rules2""].append(""strikethrough"")",survived,unreviewed,,tests/task/phase1/task.py::test_file,mutmut show 'markdown_it.presets.xǁgfm_likeǁmake__mutmut_34',mutmut tests-for-mutant 'markdown_it.presets.xǁgfm_likeǁmake__mutmut_34',mutmut run 'markdown_it.presets.xǁgfm_likeǁmake__mutmut_34'
M37cb0e8a64ba8cb0,markdown_it.cli.parse.x_parse_args__mutmut_20,specified,markdown_it/cli/parse.py,parse_args,113,"    parser.add_argument(""-v"", ""--version"", action=""version"", version=version_str)","    parser.add_argument(""-v"", ""--version"", version=version_str)",no_tests,unreviewed,,,mutmut show 'markdown_it.cli.parse.x_parse_args__mutmut_20',mutmut tests-for-mutant 'markdown_it.cli.parse.x_parse_args__mutmut_20',mutmut run 'markdown_it.cli.parse.x_parse_args__mutmut_20'
M37ea1c4e1683e83b,markdown_it.parser_block.xǁParserBlockǁtokenize__mutmut_34,specified,markdown_it/parser_block.py,tokenize,97,        if (line - 1) < endLine and state.isEmpty(line - 1):,        if (line - 1) <= endLine and state.isEmpty(line - 1):,survived,unreviewed,,tests/task/phase1/task.py::test_core_after;tests/task/phase1/task.py::test_file;tests/task/phase1/task.py::test_spec;tests/task/task2.py::test_make_fence_after;tests/task/task2.py::test_make_fence_at,mutmut show 'markdown_it.parser_block.xǁParserBlockǁtokenize__mutmut_34',mutmut tests-for-mutant 'markdown_it.parser_block.xǁParserBlockǁtokenize__mutmut_34',mutmut run 'markdown_it.parser_block.xǁParserBlockǁtokenize__mutmut_34'
M3835f734ce10ccd5,markdown_it.rules_block.paragraph.x_paragraph__mutmut_86,specified,markdown_it/rules_block/paragraph.py,paragraph,57,"    token = state.push(""inline"", """", 0)","    token = state.push(""inline"", None, 0)",survived,unreviewed,,tests/task/phase1/task.py::test_core_after;tests/task/phase1/task.py::test_file;tests/task/phase1/task.py::test_spec;tests/task/task2.py::test_make_fence_at,mutmut show 'markdown_it.rules_block.paragraph.x_paragraph__mutmut_86',mutmut tests-for-mutant 'markdown_it.rules_block.paragraph.x_paragraph__mutmut_86',mutmut run 'markdown_it.rules_block.paragraph.x_paragraph__mutmut_86'
M383b12c97c599bb2,markdown_it.rules_block.blockquote.x_blockquote__mutmut_256,specified,markdown_it/rules_block/blockquote.py,blockquote,271,        nextLine += 1,        nextLine = 1,timeout,unreviewed,,tests/task/phase1/task.py::test_core_after;tests/task/phase1/task.py::test_file;tests/task/phase1/task.py::test_spec;tests/task/task2.py::test_make_fence_at,mutmut show 'markdown_it.rules_block.blockquote.x_blockquote__mutmut_256',mutmut tests-for-mutant 'markdown_it.rules_block.blockquote.x_blockquote__mutmut_256',mutmut run 'markdown_it.rules_block.blockquote.x_blockquote__mutmut_256'
M3854a88b1a8242d9,markdown_it.rules_block.list.x_list_block__mutmut_200,specified,markdown_it/rules_block/list.py,list_block,253,        oldSCount = state.sCount[startLine],        oldSCount = None,survived,unreviewed,,tests/task/phase1/task.py::test_core_after;tests/task/phase1/task.py::test_file;tests/task/phase1/task.py::test_spec;tests/task/task2.py::test_make_fence_at,mutmut show 'markdown_it.rules_block.list.x_list_block__mutmut_200',mutmut tests-for-mutant 'markdown_it.rules_block.list.x_list_block__mutmut_200',mutmut run 'markdown_it.rules_block.list.x_list_block__mutmut_200'
M386f4a07a11c2931,markdown_it.renderer.xǁRendererHTMLǁfence__mutmut_17,specified,markdown_it/renderer.py,fence,277,            langAttrs = arr[1],            langAttrs = None,survived,unreviewed,,tests/task/phase1/task.py::test_file;tests/task/phase1/task.py::test_spec,mutmut show 'markdown_it.renderer.xǁRendererHTMLǁfence__mutmut_17',mutmut tests-for-mutant 'markdown_it.renderer.xǁRendererHTMLǁfence__mutmut_17',mutmut run 'markdown_it.renderer.xǁRendererHTMLǁfence__mutmut_17'
M3889ccbc8031edfd,markdown_it.rules_block.list.x_list_block__mutmut_273,specified,markdown_it/rules_block/list.py,list_block,325,        terminate = False,        terminate = None,survived,unreviewed,,tests/task/phase1/task.py::test_core_after;tests/task/phase1/task.py::test_file;tests/task/phase1/task.py::test_spec;tests/task/task2.py::test_make_fence_at,mutmut show 'markdown_it.rules_block.list.x_list_block__mutmut_273',mutmut tests-for-mutant 'markdown_it.rules_block.list.x_list_block__mutmut_273',mutmut run 'markdown_it.rules_block.list.x_list_block__mutmut_273'
M38bd65e38cf8e3c1,markdown_it.rules_inline.entity.x_entity__mutmut_45,specified,markdown_it/rules_inline/entity.py,entity,30,"                token = state.push(""text_special"", """", 0)","                token = state.push(""text_special"", ""XXXX"", 0)",survived,unreviewed,,tests/task/phase1/task.py::test_file;tests/task/phase1/task.py::test_spec,mutmut show 'markdown_it.rules_inline.entity.x_entity__mutmut_45',mutmut tests-for-mutant 'markdown_it.rules_inline.entity.x_entity__mutmut_45',mutmut run 'markdown_it.rules_inline.entity.x_entity__mutmut_45'
M38d7e2d683a8c632,markdown_it.common.utils.x_isPunctChar__mutmut_4,specified,markdown_it/common/utils.py,isPunctChar,199,"    return unicodedata.category(ch).startswith((""P"", ""S""))","    return unicodedata.category(ch).startswith((""p"", ""S""))",survived,unreviewed,,tests/task/phase1/task.py::test_file;tests/task/phase1/task.py::test_spec,mutmut show 'markdown_it.common.utils.x_isPunctChar__mutmut_4',mutmut tests-for-mutant 'markdown_it.common.utils.x_isPunctChar__mutmut_4',mutmut run 'markdown_it.common.utils.x_isPunctChar__mutmut_4'
M38f0a2690c59f583,markdown_it.cli.parse.x_main__mutmut_1,specified,markdown_it/cli/parse.py,main,21,    namespace = parse_args(args),    namespace = None,no_tests,unreviewed,,,mutmut show 'markdown_it.cli.parse.x_main__mutmut_1',mutmut tests-for-mutant 'markdown_it.cli.parse.x_main__mutmut_1',mutmut run 'markdown_it.cli.parse.x_main__mutmut_1'
M393a8de96a883640,markdown_it.helpers.parse_link_destination.x_parseLinkDestination__mutmut_36,specified,markdown_it/helpers/parse_link_destination.py,parseLinkDestination,35,            if code == 0x5C and pos + 1 < maximum:  # \,            if code == 0x5C and pos - 1 < maximum:  # \,survived,unreviewed,,tests/task/phase1/task.py::test_file;tests/task/phase1/task.py::test_spec,mutmut show 'markdown_it.helpers.parse_link_destination.x_parseLinkDestination__mutmut_36',mutmut tests-for-mutant 'markdown_it.helpers.parse_link_destination.x_parseLinkDestination__mutmut_36',mutmut run 'markdown_it.helpers.parse_link_destination.x_parseLinkDestination__mutmut_36'
M395a432c87a0f35a,markdown_it.rules_inline.backticks.x_backtick__mutmut_7,specified,markdown_it/rules_inline/backticks.py,backtick,16,    pos += 1,    pos -= 1,timeout,unreviewed,,tests/task/phase1/task.py::test_file;tests/task/phase1/task.py::test_spec;tests/task/task2.py::test_make_fence_at,mutmut show 'markdown_it.rules_inline.backticks.x_backtick__mutmut_7',mutmut tests-for-mutant 'markdown_it.rules_inline.backticks.x_backtick__mutmut_7',mutmut run 'markdown_it.rules_inline.backticks.x_backtick__mutmut_7'
M396b7a9baf645260,markdown_it.presets.default.x_make__mutmut_3,specified,markdown_it/presets/default.py,make,9,"            ""maxNesting"": 100,  # Internal protection, recursion limit","            ""XXmaxNestingXX"": 100,  # Internal protection, recursion limit",survived,unreviewed,,tests/task/phase1/task.py::test_file,mutmut show 'markdown_it.presets.default.x_make__mutmut_3',mutmut tests-for-mutant 'markdown_it.presets.default.x_make__mutmut_3',mutmut run 'markdown_it.presets.default.x_make__mutmut_3'
M399877b969af9d87,markdown_it.main.xǁMarkdownItǁconfigure__mutmut_28,specified,markdown_it/main.py,configure,133,"            rules = component.get(""rules"", None)","            rules = component.get(""rules"", )",survived,unreviewed,,tests/task/phase1/task.py::test_core_after;tests/task/phase1/task.py::test_file;tests/task/phase1/task.py::test_non_utf8;tests/task/phase1/task.py::test_spec;tests/task/task2.py::test_make_fence_after;tests/task/task2.py::test_make_fence_at,mutmut show 'markdown_it.main.xǁMarkdownItǁconfigure__mutmut_28',mutmut tests-for-mutant 'markdown_it.main.xǁMarkdownItǁconfigure__mutmut_28',mutmut run 'markdown_it.main.xǁMarkdownItǁconfigure__mutmut_28'
M399c115cb260d978,markdown_it.renderer.xǁRendererHTMLǁrenderInlineAsText__mutmut_15,specified,markdown_it/renderer.py,renderInlineAsText,204,"                result += self.renderInlineAsText(token.children, options, env)","                result += self.renderInlineAsText(token.children, None, env)",survived,unreviewed,,tests/task/phase1/task.py::test_spec,mutmut show 'markdown_it.renderer.xǁRendererHTMLǁrenderInlineAsText__mutmut_15',mutmut tests-for-mutant 'markdown_it.renderer.xǁRendererHTMLǁrenderInlineAsText__mutmut_15',mutmut run 'markdown_it.renderer.xǁRendererHTMLǁrenderInlineAsText__mutmut_15'
M39ae12a8b9cf85dd,markdown_it.ruler.xǁRulerǁ__find____mutmut_3,extended_only,markdown_it/ruler.py,__find__,89,    return -1,    return +1,survived,unreviewed,,tests/task/phase1/task.py::test_core_after;tests/task/phase1/task.py::test_file;tests/task/phase1/task.py::test_non_utf8;tests/task/phase1/task.py::test_spec;tests/task/task2.py::test_make_fence_after;tests/task/task2.py::test_make_fence_at,mutmut show 'markdown_it.ruler.xǁRulerǁ__find____mutmut_3',mutmut tests-for-mutant 'markdown_it.ruler.xǁRulerǁ__find____mutmut_3',mutmut run 'markdown_it.ruler.xǁRulerǁ__find____mutmut_3'
M39f190d82a59b959,markdown_it.rules_block.heading.x_heading__mutmut_103,specified,markdown_it/rules_block/heading.py,heading,61,"    token = state.push(""inline"", """", 0)","    token = state.push(""inline"", ""XXXX"", 0)",survived,unreviewed,,tests/task/phase1/task.py::test_core_after;tests/task/phase1/task.py::test_file;tests/task/phase1/task.py::test_spec;tests/task/task2.py::test_make_fence_at,mutmut show 'markdown_it.rules_block.heading.x_heading__mutmut_103',mutmut tests-for-mutant 'markdown_it.rules_block.heading.x_heading__mutmut_103',mutmut run 'markdown_it.rules_block.heading.x_heading__mutmut_103'
M39f25c8abc1fe2fc,markdown_it.cli.parse.x_parse_args__mutmut_43,specified,markdown_it/cli/parse.py,parse_args,118,"        ""filenames"", nargs=""*"", help=""specify an optional list of files to convert""","        ""filenames"", nargs=""*"", help=None",no_tests,unreviewed,,,mutmut show 'markdown_it.cli.parse.x_parse_args__mutmut_43',mutmut tests-for-mutant 'markdown_it.cli.parse.x_parse_args__mutmut_43',mutmut run 'markdown_it.cli.parse.x_parse_args__mutmut_43'
M3a136670343b9dfd,markdown_it.rules_inline.autolink.x_autolink__mutmut_116,specified,markdown_it/rules_inline/autolink.py,autolink,64,"            token.markup = ""autolink""","            token.markup = ""XXautolinkXX""",survived,unreviewed,,tests/task/phase1/task.py::test_file;tests/task/phase1/task.py::test_spec,mutmut show 'markdown_it.rules_inline.autolink.x_autolink__mutmut_116',mutmut tests-for-mutant 'markdown_it.rules_inline.autolink.x_autolink__mutmut_116',mutmut run 'markdown_it.rules_inline.autolink.x_autolink__mutmut_116'
M3a8a375f572bf183,markdown_it.rules_block.blockquote.x_blockquote__mutmut_206,specified,markdown_it/rules_block/blockquote.py,blockquote,215,            lastLineEmpty = pos >= max,            lastLineEmpty = pos > max,survived,unreviewed,,tests/task/phase1/task.py::test_core_after;tests/task/phase1/task.py::test_file;tests/task/phase1/task.py::test_spec;tests/task/task2.py::test_make_fence_at,mutmut show 'markdown_it.rules_block.blockquote.x_blockquote__mutmut_206',mutmut tests-for-mutant 'markdown_it.rules_block.blockquote.x_blockquote__mutmut_206',mutmut run 'markdown_it.rules_block.blockquote.x_blockquote__mutmut_206'
M3ab3babe8286f914,markdown_it.renderer.xǁRendererHTMLǁrender__mutmut_21,specified,markdown_it/renderer.py,render,84,"            result += self.rules[token.type](tokens, i, options, env)","            result += self.rules[token.type](tokens, i, options, None)",survived,unreviewed,,tests/task/phase1/task.py::test_file;tests/task/phase1/task.py::test_spec,mutmut show 'markdown_it.renderer.xǁRendererHTMLǁrender__mutmut_21',mutmut tests-for-mutant 'markdown_it.renderer.xǁRendererHTMLǁrender__mutmut_21',mutmut run 'markdown_it.renderer.xǁRendererHTMLǁrender__mutmut_21'
M3ac04820e19915ce,markdown_it.rules_block.list.x_list_block__mutmut_296,specified,markdown_it/rules_block/list.py,list_block,339,            start = state.bMarks[nextLine] + state.tShift[nextLine],            start = None,survived,unreviewed,,tests/task/phase1/task.py::test_core_after;tests/task/phase1/task.py::test_file;tests/task/phase1/task.py::test_spec;tests/task/task2.py::test_make_fence_at,mutmut show 'markdown_it.rules_block.list.x_list_block__mutmut_296',mutmut tests-for-mutant 'markdown_it.rules_block.list.x_list_block__mutmut_296',mutmut run 'markdown_it.rules_block.list.x_list_block__mutmut_296'
M3ad2226d00e2d1ee,markdown_it.presets.commonmark.x_make__mutmut_76,specified,markdown_it/presets/commonmark.py,make,61,"                    ""autolink"",","                    ""XXautolinkXX"",",survived,unreviewed,,tests/task/phase1/task.py::test_file,mutmut show 'markdown_it.presets.commonmark.x_make__mutmut_76',mutmut tests-for-mutant 'markdown_it.presets.commonmark.x_make__mutmut_76',mutmut run 'markdown_it.presets.commonmark.x_make__mutmut_76'
M3b37ed20294e16de,markdown_it.rules_block.reference.x_reference__mutmut_70,specified,markdown_it/rules_block/reference.py,reference,47,"                and charCodeAt(string, pos) == 0x0A","                and charCodeAt(string, pos) == 11",survived,unreviewed,,tests/task/phase1/task.py::test_core_after;tests/task/phase1/task.py::test_file;tests/task/phase1/task.py::test_spec;tests/task/task2.py::test_make_fence_at,mutmut show 'markdown_it.rules_block.reference.x_reference__mutmut_70',mutmut tests-for-mutant 'markdown_it.rules_block.reference.x_reference__mutmut_70',mutmut run 'markdown_it.rules_block.reference.x_reference__mutmut_70'
M3b6a31f850537064,markdown_it.main.xǁMarkdownItǁconfigure__mutmut_20,specified,markdown_it/main.py,configure,131,"    if ""components"" in config:","    if ""XXcomponentsXX"" in config:",survived,unreviewed,,tests/task/phase1/task.py::test_core_after;tests/task/phase1/task.py::test_file;tests/task/phase1/task.py::test_non_utf8;tests/task/phase1/task.py::test_spec;tests/task/task2.py::test_make_fence_after;tests/task/task2.py::test_make_fence_at,mutmut show 'markdown_it.main.xǁMarkdownItǁconfigure__mutmut_20',mutmut tests-for-mutant 'markdown_it.main.xǁMarkdownItǁconfigure__mutmut_20',mutmut run 'markdown_it.main.xǁMarkdownItǁconfigure__mutmut_20'
M3b87689613a48871,markdown_it.rules_inline.image.x_image__mutmut_91,specified,markdown_it/rules_inline/image.py,image,70,        if pos < max and start != pos and res.ok:,        if pos < max and start != pos or res.ok:,survived,unreviewed,,tests/task/phase1/task.py::test_file;tests/task/phase1/task.py::test_spec,mutmut show 'markdown_it.rules_inline.image.x_image__mutmut_91',mutmut tests-for-mutant 'markdown_it.rules_inline.image.x_image__mutmut_91',mutmut run 'markdown_it.rules_inline.image.x_image__mutmut_91'
M3b89bc53182bf0c8,markdown_it.rules_inline.link.x_link__mutmut_186,specified,markdown_it/rules_inline/link.py,link,138,"        if label and state.md.options.get(""store_labels"", False):",        if label and state.md.options.get(False):,survived,unreviewed,,tests/task/phase1/task.py::test_file;tests/task/phase1/task.py::test_spec,mutmut show 'markdown_it.rules_inline.link.x_link__mutmut_186',mutmut tests-for-mutant 'markdown_it.rules_inline.link.x_link__mutmut_186',mutmut run 'markdown_it.rules_inline.link.x_link__mutmut_186'
M3b8d4071cd7f2046,markdown_it.parser_inline.xǁParserInlineǁskipToken__mutmut_24,specified,markdown_it/parser_inline.py,skipToken,153,            state.level -= 1,            state.level = 1,survived,unreviewed,,tests/task/phase1/task.py::test_file;tests/task/phase1/task.py::test_spec,mutmut show 'markdown_it.parser_inline.xǁParserInlineǁskipToken__mutmut_24',mutmut tests-for-mutant 'markdown_it.parser_inline.xǁParserInlineǁskipToken__mutmut_24',mutmut run 'markdown_it.parser_inline.xǁParserInlineǁskipToken__mutmut_24'
M3b92ce92939997f5,markdown_it.rules_block.reference.x_reference__mutmut_10,specified,markdown_it/rules_block/reference.py,reference,11,"        ""entering reference: %s, %s, %s, %s"", state, startLine, _endLine, silent
    )","        ""entering reference: %s, %s, %s, %s"", state, startLine, _endLine, )",survived,unreviewed,,tests/task/phase1/task.py::test_core_after;tests/task/phase1/task.py::test_file;tests/task/phase1/task.py::test_spec;tests/task/task2.py::test_make_fence_at,mutmut show 'markdown_it.rules_block.reference.x_reference__mutmut_10',mutmut tests-for-mutant 'markdown_it.rules_block.reference.x_reference__mutmut_10',mutmut run 'markdown_it.rules_block.reference.x_reference__mutmut_10'
M3bae2c6902da796e,markdown_it.presets.commonmark.x_make__mutmut_75,specified,markdown_it/presets/commonmark.py,make,60,"                ""rules"": [","                ""RULES"": [",survived,unreviewed,,tests/task/phase1/task.py::test_file,mutmut show 'markdown_it.presets.commonmark.x_make__mutmut_75',mutmut tests-for-mutant 'markdown_it.presets.commonmark.x_make__mutmut_75',mutmut run 'markdown_it.presets.commonmark.x_make__mutmut_75'
M3bb5ea76df16982e,markdown_it.presets.default.x_make__mutmut_16,specified,markdown_it/presets/default.py,make,22,"            ""quotes"": ""\u201c\u201d\u2018\u2019"",  # /* “”‘’ */","            ""XXquotesXX"": ""\u201c\u201d\u2018\u2019"",  # /* “”‘’ */",survived,unreviewed,,tests/task/phase1/task.py::test_file,mutmut show 'markdown_it.presets.default.x_make__mutmut_16',mutmut tests-for-mutant 'markdown_it.presets.default.x_make__mutmut_16',mutmut run 'markdown_it.presets.default.x_make__mutmut_16'
M3bd46ed83791cf00,markdown_it.rules_inline.html_inline.x_html_inline__mutmut_28,specified,markdown_it/rules_inline/html_inline.py,html_inline,27,        return False,        return True,timeout,unreviewed,,tests/task/phase1/task.py::test_file;tests/task/phase1/task.py::test_spec,mutmut show 'markdown_it.rules_inline.html_inline.x_html_inline__mutmut_28',mutmut tests-for-mutant 'markdown_it.rules_inline.html_inline.x_html_inline__mutmut_28',mutmut run 'markdown_it.rules_inline.html_inline.x_html_inline__mutmut_28'
M3bee54ef1f3c4dee,markdown_it.main.xǁMarkdownItǁconfigure__mutmut_33,specified,markdown_it/main.py,configure,136,"            rules2 = component.get(""rules2"", None)","            rules2 = component.get(None, None)",survived,unreviewed,,tests/task/phase1/task.py::test_core_after;tests/task/phase1/task.py::test_file;tests/task/phase1/task.py::test_non_utf8;tests/task/phase1/task.py::test_spec;tests/task/task2.py::test_make_fence_after;tests/task/task2.py::test_make_fence_at,mutmut show 'markdown_it.main.xǁMarkdownItǁconfigure__mutmut_33',mutmut tests-for-mutant 'markdown_it.main.xǁMarkdownItǁconfigure__mutmut_33',mutmut run 'markdown_it.main.xǁMarkdownItǁconfigure__mutmut_33'
M3c027d53ee06a71a,markdown_it.presets.commonmark.x_make__mutmut_46,specified,markdown_it/presets/commonmark.py,make,44,"            ""core"": {""rules"": [""normalize"", ""block"", ""inline"", ""text_join""]},","            ""core"": {""rules"": [""normalize"", ""block"", ""inline"", ""XXtext_joinXX""]},",survived,unreviewed,,tests/task/phase1/task.py::test_file,mutmut show 'markdown_it.presets.commonmark.x_make__mutmut_46',mutmut tests-for-mutant 'markdown_it.presets.commonmark.x_make__mutmut_46',mutmut run 'markdown_it.presets.commonmark.x_make__mutmut_46'
M3c0624b1a570672f,markdown_it.presets.zero.x_make__mutmut_17,specified,markdown_it/presets/zero.py,make,25,"            ""quotes"": ""\u201c\u201d\u2018\u2019"",  # /* “”‘’ */","            ""QUOTES"": ""\u201c\u201d\u2018\u2019"",  # /* “”‘’ */",survived,unreviewed,,tests/task/phase1/task.py::test_file,mutmut show 'markdown_it.presets.zero.x_make__mutmut_17',mutmut tests-for-mutant 'markdown_it.presets.zero.x_make__mutmut_17',mutmut run 'markdown_it.presets.zero.x_make__mutmut_17'
M3c82249418cea90d,markdown_it.rules_block.heading.x_heading__mutmut_4,specified,markdown_it/rules_block/heading.py,heading,14,"    LOGGER.debug(""entering heading: %s, %s, %s, %s"", state, startLine, endLine, silent)","    LOGGER.debug(""entering heading: %s, %s, %s, %s"", state, startLine, None, silent)",survived,unreviewed,,tests/task/phase1/task.py::test_core_after;tests/task/phase1/task.py::test_file;tests/task/phase1/task.py::test_spec;tests/task/task2.py::test_make_fence_at,mutmut show 'markdown_it.rules_block.heading.x_heading__mutmut_4',mutmut tests-for-mutant 'markdown_it.rules_block.heading.x_heading__mutmut_4',mutmut run 'markdown_it.rules_block.heading.x_heading__mutmut_4'
M3c99b8d5aaaa6bc6,markdown_it.main.xǁMarkdownItǁadd_render_rule__mutmut_2,specified,markdown_it/main.py,add_render_rule,226,"    self, name: str, function: Callable[..., Any], fmt: str = ""html""","    self, name: str, function: Callable[..., Any], fmt: str = ""HTML""",no_tests,unreviewed,,,mutmut show 'markdown_it.main.xǁMarkdownItǁadd_render_rule__mutmut_2',mutmut tests-for-mutant 'markdown_it.main.xǁMarkdownItǁadd_render_rule__mutmut_2',mutmut run 'markdown_it.main.xǁMarkdownItǁadd_render_rule__mutmut_2'
M3ca75f7743f505d4,markdown_it.rules_block.blockquote.x_blockquote__mutmut_271,specified,markdown_it/rules_block/blockquote.py,blockquote,281,"    if state.md.options.get(""alerts"", False) and nextLine > startLine:","    if state.md.options.get(""alerts"", False) and nextLine >= startLine:",survived,unreviewed,,tests/task/phase1/task.py::test_core_after;tests/task/phase1/task.py::test_file;tests/task/phase1/task.py::test_spec;tests/task/task2.py::test_make_fence_at,mutmut show 'markdown_it.rules_block.blockquote.x_blockquote__mutmut_271',mutmut tests-for-mutant 'markdown_it.rules_block.blockquote.x_blockquote__mutmut_271',mutmut run 'markdown_it.rules_block.blockquote.x_blockquote__mutmut_271'
M3cea76c589ffa537,markdown_it.parser_block.xǁParserBlockǁtokenize__mutmut_46,specified,markdown_it/parser_block.py,tokenize,102,            line += 1,            line -= 1,timeout,unreviewed,,tests/task/phase1/task.py::test_core_after;tests/task/phase1/task.py::test_file;tests/task/phase1/task.py::test_spec;tests/task/task2.py::test_make_fence_after;tests/task/task2.py::test_make_fence_at,mutmut show 'markdown_it.parser_block.xǁParserBlockǁtokenize__mutmut_46',mutmut tests-for-mutant 'markdown_it.parser_block.xǁParserBlockǁtokenize__mutmut_46',mutmut run 'markdown_it.parser_block.xǁParserBlockǁtokenize__mutmut_46'
M3cf343643058f644,markdown_it.rules_block.heading.x_heading__mutmut_9,specified,markdown_it/rules_block/heading.py,heading,14,"    LOGGER.debug(""entering heading: %s, %s, %s, %s"", state, startLine, endLine, silent)","    LOGGER.debug(""entering heading: %s, %s, %s, %s"", state, startLine, silent)",survived,unreviewed,,tests/task/phase1/task.py::test_core_after;tests/task/phase1/task.py::test_file;tests/task/phase1/task.py::test_spec;tests/task/task2.py::test_make_fence_at,mutmut show 'markdown_it.rules_block.heading.x_heading__mutmut_9',mutmut tests-for-mutant 'markdown_it.rules_block.heading.x_heading__mutmut_9',mutmut run 'markdown_it.rules_block.heading.x_heading__mutmut_9'
M3d0e28ceaf3019d7,markdown_it.rules_block.blockquote.x_blockquote__mutmut_119,specified,markdown_it/rules_block/blockquote.py,blockquote,131,    nextLine = startLine + 1,    nextLine = startLine - 1,timeout,unreviewed,,tests/task/phase1/task.py::test_core_after;tests/task/phase1/task.py::test_file;tests/task/phase1/task.py::test_spec;tests/task/task2.py::test_make_fence_at,mutmut show 'markdown_it.rules_block.blockquote.x_blockquote__mutmut_119',mutmut tests-for-mutant 'markdown_it.rules_block.blockquote.x_blockquote__mutmut_119',mutmut run 'markdown_it.rules_block.blockquote.x_blockquote__mutmut_119'
M3d577cef02c15521,markdown_it.rules_block.reference.x_reference__mutmut_243,specified,markdown_it/rules_block/reference.py,reference,145,            pos += 1,            pos -= 1,survived,unreviewed,,tests/task/phase1/task.py::test_core_after;tests/task/phase1/task.py::test_file;tests/task/phase1/task.py::test_spec;tests/task/task2.py::test_make_fence_at,mutmut show 'markdown_it.rules_block.reference.x_reference__mutmut_243',mutmut tests-for-mutant 'markdown_it.rules_block.reference.x_reference__mutmut_243',mutmut run 'markdown_it.rules_block.reference.x_reference__mutmut_243'
M3d85c8d579d0cd70,markdown_it.rules_block.blockquote.x_blockquote__mutmut_92,specified,markdown_it/rules_block/blockquote.py,blockquote,91,        pos += 1,        pos = 1,timeout,unreviewed,,tests/task/phase1/task.py::test_core_after;tests/task/phase1/task.py::test_file;tests/task/phase1/task.py::test_spec;tests/task/task2.py::test_make_fence_at,mutmut show 'markdown_it.rules_block.blockquote.x_blockquote__mutmut_92',mutmut tests-for-mutant 'markdown_it.rules_block.blockquote.x_blockquote__mutmut_92',mutmut run 'markdown_it.rules_block.blockquote.x_blockquote__mutmut_92'
M3d9b60d449f61db2,markdown_it.rules_inline.text.x_text__mutmut_9,specified,markdown_it/rules_inline/text.py,text,15,    if pos == state.pos:,    if pos != state.pos:,timeout,unreviewed,,tests/task/phase1/task.py::test_core_after;tests/task/phase1/task.py::test_file;tests/task/phase1/task.py::test_spec;tests/task/task2.py::test_make_fence_at,mutmut show 'markdown_it.rules_inline.text.x_text__mutmut_9',mutmut tests-for-mutant 'markdown_it.rules_inline.text.x_text__mutmut_9',mutmut run 'markdown_it.rules_inline.text.x_text__mutmut_9'
M3da9182bf8c3b5ef,markdown_it.rules_inline.image.x_image__mutmut_211,specified,markdown_it/rules_inline/image.py,image,143,"        if label and state.md.options.get(""store_labels"", False):","        if label and state.md.options.get(""store_labels"", True):",survived,unreviewed,,tests/task/phase1/task.py::test_file;tests/task/phase1/task.py::test_spec,mutmut show 'markdown_it.rules_inline.image.x_image__mutmut_211',mutmut tests-for-mutant 'markdown_it.rules_inline.image.x_image__mutmut_211',mutmut run 'markdown_it.rules_inline.image.x_image__mutmut_211'
M3ddd1eb34017516a,markdown_it.helpers.parse_link_destination.x_parseLinkDestination__mutmut_78,specified,markdown_it/helpers/parse_link_destination.py,parseLinkDestination,58,"            if charCodeAt(string, pos + 1) == 0x20:","            if charCodeAt(string, pos + 1) == 33:",survived,unreviewed,,tests/task/phase1/task.py::test_file;tests/task/phase1/task.py::test_spec,mutmut show 'markdown_it.helpers.parse_link_destination.x_parseLinkDestination__mutmut_78',mutmut tests-for-mutant 'markdown_it.helpers.parse_link_destination.x_parseLinkDestination__mutmut_78',mutmut run 'markdown_it.helpers.parse_link_destination.x_parseLinkDestination__mutmut_78'
M3e132b642875867c,markdown_it.rules_block.reference.x_reference__mutmut_175,specified,markdown_it/rules_block/reference.py,reference,110,"    titleRes = state.md.helpers.parseLinkTitle(string, pos, maximum, None)","    titleRes = state.md.helpers.parseLinkTitle(string, pos, maximum, )",survived,unreviewed,,tests/task/phase1/task.py::test_core_after;tests/task/phase1/task.py::test_file;tests/task/phase1/task.py::test_spec;tests/task/task2.py::test_make_fence_at,mutmut show 'markdown_it.rules_block.reference.x_reference__mutmut_175',mutmut tests-for-mutant 'markdown_it.rules_block.reference.x_reference__mutmut_175',mutmut run 'markdown_it.rules_block.reference.x_reference__mutmut_175'
M3e710b15fb892e83,markdown_it.rules_inline.text.x_text__mutmut_7,specified,markdown_it/rules_inline/text.py,text,12,"    terminator_char = state.md.inline.terminator_re.search(state.src, pos)","    terminator_char = state.md.inline.terminator_re.search(state.src, )",timeout,unreviewed,,tests/task/phase1/task.py::test_core_after;tests/task/phase1/task.py::test_file;tests/task/phase1/task.py::test_spec;tests/task/task2.py::test_make_fence_at,mutmut show 'markdown_it.rules_inline.text.x_text__mutmut_7',mutmut tests-for-mutant 'markdown_it.rules_inline.text.x_text__mutmut_7',mutmut run 'markdown_it.rules_inline.text.x_text__mutmut_7'
M3ece3477d0e0a39c,markdown_it.presets.xǁgfm_likeǁmake__mutmut_2,specified,markdown_it/presets/__init__.py,make,22,"    config[""components""][""core""][""rules""].append(""linkify"")","    config[""components""][""core""][""rules""].append(None)",survived,unreviewed,,tests/task/phase1/task.py::test_file,mutmut show 'markdown_it.presets.xǁgfm_likeǁmake__mutmut_2',mutmut tests-for-mutant 'markdown_it.presets.xǁgfm_likeǁmake__mutmut_2',mutmut run 'markdown_it.presets.xǁgfm_likeǁmake__mutmut_2'
M3f448e6a889d8f00,markdown_it.rules_block.list.x_list_block__mutmut_8,specified,markdown_it/rules_block/list.py,list_block,102,"    LOGGER.debug(""entering list: %s, %s, %s, %s"", state, startLine, endLine, silent)","    LOGGER.debug(""entering list: %s, %s, %s, %s"", state, endLine, silent)",survived,unreviewed,,tests/task/phase1/task.py::test_core_after;tests/task/phase1/task.py::test_file;tests/task/phase1/task.py::test_spec;tests/task/task2.py::test_make_fence_at,mutmut show 'markdown_it.rules_block.list.x_list_block__mutmut_8',mutmut tests-for-mutant 'markdown_it.rules_block.list.x_list_block__mutmut_8',mutmut run 'markdown_it.rules_block.list.x_list_block__mutmut_8'
M3f532ee308143c69,markdown_it.rules_core.text_join.x_text_join__mutmut_37,specified,markdown_it/rules_core/text_join.py,text_join,43,"                    if next_token.type == ""text_special"":","                    if next_token.type == ""XXtext_specialXX"":",survived,unreviewed,,tests/task/phase1/task.py::test_core_after;tests/task/phase1/task.py::test_file;tests/task/phase1/task.py::test_spec;tests/task/task2.py::test_make_fence_after;tests/task/task2.py::test_make_fence_at,mutmut show 'markdown_it.rules_core.text_join.x_text_join__mutmut_37',mutmut tests-for-mutant 'markdown_it.rules_core.text_join.x_text_join__mutmut_37',mutmut run 'markdown_it.rules_core.text_join.x_text_join__mutmut_37'
M3f583943b0048e9a,markdown_it.ruler.xǁRulerǁenableOnly__mutmut_3,specified,markdown_it/ruler.py,enableOnly,228,        rule.enabled = False,        rule.enabled = None,survived,unreviewed,,tests/task/phase1/task.py::test_core_after;tests/task/phase1/task.py::test_file;tests/task/phase1/task.py::test_non_utf8;tests/task/phase1/task.py::test_spec;tests/task/task2.py::test_make_fence_after;tests/task/task2.py::test_make_fence_at,mutmut show 'markdown_it.ruler.xǁRulerǁenableOnly__mutmut_3',mutmut tests-for-mutant 'markdown_it.ruler.xǁRulerǁenableOnly__mutmut_3',mutmut run 'markdown_it.ruler.xǁRulerǁenableOnly__mutmut_3'
M3f9ca3e2ebba71d8,markdown_it.rules_block.fence.x_make_fence_rule__mutmut_20,specified,markdown_it/rules_block/fence.py,make_fence_rule,49,"            ""entering fence: %s, %s, %s, %s"", state, startLine, endLine, silent
        )","            ""entering fence: %s, %s, %s, %s"", state, startLine, endLine, )",survived,unreviewed,,tests/task/phase1/task.py::test_file;tests/task/task2.py::test_make_fence_after;tests/task/task2.py::test_make_fence_at,mutmut show 'markdown_it.rules_block.fence.x_make_fence_rule__mutmut_20',mutmut tests-for-mutant 'markdown_it.rules_block.fence.x_make_fence_rule__mutmut_20',mutmut run 'markdown_it.rules_block.fence.x_make_fence_rule__mutmut_20'
M3fbf70f8cb9e5595,markdown_it.rules_block.paragraph.x_paragraph__mutmut_32,specified,markdown_it/rules_block/paragraph.py,paragraph,30,            nextLine += 1,            nextLine = 1,timeout,unreviewed,,tests/task/phase1/task.py::test_core_after;tests/task/phase1/task.py::test_file;tests/task/phase1/task.py::test_spec;tests/task/task2.py::test_make_fence_at,mutmut show 'markdown_it.rules_block.paragraph.x_paragraph__mutmut_32',mutmut tests-for-mutant 'markdown_it.rules_block.paragraph.x_paragraph__mutmut_32',mutmut run 'markdown_it.rules_block.paragraph.x_paragraph__mutmut_32'
M3fc2d55859889e00,markdown_it.rules_block.reference.x_getNextLine__mutmut_19,specified,markdown_it/rules_block/reference.py,getNextLine,215,        oldParentType = state.parentType,        oldParentType = None,survived,unreviewed,,tests/task/phase1/task.py::test_file;tests/task/phase1/task.py::test_spec,mutmut show 'markdown_it.rules_block.reference.x_getNextLine__mutmut_19',mutmut tests-for-mutant 'markdown_it.rules_block.reference.x_getNextLine__mutmut_19',mutmut run 'markdown_it.rules_block.reference.x_getNextLine__mutmut_19'
M3fe6736b0ff25b7f,markdown_it.rules_block.heading.x_heading__mutmut_53,specified,markdown_it/rules_block/heading.py,heading,43,        return False,        return True,timeout,unreviewed,,tests/task/phase1/task.py::test_core_after;tests/task/phase1/task.py::test_file;tests/task/phase1/task.py::test_spec;tests/task/task2.py::test_make_fence_at,mutmut show 'markdown_it.rules_block.heading.x_heading__mutmut_53',mutmut tests-for-mutant 'markdown_it.rules_block.heading.x_heading__mutmut_53',mutmut run 'markdown_it.rules_block.heading.x_heading__mutmut_53'
M3ff549b60c0df841,markdown_it.common.utils.x_isPunctChar__mutmut_3,specified,markdown_it/common/utils.py,isPunctChar,199,"    return unicodedata.category(ch).startswith((""P"", ""S""))","    return unicodedata.category(ch).startswith((""XXPXX"", ""S""))",survived,unreviewed,,tests/task/phase1/task.py::test_file;tests/task/phase1/task.py::test_spec,mutmut show 'markdown_it.common.utils.x_isPunctChar__mutmut_3',mutmut tests-for-mutant 'markdown_it.common.utils.x_isPunctChar__mutmut_3',mutmut run 'markdown_it.common.utils.x_isPunctChar__mutmut_3'
M406f26212c6fd18a,markdown_it.rules_block.reference.x_getNextLine__mutmut_18,specified,markdown_it/rules_block/reference.py,getNextLine,214,"        terminatorRules = state.md.block.ruler.getRules(""reference"")","        terminatorRules = state.md.block.ruler.getRules(""REFERENCE"")",survived,unreviewed,,tests/task/phase1/task.py::test_file;tests/task/phase1/task.py::test_spec,mutmut show 'markdown_it.rules_block.reference.x_getNextLine__mutmut_18',mutmut tests-for-mutant 'markdown_it.rules_block.reference.x_getNextLine__mutmut_18',mutmut run 'markdown_it.rules_block.reference.x_getNextLine__mutmut_18'
M407c6ae0e537c6d1,markdown_it.rules_block.html_block.x_html_block__mutmut_5,specified,markdown_it/rules_block/html_block.py,html_block,36,"        ""entering html_block: %s, %s, %s, %s"", state, startLine, endLine, silent","        ""entering html_block: %s, %s, %s, %s"", state, startLine, endLine, None",survived,unreviewed,,tests/task/phase1/task.py::test_core_after;tests/task/phase1/task.py::test_file;tests/task/phase1/task.py::test_spec;tests/task/task2.py::test_make_fence_at,mutmut show 'markdown_it.rules_block.html_block.x_html_block__mutmut_5',mutmut tests-for-mutant 'markdown_it.rules_block.html_block.x_html_block__mutmut_5',mutmut run 'markdown_it.rules_block.html_block.x_html_block__mutmut_5'
M40802e0c764d6457,markdown_it.rules_block.lheading.x_lheading__mutmut_132,specified,markdown_it/rules_block/lheading.py,lheading,79,    token.children = [],    token.children = None,survived,unreviewed,,tests/task/phase1/task.py::test_core_after;tests/task/phase1/task.py::test_file;tests/task/phase1/task.py::test_spec;tests/task/task2.py::test_make_fence_at,mutmut show 'markdown_it.rules_block.lheading.x_lheading__mutmut_132',mutmut tests-for-mutant 'markdown_it.rules_block.lheading.x_lheading__mutmut_132',mutmut run 'markdown_it.rules_block.lheading.x_lheading__mutmut_132'
M4080f28ba447c322,markdown_it.rules_block.list.x_list_block__mutmut_1,specified,markdown_it/rules_block/list.py,list_block,102,"    LOGGER.debug(""entering list: %s, %s, %s, %s"", state, startLine, endLine, silent)","    LOGGER.debug(None, state, startLine, endLine, silent)",survived,unreviewed,,tests/task/phase1/task.py::test_core_after;tests/task/phase1/task.py::test_file;tests/task/phase1/task.py::test_spec;tests/task/task2.py::test_make_fence_at,mutmut show 'markdown_it.rules_block.list.x_list_block__mutmut_1',mutmut tests-for-mutant 'markdown_it.rules_block.list.x_list_block__mutmut_1',mutmut run 'markdown_it.rules_block.list.x_list_block__mutmut_1'
M408273df30f2bc30,markdown_it.rules_block.state_block.xǁStateBlockǁgetLines__mutmut_2,specified,markdown_it/rules_block/state_block.py,getLines,217,    if begin >= end:,    if begin > end:,survived,unreviewed,,tests/task/phase1/task.py::test_core_after;tests/task/phase1/task.py::test_file;tests/task/phase1/task.py::test_spec;tests/task/task2.py::test_make_fence_after;tests/task/task2.py::test_make_fence_at,mutmut show 'markdown_it.rules_block.state_block.xǁStateBlockǁgetLines__mutmut_2',mutmut tests-for-mutant 'markdown_it.rules_block.state_block.xǁStateBlockǁgetLines__mutmut_2',mutmut run 'markdown_it.rules_block.state_block.xǁStateBlockǁgetLines__mutmut_2'
M4086f7411c3a4e34,markdown_it.rules_block.lheading.x_lheading__mutmut_79,specified,markdown_it/rules_block/lheading.py,lheading,57,                terminate = True,                terminate = None,survived,unreviewed,,tests/task/phase1/task.py::test_core_after;tests/task/phase1/task.py::test_file;tests/task/phase1/task.py::test_spec;tests/task/task2.py::test_make_fence_at,mutmut show 'markdown_it.rules_block.lheading.x_lheading__mutmut_79',mutmut tests-for-mutant 'markdown_it.rules_block.lheading.x_lheading__mutmut_79',mutmut run 'markdown_it.rules_block.lheading.x_lheading__mutmut_79'
M409105ff8ff68240,markdown_it.cli.parse.x_parse_args__mutmut_19,specified,markdown_it/cli/parse.py,parse_args,113,"    parser.add_argument(""-v"", ""--version"", action=""version"", version=version_str)","    parser.add_argument(""-v"", action=""version"", version=version_str)",no_tests,unreviewed,,,mutmut show 'markdown_it.cli.parse.x_parse_args__mutmut_19',mutmut tests-for-mutant 'markdown_it.cli.parse.x_parse_args__mutmut_19',mutmut run 'markdown_it.cli.parse.x_parse_args__mutmut_19'
M40c5dac529d1a0dd,markdown_it.rules_block.blockquote.x_blockquote__mutmut_250,specified,markdown_it/rules_block/blockquote.py,blockquote,263,        oldBSCount.append(state.bsCount[nextLine]),        oldBSCount.append(None),survived,unreviewed,,tests/task/phase1/task.py::test_core_after;tests/task/phase1/task.py::test_file;tests/task/phase1/task.py::test_spec;tests/task/task2.py::test_make_fence_at,mutmut show 'markdown_it.rules_block.blockquote.x_blockquote__mutmut_250',mutmut tests-for-mutant 'markdown_it.rules_block.blockquote.x_blockquote__mutmut_250',mutmut run 'markdown_it.rules_block.blockquote.x_blockquote__mutmut_250'
M40edfad4dd1cc8ee,markdown_it.rules_block.hr.x_hr__mutmut_2,specified,markdown_it/rules_block/hr.py,hr,15,"    LOGGER.debug(""entering hr: %s, %s, %s, %s"", state, startLine, endLine, silent)","    LOGGER.debug(""entering hr: %s, %s, %s, %s"", None, startLine, endLine, silent)",survived,unreviewed,,tests/task/phase1/task.py::test_core_after;tests/task/phase1/task.py::test_file;tests/task/phase1/task.py::test_spec;tests/task/task2.py::test_make_fence_at,mutmut show 'markdown_it.rules_block.hr.x_hr__mutmut_2',mutmut tests-for-mutant 'markdown_it.rules_block.hr.x_hr__mutmut_2',mutmut run 'markdown_it.rules_block.hr.x_hr__mutmut_2'
M411fb3f9a09152d6,markdown_it._punycode.x_map_domain__mutmut_2,specified,markdown_it/_punycode.py,map_domain,40,"    parts = string.split(""@"")",    parts = string.split(None),survived,unreviewed,,tests/task/phase1/task.py::test_file;tests/task/phase1/task.py::test_spec,mutmut show 'markdown_it._punycode.x_map_domain__mutmut_2',mutmut tests-for-mutant 'markdown_it._punycode.x_map_domain__mutmut_2',mutmut run 'markdown_it._punycode.x_map_domain__mutmut_2'
M411fe9489ae05424,markdown_it.rules_block.fence.x_make_fence_rule__mutmut_83,specified,markdown_it/rules_block/fence.py,make_fence_rule,117,                continue,                break,survived,unreviewed,,tests/task/phase1/task.py::test_file;tests/task/task2.py::test_make_fence_after;tests/task/task2.py::test_make_fence_at,mutmut show 'markdown_it.rules_block.fence.x_make_fence_rule__mutmut_83',mutmut tests-for-mutant 'markdown_it.rules_block.fence.x_make_fence_rule__mutmut_83',mutmut run 'markdown_it.rules_block.fence.x_make_fence_rule__mutmut_83'
M418efb3e45b288bb,markdown_it.rules_block.fence.x_make_fence_rule__mutmut_14,specified,markdown_it/rules_block/fence.py,make_fence_rule,49,"            ""entering fence: %s, %s, %s, %s"", state, startLine, endLine, silent","            ""entering fence: %s, %s, %s, %s"", state, startLine, None, silent",survived,unreviewed,,tests/task/phase1/task.py::test_file;tests/task/task2.py::test_make_fence_after;tests/task/task2.py::test_make_fence_at,mutmut show 'markdown_it.rules_block.fence.x_make_fence_rule__mutmut_14',mutmut tests-for-mutant 'markdown_it.rules_block.fence.x_make_fence_rule__mutmut_14',mutmut run 'markdown_it.rules_block.fence.x_make_fence_rule__mutmut_14'
M419007f7aa0c2353,markdown_it.helpers.parse_link_title.xǁ_Stateǁ__init____mutmut_1,specified,markdown_it/helpers/parse_link_title.py,__init__,10,    self.ok = False,    self.ok = None,survived,unreviewed,,tests/task/phase1/task.py::test_file;tests/task/phase1/task.py::test_spec,mutmut show 'markdown_it.helpers.parse_link_title.xǁ_Stateǁ__init____mutmut_1',mutmut tests-for-mutant 'markdown_it.helpers.parse_link_title.xǁ_Stateǁ__init____mutmut_1',mutmut run 'markdown_it.helpers.parse_link_title.xǁ_Stateǁ__init____mutmut_1'
M419a38a125561e84,markdown_it.rules_inline.autolink.x_autolink__mutmut_81,specified,markdown_it/rules_inline/autolink.py,autolink,51,"            token.info = ""auto""",            token.info = None,survived,unreviewed,,tests/task/phase1/task.py::test_file;tests/task/phase1/task.py::test_spec,mutmut show 'markdown_it.rules_inline.autolink.x_autolink__mutmut_81',mutmut tests-for-mutant 'markdown_it.rules_inline.autolink.x_autolink__mutmut_81',mutmut run 'markdown_it.rules_inline.autolink.x_autolink__mutmut_81'
M42564bade405b6f4,markdown_it.rules_block.paragraph.x_paragraph__mutmut_69,specified,markdown_it/rules_block/paragraph.py,paragraph,50,"    content = state.getLines(startLine, nextLine, state.blkIndent, False).strip()","    content = state.getLines(startLine, nextLine, state.blkIndent, True).strip()",survived,unreviewed,,tests/task/phase1/task.py::test_core_after;tests/task/phase1/task.py::test_file;tests/task/phase1/task.py::test_spec;tests/task/task2.py::test_make_fence_at,mutmut show 'markdown_it.rules_block.paragraph.x_paragraph__mutmut_69',mutmut tests-for-mutant 'markdown_it.rules_block.paragraph.x_paragraph__mutmut_69',mutmut run 'markdown_it.rules_block.paragraph.x_paragraph__mutmut_69'
M426f9b63f35551ae,markdown_it.helpers.parse_link_title.x_parseLinkTitle__mutmut_6,specified,markdown_it/helpers/parse_link_title.py,parseLinkTitle,40,        if pos >= maximum:,        if pos > maximum:,survived,unreviewed,,tests/task/phase1/task.py::test_file;tests/task/phase1/task.py::test_spec,mutmut show 'markdown_it.helpers.parse_link_title.x_parseLinkTitle__mutmut_6',mutmut tests-for-mutant 'markdown_it.helpers.parse_link_title.x_parseLinkTitle__mutmut_6',mutmut run 'markdown_it.helpers.parse_link_title.x_parseLinkTitle__mutmut_6'
M42cf5aa6ef4c6980,markdown_it.presets.xǁgfm_likeǁmake__mutmut_1,specified,markdown_it/presets/__init__.py,make,21,    config = commonmark.make(),    config = None,survived,unreviewed,,tests/task/phase1/task.py::test_file,mutmut show 'markdown_it.presets.xǁgfm_likeǁmake__mutmut_1',mutmut tests-for-mutant 'markdown_it.presets.xǁgfm_likeǁmake__mutmut_1',mutmut run 'markdown_it.presets.xǁgfm_likeǁmake__mutmut_1'
M42f067c4283253e4,markdown_it.rules_block.reference.x_reference__mutmut_186,specified,markdown_it/rules_block/reference.py,reference,117,        nextLine += 1,        nextLine = 1,timeout,unreviewed,,tests/task/phase1/task.py::test_core_after;tests/task/phase1/task.py::test_file;tests/task/phase1/task.py::test_spec;tests/task/task2.py::test_make_fence_at,mutmut show 'markdown_it.rules_block.reference.x_reference__mutmut_186',mutmut tests-for-mutant 'markdown_it.rules_block.reference.x_reference__mutmut_186',mutmut run 'markdown_it.rules_block.reference.x_reference__mutmut_186'
M42f887c9162a0052,markdown_it.presets.commonmark.x_make__mutmut_7,specified,markdown_it/presets/commonmark.py,make,17,"            ""html"": True,  # Enable HTML tags in source,","            ""XXhtmlXX"": True,  # Enable HTML tags in source,",survived,unreviewed,,tests/task/phase1/task.py::test_file,mutmut show 'markdown_it.presets.commonmark.x_make__mutmut_7',mutmut tests-for-mutant 'markdown_it.presets.commonmark.x_make__mutmut_7',mutmut run 'markdown_it.presets.commonmark.x_make__mutmut_7'
M43105fc1c1d464f7,markdown_it.rules_block.fence.x_make_fence_rule__mutmut_66,specified,markdown_it/rules_block/fence.py,make_fence_rule,103,                break,                return,survived,unreviewed,,tests/task/phase1/task.py::test_file;tests/task/task2.py::test_make_fence_after;tests/task/task2.py::test_make_fence_at,mutmut show 'markdown_it.rules_block.fence.x_make_fence_rule__mutmut_66',mutmut tests-for-mutant 'markdown_it.rules_block.fence.x_make_fence_rule__mutmut_66',mutmut run 'markdown_it.rules_block.fence.x_make_fence_rule__mutmut_66'
M4328703a120cd3c1,markdown_it.rules_inline.link.x_link__mutmut_199,specified,markdown_it/rules_inline/link.py,link,143,        state.linkLevel -= 1,        state.linkLevel += 1,survived,unreviewed,,tests/task/phase1/task.py::test_file;tests/task/phase1/task.py::test_spec,mutmut show 'markdown_it.rules_inline.link.x_link__mutmut_199',mutmut tests-for-mutant 'markdown_it.rules_inline.link.x_link__mutmut_199',mutmut run 'markdown_it.rules_inline.link.x_link__mutmut_199'
M434842b1c9645676,markdown_it.rules_inline.autolink.x_autolink__mutmut_78,specified,markdown_it/rules_inline/autolink.py,autolink,50,"            token.markup = ""autolink""",            token.markup = None,survived,unreviewed,,tests/task/phase1/task.py::test_file;tests/task/phase1/task.py::test_spec,mutmut show 'markdown_it.rules_inline.autolink.x_autolink__mutmut_78',mutmut tests-for-mutant 'markdown_it.rules_inline.autolink.x_autolink__mutmut_78',mutmut run 'markdown_it.rules_inline.autolink.x_autolink__mutmut_78'
M4396cdb7b2ede1bb,markdown_it.rules_inline.autolink.x_autolink__mutmut_119,specified,markdown_it/rules_inline/autolink.py,autolink,65,"            token.info = ""auto""","            token.info = ""XXautoXX""",survived,unreviewed,,tests/task/phase1/task.py::test_file;tests/task/phase1/task.py::test_spec,mutmut show 'markdown_it.rules_inline.autolink.x_autolink__mutmut_119',mutmut tests-for-mutant 'markdown_it.rules_inline.autolink.x_autolink__mutmut_119',mutmut run 'markdown_it.rules_inline.autolink.x_autolink__mutmut_119'
M43ae6275172eb50e,markdown_it.rules_inline.autolink.x_autolink__mutmut_152,specified,markdown_it/rules_inline/autolink.py,autolink,72,"            token.info = ""auto""","            token.info = ""AUTO""",survived,unreviewed,,tests/task/phase1/task.py::test_file;tests/task/phase1/task.py::test_spec,mutmut show 'markdown_it.rules_inline.autolink.x_autolink__mutmut_152',mutmut tests-for-mutant 'markdown_it.rules_inline.autolink.x_autolink__mutmut_152',mutmut run 'markdown_it.rules_inline.autolink.x_autolink__mutmut_152'
M43f045353436d2cd,markdown_it.ruler.xǁRulerǁ__find____mutmut_4,extended_only,markdown_it/ruler.py,__find__,89,    return -1,    return -2,survived,unreviewed,,tests/task/phase1/task.py::test_core_after;tests/task/phase1/task.py::test_file;tests/task/phase1/task.py::test_non_utf8;tests/task/phase1/task.py::test_spec;tests/task/task2.py::test_make_fence_after;tests/task/task2.py::test_make_fence_at,mutmut show 'markdown_it.ruler.xǁRulerǁ__find____mutmut_4',mutmut tests-for-mutant 'markdown_it.ruler.xǁRulerǁ__find____mutmut_4',mutmut run 'markdown_it.ruler.xǁRulerǁ__find____mutmut_4'
M448a0b3390c31d23,markdown_it.rules_inline.autolink.x_autolink__mutmut_142,specified,markdown_it/rules_inline/autolink.py,autolink,70,"            token = state.push(""link_close"", ""a"", -1)","            token = state.push(""LINK_CLOSE"", ""a"", -1)",survived,unreviewed,,tests/task/phase1/task.py::test_file;tests/task/phase1/task.py::test_spec,mutmut show 'markdown_it.rules_inline.autolink.x_autolink__mutmut_142',mutmut tests-for-mutant 'markdown_it.rules_inline.autolink.x_autolink__mutmut_142',mutmut run 'markdown_it.rules_inline.autolink.x_autolink__mutmut_142'
M448a3b3fc5494261,markdown_it.presets.commonmark.x_make__mutmut_1,specified,markdown_it/presets/commonmark.py,make,15,"        ""options"": {","        ""XXoptionsXX"": {",survived,unreviewed,,tests/task/phase1/task.py::test_file,mutmut show 'markdown_it.presets.commonmark.x_make__mutmut_1',mutmut tests-for-mutant 'markdown_it.presets.commonmark.x_make__mutmut_1',mutmut run 'markdown_it.presets.commonmark.x_make__mutmut_1'
M44998f84de76279e,markdown_it.rules_block.list.x_list_block__mutmut_116,specified,markdown_it/rules_block/list.py,list_block,193,"    state.parentType = ""list""","    state.parentType = ""LIST""",survived,unreviewed,,tests/task/phase1/task.py::test_core_after;tests/task/phase1/task.py::test_file;tests/task/phase1/task.py::test_spec;tests/task/task2.py::test_make_fence_at,mutmut show 'markdown_it.rules_block.list.x_list_block__mutmut_116',mutmut tests-for-mutant 'markdown_it.rules_block.list.x_list_block__mutmut_116',mutmut run 'markdown_it.rules_block.list.x_list_block__mutmut_116'
M44c2d10dbe5c0236,markdown_it.presets.xǁgfm_likeǁmake__mutmut_38,specified,markdown_it/presets/__init__.py,make,25,"    config[""components""][""inline""][""rules2""].append(""strikethrough"")","    config[""components""][""inline""][""rules2""].append(""XXstrikethroughXX"")",survived,unreviewed,,tests/task/phase1/task.py::test_file,mutmut show 'markdown_it.presets.xǁgfm_likeǁmake__mutmut_38',mutmut tests-for-mutant 'markdown_it.presets.xǁgfm_likeǁmake__mutmut_38',mutmut run 'markdown_it.presets.xǁgfm_likeǁmake__mutmut_38'
M4535c47c20888ace,markdown_it.rules_inline.emphasis.x__postProcess__mutmut_53,specified,markdown_it/rules_inline/emphasis.py,_postProcess,75,"        token.type = ""strong_open"" if isStrong else ""em_open""","        token.type = ""XXstrong_openXX"" if isStrong else ""em_open""",survived,unreviewed,,tests/task/phase1/task.py::test_core_after;tests/task/phase1/task.py::test_file;tests/task/phase1/task.py::test_spec;tests/task/task2.py::test_make_fence_at,mutmut show 'markdown_it.rules_inline.emphasis.x__postProcess__mutmut_53',mutmut tests-for-mutant 'markdown_it.rules_inline.emphasis.x__postProcess__mutmut_53',mutmut run 'markdown_it.rules_inline.emphasis.x__postProcess__mutmut_53'
M454c97af3fd2827d,markdown_it.rules_block.list.x_list_block__mutmut_378,specified,markdown_it/rules_block/list.py,list_block,370,"        token = state.push(""bullet_list_close"", ""ul"", -1)","        token = state.push(""BULLET_LIST_CLOSE"", ""ul"", -1)",survived,unreviewed,,tests/task/phase1/task.py::test_core_after;tests/task/phase1/task.py::test_file;tests/task/phase1/task.py::test_spec;tests/task/task2.py::test_make_fence_at,mutmut show 'markdown_it.rules_block.list.x_list_block__mutmut_378',mutmut tests-for-mutant 'markdown_it.rules_block.list.x_list_block__mutmut_378',mutmut run 'markdown_it.rules_block.list.x_list_block__mutmut_378'
M454d8d9a94aedc06,markdown_it.rules_inline.image.x_image__mutmut_197,specified,markdown_it/rules_inline/image.py,image,137,        token.content = content,        token.content = None,survived,unreviewed,,tests/task/phase1/task.py::test_file;tests/task/phase1/task.py::test_spec,mutmut show 'markdown_it.rules_inline.image.x_image__mutmut_197',mutmut tests-for-mutant 'markdown_it.rules_inline.image.x_image__mutmut_197',mutmut run 'markdown_it.rules_inline.image.x_image__mutmut_197'
M45b2838f4eb6122b,markdown_it.rules_inline.autolink.x_autolink__mutmut_131,specified,markdown_it/rules_inline/autolink.py,autolink,67,"            token = state.push(""text"", """", 0)","            token = state.push(""text"", """", 1)",survived,unreviewed,,tests/task/phase1/task.py::test_file;tests/task/phase1/task.py::test_spec,mutmut show 'markdown_it.rules_inline.autolink.x_autolink__mutmut_131',mutmut tests-for-mutant 'markdown_it.rules_inline.autolink.x_autolink__mutmut_131',mutmut run 'markdown_it.rules_inline.autolink.x_autolink__mutmut_131'
M45b90a6f4aa76541,markdown_it.presets.commonmark.x_make__mutmut_19,specified,markdown_it/presets/commonmark.py,make,30,"            ""quotes"": ""\u201c\u201d\u2018\u2019"",  # /* “”‘’ */","            ""quotes"": ""\u201C\u201D\u2018\u2019"",  # /* “”‘’ */",survived,unreviewed,,tests/task/phase1/task.py::test_file,mutmut show 'markdown_it.presets.commonmark.x_make__mutmut_19',mutmut tests-for-mutant 'markdown_it.presets.commonmark.x_make__mutmut_19',mutmut run 'markdown_it.presets.commonmark.x_make__mutmut_19'
M45ddddcc9744ff87,markdown_it.rules_block.blockquote.x_blockquote__mutmut_40,specified,markdown_it/rules_block/blockquote.py,blockquote,51,        offset += 1,        offset = 1,timeout,unreviewed,,tests/task/phase1/task.py::test_core_after;tests/task/phase1/task.py::test_file;tests/task/phase1/task.py::test_spec;tests/task/task2.py::test_make_fence_at,mutmut show 'markdown_it.rules_block.blockquote.x_blockquote__mutmut_40',mutmut tests-for-mutant 'markdown_it.rules_block.blockquote.x_blockquote__mutmut_40',mutmut run 'markdown_it.rules_block.blockquote.x_blockquote__mutmut_40'
M45efdcfa02f0c2f2,markdown_it.ruler.xǁRulerǁenableOnly__mutmut_8,specified,markdown_it/ruler.py,enableOnly,229,"    return self.enable(names, ignoreInvalid)","    return self.enable(names, )",survived,unreviewed,,tests/task/phase1/task.py::test_core_after;tests/task/phase1/task.py::test_file;tests/task/phase1/task.py::test_non_utf8;tests/task/phase1/task.py::test_spec;tests/task/task2.py::test_make_fence_after;tests/task/task2.py::test_make_fence_at,mutmut show 'markdown_it.ruler.xǁRulerǁenableOnly__mutmut_8',mutmut tests-for-mutant 'markdown_it.ruler.xǁRulerǁenableOnly__mutmut_8',mutmut run 'markdown_it.ruler.xǁRulerǁenableOnly__mutmut_8'
M463b27772dc3e576,markdown_it.rules_block.list.x_list_block__mutmut_6,specified,markdown_it/rules_block/list.py,list_block,102,"    LOGGER.debug(""entering list: %s, %s, %s, %s"", state, startLine, endLine, silent)","    LOGGER.debug(state, startLine, endLine, silent)",survived,unreviewed,,tests/task/phase1/task.py::test_core_after;tests/task/phase1/task.py::test_file;tests/task/phase1/task.py::test_spec;tests/task/task2.py::test_make_fence_at,mutmut show 'markdown_it.rules_block.list.x_list_block__mutmut_6',mutmut tests-for-mutant 'markdown_it.rules_block.list.x_list_block__mutmut_6',mutmut run 'markdown_it.rules_block.list.x_list_block__mutmut_6'
M4640042b26406f7a,markdown_it.rules_block.heading.x_heading__mutmut_91,specified,markdown_it/rules_block/heading.py,heading,58,"    token.markup = ""########""[:level]",    token.markup = None,survived,unreviewed,,tests/task/phase1/task.py::test_core_after;tests/task/phase1/task.py::test_file;tests/task/phase1/task.py::test_spec;tests/task/task2.py::test_make_fence_at,mutmut show 'markdown_it.rules_block.heading.x_heading__mutmut_91',mutmut tests-for-mutant 'markdown_it.rules_block.heading.x_heading__mutmut_91',mutmut run 'markdown_it.rules_block.heading.x_heading__mutmut_91'
M4640707be79550df,markdown_it.rules_inline.html_inline.x_html_inline__mutmut_32,specified,markdown_it/rules_inline/html_inline.py,html_inline,31,        return False,        return True,timeout,unreviewed,,tests/task/phase1/task.py::test_file;tests/task/phase1/task.py::test_spec,mutmut show 'markdown_it.rules_inline.html_inline.x_html_inline__mutmut_32',mutmut tests-for-mutant 'markdown_it.rules_inline.html_inline.x_html_inline__mutmut_32',mutmut run 'markdown_it.rules_inline.html_inline.x_html_inline__mutmut_32'
M464f8efe1badb6e3,markdown_it.token.x_convert_attrs__mutmut_1,specified,markdown_it/token.py,convert_attrs,14,    if not value:,    if value:,survived,unreviewed,,tests/task/phase1/task.py::test_core_after;tests/task/phase1/task.py::test_file;tests/task/phase1/task.py::test_spec;tests/task/task2.py::test_make_fence_after;tests/task/task2.py::test_make_fence_at,mutmut show 'markdown_it.token.x_convert_attrs__mutmut_1',mutmut tests-for-mutant 'markdown_it.token.x_convert_attrs__mutmut_1',mutmut run 'markdown_it.token.x_convert_attrs__mutmut_1'
M46696497294259e3,markdown_it.presets.zero.x_make__mutmut_3,specified,markdown_it/presets/zero.py,make,12,"            ""maxNesting"": 20,  # Internal protection, recursion limit","            ""XXmaxNestingXX"": 20,  # Internal protection, recursion limit",survived,unreviewed,,tests/task/phase1/task.py::test_file,mutmut show 'markdown_it.presets.zero.x_make__mutmut_3',mutmut tests-for-mutant 'markdown_it.presets.zero.x_make__mutmut_3',mutmut run 'markdown_it.presets.zero.x_make__mutmut_3'
M467d11a44ca7ae72,markdown_it.rules_inline.escape.x_escape__mutmut_29,specified,markdown_it/rules_inline/escape.py,escape,28,        pos += 1,        pos -= 1,timeout,unreviewed,,tests/task/phase1/task.py::test_file;tests/task/phase1/task.py::test_spec;tests/task/task2.py::test_make_fence_at,mutmut show 'markdown_it.rules_inline.escape.x_escape__mutmut_29',mutmut tests-for-mutant 'markdown_it.rules_inline.escape.x_escape__mutmut_29',mutmut run 'markdown_it.rules_inline.escape.x_escape__mutmut_29'
M4682747a39ce0a31,markdown_it.rules_inline.balance_pairs.x_processDelimiters__mutmut_116,specified,markdown_it/rules_inline/balance_pairs.py,processDelimiters,106,                    lastTokenIdx = -2,                    lastTokenIdx = -3,survived,unreviewed,,tests/task/phase1/task.py::test_core_after;tests/task/phase1/task.py::test_file;tests/task/phase1/task.py::test_spec;tests/task/task2.py::test_make_fence_at,mutmut show 'markdown_it.rules_inline.balance_pairs.x_processDelimiters__mutmut_116',mutmut tests-for-mutant 'markdown_it.rules_inline.balance_pairs.x_processDelimiters__mutmut_116',mutmut run 'markdown_it.rules_inline.balance_pairs.x_processDelimiters__mutmut_116'
M46885b65acb99321,markdown_it.rules_block.lheading.x_lheading__mutmut_19,specified,markdown_it/rules_block/lheading.py,lheading,15,"    terminatorRules = ruler.getRules(""paragraph"")",    terminatorRules = ruler.getRules(None),survived,unreviewed,,tests/task/phase1/task.py::test_core_after;tests/task/phase1/task.py::test_file;tests/task/phase1/task.py::test_spec;tests/task/task2.py::test_make_fence_at,mutmut show 'markdown_it.rules_block.lheading.x_lheading__mutmut_19',mutmut tests-for-mutant 'markdown_it.rules_block.lheading.x_lheading__mutmut_19',mutmut run 'markdown_it.rules_block.lheading.x_lheading__mutmut_19'
M46a291b0637facd7,markdown_it.rules_block.fence.x_make_fence_rule__mutmut_64,specified,markdown_it/rules_block/fence.py,make_fence_rule,99,            if pos < maximum and state.sCount[nextLine] < state.blkIndent:,            if pos <= maximum and state.sCount[nextLine] < state.blkIndent:,survived,unreviewed,,tests/task/phase1/task.py::test_file;tests/task/task2.py::test_make_fence_after;tests/task/task2.py::test_make_fence_at,mutmut show 'markdown_it.rules_block.fence.x_make_fence_rule__mutmut_64',mutmut tests-for-mutant 'markdown_it.rules_block.fence.x_make_fence_rule__mutmut_64',mutmut run 'markdown_it.rules_block.fence.x_make_fence_rule__mutmut_64'
M46b120056f373647,markdown_it.rules_inline.autolink.x_autolink__mutmut_141,specified,markdown_it/rules_inline/autolink.py,autolink,70,"            token = state.push(""link_close"", ""a"", -1)","            token = state.push(""XXlink_closeXX"", ""a"", -1)",survived,unreviewed,,tests/task/phase1/task.py::test_file;tests/task/phase1/task.py::test_spec,mutmut show 'markdown_it.rules_inline.autolink.x_autolink__mutmut_141',mutmut tests-for-mutant 'markdown_it.rules_inline.autolink.x_autolink__mutmut_141',mutmut run 'markdown_it.rules_inline.autolink.x_autolink__mutmut_141'
M46e140463976d3b4,markdown_it.rules_inline.autolink.x_autolink__mutmut_38,specified,markdown_it/rules_inline/autolink.py,autolink,41,"            token = state.push(""link_open"", ""a"", 1)","            token = state.push(""XXlink_openXX"", ""a"", 1)",survived,unreviewed,,tests/task/phase1/task.py::test_file;tests/task/phase1/task.py::test_spec,mutmut show 'markdown_it.rules_inline.autolink.x_autolink__mutmut_38',mutmut tests-for-mutant 'markdown_it.rules_inline.autolink.x_autolink__mutmut_38',mutmut run 'markdown_it.rules_inline.autolink.x_autolink__mutmut_38'
M46e63461910d8622,markdown_it.presets.commonmark.x_make__mutmut_71,specified,markdown_it/presets/commonmark.py,make,56,"                    ""paragraph"",","                    ""PARAGRAPH"",",survived,unreviewed,,tests/task/phase1/task.py::test_file,mutmut show 'markdown_it.presets.commonmark.x_make__mutmut_71',mutmut tests-for-mutant 'markdown_it.presets.commonmark.x_make__mutmut_71',mutmut run 'markdown_it.presets.commonmark.x_make__mutmut_71'
M4700d45ad7e844cf,markdown_it.rules_block.html_block.x_html_block__mutmut_10,specified,markdown_it/rules_block/html_block.py,html_block,36,"        ""entering html_block: %s, %s, %s, %s"", state, startLine, endLine, silent
    )","        ""entering html_block: %s, %s, %s, %s"", state, startLine, endLine, )",survived,unreviewed,,tests/task/phase1/task.py::test_core_after;tests/task/phase1/task.py::test_file;tests/task/phase1/task.py::test_spec;tests/task/task2.py::test_make_fence_at,mutmut show 'markdown_it.rules_block.html_block.x_html_block__mutmut_10',mutmut tests-for-mutant 'markdown_it.rules_block.html_block.x_html_block__mutmut_10',mutmut run 'markdown_it.rules_block.html_block.x_html_block__mutmut_10'
M473f24e90fdc80e1,markdown_it.rules_inline.state_inline.xǁStateInlineǁ__init____mutmut_11,specified,markdown_it/rules_inline/state_inline.py,__init__,56,    self.level = 0,    self.level = 1,survived,unreviewed,,tests/task/phase1/task.py::test_core_after;tests/task/phase1/task.py::test_file;tests/task/phase1/task.py::test_spec;tests/task/task2.py::test_make_fence_at,mutmut show 'markdown_it.rules_inline.state_inline.xǁStateInlineǁ__init____mutmut_11',mutmut tests-for-mutant 'markdown_it.rules_inline.state_inline.xǁStateInlineǁ__init____mutmut_11',mutmut run 'markdown_it.rules_inline.state_inline.xǁStateInlineǁ__init____mutmut_11'
M475a6daaebe97916,markdown_it.rules_block.heading.x_heading__mutmut_123,specified,markdown_it/rules_block/heading.py,heading,67,"    token.markup = ""########""[:level]",    token.markup = None,survived,unreviewed,,tests/task/phase1/task.py::test_core_after;tests/task/phase1/task.py::test_file;tests/task/phase1/task.py::test_spec;tests/task/task2.py::test_make_fence_at,mutmut show 'markdown_it.rules_block.heading.x_heading__mutmut_123',mutmut tests-for-mutant 'markdown_it.rules_block.heading.x_heading__mutmut_123',mutmut run 'markdown_it.rules_block.heading.x_heading__mutmut_123'
M47c3d8bbe6808ed4,markdown_it.rules_block.lheading.x_lheading__mutmut_115,specified,markdown_it/rules_block/lheading.py,lheading,73,    token.markup = marker,    token.markup = None,survived,unreviewed,,tests/task/phase1/task.py::test_core_after;tests/task/phase1/task.py::test_file;tests/task/phase1/task.py::test_spec;tests/task/task2.py::test_make_fence_at,mutmut show 'markdown_it.rules_block.lheading.x_lheading__mutmut_115',mutmut tests-for-mutant 'markdown_it.rules_block.lheading.x_lheading__mutmut_115',mutmut run 'markdown_it.rules_block.lheading.x_lheading__mutmut_115'
M47da802f930f64cc,markdown_it.rules_block.list.x_list_block__mutmut_223,specified,markdown_it/rules_block/list.py,list_block,281,"            state.line = min(state.line + 2, endLine)","            state.line = min(state.line - 2, endLine)",timeout,unreviewed,,tests/task/phase1/task.py::test_core_after;tests/task/phase1/task.py::test_file;tests/task/phase1/task.py::test_spec;tests/task/task2.py::test_make_fence_at,mutmut show 'markdown_it.rules_block.list.x_list_block__mutmut_223',mutmut tests-for-mutant 'markdown_it.rules_block.list.x_list_block__mutmut_223',mutmut run 'markdown_it.rules_block.list.x_list_block__mutmut_223'
M47dbc76d6bbe9648,markdown_it.rules_inline.image.x_image__mutmut_1,specified,markdown_it/rules_inline/image.py,image,10,    label = None,"    label = """"",survived,unreviewed,,tests/task/phase1/task.py::test_file;tests/task/phase1/task.py::test_spec,mutmut show 'markdown_it.rules_inline.image.x_image__mutmut_1',mutmut tests-for-mutant 'markdown_it.rules_inline.image.x_image__mutmut_1',mutmut run 'markdown_it.rules_inline.image.x_image__mutmut_1'
M47f349cf6e0e4853,markdown_it.common.normalize_url.x_normalizeLinkText__mutmut_6,specified,markdown_it/common/normalize_url.py,normalizeLinkText,48,"    parsed = mdurl.parse(url, slashes_denote_host=True)","    parsed = mdurl.parse(url, slashes_denote_host=False)",survived,unreviewed,,tests/task/phase1/task.py::test_file;tests/task/phase1/task.py::test_spec,mutmut show 'markdown_it.common.normalize_url.x_normalizeLinkText__mutmut_6',mutmut tests-for-mutant 'markdown_it.common.normalize_url.x_normalizeLinkText__mutmut_6',mutmut run 'markdown_it.common.normalize_url.x_normalizeLinkText__mutmut_6'
M47f819c4f1a67aad,markdown_it.presets.default.x_make__mutmut_22,specified,markdown_it/presets/default.py,make,24,"            ""xhtmlOut"": False,  # Use '/' to close single tags (<br />)","            ""XHTMLOUT"": False,  # Use '/' to close single tags (<br />)",survived,unreviewed,,tests/task/phase1/task.py::test_file,mutmut show 'markdown_it.presets.default.x_make__mutmut_22',mutmut tests-for-mutant 'markdown_it.presets.default.x_make__mutmut_22',mutmut run 'markdown_it.presets.default.x_make__mutmut_22'
M47fdd8d08d7da29a,markdown_it.rules_block.blockquote.x_blockquote__mutmut_380,specified,markdown_it/rules_block/blockquote.py,blockquote,316,"        token = state.push(""blockquote_open"", ""blockquote"", 1)","        token = state.push(None, ""blockquote"", 1)",survived,unreviewed,,tests/task/phase1/task.py::test_core_after;tests/task/phase1/task.py::test_file;tests/task/phase1/task.py::test_spec;tests/task/task2.py::test_make_fence_at,mutmut show 'markdown_it.rules_block.blockquote.x_blockquote__mutmut_380',mutmut tests-for-mutant 'markdown_it.rules_block.blockquote.x_blockquote__mutmut_380',mutmut run 'markdown_it.rules_block.blockquote.x_blockquote__mutmut_380'
M4825e044c7737c35,markdown_it.rules_block.blockquote.x_blockquote__mutmut_53,specified,markdown_it/rules_block/blockquote.py,blockquote,57,        if (state.bsCount[startLine] + offset) % 4 == 3:,        if (state.bsCount[startLine] + offset) % 5 == 3:,survived,unreviewed,,tests/task/phase1/task.py::test_core_after;tests/task/phase1/task.py::test_file;tests/task/phase1/task.py::test_spec;tests/task/task2.py::test_make_fence_at,mutmut show 'markdown_it.rules_block.blockquote.x_blockquote__mutmut_53',mutmut tests-for-mutant 'markdown_it.rules_block.blockquote.x_blockquote__mutmut_53',mutmut run 'markdown_it.rules_block.blockquote.x_blockquote__mutmut_53'
M4841bc532507948d,markdown_it.rules_block.reference.x_reference__mutmut_6,specified,markdown_it/rules_block/reference.py,reference,11,"        ""entering reference: %s, %s, %s, %s"", state, startLine, _endLine, silent","        state, startLine, _endLine, silent",survived,unreviewed,,tests/task/phase1/task.py::test_core_after;tests/task/phase1/task.py::test_file;tests/task/phase1/task.py::test_spec;tests/task/task2.py::test_make_fence_at,mutmut show 'markdown_it.rules_block.reference.x_reference__mutmut_6',mutmut tests-for-mutant 'markdown_it.rules_block.reference.x_reference__mutmut_6',mutmut run 'markdown_it.rules_block.reference.x_reference__mutmut_6'
M4881301a007ed728,markdown_it.rules_block.lheading.x_lheading__mutmut_66,specified,markdown_it/rules_block/lheading.py,lheading,50,            nextLine += 1,            nextLine += 2,survived,unreviewed,,tests/task/phase1/task.py::test_core_after;tests/task/phase1/task.py::test_file;tests/task/phase1/task.py::test_spec;tests/task/task2.py::test_make_fence_at,mutmut show 'markdown_it.rules_block.lheading.x_lheading__mutmut_66',mutmut tests-for-mutant 'markdown_it.rules_block.lheading.x_lheading__mutmut_66',mutmut run 'markdown_it.rules_block.lheading.x_lheading__mutmut_66'
M48822837bfcb7cdf,markdown_it.renderer.xǁRendererHTMLǁlist_item_open__mutmut_6,specified,markdown_it/renderer.py,list_item_open,220,"    result = self.renderToken(tokens, idx, options, env)","    result = self.renderToken(tokens, idx, options, None)",survived,unreviewed,,tests/task/phase1/task.py::test_file;tests/task/phase1/task.py::test_spec,mutmut show 'markdown_it.renderer.xǁRendererHTMLǁlist_item_open__mutmut_6',mutmut tests-for-mutant 'markdown_it.renderer.xǁRendererHTMLǁlist_item_open__mutmut_6',mutmut run 'markdown_it.renderer.xǁRendererHTMLǁlist_item_open__mutmut_6'
M48f4ba10e9e4a083,markdown_it.rules_inline.image.x_image__mutmut_31,specified,markdown_it/rules_inline/image.py,image,25,    if labelEnd < 0:,    if labelEnd <= 0:,survived,unreviewed,,tests/task/phase1/task.py::test_file;tests/task/phase1/task.py::test_spec,mutmut show 'markdown_it.rules_inline.image.x_image__mutmut_31',mutmut tests-for-mutant 'markdown_it.rules_inline.image.x_image__mutmut_31',mutmut run 'markdown_it.rules_inline.image.x_image__mutmut_31'
M48fbe7fd82e011b4,markdown_it.rules_inline.entity.x_entity__mutmut_81,specified,markdown_it/rules_inline/entity.py,entity,47,                token.markup = match.group(0),                token.markup = None,survived,unreviewed,,tests/task/phase1/task.py::test_file;tests/task/phase1/task.py::test_spec,mutmut show 'markdown_it.rules_inline.entity.x_entity__mutmut_81',mutmut tests-for-mutant 'markdown_it.rules_inline.entity.x_entity__mutmut_81',mutmut run 'markdown_it.rules_inline.entity.x_entity__mutmut_81'
M48fc6032b6bc4096,markdown_it.rules_block.list.x_list_block__mutmut_262,specified,markdown_it/rules_block/list.py,list_block,305,        token.markup = markerChar,        token.markup = None,survived,unreviewed,,tests/task/phase1/task.py::test_core_after;tests/task/phase1/task.py::test_file;tests/task/phase1/task.py::test_spec;tests/task/task2.py::test_make_fence_at,mutmut show 'markdown_it.rules_block.list.x_list_block__mutmut_262',mutmut tests-for-mutant 'markdown_it.rules_block.list.x_list_block__mutmut_262',mutmut run 'markdown_it.rules_block.list.x_list_block__mutmut_262'
M49170a04f4b63d73,markdown_it.rules_inline.balance_pairs.x_processDelimiters__mutmut_38,specified,markdown_it/rules_inline/balance_pairs.py,processDelimiters,52,"            openersBottom[closer.marker] = [-1, -1, -1, -1, -1, -1]","            openersBottom[closer.marker] = [-1, -1, -2, -1, -1, -1]",survived,unreviewed,,tests/task/phase1/task.py::test_core_after;tests/task/phase1/task.py::test_file;tests/task/phase1/task.py::test_spec;tests/task/task2.py::test_make_fence_at,mutmut show 'markdown_it.rules_inline.balance_pairs.x_processDelimiters__mutmut_38',mutmut tests-for-mutant 'markdown_it.rules_inline.balance_pairs.x_processDelimiters__mutmut_38',mutmut run 'markdown_it.rules_inline.balance_pairs.x_processDelimiters__mutmut_38'
M491b66609000087e,markdown_it.rules_inline.backticks.x_backtick__mutmut_58,specified,markdown_it/rules_inline/backticks.py,backtick,51,"                token = state.push(""code_inline"", ""code"", 0)","                token = state.push(""code_inline"", None, 0)",survived,unreviewed,,tests/task/phase1/task.py::test_file;tests/task/phase1/task.py::test_spec;tests/task/task2.py::test_make_fence_at,mutmut show 'markdown_it.rules_inline.backticks.x_backtick__mutmut_58',mutmut tests-for-mutant 'markdown_it.rules_inline.backticks.x_backtick__mutmut_58',mutmut run 'markdown_it.rules_inline.backticks.x_backtick__mutmut_58'
M494df965426052e6,markdown_it.rules_block.blockquote.x_blockquote__mutmut_2,specified,markdown_it/rules_block/blockquote.py,blockquote,14,"        ""entering blockquote: %s, %s, %s, %s"", state, startLine, endLine, silent","        ""entering blockquote: %s, %s, %s, %s"", None, startLine, endLine, silent",survived,unreviewed,,tests/task/phase1/task.py::test_core_after;tests/task/phase1/task.py::test_file;tests/task/phase1/task.py::test_spec;tests/task/task2.py::test_make_fence_at,mutmut show 'markdown_it.rules_block.blockquote.x_blockquote__mutmut_2',mutmut tests-for-mutant 'markdown_it.rules_block.blockquote.x_blockquote__mutmut_2',mutmut run 'markdown_it.rules_block.blockquote.x_blockquote__mutmut_2'
M4959197f5655c020,markdown_it.rules_inline.autolink.x_autolink__mutmut_108,specified,markdown_it/rules_inline/autolink.py,autolink,62,"            token = state.push(""link_open"", ""a"", 1)","            token = state.push(""LINK_OPEN"", ""a"", 1)",survived,unreviewed,,tests/task/phase1/task.py::test_file;tests/task/phase1/task.py::test_spec,mutmut show 'markdown_it.rules_inline.autolink.x_autolink__mutmut_108',mutmut tests-for-mutant 'markdown_it.rules_inline.autolink.x_autolink__mutmut_108',mutmut run 'markdown_it.rules_inline.autolink.x_autolink__mutmut_108'
M496f20ca0564d73a,markdown_it.rules_block.reference.x_reference__mutmut_269,specified,markdown_it/rules_block/reference.py,reference,166,"    if state.md.options.get(""inline_definitions"", False):",    if state.md.options.get(False):,survived,unreviewed,,tests/task/phase1/task.py::test_core_after;tests/task/phase1/task.py::test_file;tests/task/phase1/task.py::test_spec;tests/task/task2.py::test_make_fence_at,mutmut show 'markdown_it.rules_block.reference.x_reference__mutmut_269',mutmut tests-for-mutant 'markdown_it.rules_block.reference.x_reference__mutmut_269',mutmut run 'markdown_it.rules_block.reference.x_reference__mutmut_269'
M49c04d09ab81fc34,markdown_it.rules_block.reference.x_reference__mutmut_244,specified,markdown_it/rules_block/reference.py,reference,145,            pos += 1,            pos += 2,survived,unreviewed,,tests/task/phase1/task.py::test_core_after;tests/task/phase1/task.py::test_file;tests/task/phase1/task.py::test_spec;tests/task/task2.py::test_make_fence_at,mutmut show 'markdown_it.rules_block.reference.x_reference__mutmut_244',mutmut tests-for-mutant 'markdown_it.rules_block.reference.x_reference__mutmut_244',mutmut run 'markdown_it.rules_block.reference.x_reference__mutmut_244'
M49d8bafddff91b2f,markdown_it.rules_inline.autolink.x_autolink__mutmut_46,specified,markdown_it/rules_inline/autolink.py,autolink,43,"            token.markup = ""autolink""",            token.markup = None,survived,unreviewed,,tests/task/phase1/task.py::test_file;tests/task/phase1/task.py::test_spec,mutmut show 'markdown_it.rules_inline.autolink.x_autolink__mutmut_46',mutmut tests-for-mutant 'markdown_it.rules_inline.autolink.x_autolink__mutmut_46',mutmut run 'markdown_it.rules_inline.autolink.x_autolink__mutmut_46'
M4a08d89726966fd5,markdown_it.rules_block.blockquote.x_blockquote__mutmut_103,specified,markdown_it/rules_block/blockquote.py,blockquote,98,    lastLineEmpty = pos >= max,    lastLineEmpty = pos > max,survived,unreviewed,,tests/task/phase1/task.py::test_core_after;tests/task/phase1/task.py::test_file;tests/task/phase1/task.py::test_spec;tests/task/task2.py::test_make_fence_at,mutmut show 'markdown_it.rules_block.blockquote.x_blockquote__mutmut_103',mutmut tests-for-mutant 'markdown_it.rules_block.blockquote.x_blockquote__mutmut_103',mutmut run 'markdown_it.rules_block.blockquote.x_blockquote__mutmut_103'
M4a40a40368130c43,markdown_it.rules_inline.state_inline.xǁStateInlineǁpush__mutmut_18,specified,markdown_it/rules_inline/state_inline.py,push,111,        self.level += 1,        self.level = 1,survived,unreviewed,,tests/task/phase1/task.py::test_file;tests/task/phase1/task.py::test_spec;tests/task/task2.py::test_make_fence_at,mutmut show 'markdown_it.rules_inline.state_inline.xǁStateInlineǁpush__mutmut_18',mutmut tests-for-mutant 'markdown_it.rules_inline.state_inline.xǁStateInlineǁpush__mutmut_18',mutmut run 'markdown_it.rules_inline.state_inline.xǁStateInlineǁpush__mutmut_18'
M4a521d1919dfe22a,markdown_it.rules_inline.link.x_link__mutmut_152,specified,markdown_it/rules_inline/link.py,link,118,            return False,            return True,timeout,unreviewed,,tests/task/phase1/task.py::test_file;tests/task/phase1/task.py::test_spec,mutmut show 'markdown_it.rules_inline.link.x_link__mutmut_152',mutmut tests-for-mutant 'markdown_it.rules_inline.link.x_link__mutmut_152',mutmut run 'markdown_it.rules_inline.link.x_link__mutmut_152'
M4a74757dc155aede,markdown_it.presets.commonmark.x_make__mutmut_40,specified,markdown_it/presets/commonmark.py,make,44,"            ""core"": {""rules"": [""normalize"", ""block"", ""inline"", ""text_join""]},","            ""core"": {""rules"": [""XXnormalizeXX"", ""block"", ""inline"", ""text_join""]},",survived,unreviewed,,tests/task/phase1/task.py::test_file,mutmut show 'markdown_it.presets.commonmark.x_make__mutmut_40',mutmut tests-for-mutant 'markdown_it.presets.commonmark.x_make__mutmut_40',mutmut run 'markdown_it.presets.commonmark.x_make__mutmut_40'
M4a85eff8610a8ef4,markdown_it.presets.commonmark.x_make__mutmut_32,specified,markdown_it/presets/commonmark.py,make,41,"            ""highlight"": None,","            ""XXhighlightXX"": None,",survived,unreviewed,,tests/task/phase1/task.py::test_file,mutmut show 'markdown_it.presets.commonmark.x_make__mutmut_32',mutmut tests-for-mutant 'markdown_it.presets.commonmark.x_make__mutmut_32',mutmut run 'markdown_it.presets.commonmark.x_make__mutmut_32'
M4aa409a2ca2e97ad,markdown_it.helpers.parse_link_destination.x_parseLinkDestination__mutmut_69,specified,markdown_it/helpers/parse_link_destination.py,parseLinkDestination,57,        if code == 0x5C and pos + 1 < maximum:,        if code == 0x5C and pos + 2 < maximum:,survived,unreviewed,,tests/task/phase1/task.py::test_file;tests/task/phase1/task.py::test_spec,mutmut show 'markdown_it.helpers.parse_link_destination.x_parseLinkDestination__mutmut_69',mutmut tests-for-mutant 'markdown_it.helpers.parse_link_destination.x_parseLinkDestination__mutmut_69',mutmut run 'markdown_it.helpers.parse_link_destination.x_parseLinkDestination__mutmut_69'
M4aee8ee4ed0ef883,markdown_it.rules_block.html_block.x_html_block__mutmut_2,specified,markdown_it/rules_block/html_block.py,html_block,36,"        ""entering html_block: %s, %s, %s, %s"", state, startLine, endLine, silent","        ""entering html_block: %s, %s, %s, %s"", None, startLine, endLine, silent",survived,unreviewed,,tests/task/phase1/task.py::test_core_after;tests/task/phase1/task.py::test_file;tests/task/phase1/task.py::test_spec;tests/task/task2.py::test_make_fence_at,mutmut show 'markdown_it.rules_block.html_block.x_html_block__mutmut_2',mutmut tests-for-mutant 'markdown_it.rules_block.html_block.x_html_block__mutmut_2',mutmut run 'markdown_it.rules_block.html_block.x_html_block__mutmut_2'
M4b184ed7236d1c70,markdown_it.rules_block.fence.x_make_fence_rule__mutmut_52,specified,markdown_it/rules_block/fence.py,make_fence_rule,84,            return True,            return False,survived,unreviewed,,tests/task/phase1/task.py::test_file;tests/task/task2.py::test_make_fence_after;tests/task/task2.py::test_make_fence_at,mutmut show 'markdown_it.rules_block.fence.x_make_fence_rule__mutmut_52',mutmut tests-for-mutant 'markdown_it.rules_block.fence.x_make_fence_rule__mutmut_52',mutmut run 'markdown_it.rules_block.fence.x_make_fence_rule__mutmut_52'
M4b1bfd17643d69ce,markdown_it.renderer.xǁRendererHTMLǁrenderToken__mutmut_61,specified,markdown_it/renderer.py,renderToken,166,                needLf = False,                needLf = True,survived,unreviewed,,tests/task/phase1/task.py::test_file;tests/task/phase1/task.py::test_spec,mutmut show 'markdown_it.renderer.xǁRendererHTMLǁrenderToken__mutmut_61',mutmut tests-for-mutant 'markdown_it.renderer.xǁRendererHTMLǁrenderToken__mutmut_61',mutmut run 'markdown_it.renderer.xǁRendererHTMLǁrenderToken__mutmut_61'
M4b299209157e28de,markdown_it.rules_block.list.x_list_block__mutmut_179,specified,markdown_it/rules_block/list.py,list_block,240,"        if state.md.options.get(""tasklists"", False) and contentStart < maximum:","        if state.md.options.get(""tasklists"", ) and contentStart < maximum:",survived,unreviewed,,tests/task/phase1/task.py::test_core_after;tests/task/phase1/task.py::test_file;tests/task/phase1/task.py::test_spec;tests/task/task2.py::test_make_fence_at,mutmut show 'markdown_it.rules_block.list.x_list_block__mutmut_179',mutmut tests-for-mutant 'markdown_it.rules_block.list.x_list_block__mutmut_179',mutmut run 'markdown_it.rules_block.list.x_list_block__mutmut_179'
M4b3f032532d0bdea,markdown_it.presets.default.x_make__mutmut_33,specified,markdown_it/presets/default.py,make,33,"            ""highlight"": None,","            ""HIGHLIGHT"": None,",survived,unreviewed,,tests/task/phase1/task.py::test_file,mutmut show 'markdown_it.presets.default.x_make__mutmut_33',mutmut tests-for-mutant 'markdown_it.presets.default.x_make__mutmut_33',mutmut run 'markdown_it.presets.default.x_make__mutmut_33'
M4b400d7f1b2b6527,markdown_it.renderer.xǁRendererHTMLǁrenderToken__mutmut_3,specified,markdown_it/renderer.py,renderToken,124,    needLf = False,    needLf = None,survived,unreviewed,,tests/task/phase1/task.py::test_file;tests/task/phase1/task.py::test_spec,mutmut show 'markdown_it.renderer.xǁRendererHTMLǁrenderToken__mutmut_3',mutmut tests-for-mutant 'markdown_it.renderer.xǁRendererHTMLǁrenderToken__mutmut_3',mutmut run 'markdown_it.renderer.xǁRendererHTMLǁrenderToken__mutmut_3'
M4b90bd0b1b63735b,markdown_it.common.utils.x_isValidEntityCode__mutmut_18,specified,markdown_it/common/utils.py,isValidEntityCode,63,    if ((c & 0xFFFF) == 0xFFFF) or ((c & 0xFFFF) == 0xFFFE):,    if ((c & 0xFFFF) == 0xFFFF) or ((c | 0xFFFF) == 0xFFFE):,survived,unreviewed,,tests/task/phase1/task.py::test_spec,mutmut show 'markdown_it.common.utils.x_isValidEntityCode__mutmut_18',mutmut tests-for-mutant 'markdown_it.common.utils.x_isValidEntityCode__mutmut_18',mutmut run 'markdown_it.common.utils.x_isValidEntityCode__mutmut_18'
M4bcd1919368f61ac,markdown_it.rules_block.lheading.x_lheading__mutmut_38,specified,markdown_it/rules_block/lheading.py,lheading,29,            continue,            break,survived,unreviewed,,tests/task/phase1/task.py::test_core_after;tests/task/phase1/task.py::test_file;tests/task/phase1/task.py::test_spec;tests/task/task2.py::test_make_fence_at,mutmut show 'markdown_it.rules_block.lheading.x_lheading__mutmut_38',mutmut tests-for-mutant 'markdown_it.rules_block.lheading.x_lheading__mutmut_38',mutmut run 'markdown_it.rules_block.lheading.x_lheading__mutmut_38'
M4be20c8b7a3ccd53,markdown_it.presets.default.x_make__mutmut_13,specified,markdown_it/presets/default.py,make,16,"            ""typographer"": False,","            ""XXtypographerXX"": False,",survived,unreviewed,,tests/task/phase1/task.py::test_file,mutmut show 'markdown_it.presets.default.x_make__mutmut_13',mutmut tests-for-mutant 'markdown_it.presets.default.x_make__mutmut_13',mutmut run 'markdown_it.presets.default.x_make__mutmut_13'
M4c046093653cfe6e,markdown_it.presets.default.x_make__mutmut_5,specified,markdown_it/presets/default.py,make,9,"            ""maxNesting"": 100,  # Internal protection, recursion limit","            ""MAXNESTING"": 100,  # Internal protection, recursion limit",survived,unreviewed,,tests/task/phase1/task.py::test_file,mutmut show 'markdown_it.presets.default.x_make__mutmut_5',mutmut tests-for-mutant 'markdown_it.presets.default.x_make__mutmut_5',mutmut run 'markdown_it.presets.default.x_make__mutmut_5'
M4c29cace20b7721e,markdown_it.presets.commonmark.x_make__mutmut_16,specified,markdown_it/presets/commonmark.py,make,30,"            ""quotes"": ""\u201c\u201d\u2018\u2019"",  # /* “”‘’ */","            ""XXquotesXX"": ""\u201c\u201d\u2018\u2019"",  # /* “”‘’ */",survived,unreviewed,,tests/task/phase1/task.py::test_file,mutmut show 'markdown_it.presets.commonmark.x_make__mutmut_16',mutmut tests-for-mutant 'markdown_it.presets.commonmark.x_make__mutmut_16',mutmut run 'markdown_it.presets.commonmark.x_make__mutmut_16'
M4c79073adfab0263,markdown_it.renderer.xǁRendererHTMLǁrenderToken__mutmut_55,specified,markdown_it/renderer.py,renderToken,163,            elif nextToken.nesting == -1 and nextToken.tag == token.tag:,            elif nextToken.nesting == -1 or nextToken.tag == token.tag:,survived,unreviewed,,tests/task/phase1/task.py::test_file;tests/task/phase1/task.py::test_spec,mutmut show 'markdown_it.renderer.xǁRendererHTMLǁrenderToken__mutmut_55',mutmut tests-for-mutant 'markdown_it.renderer.xǁRendererHTMLǁrenderToken__mutmut_55',mutmut run 'markdown_it.renderer.xǁRendererHTMLǁrenderToken__mutmut_55'
M4c7c2e6109268f48,markdown_it.rules_inline.fragments_join.x_fragments_join__mutmut_14,specified,markdown_it/rules_inline/fragments_join.py,fragments_join,24,        if state.tokens[curr].nesting > 0:,        if state.tokens[curr].nesting > 1:,survived,unreviewed,,tests/task/phase1/task.py::test_core_after;tests/task/phase1/task.py::test_file;tests/task/phase1/task.py::test_spec;tests/task/task2.py::test_make_fence_at,mutmut show 'markdown_it.rules_inline.fragments_join.x_fragments_join__mutmut_14',mutmut tests-for-mutant 'markdown_it.rules_inline.fragments_join.x_fragments_join__mutmut_14',mutmut run 'markdown_it.rules_inline.fragments_join.x_fragments_join__mutmut_14'
M4c96523392857eb2,markdown_it.rules_block.paragraph.x_paragraph__mutmut_58,specified,markdown_it/rules_block/paragraph.py,paragraph,48,        nextLine += 1,        nextLine -= 1,timeout,unreviewed,,tests/task/phase1/task.py::test_core_after;tests/task/phase1/task.py::test_file;tests/task/phase1/task.py::test_spec;tests/task/task2.py::test_make_fence_at,mutmut show 'markdown_it.rules_block.paragraph.x_paragraph__mutmut_58',mutmut tests-for-mutant 'markdown_it.rules_block.paragraph.x_paragraph__mutmut_58',mutmut run 'markdown_it.rules_block.paragraph.x_paragraph__mutmut_58'
M4cc9937d29dc128e,markdown_it.rules_block.hr.x_hr__mutmut_6,specified,markdown_it/rules_block/hr.py,hr,15,"    LOGGER.debug(""entering hr: %s, %s, %s, %s"", state, startLine, endLine, silent)","    LOGGER.debug(state, startLine, endLine, silent)",survived,unreviewed,,tests/task/phase1/task.py::test_core_after;tests/task/phase1/task.py::test_file;tests/task/phase1/task.py::test_spec;tests/task/task2.py::test_make_fence_at,mutmut show 'markdown_it.rules_block.hr.x_hr__mutmut_6',mutmut tests-for-mutant 'markdown_it.rules_block.hr.x_hr__mutmut_6',mutmut run 'markdown_it.rules_block.hr.x_hr__mutmut_6'
M4cd8ab7cb9adb882,markdown_it.ruler.xǁRulerǁdisable__mutmut_1,specified,markdown_it/ruler.py,disable,232,"    self, names: str | Iterable[str], ignoreInvalid: bool = False","    self, names: str | Iterable[str], ignoreInvalid: bool = True",no_tests,unreviewed,,,mutmut show 'markdown_it.ruler.xǁRulerǁdisable__mutmut_1',mutmut tests-for-mutant 'markdown_it.ruler.xǁRulerǁdisable__mutmut_1',mutmut run 'markdown_it.ruler.xǁRulerǁdisable__mutmut_1'
M4d163b3c441f5cba,markdown_it.rules_block.reference.x_reference__mutmut_72,specified,markdown_it/rules_block/reference.py,reference,48,"                and (lineContent := getNextLine(state, nextLine)) is not None","                and (lineContent := getNextLine(state, None)) is not None",survived,unreviewed,,tests/task/phase1/task.py::test_core_after;tests/task/phase1/task.py::test_file;tests/task/phase1/task.py::test_spec;tests/task/task2.py::test_make_fence_at,mutmut show 'markdown_it.rules_block.reference.x_reference__mutmut_72',mutmut tests-for-mutant 'markdown_it.rules_block.reference.x_reference__mutmut_72',mutmut run 'markdown_it.rules_block.reference.x_reference__mutmut_72'
M4d1942bea6ac6b6c,markdown_it.rules_inline.balance_pairs.x_processDelimiters__mutmut_105,specified,markdown_it/rules_inline/balance_pairs.py,processDelimiters,97,                    jumps[openerIdx] = lastJump,                    jumps[openerIdx] = None,survived,unreviewed,,tests/task/phase1/task.py::test_core_after;tests/task/phase1/task.py::test_file;tests/task/phase1/task.py::test_spec;tests/task/task2.py::test_make_fence_at,mutmut show 'markdown_it.rules_inline.balance_pairs.x_processDelimiters__mutmut_105',mutmut tests-for-mutant 'markdown_it.rules_inline.balance_pairs.x_processDelimiters__mutmut_105',mutmut run 'markdown_it.rules_inline.balance_pairs.x_processDelimiters__mutmut_105'
M4d343a1a6880a0ba,markdown_it.rules_block.hr.x_hr__mutmut_46,specified,markdown_it/rules_block/hr.py,hr,45,        return False,        return True,timeout,unreviewed,,tests/task/phase1/task.py::test_core_after;tests/task/phase1/task.py::test_file;tests/task/phase1/task.py::test_spec;tests/task/task2.py::test_make_fence_at,mutmut show 'markdown_it.rules_block.hr.x_hr__mutmut_46',mutmut tests-for-mutant 'markdown_it.rules_block.hr.x_hr__mutmut_46',mutmut run 'markdown_it.rules_block.hr.x_hr__mutmut_46'
M4d426261c0593d35,markdown_it.rules_block.state_block.xǁStateBlockǁ__init____mutmut_22,specified,markdown_it/rules_block/state_block.py,__init__,56,    self.listIndent = -1  # indent of the current list block (-1 if there isn't any),    self.listIndent = +1  # indent of the current list block (-1 if there isn't any),survived,unreviewed,,tests/task/phase1/task.py::test_core_after;tests/task/phase1/task.py::test_file;tests/task/phase1/task.py::test_spec;tests/task/task2.py::test_make_fence_after;tests/task/task2.py::test_make_fence_at,mutmut show 'markdown_it.rules_block.state_block.xǁStateBlockǁ__init____mutmut_22',mutmut tests-for-mutant 'markdown_it.rules_block.state_block.xǁStateBlockǁ__init____mutmut_22',mutmut run 'markdown_it.rules_block.state_block.xǁStateBlockǁ__init____mutmut_22'
M4da4559281e20c84,markdown_it.presets.commonmark.x_make__mutmut_90,specified,markdown_it/presets/commonmark.py,make,68,"                    ""link"",","                    ""XXlinkXX"",",survived,unreviewed,,tests/task/phase1/task.py::test_file,mutmut show 'markdown_it.presets.commonmark.x_make__mutmut_90',mutmut tests-for-mutant 'markdown_it.presets.commonmark.x_make__mutmut_90',mutmut run 'markdown_it.presets.commonmark.x_make__mutmut_90'
M4dc376835cced545,markdown_it.rules_block.hr.x_hr__mutmut_7,specified,markdown_it/rules_block/hr.py,hr,15,"    LOGGER.debug(""entering hr: %s, %s, %s, %s"", state, startLine, endLine, silent)","    LOGGER.debug(""entering hr: %s, %s, %s, %s"", startLine, endLine, silent)",survived,unreviewed,,tests/task/phase1/task.py::test_core_after;tests/task/phase1/task.py::test_file;tests/task/phase1/task.py::test_spec;tests/task/task2.py::test_make_fence_at,mutmut show 'markdown_it.rules_block.hr.x_hr__mutmut_7',mutmut tests-for-mutant 'markdown_it.rules_block.hr.x_hr__mutmut_7',mutmut run 'markdown_it.rules_block.hr.x_hr__mutmut_7'
M4dd79521ebb40751,markdown_it.rules_inline.entity.x_entity__mutmut_38,specified,markdown_it/rules_inline/entity.py,entity,30,"                token = state.push(""text_special"", """", 0)","                token = state.push(""text_special"", None, 0)",survived,unreviewed,,tests/task/phase1/task.py::test_file;tests/task/phase1/task.py::test_spec,mutmut show 'markdown_it.rules_inline.entity.x_entity__mutmut_38',mutmut tests-for-mutant 'markdown_it.rules_inline.entity.x_entity__mutmut_38',mutmut run 'markdown_it.rules_inline.entity.x_entity__mutmut_38'
M4dddfad54399a182,markdown_it.rules_inline.link.x_link__mutmut_129,specified,markdown_it/rules_inline/link.py,link,99,            if pos >= 0:,            if pos >= 1:,survived,unreviewed,,tests/task/phase1/task.py::test_file;tests/task/phase1/task.py::test_spec,mutmut show 'markdown_it.rules_inline.link.x_link__mutmut_129',mutmut tests-for-mutant 'markdown_it.rules_inline.link.x_link__mutmut_129',mutmut run 'markdown_it.rules_inline.link.x_link__mutmut_129'
M4ea531d68b71f93a,markdown_it._punycode.x_to_ascii__mutmut_1,specified,markdown_it/_punycode.py,to_ascii,63,        if REGEX_NON_ASCII.search(obj):,        if REGEX_NON_ASCII.search(None):,survived,unreviewed,,tests/task/phase1/task.py::test_file;tests/task/phase1/task.py::test_spec,mutmut show 'markdown_it._punycode.x_to_ascii__mutmut_1',mutmut tests-for-mutant 'markdown_it._punycode.x_to_ascii__mutmut_1',mutmut run 'markdown_it._punycode.x_to_ascii__mutmut_1'
M4eb5ce9aa0b581e7,markdown_it.rules_block.reference.x_reference__mutmut_54,specified,markdown_it/rules_block/reference.py,reference,42,                nextLine += 1,                nextLine = 1,timeout,unreviewed,,tests/task/phase1/task.py::test_core_after;tests/task/phase1/task.py::test_file;tests/task/phase1/task.py::test_spec;tests/task/task2.py::test_make_fence_at,mutmut show 'markdown_it.rules_block.reference.x_reference__mutmut_54',mutmut tests-for-mutant 'markdown_it.rules_block.reference.x_reference__mutmut_54',mutmut run 'markdown_it.rules_block.reference.x_reference__mutmut_54'
M4ed13c881bf8f3d0,markdown_it.rules_inline.state_inline.xǁStateInlineǁscanDelims__mutmut_13,specified,markdown_it/rules_inline/state_inline.py,scanDelims,138,        pos += 1,        pos = 1,timeout,unreviewed,,tests/task/phase1/task.py::test_file;tests/task/phase1/task.py::test_spec,mutmut show 'markdown_it.rules_inline.state_inline.xǁStateInlineǁscanDelims__mutmut_13',mutmut tests-for-mutant 'markdown_it.rules_inline.state_inline.xǁStateInlineǁscanDelims__mutmut_13',mutmut run 'markdown_it.rules_inline.state_inline.xǁStateInlineǁscanDelims__mutmut_13'
M4eed9d5a76ca08ec,markdown_it.rules_inline.emphasis.x__postProcess__mutmut_55,specified,markdown_it/rules_inline/emphasis.py,_postProcess,75,"        token.type = ""strong_open"" if isStrong else ""em_open""","        token.type = ""strong_open"" if isStrong else ""XXem_openXX""",survived,unreviewed,,tests/task/phase1/task.py::test_core_after;tests/task/phase1/task.py::test_file;tests/task/phase1/task.py::test_spec;tests/task/task2.py::test_make_fence_at,mutmut show 'markdown_it.rules_inline.emphasis.x__postProcess__mutmut_55',mutmut tests-for-mutant 'markdown_it.rules_inline.emphasis.x__postProcess__mutmut_55',mutmut run 'markdown_it.rules_inline.emphasis.x__postProcess__mutmut_55'
M4ef55ca4beb93da4,markdown_it.presets.commonmark.x_make__mutmut_72,specified,markdown_it/presets/commonmark.py,make,59,"            ""inline"": {","            ""XXinlineXX"": {",survived,unreviewed,,tests/task/phase1/task.py::test_file,mutmut show 'markdown_it.presets.commonmark.x_make__mutmut_72',mutmut tests-for-mutant 'markdown_it.presets.commonmark.x_make__mutmut_72',mutmut run 'markdown_it.presets.commonmark.x_make__mutmut_72'
M4f02f161d3ae53fb,markdown_it.rules_inline.fragments_join.x_fragments_join__mutmut_46,specified,markdown_it/rules_inline/fragments_join.py,fragments_join,41,            merged = state.tokens[curr - 1],            merged = state.tokens[curr - 2],survived,unreviewed,,tests/task/phase1/task.py::test_core_after;tests/task/phase1/task.py::test_file;tests/task/phase1/task.py::test_spec;tests/task/task2.py::test_make_fence_at,mutmut show 'markdown_it.rules_inline.fragments_join.x_fragments_join__mutmut_46',mutmut tests-for-mutant 'markdown_it.rules_inline.fragments_join.x_fragments_join__mutmut_46',mutmut run 'markdown_it.rules_inline.fragments_join.x_fragments_join__mutmut_46'
M4f1687cc02a7936d,markdown_it.rules_block.state_block.xǁStateBlockǁ__init____mutmut_26,specified,markdown_it/rules_block/state_block.py,__init__,60,"    self.parentType = ""root""","    self.parentType = ""ROOT""",survived,unreviewed,,tests/task/phase1/task.py::test_core_after;tests/task/phase1/task.py::test_file;tests/task/phase1/task.py::test_spec;tests/task/task2.py::test_make_fence_after;tests/task/task2.py::test_make_fence_at,mutmut show 'markdown_it.rules_block.state_block.xǁStateBlockǁ__init____mutmut_26',mutmut tests-for-mutant 'markdown_it.rules_block.state_block.xǁStateBlockǁ__init____mutmut_26',mutmut run 'markdown_it.rules_block.state_block.xǁStateBlockǁ__init____mutmut_26'
M4f3ded0413aeeafb,markdown_it._punycode.x_to_unicode__mutmut_1,specified,markdown_it/_punycode.py,to_unicode,54,"        if obj.startswith(""xn--""):",        if obj.startswith(None):,survived,unreviewed,,tests/task/phase1/task.py::test_file;tests/task/phase1/task.py::test_spec,mutmut show 'markdown_it._punycode.x_to_unicode__mutmut_1',mutmut tests-for-mutant 'markdown_it._punycode.x_to_unicode__mutmut_1',mutmut run 'markdown_it._punycode.x_to_unicode__mutmut_1'
M4fa98e81db418c0f,markdown_it.presets.commonmark.x_make__mutmut_36,specified,markdown_it/presets/commonmark.py,make,44,"            ""core"": {""rules"": [""normalize"", ""block"", ""inline"", ""text_join""]},","            ""XXcoreXX"": {""rules"": [""normalize"", ""block"", ""inline"", ""text_join""]},",survived,unreviewed,,tests/task/phase1/task.py::test_file,mutmut show 'markdown_it.presets.commonmark.x_make__mutmut_36',mutmut tests-for-mutant 'markdown_it.presets.commonmark.x_make__mutmut_36',mutmut run 'markdown_it.presets.commonmark.x_make__mutmut_36'
M4fdb3f75decd323a,markdown_it.presets.xǁgfm_likeǁmake__mutmut_49,specified,markdown_it/presets/__init__.py,make,27,"    config[""options""][""html""] = True","    config[""options""][""XXhtmlXX""] = True",survived,unreviewed,,tests/task/phase1/task.py::test_file,mutmut show 'markdown_it.presets.xǁgfm_likeǁmake__mutmut_49',mutmut tests-for-mutant 'markdown_it.presets.xǁgfm_likeǁmake__mutmut_49',mutmut run 'markdown_it.presets.xǁgfm_likeǁmake__mutmut_49'
M4fea7cfb496936f2,markdown_it.common.normalize_url.x_validateLink__mutmut_6,specified,markdown_it/common/normalize_url.py,validateLink,81,    return bool(GOOD_DATA_RE.search(url)) if BAD_PROTO_RE.search(url) else True,    return bool(GOOD_DATA_RE.search(None)) if BAD_PROTO_RE.search(url) else True,survived,unreviewed,,tests/task/phase1/task.py::test_file;tests/task/phase1/task.py::test_spec,mutmut show 'markdown_it.common.normalize_url.x_validateLink__mutmut_6',mutmut tests-for-mutant 'markdown_it.common.normalize_url.x_validateLink__mutmut_6',mutmut run 'markdown_it.common.normalize_url.x_validateLink__mutmut_6'
M4fecc716d0e449ac,markdown_it.helpers.parse_link_destination.x_parseLinkDestination__mutmut_12,specified,markdown_it/helpers/parse_link_destination.py,parseLinkDestination,23,        while pos < maximum:,        while pos <= maximum:,survived,unreviewed,,tests/task/phase1/task.py::test_file;tests/task/phase1/task.py::test_spec,mutmut show 'markdown_it.helpers.parse_link_destination.x_parseLinkDestination__mutmut_12',mutmut tests-for-mutant 'markdown_it.helpers.parse_link_destination.x_parseLinkDestination__mutmut_12',mutmut run 'markdown_it.helpers.parse_link_destination.x_parseLinkDestination__mutmut_12'
M50145002bdfd931c,markdown_it.rules_block.lheading.x_lheading__mutmut_65,specified,markdown_it/rules_block/lheading.py,lheading,50,            nextLine += 1,            nextLine -= 1,timeout,unreviewed,,tests/task/phase1/task.py::test_core_after;tests/task/phase1/task.py::test_file;tests/task/phase1/task.py::test_spec;tests/task/task2.py::test_make_fence_at,mutmut show 'markdown_it.rules_block.lheading.x_lheading__mutmut_65',mutmut tests-for-mutant 'markdown_it.rules_block.lheading.x_lheading__mutmut_65',mutmut run 'markdown_it.rules_block.lheading.x_lheading__mutmut_65'
M506cbbe9aadea2fb,markdown_it.rules_block.fence.x_make_fence_rule__mutmut_46,specified,markdown_it/rules_block/fence.py,make_fence_rule,76,        markup = state.src[mem:pos],        markup = None,survived,unreviewed,,tests/task/phase1/task.py::test_file;tests/task/task2.py::test_make_fence_after;tests/task/task2.py::test_make_fence_at,mutmut show 'markdown_it.rules_block.fence.x_make_fence_rule__mutmut_46',mutmut tests-for-mutant 'markdown_it.rules_block.fence.x_make_fence_rule__mutmut_46',mutmut run 'markdown_it.rules_block.fence.x_make_fence_rule__mutmut_46'
M5076093c26b10d7d,markdown_it.rules_inline.newline.x_newline__mutmut_94,specified,markdown_it/rules_inline/newline.py,newline,44,    return True,    return False,survived,unreviewed,,tests/task/phase1/task.py::test_file;tests/task/phase1/task.py::test_spec;tests/task/task2.py::test_make_fence_at,mutmut show 'markdown_it.rules_inline.newline.x_newline__mutmut_94',mutmut tests-for-mutant 'markdown_it.rules_inline.newline.x_newline__mutmut_94',mutmut run 'markdown_it.rules_inline.newline.x_newline__mutmut_94'
M5092e0a25e3b61b0,markdown_it.rules_block.paragraph.x_paragraph__mutmut_26,specified,markdown_it/rules_block/paragraph.py,paragraph,24,    while nextLine < endLine:,    while nextLine <= endLine:,survived,unreviewed,,tests/task/phase1/task.py::test_core_after;tests/task/phase1/task.py::test_file;tests/task/phase1/task.py::test_spec;tests/task/task2.py::test_make_fence_at,mutmut show 'markdown_it.rules_block.paragraph.x_paragraph__mutmut_26',mutmut tests-for-mutant 'markdown_it.rules_block.paragraph.x_paragraph__mutmut_26',mutmut run 'markdown_it.rules_block.paragraph.x_paragraph__mutmut_26'
M5098ef16327878a5,markdown_it.rules_inline.autolink.x_autolink__mutmut_82,specified,markdown_it/rules_inline/autolink.py,autolink,51,"            token.info = ""auto""","            token.info = ""XXautoXX""",survived,unreviewed,,tests/task/phase1/task.py::test_file;tests/task/phase1/task.py::test_spec,mutmut show 'markdown_it.rules_inline.autolink.x_autolink__mutmut_82',mutmut tests-for-mutant 'markdown_it.rules_inline.autolink.x_autolink__mutmut_82',mutmut run 'markdown_it.rules_inline.autolink.x_autolink__mutmut_82'
M50cb19c884dbd76d,markdown_it.presets.xǁgfm_likeǁmake__mutmut_18,specified,markdown_it/presets/__init__.py,make,23,"    config[""components""][""block""][""rules""].append(""table"")","    config[""components""][""block""][""rules""].append(""XXtableXX"")",survived,unreviewed,,tests/task/phase1/task.py::test_file,mutmut show 'markdown_it.presets.xǁgfm_likeǁmake__mutmut_18',mutmut tests-for-mutant 'markdown_it.presets.xǁgfm_likeǁmake__mutmut_18',mutmut run 'markdown_it.presets.xǁgfm_likeǁmake__mutmut_18'
M513dec20522b5f68,markdown_it.rules_block.state_block.xǁStateBlockǁgetLines__mutmut_22,specified,markdown_it/rules_block/state_block.py,getLines,232,        while (first < last) and (lineIndent < indent):,        while (first <= last) and (lineIndent < indent):,survived,unreviewed,,tests/task/phase1/task.py::test_core_after;tests/task/phase1/task.py::test_file;tests/task/phase1/task.py::test_spec;tests/task/task2.py::test_make_fence_after;tests/task/task2.py::test_make_fence_at,mutmut show 'markdown_it.rules_block.state_block.xǁStateBlockǁgetLines__mutmut_22',mutmut tests-for-mutant 'markdown_it.rules_block.state_block.xǁStateBlockǁgetLines__mutmut_22',mutmut run 'markdown_it.rules_block.state_block.xǁStateBlockǁgetLines__mutmut_22'
M519f1a7c6ed5875b,markdown_it.rules_block.blockquote.x_blockquote__mutmut_46,specified,markdown_it/rules_block/blockquote.py,blockquote,53,        spaceAfterMarker = True,        spaceAfterMarker = False,survived,unreviewed,,tests/task/phase1/task.py::test_core_after;tests/task/phase1/task.py::test_file;tests/task/phase1/task.py::test_spec;tests/task/task2.py::test_make_fence_at,mutmut show 'markdown_it.rules_block.blockquote.x_blockquote__mutmut_46',mutmut tests-for-mutant 'markdown_it.rules_block.blockquote.x_blockquote__mutmut_46',mutmut run 'markdown_it.rules_block.blockquote.x_blockquote__mutmut_46'
M51c504c6c53edd24,markdown_it.rules_block.fence.x_make_fence_rule__mutmut_54,specified,markdown_it/rules_block/fence.py,make_fence_rule,89,        while True:,        while False:,timeout,unreviewed,,tests/task/phase1/task.py::test_file;tests/task/task2.py::test_make_fence_after;tests/task/task2.py::test_make_fence_at,mutmut show 'markdown_it.rules_block.fence.x_make_fence_rule__mutmut_54',mutmut tests-for-mutant 'markdown_it.rules_block.fence.x_make_fence_rule__mutmut_54',mutmut run 'markdown_it.rules_block.fence.x_make_fence_rule__mutmut_54'
M51d65e2101958a29,markdown_it.rules_inline.autolink.x_autolink__mutmut_54,specified,markdown_it/rules_inline/autolink.py,autolink,46,"            token = state.push(""text"", """", 0)","            token = state.push(""text"", None, 0)",survived,unreviewed,,tests/task/phase1/task.py::test_file;tests/task/phase1/task.py::test_spec,mutmut show 'markdown_it.rules_inline.autolink.x_autolink__mutmut_54',mutmut tests-for-mutant 'markdown_it.rules_inline.autolink.x_autolink__mutmut_54',mutmut run 'markdown_it.rules_inline.autolink.x_autolink__mutmut_54'
M51d8f6bb3c11c26f,markdown_it.rules_inline.fragments_join.x_fragments_join__mutmut_26,specified,markdown_it/rules_inline/fragments_join.py,fragments_join,30,"            and state.tokens[curr + 1].type == ""text""","            and state.tokens[curr - 1].type == ""text""",survived,unreviewed,,tests/task/phase1/task.py::test_core_after;tests/task/phase1/task.py::test_file;tests/task/phase1/task.py::test_spec;tests/task/task2.py::test_make_fence_at,mutmut show 'markdown_it.rules_inline.fragments_join.x_fragments_join__mutmut_26',mutmut tests-for-mutant 'markdown_it.rules_inline.fragments_join.x_fragments_join__mutmut_26',mutmut run 'markdown_it.rules_inline.fragments_join.x_fragments_join__mutmut_26'
M51fc65a8d4e06e10,markdown_it.common.normalize_url.x_normalizeLink__mutmut_8,specified,markdown_it/common/normalize_url.py,normalizeLink,32,        not parsed.protocol or parsed.protocol in RECODE_HOSTNAME_FOR,        not parsed.protocol and parsed.protocol in RECODE_HOSTNAME_FOR,survived,unreviewed,,tests/task/phase1/task.py::test_file;tests/task/phase1/task.py::test_spec,mutmut show 'markdown_it.common.normalize_url.x_normalizeLink__mutmut_8',mutmut tests-for-mutant 'markdown_it.common.normalize_url.x_normalizeLink__mutmut_8',mutmut run 'markdown_it.common.normalize_url.x_normalizeLink__mutmut_8'
M52246db2e2990577,markdown_it.rules_block.list.x_skipOrderedListMarker__mutmut_24,specified,markdown_it/rules_block/list.py,skipOrderedListMarker,56,        if pos >= maximum:,        if pos > maximum:,survived,unreviewed,,tests/task/phase1/task.py::test_core_after;tests/task/phase1/task.py::test_file;tests/task/phase1/task.py::test_spec;tests/task/task2.py::test_make_fence_at,mutmut show 'markdown_it.rules_block.list.x_skipOrderedListMarker__mutmut_24',mutmut tests-for-mutant 'markdown_it.rules_block.list.x_skipOrderedListMarker__mutmut_24',mutmut run 'markdown_it.rules_block.list.x_skipOrderedListMarker__mutmut_24'
M52301a8893bbb9fb,markdown_it.rules_block.blockquote.x_blockquote__mutmut_5,specified,markdown_it/rules_block/blockquote.py,blockquote,14,"        ""entering blockquote: %s, %s, %s, %s"", state, startLine, endLine, silent","        ""entering blockquote: %s, %s, %s, %s"", state, startLine, endLine, None",survived,unreviewed,,tests/task/phase1/task.py::test_core_after;tests/task/phase1/task.py::test_file;tests/task/phase1/task.py::test_spec;tests/task/task2.py::test_make_fence_at,mutmut show 'markdown_it.rules_block.blockquote.x_blockquote__mutmut_5',mutmut tests-for-mutant 'markdown_it.rules_block.blockquote.x_blockquote__mutmut_5',mutmut run 'markdown_it.rules_block.blockquote.x_blockquote__mutmut_5'
M5233e56dea26c088,markdown_it.rules_inline.escape.x_escape__mutmut_37,specified,markdown_it/rules_inline/escape.py,escape,34,            pos += 1,            pos -= 1,survived,unreviewed,,tests/task/phase1/task.py::test_file;tests/task/phase1/task.py::test_spec;tests/task/task2.py::test_make_fence_at,mutmut show 'markdown_it.rules_inline.escape.x_escape__mutmut_37',mutmut tests-for-mutant 'markdown_it.rules_inline.escape.x_escape__mutmut_37',mutmut run 'markdown_it.rules_inline.escape.x_escape__mutmut_37'
M523b42bbcf56ebfa,markdown_it.ruler.xǁRulerǁafter__mutmut_8,extended_only,markdown_it/ruler.py,after,170,"        raise KeyError(f""Parser rule not found: {afterName}"")",        raise KeyError(None),survived,unreviewed,,tests/task/phase1/task.py::test_core_after;tests/task/task2.py::test_make_fence_after,mutmut show 'markdown_it.ruler.xǁRulerǁafter__mutmut_8',mutmut tests-for-mutant 'markdown_it.ruler.xǁRulerǁafter__mutmut_8',mutmut run 'markdown_it.ruler.xǁRulerǁafter__mutmut_8'
M52a088f1fa67cd79,markdown_it.rules_block.list.x_list_block__mutmut_131,specified,markdown_it/rules_block/list.py,list_block,209,                offset += 4 - (offset + state.bsCount[nextLine]) % 4,                offset += 5 - (offset + state.bsCount[nextLine]) % 4,survived,unreviewed,,tests/task/phase1/task.py::test_core_after;tests/task/phase1/task.py::test_file;tests/task/phase1/task.py::test_spec;tests/task/task2.py::test_make_fence_at,mutmut show 'markdown_it.rules_block.list.x_list_block__mutmut_131',mutmut tests-for-mutant 'markdown_it.rules_block.list.x_list_block__mutmut_131',mutmut run 'markdown_it.rules_block.list.x_list_block__mutmut_131'
M52f4479de75307c4,markdown_it.rules_block.blockquote.x_blockquote__mutmut_207,specified,markdown_it/rules_block/blockquote.py,blockquote,217,            oldBSCount.append(state.bsCount[nextLine]),            oldBSCount.append(None),survived,unreviewed,,tests/task/phase1/task.py::test_core_after;tests/task/phase1/task.py::test_file;tests/task/phase1/task.py::test_spec;tests/task/task2.py::test_make_fence_at,mutmut show 'markdown_it.rules_block.blockquote.x_blockquote__mutmut_207',mutmut tests-for-mutant 'markdown_it.rules_block.blockquote.x_blockquote__mutmut_207',mutmut run 'markdown_it.rules_block.blockquote.x_blockquote__mutmut_207'
M530f216afcaad797,markdown_it.presets.default.x_make__mutmut_20,specified,markdown_it/presets/default.py,make,24,"            ""xhtmlOut"": False,  # Use '/' to close single tags (<br />)","            ""XXxhtmlOutXX"": False,  # Use '/' to close single tags (<br />)",survived,unreviewed,,tests/task/phase1/task.py::test_file,mutmut show 'markdown_it.presets.default.x_make__mutmut_20',mutmut tests-for-mutant 'markdown_it.presets.default.x_make__mutmut_20',mutmut run 'markdown_it.presets.default.x_make__mutmut_20'
M532b8274fb7cf794,markdown_it.rules_block.reference.x_reference__mutmut_31,specified,markdown_it/rules_block/reference.py,reference,31,    while pos < maximum:,    while pos <= maximum:,survived,unreviewed,,tests/task/phase1/task.py::test_core_after;tests/task/phase1/task.py::test_file;tests/task/phase1/task.py::test_spec;tests/task/task2.py::test_make_fence_at,mutmut show 'markdown_it.rules_block.reference.x_reference__mutmut_31',mutmut tests-for-mutant 'markdown_it.rules_block.reference.x_reference__mutmut_31',mutmut run 'markdown_it.rules_block.reference.x_reference__mutmut_31'
M5332a4c8e936e812,markdown_it.rules_block.lheading.x_lheading__mutmut_80,specified,markdown_it/rules_block/lheading.py,lheading,57,                terminate = True,                terminate = False,survived,unreviewed,,tests/task/phase1/task.py::test_core_after;tests/task/phase1/task.py::test_file;tests/task/phase1/task.py::test_spec;tests/task/task2.py::test_make_fence_at,mutmut show 'markdown_it.rules_block.lheading.x_lheading__mutmut_80',mutmut tests-for-mutant 'markdown_it.rules_block.lheading.x_lheading__mutmut_80',mutmut run 'markdown_it.rules_block.lheading.x_lheading__mutmut_80'
M5349df734b7d6882,markdown_it.rules_inline.entity.x_entity__mutmut_87,specified,markdown_it/rules_inline/entity.py,entity,50,            state.pos += len(match.group(0)),            state.pos = len(match.group(0)),timeout,unreviewed,,tests/task/phase1/task.py::test_file;tests/task/phase1/task.py::test_spec,mutmut show 'markdown_it.rules_inline.entity.x_entity__mutmut_87',mutmut tests-for-mutant 'markdown_it.rules_inline.entity.x_entity__mutmut_87',mutmut run 'markdown_it.rules_inline.entity.x_entity__mutmut_87'
M53c9a133b931d583,markdown_it.parser_block.xǁParserBlockǁtokenize__mutmut_8,specified,markdown_it/parser_block.py,tokenize,67,    while line < endLine:,    while line <= endLine:,survived,unreviewed,,tests/task/phase1/task.py::test_core_after;tests/task/phase1/task.py::test_file;tests/task/phase1/task.py::test_spec;tests/task/task2.py::test_make_fence_after;tests/task/task2.py::test_make_fence_at,mutmut show 'markdown_it.parser_block.xǁParserBlockǁtokenize__mutmut_8',mutmut tests-for-mutant 'markdown_it.parser_block.xǁParserBlockǁtokenize__mutmut_8',mutmut run 'markdown_it.parser_block.xǁParserBlockǁtokenize__mutmut_8'
M53d3aab8ee1502ab,markdown_it.rules_block.reference.x_reference__mutmut_64,specified,markdown_it/rules_block/reference.py,reference,46,                pos < maximum,                pos <= maximum,survived,unreviewed,,tests/task/phase1/task.py::test_core_after;tests/task/phase1/task.py::test_file;tests/task/phase1/task.py::test_spec;tests/task/task2.py::test_make_fence_at,mutmut show 'markdown_it.rules_block.reference.x_reference__mutmut_64',mutmut tests-for-mutant 'markdown_it.rules_block.reference.x_reference__mutmut_64',mutmut run 'markdown_it.rules_block.reference.x_reference__mutmut_64'
M53f0d0cbb70c2c6e,markdown_it.rules_inline.backticks.x_backtick__mutmut_15,specified,markdown_it/rules_inline/backticks.py,backtick,21,        pos += 1,        pos -= 1,timeout,unreviewed,,tests/task/phase1/task.py::test_file;tests/task/phase1/task.py::test_spec;tests/task/task2.py::test_make_fence_at,mutmut show 'markdown_it.rules_inline.backticks.x_backtick__mutmut_15',mutmut tests-for-mutant 'markdown_it.rules_inline.backticks.x_backtick__mutmut_15',mutmut run 'markdown_it.rules_inline.backticks.x_backtick__mutmut_15'
M53f4ff05cdec7e66,markdown_it.rules_inline.newline.x_newline__mutmut_57,specified,markdown_it/rules_inline/newline.py,newline,29,"                state.push(""hardbreak"", ""br"", 0)","                state.push(""hardbreak"", ""BR"", 0)",survived,unreviewed,,tests/task/phase1/task.py::test_file;tests/task/phase1/task.py::test_spec;tests/task/task2.py::test_make_fence_at,mutmut show 'markdown_it.rules_inline.newline.x_newline__mutmut_57',mutmut tests-for-mutant 'markdown_it.rules_inline.newline.x_newline__mutmut_57',mutmut run 'markdown_it.rules_inline.newline.x_newline__mutmut_57'
M543e1fb586dab1f1,markdown_it.helpers.parse_link_label.x_parseLinkLabel__mutmut_37,specified,markdown_it/helpers/parse_link_label.py,parseLinkLabel,37,                return -1,                return -2,survived,unreviewed,,tests/task/phase1/task.py::test_file;tests/task/phase1/task.py::test_spec,mutmut show 'markdown_it.helpers.parse_link_label.x_parseLinkLabel__mutmut_37',mutmut tests-for-mutant 'markdown_it.helpers.parse_link_label.x_parseLinkLabel__mutmut_37',mutmut run 'markdown_it.helpers.parse_link_label.x_parseLinkLabel__mutmut_37'
M547c86c4ac538ffa,markdown_it._punycode.x_map_domain__mutmut_20,specified,markdown_it/_punycode.py,map_domain,49,    return result + encoded,    return result - encoded,survived,unreviewed,,tests/task/phase1/task.py::test_file;tests/task/phase1/task.py::test_spec,mutmut show 'markdown_it._punycode.x_map_domain__mutmut_20',mutmut tests-for-mutant 'markdown_it._punycode.x_map_domain__mutmut_20',mutmut run 'markdown_it._punycode.x_map_domain__mutmut_20'
M54b234a4bed630e6,markdown_it.presets.commonmark.x_make__mutmut_91,specified,markdown_it/presets/commonmark.py,make,68,"                    ""link"",","                    ""LINK"",",survived,unreviewed,,tests/task/phase1/task.py::test_file,mutmut show 'markdown_it.presets.commonmark.x_make__mutmut_91',mutmut tests-for-mutant 'markdown_it.presets.commonmark.x_make__mutmut_91',mutmut run 'markdown_it.presets.commonmark.x_make__mutmut_91'
M54d16e704267d4ec,markdown_it.presets.zero.x_make__mutmut_18,specified,markdown_it/presets/zero.py,make,25,"            ""quotes"": ""\u201c\u201d\u2018\u2019"",  # /* “”‘’ */","            ""quotes"": ""XX\u201c\u201d\u2018\u2019XX"",  # /* “”‘’ */",survived,unreviewed,,tests/task/phase1/task.py::test_file,mutmut show 'markdown_it.presets.zero.x_make__mutmut_18',mutmut tests-for-mutant 'markdown_it.presets.zero.x_make__mutmut_18',mutmut run 'markdown_it.presets.zero.x_make__mutmut_18'
M54f26c2d2743843d,markdown_it.rules_inline.link.x_link__mutmut_169,specified,markdown_it/rules_inline/link.py,link,131,"        token = state.push(""link_open"", ""a"", 1)","        token = state.push(""XXlink_openXX"", ""a"", 1)",survived,unreviewed,,tests/task/phase1/task.py::test_file;tests/task/phase1/task.py::test_spec,mutmut show 'markdown_it.rules_inline.link.x_link__mutmut_169',mutmut tests-for-mutant 'markdown_it.rules_inline.link.x_link__mutmut_169',mutmut run 'markdown_it.rules_inline.link.x_link__mutmut_169'
M54fd840fc3274156,markdown_it.rules_inline.backticks.x_backtick__mutmut_66,specified,markdown_it/rules_inline/backticks.py,backtick,51,"                token = state.push(""code_inline"", ""code"", 0)","                token = state.push(""code_inline"", ""CODE"", 0)",survived,unreviewed,,tests/task/phase1/task.py::test_file;tests/task/phase1/task.py::test_spec;tests/task/task2.py::test_make_fence_at,mutmut show 'markdown_it.rules_inline.backticks.x_backtick__mutmut_66',mutmut tests-for-mutant 'markdown_it.rules_inline.backticks.x_backtick__mutmut_66',mutmut run 'markdown_it.rules_inline.backticks.x_backtick__mutmut_66'
M5511240f17a50a3f,markdown_it.main.xǁMarkdownItǁconfigure__mutmut_15,specified,markdown_it/main.py,configure,125,"    options = config.get(""options"", {}) or {}","    options = config.get(""options"", ) or {}",survived,unreviewed,,tests/task/phase1/task.py::test_core_after;tests/task/phase1/task.py::test_file;tests/task/phase1/task.py::test_non_utf8;tests/task/phase1/task.py::test_spec;tests/task/task2.py::test_make_fence_after;tests/task/task2.py::test_make_fence_at,mutmut show 'markdown_it.main.xǁMarkdownItǁconfigure__mutmut_15',mutmut tests-for-mutant 'markdown_it.main.xǁMarkdownItǁconfigure__mutmut_15',mutmut run 'markdown_it.main.xǁMarkdownItǁconfigure__mutmut_15'
M5557d6684d699111,markdown_it.presets.zero.x_make__mutmut_22,specified,markdown_it/presets/zero.py,make,27,"            ""xhtmlOut"": False,  # Use '/' to close single tags (<br />)","            ""XHTMLOUT"": False,  # Use '/' to close single tags (<br />)",survived,unreviewed,,tests/task/phase1/task.py::test_file,mutmut show 'markdown_it.presets.zero.x_make__mutmut_22',mutmut tests-for-mutant 'markdown_it.presets.zero.x_make__mutmut_22',mutmut run 'markdown_it.presets.zero.x_make__mutmut_22'
M556e54b77a66be93,markdown_it.rules_inline.escape.x_escape__mutmut_6,specified,markdown_it/rules_inline/escape.py,escape,17,    pos += 1,    pos = 1,timeout,unreviewed,,tests/task/phase1/task.py::test_file;tests/task/phase1/task.py::test_spec;tests/task/task2.py::test_make_fence_at,mutmut show 'markdown_it.rules_inline.escape.x_escape__mutmut_6',mutmut tests-for-mutant 'markdown_it.rules_inline.escape.x_escape__mutmut_6',mutmut run 'markdown_it.rules_inline.escape.x_escape__mutmut_6'
M558814951d682188,markdown_it.presets.zero.x_make__mutmut_14,specified,markdown_it/presets/zero.py,make,19,"            ""typographer"": False,","            ""TYPOGRAPHER"": False,",survived,unreviewed,,tests/task/phase1/task.py::test_file,mutmut show 'markdown_it.presets.zero.x_make__mutmut_14',mutmut tests-for-mutant 'markdown_it.presets.zero.x_make__mutmut_14',mutmut run 'markdown_it.presets.zero.x_make__mutmut_14'
M55a56cc3c5fab88a,markdown_it.rules_inline.fragments_join.x_fragments_join__mutmut_2,specified,markdown_it/rules_inline/fragments_join.py,fragments_join,14,    level = 0,    level = 1,survived,unreviewed,,tests/task/phase1/task.py::test_core_after;tests/task/phase1/task.py::test_file;tests/task/phase1/task.py::test_spec;tests/task/task2.py::test_make_fence_at,mutmut show 'markdown_it.rules_inline.fragments_join.x_fragments_join__mutmut_2',mutmut tests-for-mutant 'markdown_it.rules_inline.fragments_join.x_fragments_join__mutmut_2',mutmut run 'markdown_it.rules_inline.fragments_join.x_fragments_join__mutmut_2'
M55ceec25c3f678f9,markdown_it.presets.xǁgfm_likeǁmake__mutmut_41,specified,markdown_it/presets/__init__.py,make,26,"    config[""options""][""linkify""] = True","    config[""XXoptionsXX""][""linkify""] = True",survived,unreviewed,,tests/task/phase1/task.py::test_file,mutmut show 'markdown_it.presets.xǁgfm_likeǁmake__mutmut_41',mutmut tests-for-mutant 'markdown_it.presets.xǁgfm_likeǁmake__mutmut_41',mutmut run 'markdown_it.presets.xǁgfm_likeǁmake__mutmut_41'
M55e9de9fb5bad025,markdown_it.cli.parse.x_parse_args__mutmut_37,specified,markdown_it/cli/parse.py,parse_args,115,"        ""--stdin"", action=""store_true"", help=""read Markdown from standard input""","        ""--stdin"", action=""STORE_TRUE"", help=""read Markdown from standard input""",no_tests,unreviewed,,,mutmut show 'markdown_it.cli.parse.x_parse_args__mutmut_37',mutmut tests-for-mutant 'markdown_it.cli.parse.x_parse_args__mutmut_37',mutmut run 'markdown_it.cli.parse.x_parse_args__mutmut_37'
M55f694fc14423cc6,markdown_it.rules_block.list.x_skipOrderedListMarker__mutmut_7,specified,markdown_it/rules_block/list.py,skipOrderedListMarker,43,    if pos + 1 >= maximum:,    if pos + 1 > maximum:,survived,unreviewed,,tests/task/phase1/task.py::test_core_after;tests/task/phase1/task.py::test_file;tests/task/phase1/task.py::test_spec;tests/task/task2.py::test_make_fence_at,mutmut show 'markdown_it.rules_block.list.x_skipOrderedListMarker__mutmut_7',mutmut tests-for-mutant 'markdown_it.rules_block.list.x_skipOrderedListMarker__mutmut_7',mutmut run 'markdown_it.rules_block.list.x_skipOrderedListMarker__mutmut_7'
M56790e2e3790b285,markdown_it.rules_inline.escape.x_escape__mutmut_43,specified,markdown_it/rules_inline/escape.py,escape,41,    if ch1_ord >= 0xD800 and ch1_ord <= 0xDBFF and pos + 1 < maximum:,    if ch1_ord >= 0xD800 or ch1_ord <= 0xDBFF and pos + 1 < maximum:,survived,unreviewed,,tests/task/phase1/task.py::test_file;tests/task/phase1/task.py::test_spec;tests/task/task2.py::test_make_fence_at,mutmut show 'markdown_it.rules_inline.escape.x_escape__mutmut_43',mutmut tests-for-mutant 'markdown_it.rules_inline.escape.x_escape__mutmut_43',mutmut run 'markdown_it.rules_inline.escape.x_escape__mutmut_43'
M568fb1d8d9206736,markdown_it.renderer.xǁRendererHTMLǁfence__mutmut_46,specified,markdown_it/renderer.py,fence,294,"        tmpToken = Token(type="""", tag="""", nesting=0, attrs=token.attrs.copy())","        tmpToken = Token(type="""", tag="""", nesting=1, attrs=token.attrs.copy())",survived,unreviewed,,tests/task/phase1/task.py::test_file;tests/task/phase1/task.py::test_spec,mutmut show 'markdown_it.renderer.xǁRendererHTMLǁfence__mutmut_46',mutmut tests-for-mutant 'markdown_it.renderer.xǁRendererHTMLǁfence__mutmut_46',mutmut run 'markdown_it.renderer.xǁRendererHTMLǁfence__mutmut_46'
M56a6e9451118fc53,markdown_it.rules_inline.html_inline.x_html_inline__mutmut_15,specified,markdown_it/rules_inline/html_inline.py,html_inline,21,"    if state.src[pos] != ""<"" or pos + 2 >= maximum:","    if state.src[pos] != ""<"" or pos + 2 > maximum:",survived,unreviewed,,tests/task/phase1/task.py::test_file;tests/task/phase1/task.py::test_spec,mutmut show 'markdown_it.rules_inline.html_inline.x_html_inline__mutmut_15',mutmut tests-for-mutant 'markdown_it.rules_inline.html_inline.x_html_inline__mutmut_15',mutmut run 'markdown_it.rules_inline.html_inline.x_html_inline__mutmut_15'
M56d1ef4d2d7ca578,markdown_it.rules_inline.fragments_join.x_fragments_join__mutmut_50,specified,markdown_it/rules_inline/fragments_join.py,fragments_join,43,            merged.level = level,            merged.level = None,survived,unreviewed,,tests/task/phase1/task.py::test_core_after;tests/task/phase1/task.py::test_file;tests/task/phase1/task.py::test_spec;tests/task/task2.py::test_make_fence_at,mutmut show 'markdown_it.rules_inline.fragments_join.x_fragments_join__mutmut_50',mutmut tests-for-mutant 'markdown_it.rules_inline.fragments_join.x_fragments_join__mutmut_50',mutmut run 'markdown_it.rules_inline.fragments_join.x_fragments_join__mutmut_50'
M56d47f66dc45da60,markdown_it.common.normalize_url.x_normalizeLinkText__mutmut_18,specified,markdown_it/common/normalize_url.py,normalizeLinkText,63,"    return mdurl.decode(mdurl.format(parsed), mdurl.DECODE_DEFAULT_CHARS + ""%"")","    return mdurl.decode(mdurl.format(parsed), )",survived,unreviewed,,tests/task/phase1/task.py::test_file;tests/task/phase1/task.py::test_spec,mutmut show 'markdown_it.common.normalize_url.x_normalizeLinkText__mutmut_18',mutmut tests-for-mutant 'markdown_it.common.normalize_url.x_normalizeLinkText__mutmut_18',mutmut run 'markdown_it.common.normalize_url.x_normalizeLinkText__mutmut_18'
M56df6accd501ef18,markdown_it.rules_block.fence.x_make_fence_rule__mutmut_58,specified,markdown_it/rules_block/fence.py,make_fence_rule,91,            if nextLine >= endLine:,            if nextLine > endLine:,survived,unreviewed,,tests/task/phase1/task.py::test_file;tests/task/task2.py::test_make_fence_after;tests/task/task2.py::test_make_fence_at,mutmut show 'markdown_it.rules_block.fence.x_make_fence_rule__mutmut_58',mutmut tests-for-mutant 'markdown_it.rules_block.fence.x_make_fence_rule__mutmut_58',mutmut run 'markdown_it.rules_block.fence.x_make_fence_rule__mutmut_58'
M5705da1b791e0102,markdown_it.rules_inline.newline.x_newline__mutmut_70,specified,markdown_it/rules_inline/newline.py,newline,32,"                state.push(""softbreak"", ""br"", 0)","                state.push(""softbreak"", ""XXbrXX"", 0)",survived,unreviewed,,tests/task/phase1/task.py::test_file;tests/task/phase1/task.py::test_spec;tests/task/task2.py::test_make_fence_at,mutmut show 'markdown_it.rules_inline.newline.x_newline__mutmut_70',mutmut tests-for-mutant 'markdown_it.rules_inline.newline.x_newline__mutmut_70',mutmut run 'markdown_it.rules_inline.newline.x_newline__mutmut_70'
M570745ee1c08d7a9,markdown_it.presets.commonmark.x_make__mutmut_28,specified,markdown_it/presets/commonmark.py,make,34,"            ""langPrefix"": ""language-"",  # CSS language prefix for fenced blocks","            ""langprefix"": ""language-"",  # CSS language prefix for fenced blocks",survived,unreviewed,,tests/task/phase1/task.py::test_file,mutmut show 'markdown_it.presets.commonmark.x_make__mutmut_28',mutmut tests-for-mutant 'markdown_it.presets.commonmark.x_make__mutmut_28',mutmut run 'markdown_it.presets.commonmark.x_make__mutmut_28'
M5769d203849c3c10,markdown_it.rules_inline.emphasis.x__postProcess__mutmut_98,specified,markdown_it/rules_inline/emphasis.py,_postProcess,93,        i -= 1,        i += 1,timeout,unreviewed,,tests/task/phase1/task.py::test_core_after;tests/task/phase1/task.py::test_file;tests/task/phase1/task.py::test_spec;tests/task/task2.py::test_make_fence_at,mutmut show 'markdown_it.rules_inline.emphasis.x__postProcess__mutmut_98',mutmut tests-for-mutant 'markdown_it.rules_inline.emphasis.x__postProcess__mutmut_98',mutmut run 'markdown_it.rules_inline.emphasis.x__postProcess__mutmut_98'
M576a00ee1ab95d36,markdown_it.rules_block.heading.x_heading__mutmut_69,specified,markdown_it/rules_block/heading.py,heading,52,    if tmp > pos and isStrSpace(state.src[tmp - 1]):,    if tmp >= pos and isStrSpace(state.src[tmp - 1]):,survived,unreviewed,,tests/task/phase1/task.py::test_core_after;tests/task/phase1/task.py::test_file;tests/task/phase1/task.py::test_spec;tests/task/task2.py::test_make_fence_at,mutmut show 'markdown_it.rules_block.heading.x_heading__mutmut_69',mutmut tests-for-mutant 'markdown_it.rules_block.heading.x_heading__mutmut_69',mutmut run 'markdown_it.rules_block.heading.x_heading__mutmut_69'
M577a64330103a9b1,markdown_it.rules_inline.fragments_join.x_fragments_join__mutmut_16,specified,markdown_it/rules_inline/fragments_join.py,fragments_join,25,            level += 1  # opening tag,            level -= 1  # opening tag,survived,unreviewed,,tests/task/phase1/task.py::test_core_after;tests/task/phase1/task.py::test_file;tests/task/phase1/task.py::test_spec;tests/task/task2.py::test_make_fence_at,mutmut show 'markdown_it.rules_inline.fragments_join.x_fragments_join__mutmut_16',mutmut tests-for-mutant 'markdown_it.rules_inline.fragments_join.x_fragments_join__mutmut_16',mutmut run 'markdown_it.rules_inline.fragments_join.x_fragments_join__mutmut_16'
M5797ad52b5795f04,markdown_it.presets.commonmark.x_make__mutmut_29,specified,markdown_it/presets/commonmark.py,make,34,"            ""langPrefix"": ""language-"",  # CSS language prefix for fenced blocks","            ""LANGPREFIX"": ""language-"",  # CSS language prefix for fenced blocks",survived,unreviewed,,tests/task/phase1/task.py::test_file,mutmut show 'markdown_it.presets.commonmark.x_make__mutmut_29',mutmut tests-for-mutant 'markdown_it.presets.commonmark.x_make__mutmut_29',mutmut run 'markdown_it.presets.commonmark.x_make__mutmut_29'
M57e4ceabceec6703,markdown_it.rules_inline.html_inline.x_html_inline__mutmut_48,specified,markdown_it/rules_inline/html_inline.py,html_inline,38,            state.linkLevel += 1,            state.linkLevel = 1,survived,unreviewed,,tests/task/phase1/task.py::test_file;tests/task/phase1/task.py::test_spec,mutmut show 'markdown_it.rules_inline.html_inline.x_html_inline__mutmut_48',mutmut tests-for-mutant 'markdown_it.rules_inline.html_inline.x_html_inline__mutmut_48',mutmut run 'markdown_it.rules_inline.html_inline.x_html_inline__mutmut_48'
M582297f2554b544b,markdown_it.presets.commonmark.x_make__mutmut_47,specified,markdown_it/presets/commonmark.py,make,44,"            ""core"": {""rules"": [""normalize"", ""block"", ""inline"", ""text_join""]},","            ""core"": {""rules"": [""normalize"", ""block"", ""inline"", ""TEXT_JOIN""]},",survived,unreviewed,,tests/task/phase1/task.py::test_file,mutmut show 'markdown_it.presets.commonmark.x_make__mutmut_47',mutmut tests-for-mutant 'markdown_it.presets.commonmark.x_make__mutmut_47',mutmut run 'markdown_it.presets.commonmark.x_make__mutmut_47'
M5858aa1a65a72143,markdown_it.rules_inline.autolink.x_autolink__mutmut_61,specified,markdown_it/rules_inline/autolink.py,autolink,46,"            token = state.push(""text"", """", 0)","            token = state.push(""text"", ""XXXX"", 0)",survived,unreviewed,,tests/task/phase1/task.py::test_file;tests/task/phase1/task.py::test_spec,mutmut show 'markdown_it.rules_inline.autolink.x_autolink__mutmut_61',mutmut tests-for-mutant 'markdown_it.rules_inline.autolink.x_autolink__mutmut_61',mutmut run 'markdown_it.rules_inline.autolink.x_autolink__mutmut_61'
M58d76ea2e6a1dc94,markdown_it.renderer.xǁRendererHTMLǁrenderInline__mutmut_19,specified,markdown_it/renderer.py,renderInline,105,"            result += self.renderToken(tokens, i, options, env)","            result += self.renderToken(tokens, i, None, env)",survived,unreviewed,,tests/task/phase1/task.py::test_file;tests/task/phase1/task.py::test_spec,mutmut show 'markdown_it.renderer.xǁRendererHTMLǁrenderInline__mutmut_19',mutmut tests-for-mutant 'markdown_it.renderer.xǁRendererHTMLǁrenderInline__mutmut_19',mutmut run 'markdown_it.renderer.xǁRendererHTMLǁrenderInline__mutmut_19'
M58e0817cfaba58fc,markdown_it.rules_block.blockquote.x_blockquote__mutmut_99,specified,markdown_it/rules_block/blockquote.py,blockquote,95,        state.sCount[startLine] + 1 + (1 if spaceAfterMarker else 0),        state.sCount[startLine] + 2 + (1 if spaceAfterMarker else 0),survived,unreviewed,,tests/task/phase1/task.py::test_core_after;tests/task/phase1/task.py::test_file;tests/task/phase1/task.py::test_spec;tests/task/task2.py::test_make_fence_at,mutmut show 'markdown_it.rules_block.blockquote.x_blockquote__mutmut_99',mutmut tests-for-mutant 'markdown_it.rules_block.blockquote.x_blockquote__mutmut_99',mutmut run 'markdown_it.rules_block.blockquote.x_blockquote__mutmut_99'
M590e2fb0218c3ff4,markdown_it.presets.commonmark.x_make__mutmut_33,specified,markdown_it/presets/commonmark.py,make,41,"            ""highlight"": None,","            ""HIGHLIGHT"": None,",survived,unreviewed,,tests/task/phase1/task.py::test_file,mutmut show 'markdown_it.presets.commonmark.x_make__mutmut_33',mutmut tests-for-mutant 'markdown_it.presets.commonmark.x_make__mutmut_33',mutmut run 'markdown_it.presets.commonmark.x_make__mutmut_33'
M593893d156cbe1e6,markdown_it.rules_block.reference.x_reference__mutmut_320,specified,markdown_it/rules_block/reference.py,reference,187,"                ""label"": label,","                ""LABEL"": label,",survived,unreviewed,,tests/task/phase1/task.py::test_core_after;tests/task/phase1/task.py::test_file;tests/task/phase1/task.py::test_spec;tests/task/task2.py::test_make_fence_at,mutmut show 'markdown_it.rules_block.reference.x_reference__mutmut_320',mutmut tests-for-mutant 'markdown_it.rules_block.reference.x_reference__mutmut_320',mutmut run 'markdown_it.rules_block.reference.x_reference__mutmut_320'
M594fa9fff547eb96,markdown_it.presets.xǁgfm_likeǁmake__mutmut_13,specified,markdown_it/presets/__init__.py,make,23,"    config[""components""][""block""][""rules""].append(""table"")","    config[""COMPONENTS""][""block""][""rules""].append(""table"")",survived,unreviewed,,tests/task/phase1/task.py::test_file,mutmut show 'markdown_it.presets.xǁgfm_likeǁmake__mutmut_13',mutmut tests-for-mutant 'markdown_it.presets.xǁgfm_likeǁmake__mutmut_13',mutmut run 'markdown_it.presets.xǁgfm_likeǁmake__mutmut_13'
M5967cc1b481cf80d,markdown_it.rules_block.lheading.x_lheading__mutmut_127,specified,markdown_it/rules_block/lheading.py,lheading,76,"    token = state.push(""inline"", """", 0)","    token = state.push(""inline"", """", 1)",survived,unreviewed,,tests/task/phase1/task.py::test_core_after;tests/task/phase1/task.py::test_file;tests/task/phase1/task.py::test_spec;tests/task/task2.py::test_make_fence_at,mutmut show 'markdown_it.rules_block.lheading.x_lheading__mutmut_127',mutmut tests-for-mutant 'markdown_it.rules_block.lheading.x_lheading__mutmut_127',mutmut run 'markdown_it.rules_block.lheading.x_lheading__mutmut_127'
M59b822a06787e44e,markdown_it.rules_block.lheading.x_lheading__mutmut_1,specified,markdown_it/rules_block/lheading.py,lheading,10,"    LOGGER.debug(""entering lheading: %s, %s, %s, %s"", state, startLine, endLine, silent)","    LOGGER.debug(None, state, startLine, endLine, silent)",survived,unreviewed,,tests/task/phase1/task.py::test_core_after;tests/task/phase1/task.py::test_file;tests/task/phase1/task.py::test_spec;tests/task/task2.py::test_make_fence_at,mutmut show 'markdown_it.rules_block.lheading.x_lheading__mutmut_1',mutmut tests-for-mutant 'markdown_it.rules_block.lheading.x_lheading__mutmut_1',mutmut run 'markdown_it.rules_block.lheading.x_lheading__mutmut_1'
M59bbbb9044d2c326,markdown_it.presets.zero.x_make__mutmut_7,specified,markdown_it/presets/zero.py,make,13,"            ""html"": False,  # Enable HTML tags in source","            ""XXhtmlXX"": False,  # Enable HTML tags in source",survived,unreviewed,,tests/task/phase1/task.py::test_file,mutmut show 'markdown_it.presets.zero.x_make__mutmut_7',mutmut tests-for-mutant 'markdown_it.presets.zero.x_make__mutmut_7',mutmut run 'markdown_it.presets.zero.x_make__mutmut_7'
M59f0ae0ee1560270,markdown_it.rules_block.reference.x_reference__mutmut_204,specified,markdown_it/rules_block/reference.py,reference,124,"        title = """"",        title = None,survived,unreviewed,,tests/task/phase1/task.py::test_core_after;tests/task/phase1/task.py::test_file;tests/task/phase1/task.py::test_spec;tests/task/task2.py::test_make_fence_at,mutmut show 'markdown_it.rules_block.reference.x_reference__mutmut_204',mutmut tests-for-mutant 'markdown_it.rules_block.reference.x_reference__mutmut_204',mutmut run 'markdown_it.rules_block.reference.x_reference__mutmut_204'
M59fee4321dce149f,markdown_it.presets.xǁgfm_likeǁmake__mutmut_44,specified,markdown_it/presets/__init__.py,make,26,"    config[""options""][""linkify""] = True","    config[""options""][""LINKIFY""] = True",survived,unreviewed,,tests/task/phase1/task.py::test_file,mutmut show 'markdown_it.presets.xǁgfm_likeǁmake__mutmut_44',mutmut tests-for-mutant 'markdown_it.presets.xǁgfm_likeǁmake__mutmut_44',mutmut run 'markdown_it.presets.xǁgfm_likeǁmake__mutmut_44'
M5a8c03568ccb671f,markdown_it.rules_block.code.x_code__mutmut_15,specified,markdown_it/rules_block/code.py,code,14,        return False,        return True,timeout,unreviewed,,tests/task/phase1/task.py::test_core_after;tests/task/phase1/task.py::test_file;tests/task/phase1/task.py::test_spec;tests/task/task2.py::test_make_fence_after;tests/task/task2.py::test_make_fence_at,mutmut show 'markdown_it.rules_block.code.x_code__mutmut_15',mutmut tests-for-mutant 'markdown_it.rules_block.code.x_code__mutmut_15',mutmut run 'markdown_it.rules_block.code.x_code__mutmut_15'
M5ab760ed5a345929,markdown_it.rules_inline.newline.x_newline__mutmut_74,specified,markdown_it/rules_inline/newline.py,newline,35,"            state.push(""softbreak"", ""br"", 0)","            state.push(""softbreak"", None, 0)",survived,unreviewed,,tests/task/phase1/task.py::test_file;tests/task/phase1/task.py::test_spec;tests/task/task2.py::test_make_fence_at,mutmut show 'markdown_it.rules_inline.newline.x_newline__mutmut_74',mutmut tests-for-mutant 'markdown_it.rules_inline.newline.x_newline__mutmut_74',mutmut run 'markdown_it.rules_inline.newline.x_newline__mutmut_74'
M5abc65c1b5f3022f,markdown_it.rules_inline.image.x_image__mutmut_2,specified,markdown_it/rules_inline/image.py,image,11,"    href = """"",    href = None,survived,unreviewed,,tests/task/phase1/task.py::test_file;tests/task/phase1/task.py::test_spec,mutmut show 'markdown_it.rules_inline.image.x_image__mutmut_2',mutmut tests-for-mutant 'markdown_it.rules_inline.image.x_image__mutmut_2',mutmut run 'markdown_it.rules_inline.image.x_image__mutmut_2'
M5ad67bcc56320d92,markdown_it.rules_block.reference.x_reference__mutmut_242,specified,markdown_it/rules_block/reference.py,reference,145,            pos += 1,            pos = 1,survived,unreviewed,,tests/task/phase1/task.py::test_core_after;tests/task/phase1/task.py::test_file;tests/task/phase1/task.py::test_spec;tests/task/task2.py::test_make_fence_at,mutmut show 'markdown_it.rules_block.reference.x_reference__mutmut_242',mutmut tests-for-mutant 'markdown_it.rules_block.reference.x_reference__mutmut_242',mutmut run 'markdown_it.rules_block.reference.x_reference__mutmut_242'
M5b022e63920e28db,markdown_it.presets.xǁgfm_like2ǁmake__mutmut_20,specified,markdown_it/presets/__init__.py,make,47,"    config[""options""][""strikethrough_single_tilde""] = True","    config[""options""][""strikethrough_single_tilde""] = None",survived,unreviewed,,tests/task/phase1/task.py::test_file,mutmut show 'markdown_it.presets.xǁgfm_like2ǁmake__mutmut_20',mutmut tests-for-mutant 'markdown_it.presets.xǁgfm_like2ǁmake__mutmut_20',mutmut run 'markdown_it.presets.xǁgfm_like2ǁmake__mutmut_20'
M5b432c921eee3725,markdown_it.rules_block.blockquote.x_blockquote__mutmut_255,specified,markdown_it/rules_block/blockquote.py,blockquote,269,        state.sCount[nextLine] = -1,        state.sCount[nextLine] = -2,survived,unreviewed,,tests/task/phase1/task.py::test_core_after;tests/task/phase1/task.py::test_file;tests/task/phase1/task.py::test_spec;tests/task/task2.py::test_make_fence_at,mutmut show 'markdown_it.rules_block.blockquote.x_blockquote__mutmut_255',mutmut tests-for-mutant 'markdown_it.rules_block.blockquote.x_blockquote__mutmut_255',mutmut run 'markdown_it.rules_block.blockquote.x_blockquote__mutmut_255'
M5b61be31fd195197,markdown_it.rules_block.blockquote.x_blockquote__mutmut_49,specified,markdown_it/rules_block/blockquote.py,blockquote,55,        spaceAfterMarker = True,        spaceAfterMarker = None,survived,unreviewed,,tests/task/phase1/task.py::test_core_after;tests/task/phase1/task.py::test_file;tests/task/phase1/task.py::test_spec;tests/task/task2.py::test_make_fence_at,mutmut show 'markdown_it.rules_block.blockquote.x_blockquote__mutmut_49',mutmut tests-for-mutant 'markdown_it.rules_block.blockquote.x_blockquote__mutmut_49',mutmut run 'markdown_it.rules_block.blockquote.x_blockquote__mutmut_49'
M5b68ed03244fcf4e,markdown_it.rules_block.blockquote.x_blockquote__mutmut_158,specified,markdown_it/rules_block/blockquote.py,blockquote,172,"            elif next_char == ""\t"":","            elif next_char == ""XX\tXX"":",survived,unreviewed,,tests/task/phase1/task.py::test_core_after;tests/task/phase1/task.py::test_file;tests/task/phase1/task.py::test_spec;tests/task/task2.py::test_make_fence_at,mutmut show 'markdown_it.rules_block.blockquote.x_blockquote__mutmut_158',mutmut tests-for-mutant 'markdown_it.rules_block.blockquote.x_blockquote__mutmut_158',mutmut run 'markdown_it.rules_block.blockquote.x_blockquote__mutmut_158'
M5b82a47290c0ec10,markdown_it.presets.commonmark.x_make__mutmut_65,specified,markdown_it/presets/commonmark.py,make,53,"                    ""lheading"",","                    ""LHEADING"",",survived,unreviewed,,tests/task/phase1/task.py::test_file,mutmut show 'markdown_it.presets.commonmark.x_make__mutmut_65',mutmut tests-for-mutant 'markdown_it.presets.commonmark.x_make__mutmut_65',mutmut run 'markdown_it.presets.commonmark.x_make__mutmut_65'
M5b97d61a971bb4d7,markdown_it.rules_block.lheading.x_lheading__mutmut_134,specified,markdown_it/rules_block/lheading.py,lheading,81,"    token = state.push(""heading_close"", ""h"" + str(level), -1)","    token = state.push(None, ""h"" + str(level), -1)",survived,unreviewed,,tests/task/phase1/task.py::test_core_after;tests/task/phase1/task.py::test_file;tests/task/phase1/task.py::test_spec;tests/task/task2.py::test_make_fence_at,mutmut show 'markdown_it.rules_block.lheading.x_lheading__mutmut_134',mutmut tests-for-mutant 'markdown_it.rules_block.lheading.x_lheading__mutmut_134',mutmut run 'markdown_it.rules_block.lheading.x_lheading__mutmut_134'
M5baac7d138106e3c,markdown_it.presets.xǁgfm_likeǁmake__mutmut_43,specified,markdown_it/presets/__init__.py,make,26,"    config[""options""][""linkify""] = True","    config[""options""][""XXlinkifyXX""] = True",survived,unreviewed,,tests/task/phase1/task.py::test_file,mutmut show 'markdown_it.presets.xǁgfm_likeǁmake__mutmut_43',mutmut tests-for-mutant 'markdown_it.presets.xǁgfm_likeǁmake__mutmut_43',mutmut run 'markdown_it.presets.xǁgfm_likeǁmake__mutmut_43'
M5bd92a327f1b8938,markdown_it.helpers.parse_link_title.xǁ_Stateǁ__init____mutmut_9,specified,markdown_it/helpers/parse_link_title.py,__init__,18,    self.marker = 0,    self.marker = None,survived,unreviewed,,tests/task/phase1/task.py::test_file;tests/task/phase1/task.py::test_spec,mutmut show 'markdown_it.helpers.parse_link_title.xǁ_Stateǁ__init____mutmut_9',mutmut tests-for-mutant 'markdown_it.helpers.parse_link_title.xǁ_Stateǁ__init____mutmut_9',mutmut run 'markdown_it.helpers.parse_link_title.xǁ_Stateǁ__init____mutmut_9'
M5c7bb25d14dcccef,markdown_it.rules_block.state_block.xǁStateBlockǁgetLines__mutmut_7,specified,markdown_it/rules_block/state_block.py,getLines,220,"    queue = [""""] * (end - begin)","    queue = [""""] * (end + begin)",survived,unreviewed,,tests/task/phase1/task.py::test_core_after;tests/task/phase1/task.py::test_file;tests/task/phase1/task.py::test_spec;tests/task/task2.py::test_make_fence_after;tests/task/task2.py::test_make_fence_at,mutmut show 'markdown_it.rules_block.state_block.xǁStateBlockǁgetLines__mutmut_7',mutmut tests-for-mutant 'markdown_it.rules_block.state_block.xǁStateBlockǁgetLines__mutmut_7',mutmut run 'markdown_it.rules_block.state_block.xǁStateBlockǁgetLines__mutmut_7'
M5c7cbcf6acf895ac,markdown_it.rules_block.state_block.xǁStateBlockǁ__init____mutmut_65,specified,markdown_it/rules_block/state_block.py,__init__,89,                pos += 1,                pos -= 1,survived,unreviewed,,tests/task/phase1/task.py::test_core_after;tests/task/phase1/task.py::test_file;tests/task/phase1/task.py::test_spec;tests/task/task2.py::test_make_fence_after;tests/task/task2.py::test_make_fence_at,mutmut show 'markdown_it.rules_block.state_block.xǁStateBlockǁ__init____mutmut_65',mutmut tests-for-mutant 'markdown_it.rules_block.state_block.xǁStateBlockǁ__init____mutmut_65',mutmut run 'markdown_it.rules_block.state_block.xǁStateBlockǁ__init____mutmut_65'
M5c83655210d2fab5,markdown_it.presets.zero.x_make__mutmut_5,specified,markdown_it/presets/zero.py,make,12,"            ""maxNesting"": 20,  # Internal protection, recursion limit","            ""MAXNESTING"": 20,  # Internal protection, recursion limit",survived,unreviewed,,tests/task/phase1/task.py::test_file,mutmut show 'markdown_it.presets.zero.x_make__mutmut_5',mutmut tests-for-mutant 'markdown_it.presets.zero.x_make__mutmut_5',mutmut run 'markdown_it.presets.zero.x_make__mutmut_5'
M5cb6951c1e0fef35,markdown_it.rules_block.code.x_code__mutmut_19,specified,markdown_it/rules_block/code.py,code,18,    while nextLine < endLine:,    while nextLine <= endLine:,survived,unreviewed,,tests/task/phase1/task.py::test_core_after;tests/task/phase1/task.py::test_file;tests/task/phase1/task.py::test_spec;tests/task/task2.py::test_make_fence_after;tests/task/task2.py::test_make_fence_at,mutmut show 'markdown_it.rules_block.code.x_code__mutmut_19',mutmut tests-for-mutant 'markdown_it.rules_block.code.x_code__mutmut_19',mutmut run 'markdown_it.rules_block.code.x_code__mutmut_19'
M5cd49acc217106f9,markdown_it.rules_block.blockquote.x_blockquote__mutmut_187,specified,markdown_it/rules_block/blockquote.py,blockquote,198,"                    if ch == ""\t"":","                    if ch == ""XX\tXX"":",survived,unreviewed,,tests/task/phase1/task.py::test_core_after;tests/task/phase1/task.py::test_file;tests/task/phase1/task.py::test_spec;tests/task/task2.py::test_make_fence_at,mutmut show 'markdown_it.rules_block.blockquote.x_blockquote__mutmut_187',mutmut tests-for-mutant 'markdown_it.rules_block.blockquote.x_blockquote__mutmut_187',mutmut run 'markdown_it.rules_block.blockquote.x_blockquote__mutmut_187'
M5cea21ad2434c26b,markdown_it.common.utils.x_isValidEntityCode__mutmut_9,specified,markdown_it/common/utils.py,isValidEntityCode,61,    if c >= 0xFDD0 and c <= 0xFDEF:,    if c >= 64977 and c <= 0xFDEF:,survived,unreviewed,,tests/task/phase1/task.py::test_spec,mutmut show 'markdown_it.common.utils.x_isValidEntityCode__mutmut_9',mutmut tests-for-mutant 'markdown_it.common.utils.x_isValidEntityCode__mutmut_9',mutmut run 'markdown_it.common.utils.x_isValidEntityCode__mutmut_9'
M5d742a8f59569ff4,markdown_it.parser_block.xǁParserBlockǁtokenize__mutmut_14,specified,markdown_it/parser_block.py,tokenize,74,            break,            return,survived,unreviewed,,tests/task/phase1/task.py::test_core_after;tests/task/phase1/task.py::test_file;tests/task/phase1/task.py::test_spec;tests/task/task2.py::test_make_fence_after;tests/task/task2.py::test_make_fence_at,mutmut show 'markdown_it.parser_block.xǁParserBlockǁtokenize__mutmut_14',mutmut tests-for-mutant 'markdown_it.parser_block.xǁParserBlockǁtokenize__mutmut_14',mutmut run 'markdown_it.parser_block.xǁParserBlockǁtokenize__mutmut_14'
M5dee727dbc3afc2f,markdown_it.ruler.xǁRulerǁat__mutmut_16,specified,markdown_it/ruler.py,at,125,"    self.__rules__[index].alt = options.get(""alt"", [])","    self.__rules__[index].alt = options.get(""ALT"", [])",survived,unreviewed,,tests/task/task2.py::test_make_fence_at,mutmut show 'markdown_it.ruler.xǁRulerǁat__mutmut_16',mutmut tests-for-mutant 'markdown_it.ruler.xǁRulerǁat__mutmut_16',mutmut run 'markdown_it.ruler.xǁRulerǁat__mutmut_16'
M5dfa96a3aaa7df9f,markdown_it.rules_block.heading.x_heading__mutmut_92,specified,markdown_it/rules_block/heading.py,heading,58,"    token.markup = ""########""[:level]","    token.markup = ""XX########XX""[:level]",survived,unreviewed,,tests/task/phase1/task.py::test_core_after;tests/task/phase1/task.py::test_file;tests/task/phase1/task.py::test_spec;tests/task/task2.py::test_make_fence_at,mutmut show 'markdown_it.rules_block.heading.x_heading__mutmut_92',mutmut tests-for-mutant 'markdown_it.rules_block.heading.x_heading__mutmut_92',mutmut run 'markdown_it.rules_block.heading.x_heading__mutmut_92'
M5e153fd960d5a175,markdown_it.common.utils.x_isValidEntityCode__mutmut_21,specified,markdown_it/common/utils.py,isValidEntityCode,63,    if ((c & 0xFFFF) == 0xFFFF) or ((c & 0xFFFF) == 0xFFFE):,    if ((c & 0xFFFF) == 0xFFFF) or ((c & 0xFFFF) == 65535):,survived,unreviewed,,tests/task/phase1/task.py::test_spec,mutmut show 'markdown_it.common.utils.x_isValidEntityCode__mutmut_21',mutmut tests-for-mutant 'markdown_it.common.utils.x_isValidEntityCode__mutmut_21',mutmut run 'markdown_it.common.utils.x_isValidEntityCode__mutmut_21'
M5e5b278b946c5412,markdown_it.rules_block.list.x_list_block__mutmut_81,specified,markdown_it/rules_block/list.py,list_block,174,"        token = state.push(""ordered_list_open"", ""ol"", 1)","        token = state.push(""XXordered_list_openXX"", ""ol"", 1)",survived,unreviewed,,tests/task/phase1/task.py::test_core_after;tests/task/phase1/task.py::test_file;tests/task/phase1/task.py::test_spec;tests/task/task2.py::test_make_fence_at,mutmut show 'markdown_it.rules_block.list.x_list_block__mutmut_81',mutmut tests-for-mutant 'markdown_it.rules_block.list.x_list_block__mutmut_81',mutmut run 'markdown_it.rules_block.list.x_list_block__mutmut_81'
M5e98e12720269ad0,markdown_it.rules_block.blockquote.x_blockquote__mutmut_7,specified,markdown_it/rules_block/blockquote.py,blockquote,14,"        ""entering blockquote: %s, %s, %s, %s"", state, startLine, endLine, silent","        ""entering blockquote: %s, %s, %s, %s"", startLine, endLine, silent",survived,unreviewed,,tests/task/phase1/task.py::test_core_after;tests/task/phase1/task.py::test_file;tests/task/phase1/task.py::test_spec;tests/task/task2.py::test_make_fence_at,mutmut show 'markdown_it.rules_block.blockquote.x_blockquote__mutmut_7',mutmut tests-for-mutant 'markdown_it.rules_block.blockquote.x_blockquote__mutmut_7',mutmut run 'markdown_it.rules_block.blockquote.x_blockquote__mutmut_7'
M5eb4802173cff42d,markdown_it.rules_inline.emphasis.x__postProcess__mutmut_84,specified,markdown_it/rules_inline/emphasis.py,_postProcess,86,"        token.content = """"",        token.content = None,survived,unreviewed,,tests/task/phase1/task.py::test_core_after;tests/task/phase1/task.py::test_file;tests/task/phase1/task.py::test_spec;tests/task/task2.py::test_make_fence_at,mutmut show 'markdown_it.rules_inline.emphasis.x__postProcess__mutmut_84',mutmut tests-for-mutant 'markdown_it.rules_inline.emphasis.x__postProcess__mutmut_84',mutmut run 'markdown_it.rules_inline.emphasis.x__postProcess__mutmut_84'
M5eb4ba939c61b76f,markdown_it.presets.commonmark.x_make__mutmut_94,specified,markdown_it/presets/commonmark.py,make,70,"                    ""text"",","                    ""XXtextXX"",",survived,unreviewed,,tests/task/phase1/task.py::test_file,mutmut show 'markdown_it.presets.commonmark.x_make__mutmut_94',mutmut tests-for-mutant 'markdown_it.presets.commonmark.x_make__mutmut_94',mutmut run 'markdown_it.presets.commonmark.x_make__mutmut_94'
M5ed2869db434b3fc,markdown_it.rules_block.reference.x_reference__mutmut_240,specified,markdown_it/rules_block/reference.py,reference,143,            if not isSpace(ch):,            if not isSpace(None):,survived,unreviewed,,tests/task/phase1/task.py::test_core_after;tests/task/phase1/task.py::test_file;tests/task/phase1/task.py::test_spec;tests/task/task2.py::test_make_fence_at,mutmut show 'markdown_it.rules_block.reference.x_reference__mutmut_240',mutmut tests-for-mutant 'markdown_it.rules_block.reference.x_reference__mutmut_240',mutmut run 'markdown_it.rules_block.reference.x_reference__mutmut_240'
M5ef965d6342841ae,markdown_it.presets.zero.x_make__mutmut_4,specified,markdown_it/presets/zero.py,make,12,"            ""maxNesting"": 20,  # Internal protection, recursion limit","            ""maxnesting"": 20,  # Internal protection, recursion limit",survived,unreviewed,,tests/task/phase1/task.py::test_file,mutmut show 'markdown_it.presets.zero.x_make__mutmut_4',mutmut tests-for-mutant 'markdown_it.presets.zero.x_make__mutmut_4',mutmut run 'markdown_it.presets.zero.x_make__mutmut_4'
M5f032ff7559ae5fe,markdown_it.presets.xǁgfm_likeǁmake__mutmut_26,specified,markdown_it/presets/__init__.py,make,24,"    config[""components""][""inline""][""rules""].extend([""strikethrough"", ""linkify""])","    config[""components""][""inline""][""RULES""].extend([""strikethrough"", ""linkify""])",survived,unreviewed,,tests/task/phase1/task.py::test_file,mutmut show 'markdown_it.presets.xǁgfm_likeǁmake__mutmut_26',mutmut tests-for-mutant 'markdown_it.presets.xǁgfm_likeǁmake__mutmut_26',mutmut run 'markdown_it.presets.xǁgfm_likeǁmake__mutmut_26'
M5f1a78479fa79837,markdown_it.renderer.xǁRendererHTMLǁrenderInlineAsText__mutmut_22,specified,markdown_it/renderer.py,renderInlineAsText,205,"        elif token.type == ""softbreak"":","        elif token.type == ""SOFTBREAK"":",survived,unreviewed,,tests/task/phase1/task.py::test_spec,mutmut show 'markdown_it.renderer.xǁRendererHTMLǁrenderInlineAsText__mutmut_22',mutmut tests-for-mutant 'markdown_it.renderer.xǁRendererHTMLǁrenderInlineAsText__mutmut_22',mutmut run 'markdown_it.renderer.xǁRendererHTMLǁrenderInlineAsText__mutmut_22'
M5f22869761863fa2,markdown_it.rules_inline.newline.x_newline__mutmut_85,specified,markdown_it/rules_inline/newline.py,newline,37,    pos += 1,    pos -= 1,timeout,unreviewed,,tests/task/phase1/task.py::test_file;tests/task/phase1/task.py::test_spec;tests/task/task2.py::test_make_fence_at,mutmut show 'markdown_it.rules_inline.newline.x_newline__mutmut_85',mutmut tests-for-mutant 'markdown_it.rules_inline.newline.x_newline__mutmut_85',mutmut run 'markdown_it.rules_inline.newline.x_newline__mutmut_85'
M5f2ea4868b9ce1f7,markdown_it.rules_block.hr.x_hr__mutmut_3,specified,markdown_it/rules_block/hr.py,hr,15,"    LOGGER.debug(""entering hr: %s, %s, %s, %s"", state, startLine, endLine, silent)","    LOGGER.debug(""entering hr: %s, %s, %s, %s"", state, None, endLine, silent)",survived,unreviewed,,tests/task/phase1/task.py::test_core_after;tests/task/phase1/task.py::test_file;tests/task/phase1/task.py::test_spec;tests/task/task2.py::test_make_fence_at,mutmut show 'markdown_it.rules_block.hr.x_hr__mutmut_3',mutmut tests-for-mutant 'markdown_it.rules_block.hr.x_hr__mutmut_3',mutmut run 'markdown_it.rules_block.hr.x_hr__mutmut_3'
M5f87e19a80c44b22,markdown_it.main.xǁMarkdownItǁrender__mutmut_5,specified,markdown_it/main.py,render,287,"    return self.renderer.render(self.parse(src, env), self.options, env)","    return self.renderer.render(self.parse(src, env), self.options, None)",survived,unreviewed,,tests/task/phase1/task.py::test_file;tests/task/phase1/task.py::test_spec,mutmut show 'markdown_it.main.xǁMarkdownItǁrender__mutmut_5',mutmut tests-for-mutant 'markdown_it.main.xǁMarkdownItǁrender__mutmut_5',mutmut run 'markdown_it.main.xǁMarkdownItǁrender__mutmut_5'
M5fa9dbd16c014d30,markdown_it.rules_inline.entity.x_entity__mutmut_88,specified,markdown_it/rules_inline/entity.py,entity,50,            state.pos += len(match.group(0)),            state.pos -= len(match.group(0)),timeout,unreviewed,,tests/task/phase1/task.py::test_file;tests/task/phase1/task.py::test_spec,mutmut show 'markdown_it.rules_inline.entity.x_entity__mutmut_88',mutmut tests-for-mutant 'markdown_it.rules_inline.entity.x_entity__mutmut_88',mutmut run 'markdown_it.rules_inline.entity.x_entity__mutmut_88'
M5ff3a0a98ecbac98,markdown_it.rules_block.reference.x_reference__mutmut_222,specified,markdown_it/rules_block/reference.py,reference,135,"    if pos < maximum and charCodeAt(string, pos) != 0x0A and title:","    if pos <= maximum and charCodeAt(string, pos) != 0x0A and title:",survived,unreviewed,,tests/task/phase1/task.py::test_core_after;tests/task/phase1/task.py::test_file;tests/task/phase1/task.py::test_spec;tests/task/task2.py::test_make_fence_at,mutmut show 'markdown_it.rules_block.reference.x_reference__mutmut_222',mutmut tests-for-mutant 'markdown_it.rules_block.reference.x_reference__mutmut_222',mutmut run 'markdown_it.rules_block.reference.x_reference__mutmut_222'
M5ff622583cff9025,markdown_it.rules_block.html_block.x_html_block__mutmut_59,specified,markdown_it/rules_block/html_block.py,html_block,82,            nextLine += 1,            nextLine -= 1,timeout,unreviewed,,tests/task/phase1/task.py::test_core_after;tests/task/phase1/task.py::test_file;tests/task/phase1/task.py::test_spec;tests/task/task2.py::test_make_fence_at,mutmut show 'markdown_it.rules_block.html_block.x_html_block__mutmut_59',mutmut tests-for-mutant 'markdown_it.rules_block.html_block.x_html_block__mutmut_59',mutmut run 'markdown_it.rules_block.html_block.x_html_block__mutmut_59'
M601020502914acab,markdown_it.rules_block.lheading.x_lheading__mutmut_92,specified,markdown_it/rules_block/lheading.py,lheading,68,"    content = state.getLines(startLine, nextLine, state.blkIndent, False).strip()","    content = state.getLines(startLine, nextLine, state.blkIndent, None).strip()",survived,unreviewed,,tests/task/phase1/task.py::test_core_after;tests/task/phase1/task.py::test_file;tests/task/phase1/task.py::test_spec;tests/task/task2.py::test_make_fence_at,mutmut show 'markdown_it.rules_block.lheading.x_lheading__mutmut_92',mutmut tests-for-mutant 'markdown_it.rules_block.lheading.x_lheading__mutmut_92',mutmut run 'markdown_it.rules_block.lheading.x_lheading__mutmut_92'
M6088bed00e85a6db,markdown_it.rules_inline.state_inline.xǁStateInlineǁscanDelims__mutmut_7,specified,markdown_it/rules_inline/state_inline.py,scanDelims,135,"    lastChar = self.src[start - 1] if start > 0 else "" ""","    lastChar = self.src[start - 1] if start >= 0 else "" """,survived,unreviewed,,tests/task/phase1/task.py::test_file;tests/task/phase1/task.py::test_spec,mutmut show 'markdown_it.rules_inline.state_inline.xǁStateInlineǁscanDelims__mutmut_7',mutmut tests-for-mutant 'markdown_it.rules_inline.state_inline.xǁStateInlineǁscanDelims__mutmut_7',mutmut run 'markdown_it.rules_inline.state_inline.xǁStateInlineǁscanDelims__mutmut_7'
M60a4f1eba2be5864,markdown_it.rules_block.html_block.x_html_block__mutmut_3,specified,markdown_it/rules_block/html_block.py,html_block,36,"        ""entering html_block: %s, %s, %s, %s"", state, startLine, endLine, silent","        ""entering html_block: %s, %s, %s, %s"", state, None, endLine, silent",survived,unreviewed,,tests/task/phase1/task.py::test_core_after;tests/task/phase1/task.py::test_file;tests/task/phase1/task.py::test_spec;tests/task/task2.py::test_make_fence_at,mutmut show 'markdown_it.rules_block.html_block.x_html_block__mutmut_3',mutmut tests-for-mutant 'markdown_it.rules_block.html_block.x_html_block__mutmut_3',mutmut run 'markdown_it.rules_block.html_block.x_html_block__mutmut_3'
M60b281b54c20281d,markdown_it.rules_block.code.x_code__mutmut_26,specified,markdown_it/rules_block/code.py,code,24,            nextLine += 1,            nextLine = 1,timeout,unreviewed,,tests/task/phase1/task.py::test_core_after;tests/task/phase1/task.py::test_file;tests/task/phase1/task.py::test_spec;tests/task/task2.py::test_make_fence_after;tests/task/task2.py::test_make_fence_at,mutmut show 'markdown_it.rules_block.code.x_code__mutmut_26',mutmut tests-for-mutant 'markdown_it.rules_block.code.x_code__mutmut_26',mutmut run 'markdown_it.rules_block.code.x_code__mutmut_26'
M60fe09fbe42275b7,markdown_it.rules_block.reference.x_reference__mutmut_23,specified,markdown_it/rules_block/reference.py,reference,22,        return False,        return True,timeout,unreviewed,,tests/task/phase1/task.py::test_core_after;tests/task/phase1/task.py::test_file;tests/task/phase1/task.py::test_spec;tests/task/task2.py::test_make_fence_at,mutmut show 'markdown_it.rules_block.reference.x_reference__mutmut_23',mutmut tests-for-mutant 'markdown_it.rules_block.reference.x_reference__mutmut_23',mutmut run 'markdown_it.rules_block.reference.x_reference__mutmut_23'
M6102ccce9baa76ee,markdown_it.presets.zero.x_make__mutmut_48,specified,markdown_it/presets/zero.py,make,38,"            ""block"": {""rules"": [""paragraph""]},","            ""XXblockXX"": {""rules"": [""paragraph""]},",survived,unreviewed,,tests/task/phase1/task.py::test_file,mutmut show 'markdown_it.presets.zero.x_make__mutmut_48',mutmut tests-for-mutant 'markdown_it.presets.zero.x_make__mutmut_48',mutmut run 'markdown_it.presets.zero.x_make__mutmut_48'
M6105de5b7cf707f7,markdown_it.rules_block.list.x_list_block__mutmut_180,specified,markdown_it/rules_block/list.py,list_block,240,"        if state.md.options.get(""tasklists"", False) and contentStart < maximum:","        if state.md.options.get(""XXtasklistsXX"", False) and contentStart < maximum:",survived,unreviewed,,tests/task/phase1/task.py::test_core_after;tests/task/phase1/task.py::test_file;tests/task/phase1/task.py::test_spec;tests/task/task2.py::test_make_fence_at,mutmut show 'markdown_it.rules_block.list.x_list_block__mutmut_180',mutmut tests-for-mutant 'markdown_it.rules_block.list.x_list_block__mutmut_180',mutmut run 'markdown_it.rules_block.list.x_list_block__mutmut_180'
M61125c815534fbc5,markdown_it.rules_block.blockquote.x_blockquote__mutmut_243,specified,markdown_it/rules_block/blockquote.py,blockquote,255,                oldBSCount.append(state.bsCount[nextLine]),                oldBSCount.append(None),survived,unreviewed,,tests/task/phase1/task.py::test_core_after;tests/task/phase1/task.py::test_file;tests/task/phase1/task.py::test_spec;tests/task/task2.py::test_make_fence_at,mutmut show 'markdown_it.rules_block.blockquote.x_blockquote__mutmut_243',mutmut tests-for-mutant 'markdown_it.rules_block.blockquote.x_blockquote__mutmut_243',mutmut run 'markdown_it.rules_block.blockquote.x_blockquote__mutmut_243'
M6143a7a1090763ac,markdown_it.rules_block.code.x_code__mutmut_1,specified,markdown_it/rules_block/code.py,code,11,"    LOGGER.debug(""entering code: %s, %s, %s, %s"", state, startLine, endLine, silent)","    LOGGER.debug(None, state, startLine, endLine, silent)",survived,unreviewed,,tests/task/phase1/task.py::test_core_after;tests/task/phase1/task.py::test_file;tests/task/phase1/task.py::test_spec;tests/task/task2.py::test_make_fence_after;tests/task/task2.py::test_make_fence_at,mutmut show 'markdown_it.rules_block.code.x_code__mutmut_1',mutmut tests-for-mutant 'markdown_it.rules_block.code.x_code__mutmut_1',mutmut run 'markdown_it.rules_block.code.x_code__mutmut_1'
M61a1886b477dd9ef,markdown_it.cli.parse.x_parse_args__mutmut_36,specified,markdown_it/cli/parse.py,parse_args,115,"        ""--stdin"", action=""store_true"", help=""read Markdown from standard input""","        ""--stdin"", action=""XXstore_trueXX"", help=""read Markdown from standard input""",no_tests,unreviewed,,,mutmut show 'markdown_it.cli.parse.x_parse_args__mutmut_36',mutmut tests-for-mutant 'markdown_it.cli.parse.x_parse_args__mutmut_36',mutmut run 'markdown_it.cli.parse.x_parse_args__mutmut_36'
M61b6069a2a672a94,markdown_it.rules_block.fence.x_make_fence_rule__mutmut_18,specified,markdown_it/rules_block/fence.py,make_fence_rule,49,"            ""entering fence: %s, %s, %s, %s"", state, startLine, endLine, silent","            ""entering fence: %s, %s, %s, %s"", state, endLine, silent",survived,unreviewed,,tests/task/phase1/task.py::test_file;tests/task/task2.py::test_make_fence_after;tests/task/task2.py::test_make_fence_at,mutmut show 'markdown_it.rules_block.fence.x_make_fence_rule__mutmut_18',mutmut tests-for-mutant 'markdown_it.rules_block.fence.x_make_fence_rule__mutmut_18',mutmut run 'markdown_it.rules_block.fence.x_make_fence_rule__mutmut_18'
M61c8d44bca8d91b7,markdown_it.parser_block.xǁParserBlockǁtokenize__mutmut_15,specified,markdown_it/parser_block.py,tokenize,75,        if state.level >= maxNesting:,        if state.level > maxNesting:,survived,unreviewed,,tests/task/phase1/task.py::test_core_after;tests/task/phase1/task.py::test_file;tests/task/phase1/task.py::test_spec;tests/task/task2.py::test_make_fence_after;tests/task/task2.py::test_make_fence_at,mutmut show 'markdown_it.parser_block.xǁParserBlockǁtokenize__mutmut_15',mutmut tests-for-mutant 'markdown_it.parser_block.xǁParserBlockǁtokenize__mutmut_15',mutmut run 'markdown_it.parser_block.xǁParserBlockǁtokenize__mutmut_15'
M6272b7502a9836ab,markdown_it.presets.commonmark.x_make__mutmut_13,specified,markdown_it/presets/commonmark.py,make,23,"            ""typographer"": False,","            ""XXtypographerXX"": False,",survived,unreviewed,,tests/task/phase1/task.py::test_file,mutmut show 'markdown_it.presets.commonmark.x_make__mutmut_13',mutmut tests-for-mutant 'markdown_it.presets.commonmark.x_make__mutmut_13',mutmut run 'markdown_it.presets.commonmark.x_make__mutmut_13'
M627ed5e6c774f36b,markdown_it.rules_block.paragraph.x_paragraph__mutmut_11,specified,markdown_it/rules_block/paragraph.py,paragraph,12,"        ""entering paragraph: %s, %s, %s, %s"", state, startLine, endLine, silent","        ""XXentering paragraph: %s, %s, %s, %sXX"", state, startLine, endLine, silent",survived,unreviewed,,tests/task/phase1/task.py::test_core_after;tests/task/phase1/task.py::test_file;tests/task/phase1/task.py::test_spec;tests/task/task2.py::test_make_fence_at,mutmut show 'markdown_it.rules_block.paragraph.x_paragraph__mutmut_11',mutmut tests-for-mutant 'markdown_it.rules_block.paragraph.x_paragraph__mutmut_11',mutmut run 'markdown_it.rules_block.paragraph.x_paragraph__mutmut_11'
M62b78e966b0ccdb3,markdown_it.rules_block.state_block.xǁStateBlockǁgetLines__mutmut_21,specified,markdown_it/rules_block/state_block.py,getLines,232,        while (first < last) and (lineIndent < indent):,        while (first < last) or (lineIndent < indent):,survived,unreviewed,,tests/task/phase1/task.py::test_core_after;tests/task/phase1/task.py::test_file;tests/task/phase1/task.py::test_spec;tests/task/task2.py::test_make_fence_after;tests/task/task2.py::test_make_fence_at,mutmut show 'markdown_it.rules_block.state_block.xǁStateBlockǁgetLines__mutmut_21',mutmut tests-for-mutant 'markdown_it.rules_block.state_block.xǁStateBlockǁgetLines__mutmut_21',mutmut run 'markdown_it.rules_block.state_block.xǁStateBlockǁgetLines__mutmut_21'
M6353adf6921d5518,markdown_it.presets.xǁgfm_likeǁmake__mutmut_45,specified,markdown_it/presets/__init__.py,make,26,"    config[""options""][""linkify""] = True","    config[""options""][""linkify""] = False",survived,unreviewed,,tests/task/phase1/task.py::test_file,mutmut show 'markdown_it.presets.xǁgfm_likeǁmake__mutmut_45',mutmut tests-for-mutant 'markdown_it.presets.xǁgfm_likeǁmake__mutmut_45',mutmut run 'markdown_it.presets.xǁgfm_likeǁmake__mutmut_45'
M637dfab64d4da3bf,markdown_it.common.utils.x_isWhiteSpace__mutmut_5,specified,markdown_it/common/utils.py,isWhiteSpace,189,    if code >= 0x2000 and code <= 0x200A:,    if code >= 0x2000 and code <= 8203:,survived,unreviewed,,tests/task/phase1/task.py::test_file;tests/task/phase1/task.py::test_spec,mutmut show 'markdown_it.common.utils.x_isWhiteSpace__mutmut_5',mutmut tests-for-mutant 'markdown_it.common.utils.x_isWhiteSpace__mutmut_5',mutmut run 'markdown_it.common.utils.x_isWhiteSpace__mutmut_5'
M637f22649b7f7e2d,markdown_it.rules_block.list.x_list_block__mutmut_364,specified,markdown_it/rules_block/list.py,list_block,368,"        token = state.push(""ordered_list_close"", ""ol"", -1)","        token = state.push(""XXordered_list_closeXX"", ""ol"", -1)",survived,unreviewed,,tests/task/phase1/task.py::test_core_after;tests/task/phase1/task.py::test_file;tests/task/phase1/task.py::test_spec;tests/task/task2.py::test_make_fence_at,mutmut show 'markdown_it.rules_block.list.x_list_block__mutmut_364',mutmut tests-for-mutant 'markdown_it.rules_block.list.x_list_block__mutmut_364',mutmut run 'markdown_it.rules_block.list.x_list_block__mutmut_364'
M6394b5bd5ab38ffd,markdown_it.helpers.parse_link_label.x_parseLinkLabel__mutmut_1,specified,markdown_it/helpers/parse_link_label.py,parseLinkLabel,12,"def parseLinkLabel(state: StateInline, start: int, disableNested: bool = False) -> int:","def parseLinkLabel(state: StateInline, start: int, disableNested: bool = True) -> int:",survived,unreviewed,,tests/task/phase1/task.py::test_file;tests/task/phase1/task.py::test_spec,mutmut show 'markdown_it.helpers.parse_link_label.x_parseLinkLabel__mutmut_1',mutmut tests-for-mutant 'markdown_it.helpers.parse_link_label.x_parseLinkLabel__mutmut_1',mutmut run 'markdown_it.helpers.parse_link_label.x_parseLinkLabel__mutmut_1'
M63cd44be953101cf,markdown_it.rules_block.fence.x_make_fence_rule__mutmut_29,specified,markdown_it/rules_block/fence.py,make_fence_rule,57,            return False,            return True,survived,unreviewed,,tests/task/phase1/task.py::test_file;tests/task/task2.py::test_make_fence_after;tests/task/task2.py::test_make_fence_at,mutmut show 'markdown_it.rules_block.fence.x_make_fence_rule__mutmut_29',mutmut tests-for-mutant 'markdown_it.rules_block.fence.x_make_fence_rule__mutmut_29',mutmut run 'markdown_it.rules_block.fence.x_make_fence_rule__mutmut_29'
M63df4ee592671da8,markdown_it.ruler.xǁRulerǁpush__mutmut_10,specified,markdown_it/ruler.py,push,187,"        Rule[RuleFuncTv](ruleName, True, fn, (options or {}).get(""alt"", []))","        Rule[RuleFuncTv](ruleName, False, fn, (options or {}).get(""alt"", []))",survived,unreviewed,,tests/task/phase1/task.py::test_core_after;tests/task/phase1/task.py::test_file;tests/task/phase1/task.py::test_non_utf8;tests/task/phase1/task.py::test_spec;tests/task/task2.py::test_make_fence_after;tests/task/task2.py::test_make_fence_at,mutmut show 'markdown_it.ruler.xǁRulerǁpush__mutmut_10',mutmut tests-for-mutant 'markdown_it.ruler.xǁRulerǁpush__mutmut_10',mutmut run 'markdown_it.ruler.xǁRulerǁpush__mutmut_10'
M63dff9985bc72684,markdown_it.rules_inline.balance_pairs.x_processDelimiters__mutmut_113,specified,markdown_it/rules_inline/balance_pairs.py,processDelimiters,102,                    newMinOpenerIdx = -1,                    newMinOpenerIdx = -2,survived,unreviewed,,tests/task/phase1/task.py::test_core_after;tests/task/phase1/task.py::test_file;tests/task/phase1/task.py::test_spec;tests/task/task2.py::test_make_fence_at,mutmut show 'markdown_it.rules_inline.balance_pairs.x_processDelimiters__mutmut_113',mutmut tests-for-mutant 'markdown_it.rules_inline.balance_pairs.x_processDelimiters__mutmut_113',mutmut run 'markdown_it.rules_inline.balance_pairs.x_processDelimiters__mutmut_113'
M63f0ffc04d483a3c,markdown_it._punycode.x_map_domain__mutmut_14,specified,markdown_it/_punycode.py,map_domain,47,    labels = REGEX_SEPARATORS.split(string),    labels = None,survived,unreviewed,,tests/task/phase1/task.py::test_file;tests/task/phase1/task.py::test_spec,mutmut show 'markdown_it._punycode.x_map_domain__mutmut_14',mutmut tests-for-mutant 'markdown_it._punycode.x_map_domain__mutmut_14',mutmut run 'markdown_it._punycode.x_map_domain__mutmut_14'
M63fda40a89b5d341,markdown_it.presets.zero.x_make__mutmut_51,specified,markdown_it/presets/zero.py,make,38,"            ""block"": {""rules"": [""paragraph""]},","            ""block"": {""RULES"": [""paragraph""]},",survived,unreviewed,,tests/task/phase1/task.py::test_file,mutmut show 'markdown_it.presets.zero.x_make__mutmut_51',mutmut tests-for-mutant 'markdown_it.presets.zero.x_make__mutmut_51',mutmut run 'markdown_it.presets.zero.x_make__mutmut_51'
M64449da81332312e,markdown_it.common.normalize_url.x_normalizeLink__mutmut_5,specified,markdown_it/common/normalize_url.py,normalizeLink,23,"    parsed = mdurl.parse(url, slashes_denote_host=True)","    parsed = mdurl.parse(url, )",survived,unreviewed,,tests/task/phase1/task.py::test_file;tests/task/phase1/task.py::test_spec,mutmut show 'markdown_it.common.normalize_url.x_normalizeLink__mutmut_5',mutmut tests-for-mutant 'markdown_it.common.normalize_url.x_normalizeLink__mutmut_5',mutmut run 'markdown_it.common.normalize_url.x_normalizeLink__mutmut_5'
M644c7f1ddd7b1a4c,markdown_it.helpers.parse_link_title.x_parseLinkTitle__mutmut_59,specified,markdown_it/helpers/parse_link_title.py,parseLinkTitle,68,            pos += 1,            pos += 2,survived,unreviewed,,tests/task/phase1/task.py::test_file;tests/task/phase1/task.py::test_spec,mutmut show 'markdown_it.helpers.parse_link_title.x_parseLinkTitle__mutmut_59',mutmut tests-for-mutant 'markdown_it.helpers.parse_link_title.x_parseLinkTitle__mutmut_59',mutmut run 'markdown_it.helpers.parse_link_title.x_parseLinkTitle__mutmut_59'
M64582036eefedf0d,markdown_it.presets.default.x_make__mutmut_26,specified,markdown_it/presets/default.py,make,25,"            ""breaks"": False,  # Convert '\n' in paragraphs into <br>","            ""breaks"": True,  # Convert '\n' in paragraphs into <br>",survived,unreviewed,,tests/task/phase1/task.py::test_file,mutmut show 'markdown_it.presets.default.x_make__mutmut_26',mutmut tests-for-mutant 'markdown_it.presets.default.x_make__mutmut_26',mutmut run 'markdown_it.presets.default.x_make__mutmut_26'
M64713da5e7c7c47f,markdown_it.rules_block.reference.x_reference__mutmut_69,specified,markdown_it/rules_block/reference.py,reference,47,"                and charCodeAt(string, pos) == 0x0A","                and charCodeAt(string, pos) != 0x0A",survived,unreviewed,,tests/task/phase1/task.py::test_core_after;tests/task/phase1/task.py::test_file;tests/task/phase1/task.py::test_spec;tests/task/task2.py::test_make_fence_at,mutmut show 'markdown_it.rules_block.reference.x_reference__mutmut_69',mutmut tests-for-mutant 'markdown_it.rules_block.reference.x_reference__mutmut_69',mutmut run 'markdown_it.rules_block.reference.x_reference__mutmut_69'
M6487f19c5ba4d030,markdown_it.rules_block.lheading.x_lheading__mutmut_72,specified,markdown_it/rules_block/lheading.py,lheading,56,"            if terminatorRule(state, nextLine, endLine, True):","            if terminatorRule(state, nextLine, None, True):",survived,unreviewed,,tests/task/phase1/task.py::test_core_after;tests/task/phase1/task.py::test_file;tests/task/phase1/task.py::test_spec;tests/task/task2.py::test_make_fence_at,mutmut show 'markdown_it.rules_block.lheading.x_lheading__mutmut_72',mutmut tests-for-mutant 'markdown_it.rules_block.lheading.x_lheading__mutmut_72',mutmut run 'markdown_it.rules_block.lheading.x_lheading__mutmut_72'
M64b41d19c50faee2,markdown_it.rules_block.fence.x_make_fence_rule__mutmut_119,specified,markdown_it/rules_block/fence.py,make_fence_rule,137,        token.markup = markup,        token.markup = None,survived,unreviewed,,tests/task/phase1/task.py::test_file;tests/task/task2.py::test_make_fence_after;tests/task/task2.py::test_make_fence_at,mutmut show 'markdown_it.rules_block.fence.x_make_fence_rule__mutmut_119',mutmut tests-for-mutant 'markdown_it.rules_block.fence.x_make_fence_rule__mutmut_119',mutmut run 'markdown_it.rules_block.fence.x_make_fence_rule__mutmut_119'
M64c50c6ef161bcc7,markdown_it.rules_block.list.x_list_block__mutmut_75,specified,markdown_it/rules_block/list.py,list_block,174,"        token = state.push(""ordered_list_open"", ""ol"", 1)","        token = state.push(None, ""ol"", 1)",survived,unreviewed,,tests/task/phase1/task.py::test_core_after;tests/task/phase1/task.py::test_file;tests/task/phase1/task.py::test_spec;tests/task/task2.py::test_make_fence_at,mutmut show 'markdown_it.rules_block.list.x_list_block__mutmut_75',mutmut tests-for-mutant 'markdown_it.rules_block.list.x_list_block__mutmut_75',mutmut run 'markdown_it.rules_block.list.x_list_block__mutmut_75'
M64cd72f6beb4fe20,markdown_it.rules_inline.link.x_link__mutmut_173,specified,markdown_it/rules_inline/link.py,link,131,"        token = state.push(""link_open"", ""a"", 1)","        token = state.push(""link_open"", ""a"", 2)",survived,unreviewed,,tests/task/phase1/task.py::test_file;tests/task/phase1/task.py::test_spec,mutmut show 'markdown_it.rules_inline.link.x_link__mutmut_173',mutmut tests-for-mutant 'markdown_it.rules_inline.link.x_link__mutmut_173',mutmut run 'markdown_it.rules_inline.link.x_link__mutmut_173'
M64ec071d5c2fbb77,markdown_it.rules_block.lheading.x_lheading__mutmut_10,specified,markdown_it/rules_block/lheading.py,lheading,10,"    LOGGER.debug(""entering lheading: %s, %s, %s, %s"", state, startLine, endLine, silent)","    LOGGER.debug(""entering lheading: %s, %s, %s, %s"", state, startLine, endLine, )",survived,unreviewed,,tests/task/phase1/task.py::test_core_after;tests/task/phase1/task.py::test_file;tests/task/phase1/task.py::test_spec;tests/task/task2.py::test_make_fence_at,mutmut show 'markdown_it.rules_block.lheading.x_lheading__mutmut_10',mutmut tests-for-mutant 'markdown_it.rules_block.lheading.x_lheading__mutmut_10',mutmut run 'markdown_it.rules_block.lheading.x_lheading__mutmut_10'
M64fdf4ed49da9b95,markdown_it.rules_block.lheading.x_lheading__mutmut_20,specified,markdown_it/rules_block/lheading.py,lheading,15,"    terminatorRules = ruler.getRules(""paragraph"")","    terminatorRules = ruler.getRules(""XXparagraphXX"")",survived,unreviewed,,tests/task/phase1/task.py::test_core_after;tests/task/phase1/task.py::test_file;tests/task/phase1/task.py::test_spec;tests/task/task2.py::test_make_fence_at,mutmut show 'markdown_it.rules_block.lheading.x_lheading__mutmut_20',mutmut tests-for-mutant 'markdown_it.rules_block.lheading.x_lheading__mutmut_20',mutmut run 'markdown_it.rules_block.lheading.x_lheading__mutmut_20'
M6527a5655616c616,markdown_it.rules_inline.image.x_image__mutmut_110,specified,markdown_it/rules_inline/image.py,image,84,"        if pos >= max or state.src[pos] != "")"":","        if pos >= max and state.src[pos] != "")"":",survived,unreviewed,,tests/task/phase1/task.py::test_file;tests/task/phase1/task.py::test_spec,mutmut show 'markdown_it.rules_inline.image.x_image__mutmut_110',mutmut tests-for-mutant 'markdown_it.rules_inline.image.x_image__mutmut_110',mutmut run 'markdown_it.rules_inline.image.x_image__mutmut_110'
M65309c32b747c430,markdown_it.rules_block.lheading.x_lheading__mutmut_24,specified,markdown_it/rules_block/lheading.py,lheading,20,    oldParentType = state.parentType,    oldParentType = None,survived,unreviewed,,tests/task/phase1/task.py::test_core_after;tests/task/phase1/task.py::test_file;tests/task/phase1/task.py::test_spec;tests/task/task2.py::test_make_fence_at,mutmut show 'markdown_it.rules_block.lheading.x_lheading__mutmut_24',mutmut tests-for-mutant 'markdown_it.rules_block.lheading.x_lheading__mutmut_24',mutmut run 'markdown_it.rules_block.lheading.x_lheading__mutmut_24'
M654e54baed6a80b9,markdown_it.cli.parse.x_parse_args__mutmut_34,specified,markdown_it/cli/parse.py,parse_args,115,"        ""--stdin"", action=""store_true"", help=""read Markdown from standard input""","        ""XX--stdinXX"", action=""store_true"", help=""read Markdown from standard input""",no_tests,unreviewed,,,mutmut show 'markdown_it.cli.parse.x_parse_args__mutmut_34',mutmut tests-for-mutant 'markdown_it.cli.parse.x_parse_args__mutmut_34',mutmut run 'markdown_it.cli.parse.x_parse_args__mutmut_34'
M6591866e10c738a6,markdown_it.cli.parse.x_parse_args__mutmut_27,specified,markdown_it/cli/parse.py,parse_args,113,"    parser.add_argument(""-v"", ""--version"", action=""version"", version=version_str)","    parser.add_argument(""-v"", ""--version"", action=""VERSION"", version=version_str)",no_tests,unreviewed,,,mutmut show 'markdown_it.cli.parse.x_parse_args__mutmut_27',mutmut tests-for-mutant 'markdown_it.cli.parse.x_parse_args__mutmut_27',mutmut run 'markdown_it.cli.parse.x_parse_args__mutmut_27'
M659d671378520d96,markdown_it.rules_block.list.x_list_block__mutmut_264,specified,markdown_it/rules_block/list.py,list_block,308,        itemLines[1] = nextLine,        itemLines[1] = None,survived,unreviewed,,tests/task/phase1/task.py::test_core_after;tests/task/phase1/task.py::test_file;tests/task/phase1/task.py::test_spec;tests/task/task2.py::test_make_fence_at,mutmut show 'markdown_it.rules_block.list.x_list_block__mutmut_264',mutmut tests-for-mutant 'markdown_it.rules_block.list.x_list_block__mutmut_264',mutmut run 'markdown_it.rules_block.list.x_list_block__mutmut_264'
M65e5e09537e132a4,markdown_it.rules_block.lheading.x_lheading__mutmut_149,specified,markdown_it/rules_block/lheading.py,lheading,84,    state.parentType = oldParentType,    state.parentType = None,survived,unreviewed,,tests/task/phase1/task.py::test_core_after;tests/task/phase1/task.py::test_file;tests/task/phase1/task.py::test_spec;tests/task/task2.py::test_make_fence_at,mutmut show 'markdown_it.rules_block.lheading.x_lheading__mutmut_149',mutmut tests-for-mutant 'markdown_it.rules_block.lheading.x_lheading__mutmut_149',mutmut run 'markdown_it.rules_block.lheading.x_lheading__mutmut_149'
M6603c61f9fbadf31,markdown_it.rules_block.reference.x_getNextLine__mutmut_6,specified,markdown_it/rules_block/reference.py,getNextLine,202,    isContinuation = False,    isContinuation = True,survived,unreviewed,,tests/task/phase1/task.py::test_file;tests/task/phase1/task.py::test_spec,mutmut show 'markdown_it.rules_block.reference.x_getNextLine__mutmut_6',mutmut tests-for-mutant 'markdown_it.rules_block.reference.x_getNextLine__mutmut_6',mutmut run 'markdown_it.rules_block.reference.x_getNextLine__mutmut_6'
M6617f73184b9baaf,markdown_it.renderer.xǁRendererHTMLǁfence__mutmut_8,specified,markdown_it/renderer.py,fence,271,"    langAttrs = """"","    langAttrs = ""XXXX""",survived,unreviewed,,tests/task/phase1/task.py::test_file;tests/task/phase1/task.py::test_spec,mutmut show 'markdown_it.renderer.xǁRendererHTMLǁfence__mutmut_8',mutmut tests-for-mutant 'markdown_it.renderer.xǁRendererHTMLǁfence__mutmut_8',mutmut run 'markdown_it.renderer.xǁRendererHTMLǁfence__mutmut_8'
M66558245b5618325,markdown_it.rules_inline.balance_pairs.x_processDelimiters__mutmut_103,specified,markdown_it/rules_inline/balance_pairs.py,processDelimiters,96,                    jumps[closerIdx] = closerIdx - openerIdx + lastJump,                    jumps[closerIdx] = closerIdx - openerIdx - lastJump,timeout,unreviewed,,tests/task/phase1/task.py::test_core_after;tests/task/phase1/task.py::test_file;tests/task/phase1/task.py::test_spec;tests/task/task2.py::test_make_fence_at,mutmut show 'markdown_it.rules_inline.balance_pairs.x_processDelimiters__mutmut_103',mutmut tests-for-mutant 'markdown_it.rules_inline.balance_pairs.x_processDelimiters__mutmut_103',mutmut run 'markdown_it.rules_inline.balance_pairs.x_processDelimiters__mutmut_103'
M66e602a2f57ea013,markdown_it.rules_block.fence.x_make_fence_rule__mutmut_30,specified,markdown_it/rules_block/fence.py,make_fence_rule,59,        if pos + min_markers > maximum:,        if pos - min_markers > maximum:,survived,unreviewed,,tests/task/phase1/task.py::test_file;tests/task/task2.py::test_make_fence_after;tests/task/task2.py::test_make_fence_at,mutmut show 'markdown_it.rules_block.fence.x_make_fence_rule__mutmut_30',mutmut tests-for-mutant 'markdown_it.rules_block.fence.x_make_fence_rule__mutmut_30',mutmut run 'markdown_it.rules_block.fence.x_make_fence_rule__mutmut_30'
M66fadb9b21762071,markdown_it.rules_block.blockquote.x_blockquote__mutmut_88,specified,markdown_it/rules_block/blockquote.py,blockquote,86,                offset += 1,                offset = 1,timeout,unreviewed,,tests/task/phase1/task.py::test_core_after;tests/task/phase1/task.py::test_file;tests/task/phase1/task.py::test_spec;tests/task/task2.py::test_make_fence_at,mutmut show 'markdown_it.rules_block.blockquote.x_blockquote__mutmut_88',mutmut tests-for-mutant 'markdown_it.rules_block.blockquote.x_blockquote__mutmut_88',mutmut run 'markdown_it.rules_block.blockquote.x_blockquote__mutmut_88'
M6706d2fd96487f23,markdown_it.presets.commonmark.x_make__mutmut_17,specified,markdown_it/presets/commonmark.py,make,30,"            ""quotes"": ""\u201c\u201d\u2018\u2019"",  # /* “”‘’ */","            ""QUOTES"": ""\u201c\u201d\u2018\u2019"",  # /* “”‘’ */",survived,unreviewed,,tests/task/phase1/task.py::test_file,mutmut show 'markdown_it.presets.commonmark.x_make__mutmut_17',mutmut tests-for-mutant 'markdown_it.presets.commonmark.x_make__mutmut_17',mutmut run 'markdown_it.presets.commonmark.x_make__mutmut_17'
M67548d95642a485a,markdown_it.rules_block.state_block.xǁStateBlockǁskipEmptyLines__mutmut_6,specified,markdown_it/rules_block/state_block.py,skipEmptyLines,145,        from_pos += 1,        from_pos -= 1,timeout,unreviewed,,tests/task/phase1/task.py::test_core_after;tests/task/phase1/task.py::test_file;tests/task/phase1/task.py::test_spec;tests/task/task2.py::test_make_fence_after;tests/task/task2.py::test_make_fence_at,mutmut show 'markdown_it.rules_block.state_block.xǁStateBlockǁskipEmptyLines__mutmut_6',mutmut tests-for-mutant 'markdown_it.rules_block.state_block.xǁStateBlockǁskipEmptyLines__mutmut_6',mutmut run 'markdown_it.rules_block.state_block.xǁStateBlockǁskipEmptyLines__mutmut_6'
M675c43f857c6559b,markdown_it.rules_block.reference.x_reference__mutmut_246,specified,markdown_it/rules_block/reference.py,reference,147,"    if pos < maximum and charCodeAt(string, pos) != 0x0A:","    if pos <= maximum and charCodeAt(string, pos) != 0x0A:",survived,unreviewed,,tests/task/phase1/task.py::test_core_after;tests/task/phase1/task.py::test_file;tests/task/phase1/task.py::test_spec;tests/task/task2.py::test_make_fence_at,mutmut show 'markdown_it.rules_block.reference.x_reference__mutmut_246',mutmut tests-for-mutant 'markdown_it.rules_block.reference.x_reference__mutmut_246',mutmut run 'markdown_it.rules_block.reference.x_reference__mutmut_246'
M67dad09f2893a797,markdown_it.rules_inline.link.x_link__mutmut_198,specified,markdown_it/rules_inline/link.py,link,143,        state.linkLevel -= 1,        state.linkLevel = 1,survived,unreviewed,,tests/task/phase1/task.py::test_file;tests/task/phase1/task.py::test_spec,mutmut show 'markdown_it.rules_inline.link.x_link__mutmut_198',mutmut tests-for-mutant 'markdown_it.rules_inline.link.x_link__mutmut_198',mutmut run 'markdown_it.rules_inline.link.x_link__mutmut_198'
M67fedb3e87c85601,markdown_it.common.normalize_url.x_validateLink__mutmut_4,specified,markdown_it/common/normalize_url.py,validateLink,80,    url = url.strip().lower(),    url = url.strip().upper(),survived,unreviewed,,tests/task/phase1/task.py::test_file;tests/task/phase1/task.py::test_spec,mutmut show 'markdown_it.common.normalize_url.x_validateLink__mutmut_4',mutmut tests-for-mutant 'markdown_it.common.normalize_url.x_validateLink__mutmut_4',mutmut run 'markdown_it.common.normalize_url.x_validateLink__mutmut_4'
M68c488fab7262dca,markdown_it.rules_block.heading.x_heading__mutmut_10,specified,markdown_it/rules_block/heading.py,heading,14,"    LOGGER.debug(""entering heading: %s, %s, %s, %s"", state, startLine, endLine, silent)","    LOGGER.debug(""entering heading: %s, %s, %s, %s"", state, startLine, endLine, )",survived,unreviewed,,tests/task/phase1/task.py::test_core_after;tests/task/phase1/task.py::test_file;tests/task/phase1/task.py::test_spec;tests/task/task2.py::test_make_fence_at,mutmut show 'markdown_it.rules_block.heading.x_heading__mutmut_10',mutmut tests-for-mutant 'markdown_it.rules_block.heading.x_heading__mutmut_10',mutmut run 'markdown_it.rules_block.heading.x_heading__mutmut_10'
M68e6ae7f05510939,markdown_it.helpers.parse_link_title.x_parseLinkTitle__mutmut_31,specified,markdown_it/helpers/parse_link_title.py,parseLinkTitle,58,    while pos < maximum:,    while pos <= maximum:,survived,unreviewed,,tests/task/phase1/task.py::test_file;tests/task/phase1/task.py::test_spec,mutmut show 'markdown_it.helpers.parse_link_title.x_parseLinkTitle__mutmut_31',mutmut tests-for-mutant 'markdown_it.helpers.parse_link_title.x_parseLinkTitle__mutmut_31',mutmut run 'markdown_it.helpers.parse_link_title.x_parseLinkTitle__mutmut_31'
M68f035da2d25554b,markdown_it.rules_inline.autolink.x_autolink__mutmut_51,specified,markdown_it/rules_inline/autolink.py,autolink,44,"            token.info = ""auto""","            token.info = ""AUTO""",survived,unreviewed,,tests/task/phase1/task.py::test_file;tests/task/phase1/task.py::test_spec,mutmut show 'markdown_it.rules_inline.autolink.x_autolink__mutmut_51',mutmut tests-for-mutant 'markdown_it.rules_inline.autolink.x_autolink__mutmut_51',mutmut run 'markdown_it.rules_inline.autolink.x_autolink__mutmut_51'
M68fd46ccbb3acaff,markdown_it.presets.default.x_make__mutmut_27,specified,markdown_it/presets/default.py,make,26,"            ""langPrefix"": ""language-"",  # CSS language prefix for fenced blocks","            ""XXlangPrefixXX"": ""language-"",  # CSS language prefix for fenced blocks",survived,unreviewed,,tests/task/phase1/task.py::test_file,mutmut show 'markdown_it.presets.default.x_make__mutmut_27',mutmut tests-for-mutant 'markdown_it.presets.default.x_make__mutmut_27',mutmut run 'markdown_it.presets.default.x_make__mutmut_27'
M6910acf65643277e,markdown_it.rules_inline.fragments_join.x_fragments_join__mutmut_21,specified,markdown_it/rules_inline/fragments_join.py,fragments_join,28,"            state.tokens[curr].type == ""text""","            state.tokens[curr].type == ""XXtextXX""",survived,unreviewed,,tests/task/phase1/task.py::test_core_after;tests/task/phase1/task.py::test_file;tests/task/phase1/task.py::test_spec;tests/task/task2.py::test_make_fence_at,mutmut show 'markdown_it.rules_inline.fragments_join.x_fragments_join__mutmut_21',mutmut tests-for-mutant 'markdown_it.rules_inline.fragments_join.x_fragments_join__mutmut_21',mutmut run 'markdown_it.rules_inline.fragments_join.x_fragments_join__mutmut_21'
M6912c16210826930,markdown_it.rules_block.paragraph.x_paragraph__mutmut_40,specified,markdown_it/rules_block/paragraph.py,paragraph,35,            nextLine += 1,            nextLine += 2,survived,unreviewed,,tests/task/phase1/task.py::test_core_after;tests/task/phase1/task.py::test_file;tests/task/phase1/task.py::test_spec;tests/task/task2.py::test_make_fence_at,mutmut show 'markdown_it.rules_block.paragraph.x_paragraph__mutmut_40',mutmut tests-for-mutant 'markdown_it.rules_block.paragraph.x_paragraph__mutmut_40',mutmut run 'markdown_it.rules_block.paragraph.x_paragraph__mutmut_40'
M697b78bd564328ea,markdown_it.rules_inline.escape.x_escape__mutmut_46,specified,markdown_it/rules_inline/escape.py,escape,41,    if ch1_ord >= 0xD800 and ch1_ord <= 0xDBFF and pos + 1 < maximum:,    if ch1_ord >= 0xD800 and ch1_ord < 0xDBFF and pos + 1 < maximum:,survived,unreviewed,,tests/task/phase1/task.py::test_file;tests/task/phase1/task.py::test_spec;tests/task/task2.py::test_make_fence_at,mutmut show 'markdown_it.rules_inline.escape.x_escape__mutmut_46',mutmut tests-for-mutant 'markdown_it.rules_inline.escape.x_escape__mutmut_46',mutmut run 'markdown_it.rules_inline.escape.x_escape__mutmut_46'
M6a338b9211490472,markdown_it.rules_block.heading.x_heading__mutmut_109,specified,markdown_it/rules_block/heading.py,heading,66,"    token = state.push(""heading_close"", ""h"" + str(level), -1)","    token = state.push(None, ""h"" + str(level), -1)",survived,unreviewed,,tests/task/phase1/task.py::test_core_after;tests/task/phase1/task.py::test_file;tests/task/phase1/task.py::test_spec;tests/task/task2.py::test_make_fence_at,mutmut show 'markdown_it.rules_block.heading.x_heading__mutmut_109',mutmut tests-for-mutant 'markdown_it.rules_block.heading.x_heading__mutmut_109',mutmut run 'markdown_it.rules_block.heading.x_heading__mutmut_109'
M6a3f8ceeb07630da,markdown_it.common.normalize_url.x_normalizeLink__mutmut_7,specified,markdown_it/common/normalize_url.py,normalizeLink,31,    if parsed.hostname and (,    if parsed.hostname or (,survived,unreviewed,,tests/task/phase1/task.py::test_file;tests/task/phase1/task.py::test_spec,mutmut show 'markdown_it.common.normalize_url.x_normalizeLink__mutmut_7',mutmut tests-for-mutant 'markdown_it.common.normalize_url.x_normalizeLink__mutmut_7',mutmut run 'markdown_it.common.normalize_url.x_normalizeLink__mutmut_7'
M6a476d81ad99e8f1,markdown_it.parser_inline.xǁParserInlineǁskipToken__mutmut_17,specified,markdown_it/parser_inline.py,skipToken,151,            state.level += 1,            state.level += 2,timeout,unreviewed,,tests/task/phase1/task.py::test_file;tests/task/phase1/task.py::test_spec,mutmut show 'markdown_it.parser_inline.xǁParserInlineǁskipToken__mutmut_17',mutmut tests-for-mutant 'markdown_it.parser_inline.xǁParserInlineǁskipToken__mutmut_17',mutmut run 'markdown_it.parser_inline.xǁParserInlineǁskipToken__mutmut_17'
M6a8cb0a34d7e52f8,markdown_it.rules_inline.image.x_image__mutmut_44,specified,markdown_it/rules_inline/image.py,image,38,        while pos < max:,        while pos <= max:,survived,unreviewed,,tests/task/phase1/task.py::test_file;tests/task/phase1/task.py::test_spec,mutmut show 'markdown_it.rules_inline.image.x_image__mutmut_44',mutmut tests-for-mutant 'markdown_it.rules_inline.image.x_image__mutmut_44',mutmut run 'markdown_it.rules_inline.image.x_image__mutmut_44'
M6af0c49388e240f2,markdown_it.cli.parse.x_parse_args__mutmut_51,specified,markdown_it/cli/parse.py,parse_args,118,"        ""filenames"", nargs=""*"", help=""specify an optional list of files to convert""","        ""filenames"", nargs=""*"", help=""SPECIFY AN OPTIONAL LIST OF FILES TO CONVERT""",no_tests,unreviewed,,,mutmut show 'markdown_it.cli.parse.x_parse_args__mutmut_51',mutmut tests-for-mutant 'markdown_it.cli.parse.x_parse_args__mutmut_51',mutmut run 'markdown_it.cli.parse.x_parse_args__mutmut_51'
M6b13ff7c508c03e0,markdown_it.cli.parse.x_parse_args__mutmut_39,specified,markdown_it/cli/parse.py,parse_args,115,"        ""--stdin"", action=""store_true"", help=""read Markdown from standard input""","        ""--stdin"", action=""store_true"", help=""read markdown from standard input""",no_tests,unreviewed,,,mutmut show 'markdown_it.cli.parse.x_parse_args__mutmut_39',mutmut tests-for-mutant 'markdown_it.cli.parse.x_parse_args__mutmut_39',mutmut run 'markdown_it.cli.parse.x_parse_args__mutmut_39'
M6b1862b400e29b92,markdown_it.rules_inline.html_inline.x_html_inline__mutmut_56,specified,markdown_it/rules_inline/html_inline.py,html_inline,42,    state.pos += len(match.group(0)),    state.pos -= len(match.group(0)),timeout,unreviewed,,tests/task/phase1/task.py::test_file;tests/task/phase1/task.py::test_spec,mutmut show 'markdown_it.rules_inline.html_inline.x_html_inline__mutmut_56',mutmut tests-for-mutant 'markdown_it.rules_inline.html_inline.x_html_inline__mutmut_56',mutmut run 'markdown_it.rules_inline.html_inline.x_html_inline__mutmut_56'
M6b4853a16a5934a2,markdown_it.rules_block.list.x_markTightParagraphs__mutmut_25,specified,markdown_it/rules_block/list.py,markTightParagraphs,98,        i += 1,        i = 1,timeout,unreviewed,,tests/task/phase1/task.py::test_file;tests/task/phase1/task.py::test_spec,mutmut show 'markdown_it.rules_block.list.x_markTightParagraphs__mutmut_25',mutmut tests-for-mutant 'markdown_it.rules_block.list.x_markTightParagraphs__mutmut_25',mutmut run 'markdown_it.rules_block.list.x_markTightParagraphs__mutmut_25'
M6b5247d68f37c10f,markdown_it.parser_inline.xǁParserInlineǁskipToken__mutmut_29,specified,markdown_it/parser_inline.py,skipToken,170,    if not ok:,    if ok:,timeout,unreviewed,,tests/task/phase1/task.py::test_file;tests/task/phase1/task.py::test_spec,mutmut show 'markdown_it.parser_inline.xǁParserInlineǁskipToken__mutmut_29',mutmut tests-for-mutant 'markdown_it.parser_inline.xǁParserInlineǁskipToken__mutmut_29',mutmut run 'markdown_it.parser_inline.xǁParserInlineǁskipToken__mutmut_29'
M6b9363767b5264d7,markdown_it.ruler.xǁRulerǁafter__mutmut_28,specified,markdown_it/ruler.py,after,172,"        index + 1, Rule[RuleFuncTv](ruleName, True, fn, options.get(""alt"", []))","        index + 1, Rule[RuleFuncTv](ruleName, True, fn, options.get(""XXaltXX"", []))",survived,unreviewed,,tests/task/phase1/task.py::test_core_after;tests/task/task2.py::test_make_fence_after,mutmut show 'markdown_it.ruler.xǁRulerǁafter__mutmut_28',mutmut tests-for-mutant 'markdown_it.ruler.xǁRulerǁafter__mutmut_28',mutmut run 'markdown_it.ruler.xǁRulerǁafter__mutmut_28'
M6ba5434aa96c662f,markdown_it.helpers.parse_link_destination.x_parseLinkDestination__mutmut_38,specified,markdown_it/helpers/parse_link_destination.py,parseLinkDestination,35,            if code == 0x5C and pos + 1 < maximum:  # \,            if code == 0x5C and pos + 1 <= maximum:  # \,survived,unreviewed,,tests/task/phase1/task.py::test_file;tests/task/phase1/task.py::test_spec,mutmut show 'markdown_it.helpers.parse_link_destination.x_parseLinkDestination__mutmut_38',mutmut tests-for-mutant 'markdown_it.helpers.parse_link_destination.x_parseLinkDestination__mutmut_38',mutmut run 'markdown_it.helpers.parse_link_destination.x_parseLinkDestination__mutmut_38'
M6bbfb14e6493fbfc,markdown_it.rules_inline.newline.x_newline__mutmut_72,specified,markdown_it/rules_inline/newline.py,newline,32,"                state.push(""softbreak"", ""br"", 0)","                state.push(""softbreak"", ""br"", 1)",survived,unreviewed,,tests/task/phase1/task.py::test_file;tests/task/phase1/task.py::test_spec;tests/task/task2.py::test_make_fence_at,mutmut show 'markdown_it.rules_inline.newline.x_newline__mutmut_72',mutmut tests-for-mutant 'markdown_it.rules_inline.newline.x_newline__mutmut_72',mutmut run 'markdown_it.rules_inline.newline.x_newline__mutmut_72'
M6bd99454f736c333,markdown_it.rules_block.html_block.x_html_block__mutmut_64,specified,markdown_it/rules_block/html_block.py,html_block,86,"    token = state.push(""html_block"", """", 0)","    token = state.push(""html_block"", None, 0)",survived,unreviewed,,tests/task/phase1/task.py::test_core_after;tests/task/phase1/task.py::test_file;tests/task/phase1/task.py::test_spec;tests/task/task2.py::test_make_fence_at,mutmut show 'markdown_it.rules_block.html_block.x_html_block__mutmut_64',mutmut tests-for-mutant 'markdown_it.rules_block.html_block.x_html_block__mutmut_64',mutmut run 'markdown_it.rules_block.html_block.x_html_block__mutmut_64'
M6c45ba8646b5f028,markdown_it.cli.parse.x_parse_args__mutmut_47,specified,markdown_it/cli/parse.py,parse_args,118,"        ""filenames"", nargs=""*"", help=""specify an optional list of files to convert""","        ""XXfilenamesXX"", nargs=""*"", help=""specify an optional list of files to convert""",no_tests,unreviewed,,,mutmut show 'markdown_it.cli.parse.x_parse_args__mutmut_47',mutmut tests-for-mutant 'markdown_it.cli.parse.x_parse_args__mutmut_47',mutmut run 'markdown_it.cli.parse.x_parse_args__mutmut_47'
M6c9d13e552d6b53c,markdown_it.rules_block.list.x_markTightParagraphs__mutmut_10,specified,markdown_it/rules_block/list.py,markTightParagraphs,93,    while i < length:,    while i <= length:,survived,unreviewed,,tests/task/phase1/task.py::test_file;tests/task/phase1/task.py::test_spec,mutmut show 'markdown_it.rules_block.list.x_markTightParagraphs__mutmut_10',mutmut tests-for-mutant 'markdown_it.rules_block.list.x_markTightParagraphs__mutmut_10',mutmut run 'markdown_it.rules_block.list.x_markTightParagraphs__mutmut_10'
M6ca146acac940192,markdown_it.rules_block.reference.x_reference__mutmut_322,specified,markdown_it/rules_block/reference.py,reference,188,"                ""map"": [startLine, state.line],","                ""MAP"": [startLine, state.line],",survived,unreviewed,,tests/task/phase1/task.py::test_core_after;tests/task/phase1/task.py::test_file;tests/task/phase1/task.py::test_spec;tests/task/task2.py::test_make_fence_at,mutmut show 'markdown_it.rules_block.reference.x_reference__mutmut_322',mutmut tests-for-mutant 'markdown_it.rules_block.reference.x_reference__mutmut_322',mutmut run 'markdown_it.rules_block.reference.x_reference__mutmut_322'
M6cec56fe294b0d49,markdown_it.ruler.xǁRulerǁpush__mutmut_18,specified,markdown_it/ruler.py,push,189,    self.__cache__ = None,"    self.__cache__ = """"",survived,unreviewed,,tests/task/phase1/task.py::test_core_after;tests/task/phase1/task.py::test_file;tests/task/phase1/task.py::test_non_utf8;tests/task/phase1/task.py::test_spec;tests/task/task2.py::test_make_fence_after;tests/task/task2.py::test_make_fence_at,mutmut show 'markdown_it.ruler.xǁRulerǁpush__mutmut_18',mutmut tests-for-mutant 'markdown_it.ruler.xǁRulerǁpush__mutmut_18',mutmut run 'markdown_it.ruler.xǁRulerǁpush__mutmut_18'
M6d04fd4f527ac4d4,markdown_it.rules_inline.html_inline.x_html_inline__mutmut_13,specified,markdown_it/rules_inline/html_inline.py,html_inline,21,"    if state.src[pos] != ""<"" or pos + 2 >= maximum:","    if state.src[pos] != ""<"" or pos - 2 >= maximum:",survived,unreviewed,,tests/task/phase1/task.py::test_file;tests/task/phase1/task.py::test_spec,mutmut show 'markdown_it.rules_inline.html_inline.x_html_inline__mutmut_13',mutmut tests-for-mutant 'markdown_it.rules_inline.html_inline.x_html_inline__mutmut_13',mutmut run 'markdown_it.rules_inline.html_inline.x_html_inline__mutmut_13'
M6d11332ec5c54d3a,markdown_it.rules_inline.balance_pairs.x_processDelimiters__mutmut_131,specified,markdown_it/rules_inline/balance_pairs.py,processDelimiters,121,                (3 if closer.open else 0) + ((closer.length or 0) % 3),                (3 if closer.open else 0) + ((closer.length or 1) % 3),survived,unreviewed,,tests/task/phase1/task.py::test_core_after;tests/task/phase1/task.py::test_file;tests/task/phase1/task.py::test_spec;tests/task/task2.py::test_make_fence_at,mutmut show 'markdown_it.rules_inline.balance_pairs.x_processDelimiters__mutmut_131',mutmut tests-for-mutant 'markdown_it.rules_inline.balance_pairs.x_processDelimiters__mutmut_131',mutmut run 'markdown_it.rules_inline.balance_pairs.x_processDelimiters__mutmut_131'
M6d3ff21653b57564,markdown_it.rules_block.reference.x_reference__mutmut_271,specified,markdown_it/rules_block/reference.py,reference,166,"    if state.md.options.get(""inline_definitions"", False):","    if state.md.options.get(""XXinline_definitionsXX"", False):",survived,unreviewed,,tests/task/phase1/task.py::test_core_after;tests/task/phase1/task.py::test_file;tests/task/phase1/task.py::test_spec;tests/task/task2.py::test_make_fence_at,mutmut show 'markdown_it.rules_block.reference.x_reference__mutmut_271',mutmut tests-for-mutant 'markdown_it.rules_block.reference.x_reference__mutmut_271',mutmut run 'markdown_it.rules_block.reference.x_reference__mutmut_271'
M6d4d55470914f887,markdown_it.rules_block.reference.x_getNextLine__mutmut_35,specified,markdown_it/rules_block/reference.py,getNextLine,222,                terminate = True,                terminate = False,survived,unreviewed,,tests/task/phase1/task.py::test_file;tests/task/phase1/task.py::test_spec,mutmut show 'markdown_it.rules_block.reference.x_getNextLine__mutmut_35',mutmut tests-for-mutant 'markdown_it.rules_block.reference.x_getNextLine__mutmut_35',mutmut run 'markdown_it.rules_block.reference.x_getNextLine__mutmut_35'
M6d5a5964285327b3,markdown_it.rules_block.list.x_list_block__mutmut_5,specified,markdown_it/rules_block/list.py,list_block,102,"    LOGGER.debug(""entering list: %s, %s, %s, %s"", state, startLine, endLine, silent)","    LOGGER.debug(""entering list: %s, %s, %s, %s"", state, startLine, endLine, None)",survived,unreviewed,,tests/task/phase1/task.py::test_core_after;tests/task/phase1/task.py::test_file;tests/task/phase1/task.py::test_spec;tests/task/task2.py::test_make_fence_at,mutmut show 'markdown_it.rules_block.list.x_list_block__mutmut_5',mutmut tests-for-mutant 'markdown_it.rules_block.list.x_list_block__mutmut_5',mutmut run 'markdown_it.rules_block.list.x_list_block__mutmut_5'
M6d70f28ee91aeb72,markdown_it.rules_block.fence.x_make_fence_rule__mutmut_11,specified,markdown_it/rules_block/fence.py,make_fence_rule,49,"            ""entering fence: %s, %s, %s, %s"", state, startLine, endLine, silent","            None, state, startLine, endLine, silent",survived,unreviewed,,tests/task/phase1/task.py::test_file;tests/task/task2.py::test_make_fence_after;tests/task/task2.py::test_make_fence_at,mutmut show 'markdown_it.rules_block.fence.x_make_fence_rule__mutmut_11',mutmut tests-for-mutant 'markdown_it.rules_block.fence.x_make_fence_rule__mutmut_11',mutmut run 'markdown_it.rules_block.fence.x_make_fence_rule__mutmut_11'
M6db197d47eea0511,markdown_it.presets.xǁgfm_like2ǁmake__mutmut_11,specified,markdown_it/presets/__init__.py,make,45,"    config[""options""][""tasklists_editable""] = False","    config[""options""][""XXtasklists_editableXX""] = False",survived,unreviewed,,tests/task/phase1/task.py::test_file,mutmut show 'markdown_it.presets.xǁgfm_like2ǁmake__mutmut_11',mutmut tests-for-mutant 'markdown_it.presets.xǁgfm_like2ǁmake__mutmut_11',mutmut run 'markdown_it.presets.xǁgfm_like2ǁmake__mutmut_11'
M6dca3d033792899a,markdown_it.parser_block.xǁParserBlockǁtokenize__mutmut_6,specified,markdown_it/parser_block.py,tokenize,65,    hasEmptyLines = False,    hasEmptyLines = None,survived,unreviewed,,tests/task/phase1/task.py::test_core_after;tests/task/phase1/task.py::test_file;tests/task/phase1/task.py::test_spec;tests/task/task2.py::test_make_fence_after;tests/task/task2.py::test_make_fence_at,mutmut show 'markdown_it.parser_block.xǁParserBlockǁtokenize__mutmut_6',mutmut tests-for-mutant 'markdown_it.parser_block.xǁParserBlockǁtokenize__mutmut_6',mutmut run 'markdown_it.parser_block.xǁParserBlockǁtokenize__mutmut_6'
M6de4f9b40208196c,markdown_it.rules_inline.autolink.x_autolink__mutmut_158,specified,markdown_it/rules_inline/autolink.py,autolink,77,    return False,    return True,timeout,unreviewed,,tests/task/phase1/task.py::test_file;tests/task/phase1/task.py::test_spec,mutmut show 'markdown_it.rules_inline.autolink.x_autolink__mutmut_158',mutmut tests-for-mutant 'markdown_it.rules_inline.autolink.x_autolink__mutmut_158',mutmut run 'markdown_it.rules_inline.autolink.x_autolink__mutmut_158'
M6e0e02e7e900b8a9,markdown_it.helpers.parse_link_title.x_parseLinkTitle__mutmut_48,specified,markdown_it/helpers/parse_link_title.py,parseLinkTitle,65,        elif code == 0x28 and state.marker == 0x29:  # /* ( */  /* ) */,        elif code == 41 and state.marker == 0x29:  # /* ( */  /* ) */,survived,unreviewed,,tests/task/phase1/task.py::test_file;tests/task/phase1/task.py::test_spec,mutmut show 'markdown_it.helpers.parse_link_title.x_parseLinkTitle__mutmut_48',mutmut tests-for-mutant 'markdown_it.helpers.parse_link_title.x_parseLinkTitle__mutmut_48',mutmut run 'markdown_it.helpers.parse_link_title.x_parseLinkTitle__mutmut_48'
M6e50cd29d9590fe7,markdown_it.common.utils.x_isValidEntityCode__mutmut_2,specified,markdown_it/common/utils.py,isValidEntityCode,58,    if c >= 0xD800 and c <= 0xDFFF:,    if c > 0xD800 and c <= 0xDFFF:,survived,unreviewed,,tests/task/phase1/task.py::test_spec,mutmut show 'markdown_it.common.utils.x_isValidEntityCode__mutmut_2',mutmut tests-for-mutant 'markdown_it.common.utils.x_isValidEntityCode__mutmut_2',mutmut run 'markdown_it.common.utils.x_isValidEntityCode__mutmut_2'
M6e6e3c5239804f54,markdown_it.presets.xǁgfm_like2ǁmake__mutmut_19,specified,markdown_it/presets/__init__.py,make,46,"    config[""options""][""alerts""] = True","    config[""options""][""alerts""] = False",survived,unreviewed,,tests/task/phase1/task.py::test_file,mutmut show 'markdown_it.presets.xǁgfm_like2ǁmake__mutmut_19',mutmut tests-for-mutant 'markdown_it.presets.xǁgfm_like2ǁmake__mutmut_19',mutmut run 'markdown_it.presets.xǁgfm_like2ǁmake__mutmut_19'
M6e73cf5b54c014b8,markdown_it.ruler.xǁRulerǁenable__mutmut_7,specified,markdown_it/ruler.py,enable,206,        if (idx < 0) and ignoreInvalid:,        if (idx <= 0) and ignoreInvalid:,survived,unreviewed,,tests/task/phase1/task.py::test_core_after;tests/task/phase1/task.py::test_file;tests/task/phase1/task.py::test_non_utf8;tests/task/phase1/task.py::test_spec;tests/task/task2.py::test_make_fence_after;tests/task/task2.py::test_make_fence_at,mutmut show 'markdown_it.ruler.xǁRulerǁenable__mutmut_7',mutmut tests-for-mutant 'markdown_it.ruler.xǁRulerǁenable__mutmut_7',mutmut run 'markdown_it.ruler.xǁRulerǁenable__mutmut_7'
M6e79aa0cc4bea09d,markdown_it.rules_inline.balance_pairs.x_processDelimiters__mutmut_130,specified,markdown_it/rules_inline/balance_pairs.py,processDelimiters,121,                (3 if closer.open else 0) + ((closer.length or 0) % 3),                (3 if closer.open else 0) + ((closer.length and 0) % 3),survived,unreviewed,,tests/task/phase1/task.py::test_core_after;tests/task/phase1/task.py::test_file;tests/task/phase1/task.py::test_spec;tests/task/task2.py::test_make_fence_at,mutmut show 'markdown_it.rules_inline.balance_pairs.x_processDelimiters__mutmut_130',mutmut tests-for-mutant 'markdown_it.rules_inline.balance_pairs.x_processDelimiters__mutmut_130',mutmut run 'markdown_it.rules_inline.balance_pairs.x_processDelimiters__mutmut_130'
M6eac97212898c2a3,markdown_it.rules_inline.escape.x_escape__mutmut_86,specified,markdown_it/rules_inline/escape.py,escape,54,"        token.info = ""escape""","        token.info = ""ESCAPE""",survived,unreviewed,,tests/task/phase1/task.py::test_file;tests/task/phase1/task.py::test_spec;tests/task/task2.py::test_make_fence_at,mutmut show 'markdown_it.rules_inline.escape.x_escape__mutmut_86',mutmut tests-for-mutant 'markdown_it.rules_inline.escape.x_escape__mutmut_86',mutmut run 'markdown_it.rules_inline.escape.x_escape__mutmut_86'
M6ec82d48311cd44b,markdown_it.rules_inline.entity.x_entity__mutmut_34,specified,markdown_it/rules_inline/entity.py,entity,27,"                    int(match1[1:], 16) if match1[0].lower() == ""x"" else int(match1, 10)","                    int(match1[1:], 16) if match1[0].lower() == ""x"" else int(match1, )",survived,unreviewed,,tests/task/phase1/task.py::test_file;tests/task/phase1/task.py::test_spec,mutmut show 'markdown_it.rules_inline.entity.x_entity__mutmut_34',mutmut tests-for-mutant 'markdown_it.rules_inline.entity.x_entity__mutmut_34',mutmut run 'markdown_it.rules_inline.entity.x_entity__mutmut_34'
M6ec84bdd4372b4e9,markdown_it.rules_block.reference.x_getNextLine__mutmut_8,specified,markdown_it/rules_block/reference.py,getNextLine,207,        isContinuation = True,        isContinuation = None,survived,unreviewed,,tests/task/phase1/task.py::test_file;tests/task/phase1/task.py::test_spec,mutmut show 'markdown_it.rules_block.reference.x_getNextLine__mutmut_8',mutmut tests-for-mutant 'markdown_it.rules_block.reference.x_getNextLine__mutmut_8',mutmut run 'markdown_it.rules_block.reference.x_getNextLine__mutmut_8'
M6ec85394982137fd,markdown_it.rules_core.state_core.xǁStateCoreǁ__init____mutmut_6,specified,markdown_it/rules_core/state_core.py,__init__,25,    self.inlineMode = False,    self.inlineMode = None,survived,unreviewed,,tests/task/phase1/task.py::test_core_after;tests/task/phase1/task.py::test_file;tests/task/phase1/task.py::test_spec;tests/task/task2.py::test_make_fence_after;tests/task/task2.py::test_make_fence_at,mutmut show 'markdown_it.rules_core.state_core.xǁStateCoreǁ__init____mutmut_6',mutmut tests-for-mutant 'markdown_it.rules_core.state_core.xǁStateCoreǁ__init____mutmut_6',mutmut run 'markdown_it.rules_core.state_core.xǁStateCoreǁ__init____mutmut_6'
M6ec8d1e469c08fa6,markdown_it.presets.default.x_make__mutmut_28,specified,markdown_it/presets/default.py,make,26,"            ""langPrefix"": ""language-"",  # CSS language prefix for fenced blocks","            ""langprefix"": ""language-"",  # CSS language prefix for fenced blocks",survived,unreviewed,,tests/task/phase1/task.py::test_file,mutmut show 'markdown_it.presets.default.x_make__mutmut_28',mutmut tests-for-mutant 'markdown_it.presets.default.x_make__mutmut_28',mutmut run 'markdown_it.presets.default.x_make__mutmut_28'
M6eded14cc512f88f,markdown_it.rules_block.code.x_code__mutmut_22,specified,markdown_it/rules_block/code.py,code,20,            nextLine += 1,            nextLine -= 1,timeout,unreviewed,,tests/task/phase1/task.py::test_core_after;tests/task/phase1/task.py::test_file;tests/task/phase1/task.py::test_spec;tests/task/task2.py::test_make_fence_after;tests/task/task2.py::test_make_fence_at,mutmut show 'markdown_it.rules_block.code.x_code__mutmut_22',mutmut tests-for-mutant 'markdown_it.rules_block.code.x_code__mutmut_22',mutmut run 'markdown_it.rules_block.code.x_code__mutmut_22'
M6ef9603397f8eff7,markdown_it.presets.zero.x_make__mutmut_20,specified,markdown_it/presets/zero.py,make,27,"            ""xhtmlOut"": False,  # Use '/' to close single tags (<br />)","            ""XXxhtmlOutXX"": False,  # Use '/' to close single tags (<br />)",survived,unreviewed,,tests/task/phase1/task.py::test_file,mutmut show 'markdown_it.presets.zero.x_make__mutmut_20',mutmut tests-for-mutant 'markdown_it.presets.zero.x_make__mutmut_20',mutmut run 'markdown_it.presets.zero.x_make__mutmut_20'
M6efa70a346732a55,markdown_it.rules_inline.fragments_join.x_fragments_join__mutmut_24,specified,markdown_it/rules_inline/fragments_join.py,fragments_join,29,            and curr + 1 < maximum,            and curr + 2 < maximum,survived,unreviewed,,tests/task/phase1/task.py::test_core_after;tests/task/phase1/task.py::test_file;tests/task/phase1/task.py::test_spec;tests/task/task2.py::test_make_fence_at,mutmut show 'markdown_it.rules_inline.fragments_join.x_fragments_join__mutmut_24',mutmut tests-for-mutant 'markdown_it.rules_inline.fragments_join.x_fragments_join__mutmut_24',mutmut run 'markdown_it.rules_inline.fragments_join.x_fragments_join__mutmut_24'
M6f5c76d1751720ce,markdown_it.ruler.xǁRulerǁafter__mutmut_7,specified,markdown_it/ruler.py,after,169,    if index == -1:,    if index == -2:,survived,unreviewed,,tests/task/phase1/task.py::test_core_after;tests/task/task2.py::test_make_fence_after,mutmut show 'markdown_it.ruler.xǁRulerǁafter__mutmut_7',mutmut tests-for-mutant 'markdown_it.ruler.xǁRulerǁafter__mutmut_7',mutmut run 'markdown_it.ruler.xǁRulerǁafter__mutmut_7'
M6f667d9a58a587bb,markdown_it.rules_block.fence.x_make_fence_rule__mutmut_13,specified,markdown_it/rules_block/fence.py,make_fence_rule,49,"            ""entering fence: %s, %s, %s, %s"", state, startLine, endLine, silent","            ""entering fence: %s, %s, %s, %s"", state, None, endLine, silent",survived,unreviewed,,tests/task/phase1/task.py::test_file;tests/task/task2.py::test_make_fence_after;tests/task/task2.py::test_make_fence_at,mutmut show 'markdown_it.rules_block.fence.x_make_fence_rule__mutmut_13',mutmut tests-for-mutant 'markdown_it.rules_block.fence.x_make_fence_rule__mutmut_13',mutmut run 'markdown_it.rules_block.fence.x_make_fence_rule__mutmut_13'
M6f72f738a4ba7f94,markdown_it.presets.xǁgfm_likeǁmake__mutmut_20,specified,markdown_it/presets/__init__.py,make,24,"    config[""components""][""inline""][""rules""].extend([""strikethrough"", ""linkify""])","    config[""components""][""inline""][""rules""].extend(None)",survived,unreviewed,,tests/task/phase1/task.py::test_file,mutmut show 'markdown_it.presets.xǁgfm_likeǁmake__mutmut_20',mutmut tests-for-mutant 'markdown_it.presets.xǁgfm_likeǁmake__mutmut_20',mutmut run 'markdown_it.presets.xǁgfm_likeǁmake__mutmut_20'
M6fbced174c5e2a99,markdown_it.rules_inline.balance_pairs.x_processDelimiters__mutmut_110,specified,markdown_it/rules_inline/balance_pairs.py,processDelimiters,101,                    opener.close = False,                    opener.close = True,survived,unreviewed,,tests/task/phase1/task.py::test_core_after;tests/task/phase1/task.py::test_file;tests/task/phase1/task.py::test_spec;tests/task/task2.py::test_make_fence_at,mutmut show 'markdown_it.rules_inline.balance_pairs.x_processDelimiters__mutmut_110',mutmut tests-for-mutant 'markdown_it.rules_inline.balance_pairs.x_processDelimiters__mutmut_110',mutmut run 'markdown_it.rules_inline.balance_pairs.x_processDelimiters__mutmut_110'
M6fc21f7c2d464e83,markdown_it.cli.parse.x_main__mutmut_3,specified,markdown_it/cli/parse.py,main,23,        convert(namespace.filenames),        convert(None),no_tests,unreviewed,,,mutmut show 'markdown_it.cli.parse.x_main__mutmut_3',mutmut tests-for-mutant 'markdown_it.cli.parse.x_main__mutmut_3',mutmut run 'markdown_it.cli.parse.x_main__mutmut_3'
M7001481374ff63d0,markdown_it.rules_block.blockquote.x_blockquote__mutmut_67,specified,markdown_it/rules_block/blockquote.py,blockquote,68,            adjustTab = True,            adjustTab = None,survived,unreviewed,,tests/task/phase1/task.py::test_core_after;tests/task/phase1/task.py::test_file;tests/task/phase1/task.py::test_spec;tests/task/task2.py::test_make_fence_at,mutmut show 'markdown_it.rules_block.blockquote.x_blockquote__mutmut_67',mutmut tests-for-mutant 'markdown_it.rules_block.blockquote.x_blockquote__mutmut_67',mutmut run 'markdown_it.rules_block.blockquote.x_blockquote__mutmut_67'
M702f5145e5fc415d,markdown_it.rules_block.state_block.xǁStateBlockǁ__init____mutmut_89,specified,markdown_it/rules_block/state_block.py,__init__,106,    self.bsCount.append(0),    self.bsCount.append(1),survived,unreviewed,,tests/task/phase1/task.py::test_core_after;tests/task/phase1/task.py::test_file;tests/task/phase1/task.py::test_spec;tests/task/task2.py::test_make_fence_after;tests/task/task2.py::test_make_fence_at,mutmut show 'markdown_it.rules_block.state_block.xǁStateBlockǁ__init____mutmut_89',mutmut tests-for-mutant 'markdown_it.rules_block.state_block.xǁStateBlockǁ__init____mutmut_89',mutmut run 'markdown_it.rules_block.state_block.xǁStateBlockǁ__init____mutmut_89'
M703f92937c4f58d4,markdown_it.rules_block.list.x_list_block__mutmut_99,specified,markdown_it/rules_block/list.py,list_block,179,"        token = state.push(""bullet_list_open"", ""ul"", 1)","        token = state.push(""BULLET_LIST_OPEN"", ""ul"", 1)",survived,unreviewed,,tests/task/phase1/task.py::test_core_after;tests/task/phase1/task.py::test_file;tests/task/phase1/task.py::test_spec;tests/task/task2.py::test_make_fence_at,mutmut show 'markdown_it.rules_block.list.x_list_block__mutmut_99',mutmut tests-for-mutant 'markdown_it.rules_block.list.x_list_block__mutmut_99',mutmut run 'markdown_it.rules_block.list.x_list_block__mutmut_99'
M70b8e43044acd549,markdown_it.presets.commonmark.x_make__mutmut_35,specified,markdown_it/presets/commonmark.py,make,43,"        ""components"": {","        ""COMPONENTS"": {",survived,unreviewed,,tests/task/phase1/task.py::test_file,mutmut show 'markdown_it.presets.commonmark.x_make__mutmut_35',mutmut tests-for-mutant 'markdown_it.presets.commonmark.x_make__mutmut_35',mutmut run 'markdown_it.presets.commonmark.x_make__mutmut_35'
M70cf2d673b7ba9e2,markdown_it.rules_inline.fragments_join.x_fragments_join__mutmut_28,specified,markdown_it/rules_inline/fragments_join.py,fragments_join,30,"            and state.tokens[curr + 1].type == ""text""","            and state.tokens[curr + 1].type != ""text""",survived,unreviewed,,tests/task/phase1/task.py::test_core_after;tests/task/phase1/task.py::test_file;tests/task/phase1/task.py::test_spec;tests/task/task2.py::test_make_fence_at,mutmut show 'markdown_it.rules_inline.fragments_join.x_fragments_join__mutmut_28',mutmut tests-for-mutant 'markdown_it.rules_inline.fragments_join.x_fragments_join__mutmut_28',mutmut run 'markdown_it.rules_inline.fragments_join.x_fragments_join__mutmut_28'
M711160c58c397fc7,markdown_it.parser_inline.xǁParserInlineǁskipToken__mutmut_27,specified,markdown_it/parser_inline.py,skipToken,155,                break,                return,survived,unreviewed,,tests/task/phase1/task.py::test_file;tests/task/phase1/task.py::test_spec,mutmut show 'markdown_it.parser_inline.xǁParserInlineǁskipToken__mutmut_27',mutmut tests-for-mutant 'markdown_it.parser_inline.xǁParserInlineǁskipToken__mutmut_27',mutmut run 'markdown_it.parser_inline.xǁParserInlineǁskipToken__mutmut_27'
M711a561a162ea2a4,markdown_it.rules_block.fence.x_make_fence_rule__mutmut_89,specified,markdown_it/rules_block/fence.py,make_fence_rule,125,            haveEndMarker = True,            haveEndMarker = False,survived,unreviewed,,tests/task/phase1/task.py::test_file;tests/task/task2.py::test_make_fence_after;tests/task/task2.py::test_make_fence_at,mutmut show 'markdown_it.rules_block.fence.x_make_fence_rule__mutmut_89',mutmut tests-for-mutant 'markdown_it.rules_block.fence.x_make_fence_rule__mutmut_89',mutmut run 'markdown_it.rules_block.fence.x_make_fence_rule__mutmut_89'
M71536c3c5b806f56,markdown_it.rules_block.heading.x_heading__mutmut_2,specified,markdown_it/rules_block/heading.py,heading,14,"    LOGGER.debug(""entering heading: %s, %s, %s, %s"", state, startLine, endLine, silent)","    LOGGER.debug(""entering heading: %s, %s, %s, %s"", None, startLine, endLine, silent)",survived,unreviewed,,tests/task/phase1/task.py::test_core_after;tests/task/phase1/task.py::test_file;tests/task/phase1/task.py::test_spec;tests/task/task2.py::test_make_fence_at,mutmut show 'markdown_it.rules_block.heading.x_heading__mutmut_2',mutmut tests-for-mutant 'markdown_it.rules_block.heading.x_heading__mutmut_2',mutmut run 'markdown_it.rules_block.heading.x_heading__mutmut_2'
M71a284f2e17f33a3,markdown_it.rules_inline.entity.x_entity__mutmut_56,specified,markdown_it/rules_inline/entity.py,entity,37,"                token.info = ""entity""","                token.info = ""XXentityXX""",survived,unreviewed,,tests/task/phase1/task.py::test_file;tests/task/phase1/task.py::test_spec,mutmut show 'markdown_it.rules_inline.entity.x_entity__mutmut_56',mutmut tests-for-mutant 'markdown_it.rules_inline.entity.x_entity__mutmut_56',mutmut run 'markdown_it.rules_inline.entity.x_entity__mutmut_56'
M720ef4db3d32540f,markdown_it.renderer.xǁRendererHTMLǁfence__mutmut_44,specified,markdown_it/renderer.py,fence,294,"        tmpToken = Token(type="""", tag="""", nesting=0, attrs=token.attrs.copy())","        tmpToken = Token(type=""XXXX"", tag="""", nesting=0, attrs=token.attrs.copy())",survived,unreviewed,,tests/task/phase1/task.py::test_file;tests/task/phase1/task.py::test_spec,mutmut show 'markdown_it.renderer.xǁRendererHTMLǁfence__mutmut_44',mutmut tests-for-mutant 'markdown_it.renderer.xǁRendererHTMLǁfence__mutmut_44',mutmut run 'markdown_it.renderer.xǁRendererHTMLǁfence__mutmut_44'
M7255dd5aba7834f0,markdown_it.cli.parse.x_parse_args__mutmut_31,specified,markdown_it/cli/parse.py,parse_args,115,"        ""--stdin"", action=""store_true"", help=""read Markdown from standard input""","        action=""store_true"", help=""read Markdown from standard input""",no_tests,unreviewed,,,mutmut show 'markdown_it.cli.parse.x_parse_args__mutmut_31',mutmut tests-for-mutant 'markdown_it.cli.parse.x_parse_args__mutmut_31',mutmut run 'markdown_it.cli.parse.x_parse_args__mutmut_31'
M726f3de6ef481cc6,markdown_it.rules_block.blockquote.x_blockquote__mutmut_154,specified,markdown_it/rules_block/blockquote.py,blockquote,170,                adjustTab = False,                adjustTab = True,survived,unreviewed,,tests/task/phase1/task.py::test_core_after;tests/task/phase1/task.py::test_file;tests/task/phase1/task.py::test_spec;tests/task/task2.py::test_make_fence_at,mutmut show 'markdown_it.rules_block.blockquote.x_blockquote__mutmut_154',mutmut tests-for-mutant 'markdown_it.rules_block.blockquote.x_blockquote__mutmut_154',mutmut run 'markdown_it.rules_block.blockquote.x_blockquote__mutmut_154'
M7276d40882a72746,markdown_it.presets.commonmark.x_make__mutmut_68,specified,markdown_it/presets/commonmark.py,make,55,"                    ""reference"",","                    ""XXreferenceXX"",",survived,unreviewed,,tests/task/phase1/task.py::test_file,mutmut show 'markdown_it.presets.commonmark.x_make__mutmut_68',mutmut tests-for-mutant 'markdown_it.presets.commonmark.x_make__mutmut_68',mutmut run 'markdown_it.presets.commonmark.x_make__mutmut_68'
M728c4b3842f87f05,markdown_it.renderer.xǁRendererHTMLǁfence__mutmut_6,specified,markdown_it/renderer.py,fence,270,"    langName = """"","    langName = ""XXXX""",survived,unreviewed,,tests/task/phase1/task.py::test_file;tests/task/phase1/task.py::test_spec,mutmut show 'markdown_it.renderer.xǁRendererHTMLǁfence__mutmut_6',mutmut tests-for-mutant 'markdown_it.renderer.xǁRendererHTMLǁfence__mutmut_6',mutmut run 'markdown_it.renderer.xǁRendererHTMLǁfence__mutmut_6'
M72c24b026592af9a,markdown_it.rules_block.reference.x_reference__mutmut_60,specified,markdown_it/rules_block/reference.py,reference,44,            pos += 1,            pos -= 1,timeout,unreviewed,,tests/task/phase1/task.py::test_core_after;tests/task/phase1/task.py::test_file;tests/task/phase1/task.py::test_spec;tests/task/task2.py::test_make_fence_at,mutmut show 'markdown_it.rules_block.reference.x_reference__mutmut_60',mutmut tests-for-mutant 'markdown_it.rules_block.reference.x_reference__mutmut_60',mutmut run 'markdown_it.rules_block.reference.x_reference__mutmut_60'
M72db3928a72d4784,markdown_it.renderer.xǁRendererHTMLǁfence__mutmut_45,specified,markdown_it/renderer.py,fence,294,"        tmpToken = Token(type="""", tag="""", nesting=0, attrs=token.attrs.copy())","        tmpToken = Token(type="""", tag=""XXXX"", nesting=0, attrs=token.attrs.copy())",survived,unreviewed,,tests/task/phase1/task.py::test_file;tests/task/phase1/task.py::test_spec,mutmut show 'markdown_it.renderer.xǁRendererHTMLǁfence__mutmut_45',mutmut tests-for-mutant 'markdown_it.renderer.xǁRendererHTMLǁfence__mutmut_45',mutmut run 'markdown_it.renderer.xǁRendererHTMLǁfence__mutmut_45'
M72ff4b571221ddf3,markdown_it.rules_block.fence.x_make_fence_rule__mutmut_104,specified,markdown_it/rules_block/fence.py,make_fence_rule,134,"        token = state.push(token_type, ""code"", 0)","        token = state.push(token_type, ""CODE"", 0)",survived,unreviewed,,tests/task/phase1/task.py::test_file;tests/task/task2.py::test_make_fence_after;tests/task/task2.py::test_make_fence_at,mutmut show 'markdown_it.rules_block.fence.x_make_fence_rule__mutmut_104',mutmut tests-for-mutant 'markdown_it.rules_block.fence.x_make_fence_rule__mutmut_104',mutmut run 'markdown_it.rules_block.fence.x_make_fence_rule__mutmut_104'
M73004f1abd46db8a,markdown_it.presets.zero.x_make__mutmut_34,specified,markdown_it/presets/zero.py,make,36,"        ""components"": {","        ""XXcomponentsXX"": {",survived,unreviewed,,tests/task/phase1/task.py::test_file,mutmut show 'markdown_it.presets.zero.x_make__mutmut_34',mutmut tests-for-mutant 'markdown_it.presets.zero.x_make__mutmut_34',mutmut run 'markdown_it.presets.zero.x_make__mutmut_34'
M730bbb31311eb2bf,markdown_it.rules_inline.backticks.x_backtick__mutmut_30,specified,markdown_it/rules_inline/backticks.py,backtick,29,        state.pos += openerLength,        state.pos -= openerLength,timeout,unreviewed,,tests/task/phase1/task.py::test_file;tests/task/phase1/task.py::test_spec;tests/task/task2.py::test_make_fence_at,mutmut show 'markdown_it.rules_inline.backticks.x_backtick__mutmut_30',mutmut tests-for-mutant 'markdown_it.rules_inline.backticks.x_backtick__mutmut_30',mutmut run 'markdown_it.rules_inline.backticks.x_backtick__mutmut_30'
M7363006fa66e42a0,markdown_it.presets.zero.x_make__mutmut_40,specified,markdown_it/presets/zero.py,make,37,"            ""core"": {""rules"": [""normalize"", ""block"", ""inline"", ""text_join""]},","            ""core"": {""rules"": [""XXnormalizeXX"", ""block"", ""inline"", ""text_join""]},",survived,unreviewed,,tests/task/phase1/task.py::test_file,mutmut show 'markdown_it.presets.zero.x_make__mutmut_40',mutmut tests-for-mutant 'markdown_it.presets.zero.x_make__mutmut_40',mutmut run 'markdown_it.presets.zero.x_make__mutmut_40'
M737349f5bd4ab9e4,markdown_it.presets.default.x_make__mutmut_15,specified,markdown_it/presets/default.py,make,16,"            ""typographer"": False,","            ""typographer"": True,",survived,unreviewed,,tests/task/phase1/task.py::test_file,mutmut show 'markdown_it.presets.default.x_make__mutmut_15',mutmut tests-for-mutant 'markdown_it.presets.default.x_make__mutmut_15',mutmut run 'markdown_it.presets.default.x_make__mutmut_15'
M7383e40bcc61f6ad,markdown_it.rules_block.blockquote.x_blockquote__mutmut_246,specified,markdown_it/rules_block/blockquote.py,blockquote,258,                state.sCount[nextLine] -= state.blkIndent,                state.sCount[nextLine] = state.blkIndent,survived,unreviewed,,tests/task/phase1/task.py::test_core_after;tests/task/phase1/task.py::test_file;tests/task/phase1/task.py::test_spec;tests/task/task2.py::test_make_fence_at,mutmut show 'markdown_it.rules_block.blockquote.x_blockquote__mutmut_246',mutmut tests-for-mutant 'markdown_it.rules_block.blockquote.x_blockquote__mutmut_246',mutmut run 'markdown_it.rules_block.blockquote.x_blockquote__mutmut_246'
M73888e19fa480b17,markdown_it.rules_block.blockquote.x_blockquote__mutmut_21,specified,markdown_it/rules_block/blockquote.py,blockquote,27,            return False,            return True,timeout,unreviewed,,tests/task/phase1/task.py::test_core_after;tests/task/phase1/task.py::test_file;tests/task/phase1/task.py::test_spec;tests/task/task2.py::test_make_fence_at,mutmut show 'markdown_it.rules_block.blockquote.x_blockquote__mutmut_21',mutmut tests-for-mutant 'markdown_it.rules_block.blockquote.x_blockquote__mutmut_21',mutmut run 'markdown_it.rules_block.blockquote.x_blockquote__mutmut_21'
M738de7cd4a2d23ee,markdown_it.rules_block.state_block.xǁStateBlockǁgetLines__mutmut_50,specified,markdown_it/rules_block/state_block.py,getLines,248,"            queue[i - 1] = ("" "" * (lineIndent - indent)) + self.src[first:last]","            queue[i - 2] = ("" "" * (lineIndent - indent)) + self.src[first:last]",survived,unreviewed,,tests/task/phase1/task.py::test_core_after;tests/task/phase1/task.py::test_file;tests/task/phase1/task.py::test_spec;tests/task/task2.py::test_make_fence_after;tests/task/task2.py::test_make_fence_at,mutmut show 'markdown_it.rules_block.state_block.xǁStateBlockǁgetLines__mutmut_50',mutmut tests-for-mutant 'markdown_it.rules_block.state_block.xǁStateBlockǁgetLines__mutmut_50',mutmut run 'markdown_it.rules_block.state_block.xǁStateBlockǁgetLines__mutmut_50'
M739e2b437a3a81d5,markdown_it.common.normalize_url.x_normalizeLink__mutmut_6,specified,markdown_it/common/normalize_url.py,normalizeLink,23,"    parsed = mdurl.parse(url, slashes_denote_host=True)","    parsed = mdurl.parse(url, slashes_denote_host=False)",survived,unreviewed,,tests/task/phase1/task.py::test_file;tests/task/phase1/task.py::test_spec,mutmut show 'markdown_it.common.normalize_url.x_normalizeLink__mutmut_6',mutmut tests-for-mutant 'markdown_it.common.normalize_url.x_normalizeLink__mutmut_6',mutmut run 'markdown_it.common.normalize_url.x_normalizeLink__mutmut_6'
M73b60fa2f3224e9c,markdown_it.presets.xǁgfm_likeǁmake__mutmut_6,specified,markdown_it/presets/__init__.py,make,22,"    config[""components""][""core""][""rules""].append(""linkify"")","    config[""components""][""CORE""][""rules""].append(""linkify"")",survived,unreviewed,,tests/task/phase1/task.py::test_file,mutmut show 'markdown_it.presets.xǁgfm_likeǁmake__mutmut_6',mutmut tests-for-mutant 'markdown_it.presets.xǁgfm_likeǁmake__mutmut_6',mutmut run 'markdown_it.presets.xǁgfm_likeǁmake__mutmut_6'
M73c01662d8c9c4c0,markdown_it.rules_block.reference.x_reference__mutmut_316,specified,markdown_it/rules_block/reference.py,reference,185,"                ""title"": title,","                ""TITLE"": title,",survived,unreviewed,,tests/task/phase1/task.py::test_core_after;tests/task/phase1/task.py::test_file;tests/task/phase1/task.py::test_spec;tests/task/task2.py::test_make_fence_at,mutmut show 'markdown_it.rules_block.reference.x_reference__mutmut_316',mutmut tests-for-mutant 'markdown_it.rules_block.reference.x_reference__mutmut_316',mutmut run 'markdown_it.rules_block.reference.x_reference__mutmut_316'
M73c07bd86f1c180c,markdown_it.rules_block.blockquote.x_blockquote__mutmut_4,specified,markdown_it/rules_block/blockquote.py,blockquote,14,"        ""entering blockquote: %s, %s, %s, %s"", state, startLine, endLine, silent","        ""entering blockquote: %s, %s, %s, %s"", state, startLine, None, silent",survived,unreviewed,,tests/task/phase1/task.py::test_core_after;tests/task/phase1/task.py::test_file;tests/task/phase1/task.py::test_spec;tests/task/task2.py::test_make_fence_at,mutmut show 'markdown_it.rules_block.blockquote.x_blockquote__mutmut_4',mutmut tests-for-mutant 'markdown_it.rules_block.blockquote.x_blockquote__mutmut_4',mutmut run 'markdown_it.rules_block.blockquote.x_blockquote__mutmut_4'
M73e65c3312b1fd90,markdown_it.rules_inline.newline.x_newline__mutmut_21,specified,markdown_it/rules_inline/newline.py,newline,22,"            if pmax >= 1 and charStrAt(state.pending, pmax - 1) == "" "":","            if pmax >= 2 and charStrAt(state.pending, pmax - 1) == "" "":",survived,unreviewed,,tests/task/phase1/task.py::test_file;tests/task/phase1/task.py::test_spec;tests/task/task2.py::test_make_fence_at,mutmut show 'markdown_it.rules_inline.newline.x_newline__mutmut_21',mutmut tests-for-mutant 'markdown_it.rules_inline.newline.x_newline__mutmut_21',mutmut run 'markdown_it.rules_inline.newline.x_newline__mutmut_21'
M740198bb02eccdb2,markdown_it.rules_block.reference.x_reference__mutmut_8,specified,markdown_it/rules_block/reference.py,reference,11,"        ""entering reference: %s, %s, %s, %s"", state, startLine, _endLine, silent","        ""entering reference: %s, %s, %s, %s"", state, _endLine, silent",survived,unreviewed,,tests/task/phase1/task.py::test_core_after;tests/task/phase1/task.py::test_file;tests/task/phase1/task.py::test_spec;tests/task/task2.py::test_make_fence_at,mutmut show 'markdown_it.rules_block.reference.x_reference__mutmut_8',mutmut tests-for-mutant 'markdown_it.rules_block.reference.x_reference__mutmut_8',mutmut run 'markdown_it.rules_block.reference.x_reference__mutmut_8'
M743b3a8df014b4a0,markdown_it.rules_inline.link.x_link__mutmut_202,specified,markdown_it/rules_inline/link.py,link,145,"        token = state.push(""link_close"", ""a"", -1)","        token = state.push(None, ""a"", -1)",survived,unreviewed,,tests/task/phase1/task.py::test_file;tests/task/phase1/task.py::test_spec,mutmut show 'markdown_it.rules_inline.link.x_link__mutmut_202',mutmut tests-for-mutant 'markdown_it.rules_inline.link.x_link__mutmut_202',mutmut run 'markdown_it.rules_inline.link.x_link__mutmut_202'
M7466a3560dd46651,markdown_it.presets.commonmark.x_make__mutmut_51,specified,markdown_it/presets/commonmark.py,make,46,"                ""rules"": [","                ""RULES"": [",survived,unreviewed,,tests/task/phase1/task.py::test_file,mutmut show 'markdown_it.presets.commonmark.x_make__mutmut_51',mutmut tests-for-mutant 'markdown_it.presets.commonmark.x_make__mutmut_51',mutmut run 'markdown_it.presets.commonmark.x_make__mutmut_51'
M7480638c78aa12a1,markdown_it.rules_block.reference.x_getNextLine__mutmut_23,specified,markdown_it/rules_block/reference.py,getNextLine,219,        terminate = False,        terminate = None,survived,unreviewed,,tests/task/phase1/task.py::test_file;tests/task/phase1/task.py::test_spec,mutmut show 'markdown_it.rules_block.reference.x_getNextLine__mutmut_23',mutmut tests-for-mutant 'markdown_it.rules_block.reference.x_getNextLine__mutmut_23',mutmut run 'markdown_it.rules_block.reference.x_getNextLine__mutmut_23'
M749a3a12e50391dd,markdown_it.rules_block.list.x_list_block__mutmut_124,specified,markdown_it/rules_block/list.py,list_block,205,        while pos < maximum:,        while pos <= maximum:,survived,unreviewed,,tests/task/phase1/task.py::test_core_after;tests/task/phase1/task.py::test_file;tests/task/phase1/task.py::test_spec;tests/task/task2.py::test_make_fence_at,mutmut show 'markdown_it.rules_block.list.x_list_block__mutmut_124',mutmut tests-for-mutant 'markdown_it.rules_block.list.x_list_block__mutmut_124',mutmut run 'markdown_it.rules_block.list.x_list_block__mutmut_124'
M74ad6d15dc37841b,markdown_it._punycode.x_map_domain__mutmut_3,specified,markdown_it/_punycode.py,map_domain,40,"    parts = string.split(""@"")","    parts = string.split(""XX@XX"")",survived,unreviewed,,tests/task/phase1/task.py::test_file;tests/task/phase1/task.py::test_spec,mutmut show 'markdown_it._punycode.x_map_domain__mutmut_3',mutmut tests-for-mutant 'markdown_it._punycode.x_map_domain__mutmut_3',mutmut run 'markdown_it._punycode.x_map_domain__mutmut_3'
M75438683514bd1f0,markdown_it.ruler.xǁRulerǁenableOnly__mutmut_6,specified,markdown_it/ruler.py,enableOnly,229,"    return self.enable(names, ignoreInvalid)","    return self.enable(names, None)",survived,unreviewed,,tests/task/phase1/task.py::test_core_after;tests/task/phase1/task.py::test_file;tests/task/phase1/task.py::test_non_utf8;tests/task/phase1/task.py::test_spec;tests/task/task2.py::test_make_fence_after;tests/task/task2.py::test_make_fence_at,mutmut show 'markdown_it.ruler.xǁRulerǁenableOnly__mutmut_6',mutmut tests-for-mutant 'markdown_it.ruler.xǁRulerǁenableOnly__mutmut_6',mutmut run 'markdown_it.ruler.xǁRulerǁenableOnly__mutmut_6'
M754d38d5b788e8eb,markdown_it.rules_block.list.x_list_block__mutmut_297,specified,markdown_it/rules_block/list.py,list_block,339,            start = state.bMarks[nextLine] + state.tShift[nextLine],            start = state.bMarks[nextLine] - state.tShift[nextLine],survived,unreviewed,,tests/task/phase1/task.py::test_core_after;tests/task/phase1/task.py::test_file;tests/task/phase1/task.py::test_spec;tests/task/task2.py::test_make_fence_at,mutmut show 'markdown_it.rules_block.list.x_list_block__mutmut_297',mutmut tests-for-mutant 'markdown_it.rules_block.list.x_list_block__mutmut_297',mutmut run 'markdown_it.rules_block.list.x_list_block__mutmut_297'
M7597d5b8477c1737,markdown_it.rules_inline.autolink.x_autolink__mutmut_62,specified,markdown_it/rules_inline/autolink.py,autolink,46,"            token = state.push(""text"", """", 0)","            token = state.push(""text"", """", 1)",survived,unreviewed,,tests/task/phase1/task.py::test_file;tests/task/phase1/task.py::test_spec,mutmut show 'markdown_it.rules_inline.autolink.x_autolink__mutmut_62',mutmut tests-for-mutant 'markdown_it.rules_inline.autolink.x_autolink__mutmut_62',mutmut run 'markdown_it.rules_inline.autolink.x_autolink__mutmut_62'
M75aa52c9b3b5d208,markdown_it.presets.zero.x_make__mutmut_33,specified,markdown_it/presets/zero.py,make,34,"            ""highlight"": None,","            ""HIGHLIGHT"": None,",survived,unreviewed,,tests/task/phase1/task.py::test_file,mutmut show 'markdown_it.presets.zero.x_make__mutmut_33',mutmut tests-for-mutant 'markdown_it.presets.zero.x_make__mutmut_33',mutmut run 'markdown_it.presets.zero.x_make__mutmut_33'
M75fce7e5cbf08805,markdown_it.common.normalize_url.x_normalizeLink__mutmut_9,specified,markdown_it/common/normalize_url.py,normalizeLink,32,        not parsed.protocol or parsed.protocol in RECODE_HOSTNAME_FOR,        parsed.protocol or parsed.protocol in RECODE_HOSTNAME_FOR,survived,unreviewed,,tests/task/phase1/task.py::test_file;tests/task/phase1/task.py::test_spec,mutmut show 'markdown_it.common.normalize_url.x_normalizeLink__mutmut_9',mutmut tests-for-mutant 'markdown_it.common.normalize_url.x_normalizeLink__mutmut_9',mutmut run 'markdown_it.common.normalize_url.x_normalizeLink__mutmut_9'
M7606c21f5af0046f,markdown_it.rules_block.hr.x_hr__mutmut_52,specified,markdown_it/rules_block/hr.py,hr,52,"    token = state.push(""hr"", ""hr"", 0)","    token = state.push(None, ""hr"", 0)",survived,unreviewed,,tests/task/phase1/task.py::test_core_after;tests/task/phase1/task.py::test_file;tests/task/phase1/task.py::test_spec;tests/task/task2.py::test_make_fence_at,mutmut show 'markdown_it.rules_block.hr.x_hr__mutmut_52',mutmut tests-for-mutant 'markdown_it.rules_block.hr.x_hr__mutmut_52',mutmut run 'markdown_it.rules_block.hr.x_hr__mutmut_52'
M761bbd94a02661c3,markdown_it.presets.commonmark.x_make__mutmut_73,specified,markdown_it/presets/commonmark.py,make,59,"            ""inline"": {","            ""INLINE"": {",survived,unreviewed,,tests/task/phase1/task.py::test_file,mutmut show 'markdown_it.presets.commonmark.x_make__mutmut_73',mutmut tests-for-mutant 'markdown_it.presets.commonmark.x_make__mutmut_73',mutmut run 'markdown_it.presets.commonmark.x_make__mutmut_73'
M761e340dd741c64b,markdown_it.presets.commonmark.x_make__mutmut_62,specified,markdown_it/presets/commonmark.py,make,52,"                    ""html_block"",","                    ""XXhtml_blockXX"",",survived,unreviewed,,tests/task/phase1/task.py::test_file,mutmut show 'markdown_it.presets.commonmark.x_make__mutmut_62',mutmut tests-for-mutant 'markdown_it.presets.commonmark.x_make__mutmut_62',mutmut run 'markdown_it.presets.commonmark.x_make__mutmut_62'
M764124b41e298ed2,markdown_it.rules_block.list.x_list_block__mutmut_114,specified,markdown_it/rules_block/list.py,list_block,193,"    state.parentType = ""list""",    state.parentType = None,survived,unreviewed,,tests/task/phase1/task.py::test_core_after;tests/task/phase1/task.py::test_file;tests/task/phase1/task.py::test_spec;tests/task/task2.py::test_make_fence_at,mutmut show 'markdown_it.rules_block.list.x_list_block__mutmut_114',mutmut tests-for-mutant 'markdown_it.rules_block.list.x_list_block__mutmut_114',mutmut run 'markdown_it.rules_block.list.x_list_block__mutmut_114'
M76471ca4c7df8cd1,markdown_it.rules_block.list.x_list_block__mutmut_41,specified,markdown_it/rules_block/list.py,list_block,139,    if posAfterMarker >= 0:,    if posAfterMarker > 0:,survived,unreviewed,,tests/task/phase1/task.py::test_core_after;tests/task/phase1/task.py::test_file;tests/task/phase1/task.py::test_spec;tests/task/task2.py::test_make_fence_at,mutmut show 'markdown_it.rules_block.list.x_list_block__mutmut_41',mutmut tests-for-mutant 'markdown_it.rules_block.list.x_list_block__mutmut_41',mutmut run 'markdown_it.rules_block.list.x_list_block__mutmut_41'
M768728dd393c6c5d,markdown_it.common.normalize_url.x_normalizeLinkText__mutmut_11,specified,markdown_it/common/normalize_url.py,normalizeLinkText,59,        with suppress(Exception):,        with suppress(None):,survived,unreviewed,,tests/task/phase1/task.py::test_file;tests/task/phase1/task.py::test_spec,mutmut show 'markdown_it.common.normalize_url.x_normalizeLinkText__mutmut_11',mutmut tests-for-mutant 'markdown_it.common.normalize_url.x_normalizeLinkText__mutmut_11',mutmut run 'markdown_it.common.normalize_url.x_normalizeLinkText__mutmut_11'
M768f8f027faf776e,markdown_it.rules_inline.fragments_join.x_fragments_join__mutmut_15,specified,markdown_it/rules_inline/fragments_join.py,fragments_join,25,            level += 1  # opening tag,            level = 1  # opening tag,survived,unreviewed,,tests/task/phase1/task.py::test_core_after;tests/task/phase1/task.py::test_file;tests/task/phase1/task.py::test_spec;tests/task/task2.py::test_make_fence_at,mutmut show 'markdown_it.rules_inline.fragments_join.x_fragments_join__mutmut_15',mutmut tests-for-mutant 'markdown_it.rules_inline.fragments_join.x_fragments_join__mutmut_15',mutmut run 'markdown_it.rules_inline.fragments_join.x_fragments_join__mutmut_15'
M76e4dd3c11c2b561,markdown_it.rules_block.fence.x_make_fence_rule__mutmut_45,specified,markdown_it/rules_block/fence.py,make_fence_rule,74,            return False,            return True,survived,unreviewed,,tests/task/phase1/task.py::test_file;tests/task/task2.py::test_make_fence_after;tests/task/task2.py::test_make_fence_at,mutmut show 'markdown_it.rules_block.fence.x_make_fence_rule__mutmut_45',mutmut tests-for-mutant 'markdown_it.rules_block.fence.x_make_fence_rule__mutmut_45',mutmut run 'markdown_it.rules_block.fence.x_make_fence_rule__mutmut_45'
M77025df7ae3f0270,markdown_it.rules_block.list.x_skipOrderedListMarker__mutmut_42,specified,markdown_it/rules_block/list.py,skipOrderedListMarker,68,                return -1,                return -2,survived,unreviewed,,tests/task/phase1/task.py::test_core_after;tests/task/phase1/task.py::test_file;tests/task/phase1/task.py::test_spec;tests/task/task2.py::test_make_fence_at,mutmut show 'markdown_it.rules_block.list.x_skipOrderedListMarker__mutmut_42',mutmut tests-for-mutant 'markdown_it.rules_block.list.x_skipOrderedListMarker__mutmut_42',mutmut run 'markdown_it.rules_block.list.x_skipOrderedListMarker__mutmut_42'
M772dd91bc18d688a,markdown_it.presets.zero.x_make__mutmut_62,specified,markdown_it/presets/zero.py,make,41,"                ""rules2"": [""balance_pairs"", ""fragments_join""],","                ""rules2"": [""XXbalance_pairsXX"", ""fragments_join""],",survived,unreviewed,,tests/task/phase1/task.py::test_file,mutmut show 'markdown_it.presets.zero.x_make__mutmut_62',mutmut tests-for-mutant 'markdown_it.presets.zero.x_make__mutmut_62',mutmut run 'markdown_it.presets.zero.x_make__mutmut_62'
M776a71c60aed6168,markdown_it.renderer.xǁRendererHTMLǁrenderToken__mutmut_15,specified,markdown_it/renderer.py,renderToken,139,"        result += ""\n""","        result = ""\n""",survived,unreviewed,,tests/task/phase1/task.py::test_file;tests/task/phase1/task.py::test_spec,mutmut show 'markdown_it.renderer.xǁRendererHTMLǁrenderToken__mutmut_15',mutmut tests-for-mutant 'markdown_it.renderer.xǁRendererHTMLǁrenderToken__mutmut_15',mutmut run 'markdown_it.renderer.xǁRendererHTMLǁrenderToken__mutmut_15'
M77b41b07c9e6a090,markdown_it.rules_inline.fragments_join.x_fragments_join__mutmut_10,specified,markdown_it/rules_inline/fragments_join.py,fragments_join,22,            level -= 1  # closing tag,            level += 1  # closing tag,survived,unreviewed,,tests/task/phase1/task.py::test_core_after;tests/task/phase1/task.py::test_file;tests/task/phase1/task.py::test_spec;tests/task/task2.py::test_make_fence_at,mutmut show 'markdown_it.rules_inline.fragments_join.x_fragments_join__mutmut_10',mutmut tests-for-mutant 'markdown_it.rules_inline.fragments_join.x_fragments_join__mutmut_10',mutmut run 'markdown_it.rules_inline.fragments_join.x_fragments_join__mutmut_10'
M77b6167deba0f5d9,markdown_it.rules_inline.fragments_join.x_fragments_join__mutmut_17,specified,markdown_it/rules_inline/fragments_join.py,fragments_join,25,            level += 1  # opening tag,            level += 2  # opening tag,survived,unreviewed,,tests/task/phase1/task.py::test_core_after;tests/task/phase1/task.py::test_file;tests/task/phase1/task.py::test_spec;tests/task/task2.py::test_make_fence_at,mutmut show 'markdown_it.rules_inline.fragments_join.x_fragments_join__mutmut_17',mutmut tests-for-mutant 'markdown_it.rules_inline.fragments_join.x_fragments_join__mutmut_17',mutmut run 'markdown_it.rules_inline.fragments_join.x_fragments_join__mutmut_17'
M77ba7708d9bac407,markdown_it.rules_block.paragraph.x_paragraph__mutmut_10,specified,markdown_it/rules_block/paragraph.py,paragraph,12,"        ""entering paragraph: %s, %s, %s, %s"", state, startLine, endLine, silent
    )","        ""entering paragraph: %s, %s, %s, %s"", state, startLine, endLine, )",survived,unreviewed,,tests/task/phase1/task.py::test_core_after;tests/task/phase1/task.py::test_file;tests/task/phase1/task.py::test_spec;tests/task/task2.py::test_make_fence_at,mutmut show 'markdown_it.rules_block.paragraph.x_paragraph__mutmut_10',mutmut tests-for-mutant 'markdown_it.rules_block.paragraph.x_paragraph__mutmut_10',mutmut run 'markdown_it.rules_block.paragraph.x_paragraph__mutmut_10'
M77dc1a492ba9a513,markdown_it.rules_inline.link.x_link__mutmut_67,specified,markdown_it/rules_inline/link.py,link,61,            start = pos,            start = None,survived,unreviewed,,tests/task/phase1/task.py::test_file;tests/task/phase1/task.py::test_spec,mutmut show 'markdown_it.rules_inline.link.x_link__mutmut_67',mutmut tests-for-mutant 'markdown_it.rules_inline.link.x_link__mutmut_67',mutmut run 'markdown_it.rules_inline.link.x_link__mutmut_67'
M77f1741bb000b0fd,markdown_it.rules_block.list.x_list_block__mutmut_176,specified,markdown_it/rules_block/list.py,list_block,240,"        if state.md.options.get(""tasklists"", False) and contentStart < maximum:","        if state.md.options.get(None, False) and contentStart < maximum:",survived,unreviewed,,tests/task/phase1/task.py::test_core_after;tests/task/phase1/task.py::test_file;tests/task/phase1/task.py::test_spec;tests/task/task2.py::test_make_fence_at,mutmut show 'markdown_it.rules_block.list.x_list_block__mutmut_176',mutmut tests-for-mutant 'markdown_it.rules_block.list.x_list_block__mutmut_176',mutmut run 'markdown_it.rules_block.list.x_list_block__mutmut_176'
M780055f6aa4e09d8,markdown_it.rules_block.paragraph.x_paragraph__mutmut_96,specified,markdown_it/rules_block/paragraph.py,paragraph,59,"    token.map = [startLine, state.line]",    token.map = None,survived,unreviewed,,tests/task/phase1/task.py::test_core_after;tests/task/phase1/task.py::test_file;tests/task/phase1/task.py::test_spec;tests/task/task2.py::test_make_fence_at,mutmut show 'markdown_it.rules_block.paragraph.x_paragraph__mutmut_96',mutmut tests-for-mutant 'markdown_it.rules_block.paragraph.x_paragraph__mutmut_96',mutmut run 'markdown_it.rules_block.paragraph.x_paragraph__mutmut_96'
M7811ddf45b5b7854,markdown_it.rules_block.reference.x_reference__mutmut_309,specified,markdown_it/rules_block/reference.py,reference,183,"        state.env.setdefault(""duplicate_refs"", []).append(","        state.env.setdefault(None, []).append(",survived,unreviewed,,tests/task/phase1/task.py::test_core_after;tests/task/phase1/task.py::test_file;tests/task/phase1/task.py::test_spec;tests/task/task2.py::test_make_fence_at,mutmut show 'markdown_it.rules_block.reference.x_reference__mutmut_309',mutmut tests-for-mutant 'markdown_it.rules_block.reference.x_reference__mutmut_309',mutmut run 'markdown_it.rules_block.reference.x_reference__mutmut_309'
M783b03f7d215e154,markdown_it.rules_block.heading.x_heading__mutmut_5,specified,markdown_it/rules_block/heading.py,heading,14,"    LOGGER.debug(""entering heading: %s, %s, %s, %s"", state, startLine, endLine, silent)","    LOGGER.debug(""entering heading: %s, %s, %s, %s"", state, startLine, endLine, None)",survived,unreviewed,,tests/task/phase1/task.py::test_core_after;tests/task/phase1/task.py::test_file;tests/task/phase1/task.py::test_spec;tests/task/task2.py::test_make_fence_at,mutmut show 'markdown_it.rules_block.heading.x_heading__mutmut_5',mutmut tests-for-mutant 'markdown_it.rules_block.heading.x_heading__mutmut_5',mutmut run 'markdown_it.rules_block.heading.x_heading__mutmut_5'
M7859494a9a27758b,markdown_it.rules_inline.html_inline.x_html_inline__mutmut_52,specified,markdown_it/rules_inline/html_inline.py,html_inline,40,            state.linkLevel -= 1,            state.linkLevel = 1,survived,unreviewed,,tests/task/phase1/task.py::test_file;tests/task/phase1/task.py::test_spec,mutmut show 'markdown_it.rules_inline.html_inline.x_html_inline__mutmut_52',mutmut tests-for-mutant 'markdown_it.rules_inline.html_inline.x_html_inline__mutmut_52',mutmut run 'markdown_it.rules_inline.html_inline.x_html_inline__mutmut_52'
M78aaec98569d5404,markdown_it.rules_inline.newline.x_newline__mutmut_71,specified,markdown_it/rules_inline/newline.py,newline,32,"                state.push(""softbreak"", ""br"", 0)","                state.push(""softbreak"", ""BR"", 0)",survived,unreviewed,,tests/task/phase1/task.py::test_file;tests/task/phase1/task.py::test_spec;tests/task/task2.py::test_make_fence_at,mutmut show 'markdown_it.rules_inline.newline.x_newline__mutmut_71',mutmut tests-for-mutant 'markdown_it.rules_inline.newline.x_newline__mutmut_71',mutmut run 'markdown_it.rules_inline.newline.x_newline__mutmut_71'
M78cf0f69bd3c7238,markdown_it.rules_block.list.x_list_block__mutmut_314,specified,markdown_it/rules_block/list.py,list_block,351,"    if state.md.options.get(""tasklists"", False):","    if state.md.options.get(""XXtasklistsXX"", False):",survived,unreviewed,,tests/task/phase1/task.py::test_core_after;tests/task/phase1/task.py::test_file;tests/task/phase1/task.py::test_spec;tests/task/task2.py::test_make_fence_at,mutmut show 'markdown_it.rules_block.list.x_list_block__mutmut_314',mutmut tests-for-mutant 'markdown_it.rules_block.list.x_list_block__mutmut_314',mutmut run 'markdown_it.rules_block.list.x_list_block__mutmut_314'
M790ef531723b488d,markdown_it.rules_block.blockquote.x_blockquote__mutmut_247,specified,markdown_it/rules_block/blockquote.py,blockquote,258,                state.sCount[nextLine] -= state.blkIndent,                state.sCount[nextLine] += state.blkIndent,survived,unreviewed,,tests/task/phase1/task.py::test_core_after;tests/task/phase1/task.py::test_file;tests/task/phase1/task.py::test_spec;tests/task/task2.py::test_make_fence_at,mutmut show 'markdown_it.rules_block.blockquote.x_blockquote__mutmut_247',mutmut tests-for-mutant 'markdown_it.rules_block.blockquote.x_blockquote__mutmut_247',mutmut run 'markdown_it.rules_block.blockquote.x_blockquote__mutmut_247'
M79164fe30d39c6d1,markdown_it.rules_block.reference.x_reference__mutmut_307,specified,markdown_it/rules_block/reference.py,reference,180,"            ""map"": [startLine, state.line],","            ""MAP"": [startLine, state.line],",survived,unreviewed,,tests/task/phase1/task.py::test_core_after;tests/task/phase1/task.py::test_file;tests/task/phase1/task.py::test_spec;tests/task/task2.py::test_make_fence_at,mutmut show 'markdown_it.rules_block.reference.x_reference__mutmut_307',mutmut tests-for-mutant 'markdown_it.rules_block.reference.x_reference__mutmut_307',mutmut run 'markdown_it.rules_block.reference.x_reference__mutmut_307'
M7961c9efa93f7cb3,markdown_it.rules_block.lheading.x_lheading__mutmut_37,specified,markdown_it/rules_block/lheading.py,lheading,28,            nextLine += 1,            nextLine += 2,survived,unreviewed,,tests/task/phase1/task.py::test_core_after;tests/task/phase1/task.py::test_file;tests/task/phase1/task.py::test_spec;tests/task/task2.py::test_make_fence_at,mutmut show 'markdown_it.rules_block.lheading.x_lheading__mutmut_37',mutmut tests-for-mutant 'markdown_it.rules_block.lheading.x_lheading__mutmut_37',mutmut run 'markdown_it.rules_block.lheading.x_lheading__mutmut_37'
M7995d9e6db2880c7,markdown_it.rules_inline.balance_pairs.x_processDelimiters__mutmut_25,specified,markdown_it/rules_inline/balance_pairs.py,processDelimiters,41,        closer.length = closer.length or 0,        closer.length = closer.length or 1,survived,unreviewed,,tests/task/phase1/task.py::test_core_after;tests/task/phase1/task.py::test_file;tests/task/phase1/task.py::test_spec;tests/task/task2.py::test_make_fence_at,mutmut show 'markdown_it.rules_inline.balance_pairs.x_processDelimiters__mutmut_25',mutmut tests-for-mutant 'markdown_it.rules_inline.balance_pairs.x_processDelimiters__mutmut_25',mutmut run 'markdown_it.rules_inline.balance_pairs.x_processDelimiters__mutmut_25'
M799980a7149f0876,markdown_it.presets.zero.x_make__mutmut_50,specified,markdown_it/presets/zero.py,make,38,"            ""block"": {""rules"": [""paragraph""]},","            ""block"": {""XXrulesXX"": [""paragraph""]},",survived,unreviewed,,tests/task/phase1/task.py::test_file,mutmut show 'markdown_it.presets.zero.x_make__mutmut_50',mutmut tests-for-mutant 'markdown_it.presets.zero.x_make__mutmut_50',mutmut run 'markdown_it.presets.zero.x_make__mutmut_50'
M79dd8e4c170f6fb5,markdown_it.presets.commonmark.x_make__mutmut_27,specified,markdown_it/presets/commonmark.py,make,34,"            ""langPrefix"": ""language-"",  # CSS language prefix for fenced blocks","            ""XXlangPrefixXX"": ""language-"",  # CSS language prefix for fenced blocks",survived,unreviewed,,tests/task/phase1/task.py::test_file,mutmut show 'markdown_it.presets.commonmark.x_make__mutmut_27',mutmut tests-for-mutant 'markdown_it.presets.commonmark.x_make__mutmut_27',mutmut run 'markdown_it.presets.commonmark.x_make__mutmut_27'
M7a1cf59f8e116fa8,markdown_it.rules_block.blockquote.x_blockquote__mutmut_152,specified,markdown_it/rules_block/blockquote.py,blockquote,169,                offset += 1,                offset += 2,survived,unreviewed,,tests/task/phase1/task.py::test_core_after;tests/task/phase1/task.py::test_file;tests/task/phase1/task.py::test_spec;tests/task/task2.py::test_make_fence_at,mutmut show 'markdown_it.rules_block.blockquote.x_blockquote__mutmut_152',mutmut tests-for-mutant 'markdown_it.rules_block.blockquote.x_blockquote__mutmut_152',mutmut run 'markdown_it.rules_block.blockquote.x_blockquote__mutmut_152'
M7a797ad5c312fc64,markdown_it.rules_block.fence.x_make_fence_rule__mutmut_103,specified,markdown_it/rules_block/fence.py,make_fence_rule,134,"        token = state.push(token_type, ""code"", 0)","        token = state.push(token_type, ""XXcodeXX"", 0)",survived,unreviewed,,tests/task/phase1/task.py::test_file;tests/task/task2.py::test_make_fence_after;tests/task/task2.py::test_make_fence_at,mutmut show 'markdown_it.rules_block.fence.x_make_fence_rule__mutmut_103',mutmut tests-for-mutant 'markdown_it.rules_block.fence.x_make_fence_rule__mutmut_103',mutmut run 'markdown_it.rules_block.fence.x_make_fence_rule__mutmut_103'
M7a89ef70d23f4a1c,markdown_it.rules_inline.html_inline.x_isLetter__mutmut_7,specified,markdown_it/rules_inline/html_inline.py,isLetter,10,    return (lc >= 0x61) and (lc <= 0x7A),    return (lc >= 0x61) and (lc < 0x7A),survived,unreviewed,,tests/task/phase1/task.py::test_spec,mutmut show 'markdown_it.rules_inline.html_inline.x_isLetter__mutmut_7',mutmut tests-for-mutant 'markdown_it.rules_inline.html_inline.x_isLetter__mutmut_7',mutmut run 'markdown_it.rules_inline.html_inline.x_isLetter__mutmut_7'
M7ab3b12f95538dfe,markdown_it.main.xǁMarkdownItǁconfigure__mutmut_34,specified,markdown_it/main.py,configure,136,"            rules2 = component.get(""rules2"", None)",            rules2 = component.get(None),survived,unreviewed,,tests/task/phase1/task.py::test_core_after;tests/task/phase1/task.py::test_file;tests/task/phase1/task.py::test_non_utf8;tests/task/phase1/task.py::test_spec;tests/task/task2.py::test_make_fence_after;tests/task/task2.py::test_make_fence_at,mutmut show 'markdown_it.main.xǁMarkdownItǁconfigure__mutmut_34',mutmut tests-for-mutant 'markdown_it.main.xǁMarkdownItǁconfigure__mutmut_34',mutmut run 'markdown_it.main.xǁMarkdownItǁconfigure__mutmut_34'
M7abd7bd0705b433a,markdown_it.parser_block.xǁParserBlockǁtokenize__mutmut_2,specified,markdown_it/parser_block.py,tokenize,62,"    rules = self.ruler.getRules("""")",    rules = self.ruler.getRules(None),timeout,unreviewed,,tests/task/phase1/task.py::test_core_after;tests/task/phase1/task.py::test_file;tests/task/phase1/task.py::test_spec;tests/task/task2.py::test_make_fence_after;tests/task/task2.py::test_make_fence_at,mutmut show 'markdown_it.parser_block.xǁParserBlockǁtokenize__mutmut_2',mutmut tests-for-mutant 'markdown_it.parser_block.xǁParserBlockǁtokenize__mutmut_2',mutmut run 'markdown_it.parser_block.xǁParserBlockǁtokenize__mutmut_2'
M7adce276f2b1d901,markdown_it.rules_block.heading.x_heading__mutmut_12,specified,markdown_it/rules_block/heading.py,heading,14,"    LOGGER.debug(""entering heading: %s, %s, %s, %s"", state, startLine, endLine, silent)","    LOGGER.debug(""ENTERING HEADING: %S, %S, %S, %S"", state, startLine, endLine, silent)",survived,unreviewed,,tests/task/phase1/task.py::test_core_after;tests/task/phase1/task.py::test_file;tests/task/phase1/task.py::test_spec;tests/task/task2.py::test_make_fence_at,mutmut show 'markdown_it.rules_block.heading.x_heading__mutmut_12',mutmut tests-for-mutant 'markdown_it.rules_block.heading.x_heading__mutmut_12',mutmut run 'markdown_it.rules_block.heading.x_heading__mutmut_12'
M7b542048a2b751a6,markdown_it.rules_inline.escape.x_escape__mutmut_32,specified,markdown_it/rules_inline/escape.py,escape,31,            ch = state.src[pos],            ch = None,survived,unreviewed,,tests/task/phase1/task.py::test_file;tests/task/phase1/task.py::test_spec;tests/task/task2.py::test_make_fence_at,mutmut show 'markdown_it.rules_inline.escape.x_escape__mutmut_32',mutmut tests-for-mutant 'markdown_it.rules_inline.escape.x_escape__mutmut_32',mutmut run 'markdown_it.rules_inline.escape.x_escape__mutmut_32'
M7b55a8ee57f25ce1,markdown_it.rules_inline.fragments_join.x_fragments_join__mutmut_30,specified,markdown_it/rules_inline/fragments_join.py,fragments_join,30,"            and state.tokens[curr + 1].type == ""text""","            and state.tokens[curr + 1].type == ""TEXT""",survived,unreviewed,,tests/task/phase1/task.py::test_core_after;tests/task/phase1/task.py::test_file;tests/task/phase1/task.py::test_spec;tests/task/task2.py::test_make_fence_at,mutmut show 'markdown_it.rules_inline.fragments_join.x_fragments_join__mutmut_30',mutmut tests-for-mutant 'markdown_it.rules_inline.fragments_join.x_fragments_join__mutmut_30',mutmut run 'markdown_it.rules_inline.fragments_join.x_fragments_join__mutmut_30'
M7b621ad06495fe1b,markdown_it.rules_inline.link.x_link__mutmut_183,specified,markdown_it/rules_inline/link.py,link,138,"        if label and state.md.options.get(""store_labels"", False):","        if label or state.md.options.get(""store_labels"", False):",survived,unreviewed,,tests/task/phase1/task.py::test_file;tests/task/phase1/task.py::test_spec,mutmut show 'markdown_it.rules_inline.link.x_link__mutmut_183',mutmut tests-for-mutant 'markdown_it.rules_inline.link.x_link__mutmut_183',mutmut run 'markdown_it.rules_inline.link.x_link__mutmut_183'
M7b764a437c6a13dd,markdown_it.rules_block.reference.x_reference__mutmut_134,specified,markdown_it/rules_block/reference.py,reference,80,        return False,        return True,timeout,unreviewed,,tests/task/phase1/task.py::test_core_after;tests/task/phase1/task.py::test_file;tests/task/phase1/task.py::test_spec;tests/task/task2.py::test_make_fence_at,mutmut show 'markdown_it.rules_block.reference.x_reference__mutmut_134',mutmut tests-for-mutant 'markdown_it.rules_block.reference.x_reference__mutmut_134',mutmut run 'markdown_it.rules_block.reference.x_reference__mutmut_134'
M7bd6559a554c0d61,markdown_it.rules_block.reference.x_reference__mutmut_181,specified,markdown_it/rules_block/reference.py,reference,113,            break,            return,survived,unreviewed,,tests/task/phase1/task.py::test_core_after;tests/task/phase1/task.py::test_file;tests/task/phase1/task.py::test_spec;tests/task/task2.py::test_make_fence_at,mutmut show 'markdown_it.rules_block.reference.x_reference__mutmut_181',mutmut tests-for-mutant 'markdown_it.rules_block.reference.x_reference__mutmut_181',mutmut run 'markdown_it.rules_block.reference.x_reference__mutmut_181'
M7c446e484964253b,markdown_it.rules_block.blockquote.x_blockquote__mutmut_102,specified,markdown_it/rules_block/blockquote.py,blockquote,98,    lastLineEmpty = pos >= max,    lastLineEmpty = None,survived,unreviewed,,tests/task/phase1/task.py::test_core_after;tests/task/phase1/task.py::test_file;tests/task/phase1/task.py::test_spec;tests/task/task2.py::test_make_fence_at,mutmut show 'markdown_it.rules_block.blockquote.x_blockquote__mutmut_102',mutmut tests-for-mutant 'markdown_it.rules_block.blockquote.x_blockquote__mutmut_102',mutmut run 'markdown_it.rules_block.blockquote.x_blockquote__mutmut_102'
M7c964593ca15b886,markdown_it.presets.commonmark.x_make__mutmut_77,specified,markdown_it/presets/commonmark.py,make,61,"                    ""autolink"",","                    ""AUTOLINK"",",survived,unreviewed,,tests/task/phase1/task.py::test_file,mutmut show 'markdown_it.presets.commonmark.x_make__mutmut_77',mutmut tests-for-mutant 'markdown_it.presets.commonmark.x_make__mutmut_77',mutmut run 'markdown_it.presets.commonmark.x_make__mutmut_77'
M7c9c909d4c93716d,markdown_it.presets.default.x_make__mutmut_17,specified,markdown_it/presets/default.py,make,22,"            ""quotes"": ""\u201c\u201d\u2018\u2019"",  # /* “”‘’ */","            ""QUOTES"": ""\u201c\u201d\u2018\u2019"",  # /* “”‘’ */",survived,unreviewed,,tests/task/phase1/task.py::test_file,mutmut show 'markdown_it.presets.default.x_make__mutmut_17',mutmut tests-for-mutant 'markdown_it.presets.default.x_make__mutmut_17',mutmut run 'markdown_it.presets.default.x_make__mutmut_17'
M7cb0c2abdb96f671,markdown_it._punycode.x_map_domain__mutmut_17,specified,markdown_it/_punycode.py,map_domain,48,"    encoded = ""."".join(fn(label) for label in labels)","    encoded = ""."".join(None)",survived,unreviewed,,tests/task/phase1/task.py::test_file;tests/task/phase1/task.py::test_spec,mutmut show 'markdown_it._punycode.x_map_domain__mutmut_17',mutmut tests-for-mutant 'markdown_it._punycode.x_map_domain__mutmut_17',mutmut run 'markdown_it._punycode.x_map_domain__mutmut_17'
M7cdc26be9f9ddc26,markdown_it.presets.xǁgfm_likeǁmake__mutmut_32,specified,markdown_it/presets/__init__.py,make,25,"    config[""components""][""inline""][""rules2""].append(""strikethrough"")","    config[""XXcomponentsXX""][""inline""][""rules2""].append(""strikethrough"")",survived,unreviewed,,tests/task/phase1/task.py::test_file,mutmut show 'markdown_it.presets.xǁgfm_likeǁmake__mutmut_32',mutmut tests-for-mutant 'markdown_it.presets.xǁgfm_likeǁmake__mutmut_32',mutmut run 'markdown_it.presets.xǁgfm_likeǁmake__mutmut_32'
M7d05bf875877e41e,markdown_it.presets.zero.x_make__mutmut_38,specified,markdown_it/presets/zero.py,make,37,"            ""core"": {""rules"": [""normalize"", ""block"", ""inline"", ""text_join""]},","            ""core"": {""XXrulesXX"": [""normalize"", ""block"", ""inline"", ""text_join""]},",survived,unreviewed,,tests/task/phase1/task.py::test_file,mutmut show 'markdown_it.presets.zero.x_make__mutmut_38',mutmut tests-for-mutant 'markdown_it.presets.zero.x_make__mutmut_38',mutmut run 'markdown_it.presets.zero.x_make__mutmut_38'
M7d141e5426d9a40d,markdown_it.rules_block.blockquote.x_blockquote__mutmut_278,specified,markdown_it/rules_block/blockquote.py,blockquote,284,"    lines = [startLine, 0]","    lines = [startLine, 1]",survived,unreviewed,,tests/task/phase1/task.py::test_core_after;tests/task/phase1/task.py::test_file;tests/task/phase1/task.py::test_spec;tests/task/task2.py::test_make_fence_at,mutmut show 'markdown_it.rules_block.blockquote.x_blockquote__mutmut_278',mutmut tests-for-mutant 'markdown_it.rules_block.blockquote.x_blockquote__mutmut_278',mutmut run 'markdown_it.rules_block.blockquote.x_blockquote__mutmut_278'
M7d99418a86c9be1d,markdown_it.rules_block.reference.x_reference__mutmut_59,specified,markdown_it/rules_block/reference.py,reference,44,            pos += 1,            pos = 1,timeout,unreviewed,,tests/task/phase1/task.py::test_core_after;tests/task/phase1/task.py::test_file;tests/task/phase1/task.py::test_spec;tests/task/task2.py::test_make_fence_at,mutmut show 'markdown_it.rules_block.reference.x_reference__mutmut_59',mutmut tests-for-mutant 'markdown_it.rules_block.reference.x_reference__mutmut_59',mutmut run 'markdown_it.rules_block.reference.x_reference__mutmut_59'
M7dc67092f831ec73,markdown_it.presets.zero.x_make__mutmut_26,specified,markdown_it/presets/zero.py,make,28,"            ""breaks"": False,  # Convert '\n' in paragraphs into <br>","            ""breaks"": True,  # Convert '\n' in paragraphs into <br>",survived,unreviewed,,tests/task/phase1/task.py::test_file,mutmut show 'markdown_it.presets.zero.x_make__mutmut_26',mutmut tests-for-mutant 'markdown_it.presets.zero.x_make__mutmut_26',mutmut run 'markdown_it.presets.zero.x_make__mutmut_26'
M7e04294a80f6f340,markdown_it.rules_block.code.x_code__mutmut_42,specified,markdown_it/rules_block/code.py,code,32,"    token = state.push(""code_block"", ""code"", 0)","    token = state.push(""code_block"", ""XXcodeXX"", 0)",survived,unreviewed,,tests/task/phase1/task.py::test_core_after;tests/task/phase1/task.py::test_file;tests/task/phase1/task.py::test_spec;tests/task/task2.py::test_make_fence_after;tests/task/task2.py::test_make_fence_at,mutmut show 'markdown_it.rules_block.code.x_code__mutmut_42',mutmut tests-for-mutant 'markdown_it.rules_block.code.x_code__mutmut_42',mutmut run 'markdown_it.rules_block.code.x_code__mutmut_42'
M7e3f1f09c8498fde,markdown_it.rules_block.blockquote.x_blockquote__mutmut_386,specified,markdown_it/rules_block/blockquote.py,blockquote,316,"        token = state.push(""blockquote_open"", ""blockquote"", 1)","        token = state.push(""XXblockquote_openXX"", ""blockquote"", 1)",survived,unreviewed,,tests/task/phase1/task.py::test_core_after;tests/task/phase1/task.py::test_file;tests/task/phase1/task.py::test_spec;tests/task/task2.py::test_make_fence_at,mutmut show 'markdown_it.rules_block.blockquote.x_blockquote__mutmut_386',mutmut tests-for-mutant 'markdown_it.rules_block.blockquote.x_blockquote__mutmut_386',mutmut run 'markdown_it.rules_block.blockquote.x_blockquote__mutmut_386'
M7e5f5bb315b14fb3,markdown_it.rules_block.reference.x_reference__mutmut_88,specified,markdown_it/rules_block/reference.py,reference,56,"        labelEnd is None or labelEnd < 0 or charCodeAt(string, labelEnd + 1) != 0x3A","        labelEnd is None or labelEnd <= 0 or charCodeAt(string, labelEnd + 1) != 0x3A",survived,unreviewed,,tests/task/phase1/task.py::test_core_after;tests/task/phase1/task.py::test_file;tests/task/phase1/task.py::test_spec;tests/task/task2.py::test_make_fence_at,mutmut show 'markdown_it.rules_block.reference.x_reference__mutmut_88',mutmut tests-for-mutant 'markdown_it.rules_block.reference.x_reference__mutmut_88',mutmut run 'markdown_it.rules_block.reference.x_reference__mutmut_88'
M7e71c0cda63027a6,markdown_it.common.utils.x_isValidEntityCode__mutmut_34,specified,markdown_it/common/utils.py,isValidEntityCode,70,    if c >= 0x0E and c <= 0x1F:,    if c >= 15 and c <= 0x1F:,survived,unreviewed,,tests/task/phase1/task.py::test_spec,mutmut show 'markdown_it.common.utils.x_isValidEntityCode__mutmut_34',mutmut tests-for-mutant 'markdown_it.common.utils.x_isValidEntityCode__mutmut_34',mutmut run 'markdown_it.common.utils.x_isValidEntityCode__mutmut_34'
M7e902858007d52e0,markdown_it.presets.zero.x_make__mutmut_39,specified,markdown_it/presets/zero.py,make,37,"            ""core"": {""rules"": [""normalize"", ""block"", ""inline"", ""text_join""]},","            ""core"": {""RULES"": [""normalize"", ""block"", ""inline"", ""text_join""]},",survived,unreviewed,,tests/task/phase1/task.py::test_file,mutmut show 'markdown_it.presets.zero.x_make__mutmut_39',mutmut tests-for-mutant 'markdown_it.presets.zero.x_make__mutmut_39',mutmut run 'markdown_it.presets.zero.x_make__mutmut_39'
M7ef1594d930693a4,markdown_it.rules_block.lheading.x_lheading__mutmut_4,specified,markdown_it/rules_block/lheading.py,lheading,10,"    LOGGER.debug(""entering lheading: %s, %s, %s, %s"", state, startLine, endLine, silent)","    LOGGER.debug(""entering lheading: %s, %s, %s, %s"", state, startLine, None, silent)",survived,unreviewed,,tests/task/phase1/task.py::test_core_after;tests/task/phase1/task.py::test_file;tests/task/phase1/task.py::test_spec;tests/task/task2.py::test_make_fence_at,mutmut show 'markdown_it.rules_block.lheading.x_lheading__mutmut_4',mutmut tests-for-mutant 'markdown_it.rules_block.lheading.x_lheading__mutmut_4',mutmut run 'markdown_it.rules_block.lheading.x_lheading__mutmut_4'
M7f041ad9dc6f6646,markdown_it.presets.commonmark.x_make__mutmut_97,specified,markdown_it/presets/commonmark.py,make,72,"                ""rules2"": [""balance_pairs"", ""emphasis"", ""fragments_join""],","                ""RULES2"": [""balance_pairs"", ""emphasis"", ""fragments_join""],",survived,unreviewed,,tests/task/phase1/task.py::test_file,mutmut show 'markdown_it.presets.commonmark.x_make__mutmut_97',mutmut tests-for-mutant 'markdown_it.presets.commonmark.x_make__mutmut_97',mutmut run 'markdown_it.presets.commonmark.x_make__mutmut_97'
M7f0aee58760f08c3,markdown_it.rules_inline.html_inline.x_html_inline__mutmut_5,specified,markdown_it/rules_inline/html_inline.py,html_inline,16,"    if not state.md.options.get(""html"", None):","    if not state.md.options.get(""html"", ):",survived,unreviewed,,tests/task/phase1/task.py::test_file;tests/task/phase1/task.py::test_spec,mutmut show 'markdown_it.rules_inline.html_inline.x_html_inline__mutmut_5',mutmut tests-for-mutant 'markdown_it.rules_inline.html_inline.x_html_inline__mutmut_5',mutmut run 'markdown_it.rules_inline.html_inline.x_html_inline__mutmut_5'
M7f1c6a095726af38,markdown_it.rules_block.html_block.x_html_block__mutmut_35,specified,markdown_it/rules_block/html_block.py,html_block,59,        return False,        return True,timeout,unreviewed,,tests/task/phase1/task.py::test_core_after;tests/task/phase1/task.py::test_file;tests/task/phase1/task.py::test_spec;tests/task/task2.py::test_make_fence_at,mutmut show 'markdown_it.rules_block.html_block.x_html_block__mutmut_35',mutmut tests-for-mutant 'markdown_it.rules_block.html_block.x_html_block__mutmut_35',mutmut run 'markdown_it.rules_block.html_block.x_html_block__mutmut_35'
M7f40c49112e741d2,markdown_it.rules_block.reference.x_getNextLine__mutmut_10,specified,markdown_it/rules_block/reference.py,getNextLine,210,    if state.sCount[nextLine] < 0:,    if state.sCount[nextLine] <= 0:,survived,unreviewed,,tests/task/phase1/task.py::test_file;tests/task/phase1/task.py::test_spec,mutmut show 'markdown_it.rules_block.reference.x_getNextLine__mutmut_10',mutmut tests-for-mutant 'markdown_it.rules_block.reference.x_getNextLine__mutmut_10',mutmut run 'markdown_it.rules_block.reference.x_getNextLine__mutmut_10'
M7f7c1192d1d7e8d9,markdown_it.presets.commonmark.x_make__mutmut_92,specified,markdown_it/presets/commonmark.py,make,69,"                    ""newline"",","                    ""XXnewlineXX"",",survived,unreviewed,,tests/task/phase1/task.py::test_file,mutmut show 'markdown_it.presets.commonmark.x_make__mutmut_92',mutmut tests-for-mutant 'markdown_it.presets.commonmark.x_make__mutmut_92',mutmut run 'markdown_it.presets.commonmark.x_make__mutmut_92'
M7fb8952917949dc3,markdown_it.cli.parse.x_parse_args__mutmut_44,specified,markdown_it/cli/parse.py,parse_args,118,"        ""filenames"", nargs=""*"", help=""specify an optional list of files to convert""","        nargs=""*"", help=""specify an optional list of files to convert""",no_tests,unreviewed,,,mutmut show 'markdown_it.cli.parse.x_parse_args__mutmut_44',mutmut tests-for-mutant 'markdown_it.cli.parse.x_parse_args__mutmut_44',mutmut run 'markdown_it.cli.parse.x_parse_args__mutmut_44'
M7fe9550325d91f85,markdown_it.rules_inline.link.x_link__mutmut_46,specified,markdown_it/rules_inline/link.py,link,41,"            if not isStrSpace(ch) and ch != ""\n"":","            if not isStrSpace(ch) and ch != ""XX\nXX"":",survived,unreviewed,,tests/task/phase1/task.py::test_file;tests/task/phase1/task.py::test_spec,mutmut show 'markdown_it.rules_inline.link.x_link__mutmut_46',mutmut tests-for-mutant 'markdown_it.rules_inline.link.x_link__mutmut_46',mutmut run 'markdown_it.rules_inline.link.x_link__mutmut_46'
M8071aff3c82b8415,markdown_it.rules_block.state_block.xǁStateBlockǁskipCharsStrBack__mutmut_1,specified,markdown_it/rules_block/state_block.py,skipCharsStrBack,206,    if pos <= minimum:,    if pos < minimum:,survived,unreviewed,,tests/task/phase1/task.py::test_file;tests/task/phase1/task.py::test_spec,mutmut show 'markdown_it.rules_block.state_block.xǁStateBlockǁskipCharsStrBack__mutmut_1',mutmut tests-for-mutant 'markdown_it.rules_block.state_block.xǁStateBlockǁskipCharsStrBack__mutmut_1',mutmut run 'markdown_it.rules_block.state_block.xǁStateBlockǁskipCharsStrBack__mutmut_1'
M807663a5bb5fff19,markdown_it.rules_block.list.x_list_block__mutmut_371,specified,markdown_it/rules_block/list.py,list_block,370,"        token = state.push(""bullet_list_close"", ""ul"", -1)","        token = state.push(None, ""ul"", -1)",survived,unreviewed,,tests/task/phase1/task.py::test_core_after;tests/task/phase1/task.py::test_file;tests/task/phase1/task.py::test_spec;tests/task/task2.py::test_make_fence_at,mutmut show 'markdown_it.rules_block.list.x_list_block__mutmut_371',mutmut tests-for-mutant 'markdown_it.rules_block.list.x_list_block__mutmut_371',mutmut run 'markdown_it.rules_block.list.x_list_block__mutmut_371'
M80957aca4a71535a,markdown_it.rules_block.list.x_list_block__mutmut_163,specified,markdown_it/rules_block/list.py,list_block,232,"        token = state.push(""list_item_open"", ""li"", 1)","        token = state.push(""LIST_ITEM_OPEN"", ""li"", 1)",survived,unreviewed,,tests/task/phase1/task.py::test_core_after;tests/task/phase1/task.py::test_file;tests/task/phase1/task.py::test_spec;tests/task/task2.py::test_make_fence_at,mutmut show 'markdown_it.rules_block.list.x_list_block__mutmut_163',mutmut tests-for-mutant 'markdown_it.rules_block.list.x_list_block__mutmut_163',mutmut run 'markdown_it.rules_block.list.x_list_block__mutmut_163'
M8126dce45a7e4b47,markdown_it.rules_inline.autolink.x_autolink__mutmut_111,specified,markdown_it/rules_inline/autolink.py,autolink,62,"            token = state.push(""link_open"", ""a"", 1)","            token = state.push(""link_open"", ""a"", 2)",survived,unreviewed,,tests/task/phase1/task.py::test_file;tests/task/phase1/task.py::test_spec,mutmut show 'markdown_it.rules_inline.autolink.x_autolink__mutmut_111',mutmut tests-for-mutant 'markdown_it.rules_inline.autolink.x_autolink__mutmut_111',mutmut run 'markdown_it.rules_inline.autolink.x_autolink__mutmut_111'
M8194d7452b368164,markdown_it.rules_inline.balance_pairs.x_processDelimiters__mutmut_98,specified,markdown_it/rules_inline/balance_pairs.py,processDelimiters,92,                        lastJump = jumps[openerIdx - 1] + 1,                        lastJump = jumps[openerIdx - 2] + 1,survived,unreviewed,,tests/task/phase1/task.py::test_core_after;tests/task/phase1/task.py::test_file;tests/task/phase1/task.py::test_spec;tests/task/task2.py::test_make_fence_at,mutmut show 'markdown_it.rules_inline.balance_pairs.x_processDelimiters__mutmut_98',mutmut tests-for-mutant 'markdown_it.rules_inline.balance_pairs.x_processDelimiters__mutmut_98',mutmut run 'markdown_it.rules_inline.balance_pairs.x_processDelimiters__mutmut_98'
M81de36fb1536a035,markdown_it.rules_block.list.x_list_block__mutmut_365,specified,markdown_it/rules_block/list.py,list_block,368,"        token = state.push(""ordered_list_close"", ""ol"", -1)","        token = state.push(""ORDERED_LIST_CLOSE"", ""ol"", -1)",survived,unreviewed,,tests/task/phase1/task.py::test_core_after;tests/task/phase1/task.py::test_file;tests/task/phase1/task.py::test_spec;tests/task/task2.py::test_make_fence_at,mutmut show 'markdown_it.rules_block.list.x_list_block__mutmut_365',mutmut tests-for-mutant 'markdown_it.rules_block.list.x_list_block__mutmut_365',mutmut run 'markdown_it.rules_block.list.x_list_block__mutmut_365'
M824170cc9405760a,markdown_it.rules_inline.image.x_image__mutmut_208,specified,markdown_it/rules_inline/image.py,image,143,"        if label and state.md.options.get(""store_labels"", False):","        if label and state.md.options.get(""store_labels"", ):",survived,unreviewed,,tests/task/phase1/task.py::test_file;tests/task/phase1/task.py::test_spec,mutmut show 'markdown_it.rules_inline.image.x_image__mutmut_208',mutmut tests-for-mutant 'markdown_it.rules_inline.image.x_image__mutmut_208',mutmut run 'markdown_it.rules_inline.image.x_image__mutmut_208'
M827d6a82b61169be,markdown_it.rules_block.html_block.x_html_block__mutmut_9,specified,markdown_it/rules_block/html_block.py,html_block,36,"        ""entering html_block: %s, %s, %s, %s"", state, startLine, endLine, silent","        ""entering html_block: %s, %s, %s, %s"", state, startLine, silent",survived,unreviewed,,tests/task/phase1/task.py::test_core_after;tests/task/phase1/task.py::test_file;tests/task/phase1/task.py::test_spec;tests/task/task2.py::test_make_fence_at,mutmut show 'markdown_it.rules_block.html_block.x_html_block__mutmut_9',mutmut tests-for-mutant 'markdown_it.rules_block.html_block.x_html_block__mutmut_9',mutmut run 'markdown_it.rules_block.html_block.x_html_block__mutmut_9'
M82865fdfd001963a,markdown_it.presets.commonmark.x_make__mutmut_86,specified,markdown_it/presets/commonmark.py,make,66,"                    ""html_inline"",","                    ""XXhtml_inlineXX"",",survived,unreviewed,,tests/task/phase1/task.py::test_file,mutmut show 'markdown_it.presets.commonmark.x_make__mutmut_86',mutmut tests-for-mutant 'markdown_it.presets.commonmark.x_make__mutmut_86',mutmut run 'markdown_it.presets.commonmark.x_make__mutmut_86'
M82f24cd5a76672d0,markdown_it.rules_block.paragraph.x_paragraph__mutmut_8,specified,markdown_it/rules_block/paragraph.py,paragraph,12,"        ""entering paragraph: %s, %s, %s, %s"", state, startLine, endLine, silent","        ""entering paragraph: %s, %s, %s, %s"", state, endLine, silent",survived,unreviewed,,tests/task/phase1/task.py::test_core_after;tests/task/phase1/task.py::test_file;tests/task/phase1/task.py::test_spec;tests/task/task2.py::test_make_fence_at,mutmut show 'markdown_it.rules_block.paragraph.x_paragraph__mutmut_8',mutmut tests-for-mutant 'markdown_it.rules_block.paragraph.x_paragraph__mutmut_8',mutmut run 'markdown_it.rules_block.paragraph.x_paragraph__mutmut_8'
M83162f71316f22e1,markdown_it.presets.xǁgfm_likeǁmake__mutmut_47,specified,markdown_it/presets/__init__.py,make,27,"    config[""options""][""html""] = True","    config[""XXoptionsXX""][""html""] = True",survived,unreviewed,,tests/task/phase1/task.py::test_file,mutmut show 'markdown_it.presets.xǁgfm_likeǁmake__mutmut_47',mutmut tests-for-mutant 'markdown_it.presets.xǁgfm_likeǁmake__mutmut_47',mutmut run 'markdown_it.presets.xǁgfm_likeǁmake__mutmut_47'
M832cd1cd12bc7a8c,markdown_it.rules_block.html_block.x_html_block__mutmut_7,specified,markdown_it/rules_block/html_block.py,html_block,36,"        ""entering html_block: %s, %s, %s, %s"", state, startLine, endLine, silent","        ""entering html_block: %s, %s, %s, %s"", startLine, endLine, silent",survived,unreviewed,,tests/task/phase1/task.py::test_core_after;tests/task/phase1/task.py::test_file;tests/task/phase1/task.py::test_spec;tests/task/task2.py::test_make_fence_at,mutmut show 'markdown_it.rules_block.html_block.x_html_block__mutmut_7',mutmut tests-for-mutant 'markdown_it.rules_block.html_block.x_html_block__mutmut_7',mutmut run 'markdown_it.rules_block.html_block.x_html_block__mutmut_7'
M8330f8bc7b0b1804,markdown_it.presets.zero.x_make__mutmut_16,specified,markdown_it/presets/zero.py,make,25,"            ""quotes"": ""\u201c\u201d\u2018\u2019"",  # /* “”‘’ */","            ""XXquotesXX"": ""\u201c\u201d\u2018\u2019"",  # /* “”‘’ */",survived,unreviewed,,tests/task/phase1/task.py::test_file,mutmut show 'markdown_it.presets.zero.x_make__mutmut_16',mutmut tests-for-mutant 'markdown_it.presets.zero.x_make__mutmut_16',mutmut run 'markdown_it.presets.zero.x_make__mutmut_16'
M833b51f3bc7e6d53,markdown_it.rules_inline.link.x_link__mutmut_5,specified,markdown_it/rules_inline/link.py,link,10,    label = None,"    label = """"",survived,unreviewed,,tests/task/phase1/task.py::test_file;tests/task/phase1/task.py::test_spec,mutmut show 'markdown_it.rules_inline.link.x_link__mutmut_5',mutmut tests-for-mutant 'markdown_it.rules_inline.link.x_link__mutmut_5',mutmut run 'markdown_it.rules_inline.link.x_link__mutmut_5'
M83b22dd27ea592ef,markdown_it.rules_inline.newline.x_newline__mutmut_90,specified,markdown_it/rules_inline/newline.py,newline,41,        pos += 1,        pos = 1,timeout,unreviewed,,tests/task/phase1/task.py::test_file;tests/task/phase1/task.py::test_spec;tests/task/task2.py::test_make_fence_at,mutmut show 'markdown_it.rules_inline.newline.x_newline__mutmut_90',mutmut tests-for-mutant 'markdown_it.rules_inline.newline.x_newline__mutmut_90',mutmut run 'markdown_it.rules_inline.newline.x_newline__mutmut_90'
M83e1886e71e15d2c,markdown_it.rules_block.reference.x_reference__mutmut_73,specified,markdown_it/rules_block/reference.py,reference,48,"                and (lineContent := getNextLine(state, nextLine)) is not None",                and (lineContent := getNextLine(nextLine)) is not None,survived,unreviewed,,tests/task/phase1/task.py::test_core_after;tests/task/phase1/task.py::test_file;tests/task/phase1/task.py::test_spec;tests/task/task2.py::test_make_fence_at,mutmut show 'markdown_it.rules_block.reference.x_reference__mutmut_73',mutmut tests-for-mutant 'markdown_it.rules_block.reference.x_reference__mutmut_73',mutmut run 'markdown_it.rules_block.reference.x_reference__mutmut_73'
M841756216994f52b,markdown_it.helpers.parse_link_label.x_parseLinkLabel__mutmut_6,specified,markdown_it/helpers/parse_link_label.py,parseLinkLabel,15,    found = False,    found = None,survived,unreviewed,,tests/task/phase1/task.py::test_file;tests/task/phase1/task.py::test_spec,mutmut show 'markdown_it.helpers.parse_link_label.x_parseLinkLabel__mutmut_6',mutmut tests-for-mutant 'markdown_it.helpers.parse_link_label.x_parseLinkLabel__mutmut_6',mutmut run 'markdown_it.helpers.parse_link_label.x_parseLinkLabel__mutmut_6'
M841d303fc4f41eba,markdown_it.rules_block.hr.x_hr__mutmut_39,specified,markdown_it/rules_block/hr.py,hr,40,            return False,            return True,timeout,unreviewed,,tests/task/phase1/task.py::test_core_after;tests/task/phase1/task.py::test_file;tests/task/phase1/task.py::test_spec;tests/task/task2.py::test_make_fence_at,mutmut show 'markdown_it.rules_block.hr.x_hr__mutmut_39',mutmut tests-for-mutant 'markdown_it.rules_block.hr.x_hr__mutmut_39',mutmut run 'markdown_it.rules_block.hr.x_hr__mutmut_39'
M849dcc8d3ac60c9f,markdown_it.rules_block.code.x_code__mutmut_10,specified,markdown_it/rules_block/code.py,code,11,"    LOGGER.debug(""entering code: %s, %s, %s, %s"", state, startLine, endLine, silent)","    LOGGER.debug(""entering code: %s, %s, %s, %s"", state, startLine, endLine, )",survived,unreviewed,,tests/task/phase1/task.py::test_core_after;tests/task/phase1/task.py::test_file;tests/task/phase1/task.py::test_spec;tests/task/task2.py::test_make_fence_after;tests/task/task2.py::test_make_fence_at,mutmut show 'markdown_it.rules_block.code.x_code__mutmut_10',mutmut tests-for-mutant 'markdown_it.rules_block.code.x_code__mutmut_10',mutmut run 'markdown_it.rules_block.code.x_code__mutmut_10'
M849ef1327f8c7633,markdown_it.rules_block.blockquote.x_blockquote__mutmut_97,specified,markdown_it/rules_block/blockquote.py,blockquote,95,        state.sCount[startLine] + 1 + (1 if spaceAfterMarker else 0),        state.sCount[startLine] + 1 - (1 if spaceAfterMarker else 0),survived,unreviewed,,tests/task/phase1/task.py::test_core_after;tests/task/phase1/task.py::test_file;tests/task/phase1/task.py::test_spec;tests/task/task2.py::test_make_fence_at,mutmut show 'markdown_it.rules_block.blockquote.x_blockquote__mutmut_97',mutmut tests-for-mutant 'markdown_it.rules_block.blockquote.x_blockquote__mutmut_97',mutmut run 'markdown_it.rules_block.blockquote.x_blockquote__mutmut_97'
M84d71ce82a535d91,markdown_it.common.utils.x_isValidEntityCode__mutmut_11,specified,markdown_it/common/utils.py,isValidEntityCode,61,    if c >= 0xFDD0 and c <= 0xFDEF:,    if c >= 0xFDD0 and c <= 65008:,survived,unreviewed,,tests/task/phase1/task.py::test_spec,mutmut show 'markdown_it.common.utils.x_isValidEntityCode__mutmut_11',mutmut tests-for-mutant 'markdown_it.common.utils.x_isValidEntityCode__mutmut_11',mutmut run 'markdown_it.common.utils.x_isValidEntityCode__mutmut_11'
M84e0838745ee6871,markdown_it.rules_inline.balance_pairs.x_processDelimiters__mutmut_8,specified,markdown_it/rules_inline/balance_pairs.py,processDelimiters,18,    lastTokenIdx = -2  # needs any value lower than -1,    lastTokenIdx = -3  # needs any value lower than -1,survived,unreviewed,,tests/task/phase1/task.py::test_core_after;tests/task/phase1/task.py::test_file;tests/task/phase1/task.py::test_spec;tests/task/task2.py::test_make_fence_at,mutmut show 'markdown_it.rules_inline.balance_pairs.x_processDelimiters__mutmut_8',mutmut tests-for-mutant 'markdown_it.rules_inline.balance_pairs.x_processDelimiters__mutmut_8',mutmut run 'markdown_it.rules_inline.balance_pairs.x_processDelimiters__mutmut_8'
M84e2a3c7d7c0aa3f,markdown_it.rules_block.fence.x_make_fence_rule__mutmut_82,specified,markdown_it/rules_block/fence.py,make_fence_rule,116,"            if not closing_matcher(length, pos - mem):","            if not closing_matcher(length, pos + mem):",survived,unreviewed,,tests/task/phase1/task.py::test_file;tests/task/task2.py::test_make_fence_after;tests/task/task2.py::test_make_fence_at,mutmut show 'markdown_it.rules_block.fence.x_make_fence_rule__mutmut_82',mutmut tests-for-mutant 'markdown_it.rules_block.fence.x_make_fence_rule__mutmut_82',mutmut run 'markdown_it.rules_block.fence.x_make_fence_rule__mutmut_82'
M84fc4c1ac1bb4236,markdown_it.rules_block.paragraph.x_paragraph__mutmut_3,specified,markdown_it/rules_block/paragraph.py,paragraph,12,"        ""entering paragraph: %s, %s, %s, %s"", state, startLine, endLine, silent","        ""entering paragraph: %s, %s, %s, %s"", state, None, endLine, silent",survived,unreviewed,,tests/task/phase1/task.py::test_core_after;tests/task/phase1/task.py::test_file;tests/task/phase1/task.py::test_spec;tests/task/task2.py::test_make_fence_at,mutmut show 'markdown_it.rules_block.paragraph.x_paragraph__mutmut_3',mutmut tests-for-mutant 'markdown_it.rules_block.paragraph.x_paragraph__mutmut_3',mutmut run 'markdown_it.rules_block.paragraph.x_paragraph__mutmut_3'
M853db664cf09f3be,markdown_it.rules_block.reference.x_reference__mutmut_86,specified,markdown_it/rules_block/reference.py,reference,56,"        labelEnd is None or labelEnd < 0 or charCodeAt(string, labelEnd + 1) != 0x3A","        labelEnd is None and labelEnd < 0 or charCodeAt(string, labelEnd + 1) != 0x3A",survived,unreviewed,,tests/task/phase1/task.py::test_core_after;tests/task/phase1/task.py::test_file;tests/task/phase1/task.py::test_spec;tests/task/task2.py::test_make_fence_at,mutmut show 'markdown_it.rules_block.reference.x_reference__mutmut_86',mutmut tests-for-mutant 'markdown_it.rules_block.reference.x_reference__mutmut_86',mutmut run 'markdown_it.rules_block.reference.x_reference__mutmut_86'
M858f5c038fe98aaf,markdown_it.rules_block.list.x_list_block__mutmut_7,specified,markdown_it/rules_block/list.py,list_block,102,"    LOGGER.debug(""entering list: %s, %s, %s, %s"", state, startLine, endLine, silent)","    LOGGER.debug(""entering list: %s, %s, %s, %s"", startLine, endLine, silent)",survived,unreviewed,,tests/task/phase1/task.py::test_core_after;tests/task/phase1/task.py::test_file;tests/task/phase1/task.py::test_spec;tests/task/task2.py::test_make_fence_at,mutmut show 'markdown_it.rules_block.list.x_list_block__mutmut_7',mutmut tests-for-mutant 'markdown_it.rules_block.list.x_list_block__mutmut_7',mutmut run 'markdown_it.rules_block.list.x_list_block__mutmut_7'
M85a06c4d7858e9a3,markdown_it.rules_block.code.x_code__mutmut_59,specified,markdown_it/rules_block/code.py,code,34,"    token.map = [startLine, state.line]",    token.map = None,survived,unreviewed,,tests/task/phase1/task.py::test_core_after;tests/task/phase1/task.py::test_file;tests/task/phase1/task.py::test_spec;tests/task/task2.py::test_make_fence_after;tests/task/task2.py::test_make_fence_at,mutmut show 'markdown_it.rules_block.code.x_code__mutmut_59',mutmut tests-for-mutant 'markdown_it.rules_block.code.x_code__mutmut_59',mutmut run 'markdown_it.rules_block.code.x_code__mutmut_59'
M85a9a58b9786d78d,markdown_it.parser_inline.xǁParserInlineǁskipToken__mutmut_26,specified,markdown_it/parser_inline.py,skipToken,153,            state.level -= 1,            state.level -= 2,survived,unreviewed,,tests/task/phase1/task.py::test_file;tests/task/phase1/task.py::test_spec,mutmut show 'markdown_it.parser_inline.xǁParserInlineǁskipToken__mutmut_26',mutmut tests-for-mutant 'markdown_it.parser_inline.xǁParserInlineǁskipToken__mutmut_26',mutmut run 'markdown_it.parser_inline.xǁParserInlineǁskipToken__mutmut_26'
M85bbb5c664b1630b,markdown_it.renderer.xǁRendererHTMLǁimage__mutmut_24,specified,markdown_it/renderer.py,image,329,"    return self.renderToken(tokens, idx, options, env)","    return self.renderToken(tokens, idx, options, None)",survived,unreviewed,,tests/task/phase1/task.py::test_spec,mutmut show 'markdown_it.renderer.xǁRendererHTMLǁimage__mutmut_24',mutmut tests-for-mutant 'markdown_it.renderer.xǁRendererHTMLǁimage__mutmut_24',mutmut run 'markdown_it.renderer.xǁRendererHTMLǁimage__mutmut_24'
M85c58ff8b2a6c6b9,markdown_it.presets.zero.x_make__mutmut_25,specified,markdown_it/presets/zero.py,make,28,"            ""breaks"": False,  # Convert '\n' in paragraphs into <br>","            ""BREAKS"": False,  # Convert '\n' in paragraphs into <br>",survived,unreviewed,,tests/task/phase1/task.py::test_file,mutmut show 'markdown_it.presets.zero.x_make__mutmut_25',mutmut tests-for-mutant 'markdown_it.presets.zero.x_make__mutmut_25',mutmut run 'markdown_it.presets.zero.x_make__mutmut_25'
M85de10b9d43814bb,markdown_it.presets.zero.x_make__mutmut_35,specified,markdown_it/presets/zero.py,make,36,"        ""components"": {","        ""COMPONENTS"": {",survived,unreviewed,,tests/task/phase1/task.py::test_file,mutmut show 'markdown_it.presets.zero.x_make__mutmut_35',mutmut tests-for-mutant 'markdown_it.presets.zero.x_make__mutmut_35',mutmut run 'markdown_it.presets.zero.x_make__mutmut_35'
M85e873e2057e30ca,markdown_it.rules_block.list.x_list_block__mutmut_156,specified,markdown_it/rules_block/list.py,list_block,232,"        token = state.push(""list_item_open"", ""li"", 1)","        token = state.push(None, ""li"", 1)",survived,unreviewed,,tests/task/phase1/task.py::test_core_after;tests/task/phase1/task.py::test_file;tests/task/phase1/task.py::test_spec;tests/task/task2.py::test_make_fence_at,mutmut show 'markdown_it.rules_block.list.x_list_block__mutmut_156',mutmut tests-for-mutant 'markdown_it.rules_block.list.x_list_block__mutmut_156',mutmut run 'markdown_it.rules_block.list.x_list_block__mutmut_156'
M85f37f99446e1cc1,markdown_it.common.normalize_url.x_normalizeLink__mutmut_14,specified,markdown_it/common/normalize_url.py,normalizeLink,35,            parsed = parsed._replace(hostname=_punycode.to_ascii(parsed.hostname)),            parsed = parsed._replace(hostname=_punycode.to_ascii(None)),survived,unreviewed,,tests/task/phase1/task.py::test_file;tests/task/phase1/task.py::test_spec,mutmut show 'markdown_it.common.normalize_url.x_normalizeLink__mutmut_14',mutmut tests-for-mutant 'markdown_it.common.normalize_url.x_normalizeLink__mutmut_14',mutmut run 'markdown_it.common.normalize_url.x_normalizeLink__mutmut_14'
M85face6dde8d7d5d,markdown_it.rules_block.list.x_list_block__mutmut_171,specified,markdown_it/rules_block/list.py,list_block,236,            token.info = state.src[start : posAfterMarker - 1],            token.info = state.src[start : posAfterMarker + 1],survived,unreviewed,,tests/task/phase1/task.py::test_core_after;tests/task/phase1/task.py::test_file;tests/task/phase1/task.py::test_spec;tests/task/task2.py::test_make_fence_at,mutmut show 'markdown_it.rules_block.list.x_list_block__mutmut_171',mutmut tests-for-mutant 'markdown_it.rules_block.list.x_list_block__mutmut_171',mutmut run 'markdown_it.rules_block.list.x_list_block__mutmut_171'
M8619e9376741dc2d,markdown_it.rules_inline.entity.x_entity__mutmut_6,specified,markdown_it/rules_inline/entity.py,entity,19,    if pos + 1 >= maximum:,    if pos - 1 >= maximum:,survived,unreviewed,,tests/task/phase1/task.py::test_file;tests/task/phase1/task.py::test_spec,mutmut show 'markdown_it.rules_inline.entity.x_entity__mutmut_6',mutmut tests-for-mutant 'markdown_it.rules_inline.entity.x_entity__mutmut_6',mutmut run 'markdown_it.rules_inline.entity.x_entity__mutmut_6'
M861cfdb9f17f3cd4,markdown_it.common.utils.x_isValidEntityCode__mutmut_3,specified,markdown_it/common/utils.py,isValidEntityCode,58,    if c >= 0xD800 and c <= 0xDFFF:,    if c >= 55297 and c <= 0xDFFF:,survived,unreviewed,,tests/task/phase1/task.py::test_spec,mutmut show 'markdown_it.common.utils.x_isValidEntityCode__mutmut_3',mutmut tests-for-mutant 'markdown_it.common.utils.x_isValidEntityCode__mutmut_3',mutmut run 'markdown_it.common.utils.x_isValidEntityCode__mutmut_3'
M863a2b084916a0d1,markdown_it.rules_inline.entity.x_entity__mutmut_83,specified,markdown_it/rules_inline/entity.py,entity,47,                token.markup = match.group(0),                token.markup = match.group(1),survived,unreviewed,,tests/task/phase1/task.py::test_file;tests/task/phase1/task.py::test_spec,mutmut show 'markdown_it.rules_inline.entity.x_entity__mutmut_83',mutmut tests-for-mutant 'markdown_it.rules_inline.entity.x_entity__mutmut_83',mutmut run 'markdown_it.rules_inline.entity.x_entity__mutmut_83'
M86429d28ecae25d1,markdown_it.presets.xǁgfm_like2ǁmake__mutmut_10,specified,markdown_it/presets/__init__.py,make,45,"    config[""options""][""tasklists_editable""] = False","    config[""OPTIONS""][""tasklists_editable""] = False",survived,unreviewed,,tests/task/phase1/task.py::test_file,mutmut show 'markdown_it.presets.xǁgfm_like2ǁmake__mutmut_10',mutmut tests-for-mutant 'markdown_it.presets.xǁgfm_like2ǁmake__mutmut_10',mutmut run 'markdown_it.presets.xǁgfm_like2ǁmake__mutmut_10'
M86d103918ee59e93,markdown_it.presets.zero.x_make__mutmut_10,specified,markdown_it/presets/zero.py,make,16,"            ""linkify"": False,  # autoconvert URL-like texts to links","            ""XXlinkifyXX"": False,  # autoconvert URL-like texts to links",survived,unreviewed,,tests/task/phase1/task.py::test_file,mutmut show 'markdown_it.presets.zero.x_make__mutmut_10',mutmut tests-for-mutant 'markdown_it.presets.zero.x_make__mutmut_10',mutmut run 'markdown_it.presets.zero.x_make__mutmut_10'
M8711ca1286a68435,markdown_it.parser_block.xǁParserBlockǁtokenize__mutmut_21,specified,markdown_it/parser_block.py,tokenize,87,"            if rule(state, line, endLine, False):","            if rule(state, line, endLine, None):",survived,unreviewed,,tests/task/phase1/task.py::test_core_after;tests/task/phase1/task.py::test_file;tests/task/phase1/task.py::test_spec;tests/task/task2.py::test_make_fence_after;tests/task/task2.py::test_make_fence_at,mutmut show 'markdown_it.parser_block.xǁParserBlockǁtokenize__mutmut_21',mutmut tests-for-mutant 'markdown_it.parser_block.xǁParserBlockǁtokenize__mutmut_21',mutmut run 'markdown_it.parser_block.xǁParserBlockǁtokenize__mutmut_21'
M874deb5c48ad0bc3,markdown_it.rules_inline.balance_pairs.x_processDelimiters__mutmut_28,specified,markdown_it/rules_inline/balance_pairs.py,processDelimiters,44,            closerIdx += 1,            closerIdx -= 1,timeout,unreviewed,,tests/task/phase1/task.py::test_core_after;tests/task/phase1/task.py::test_file;tests/task/phase1/task.py::test_spec;tests/task/task2.py::test_make_fence_at,mutmut show 'markdown_it.rules_inline.balance_pairs.x_processDelimiters__mutmut_28',mutmut tests-for-mutant 'markdown_it.rules_inline.balance_pairs.x_processDelimiters__mutmut_28',mutmut run 'markdown_it.rules_inline.balance_pairs.x_processDelimiters__mutmut_28'
M875a26aeedf4ddba,markdown_it.rules_block.list.x_list_block__mutmut_178,specified,markdown_it/rules_block/list.py,list_block,240,"        if state.md.options.get(""tasklists"", False) and contentStart < maximum:",        if state.md.options.get(False) and contentStart < maximum:,survived,unreviewed,,tests/task/phase1/task.py::test_core_after;tests/task/phase1/task.py::test_file;tests/task/phase1/task.py::test_spec;tests/task/task2.py::test_make_fence_at,mutmut show 'markdown_it.rules_block.list.x_list_block__mutmut_178',mutmut tests-for-mutant 'markdown_it.rules_block.list.x_list_block__mutmut_178',mutmut run 'markdown_it.rules_block.list.x_list_block__mutmut_178'
M8772d480c8dfb153,markdown_it.presets.zero.x_make__mutmut_60,specified,markdown_it/presets/zero.py,make,41,"                ""rules2"": [""balance_pairs"", ""fragments_join""],","                ""XXrules2XX"": [""balance_pairs"", ""fragments_join""],",survived,unreviewed,,tests/task/phase1/task.py::test_file,mutmut show 'markdown_it.presets.zero.x_make__mutmut_60',mutmut tests-for-mutant 'markdown_it.presets.zero.x_make__mutmut_60',mutmut run 'markdown_it.presets.zero.x_make__mutmut_60'
M8792926905f888e9,markdown_it.presets.commonmark.x_make__mutmut_87,specified,markdown_it/presets/commonmark.py,make,66,"                    ""html_inline"",","                    ""HTML_INLINE"",",survived,unreviewed,,tests/task/phase1/task.py::test_file,mutmut show 'markdown_it.presets.commonmark.x_make__mutmut_87',mutmut tests-for-mutant 'markdown_it.presets.commonmark.x_make__mutmut_87',mutmut run 'markdown_it.presets.commonmark.x_make__mutmut_87'
M87eb4625c98cc0ec,markdown_it.rules_inline.newline.x_newline__mutmut_35,specified,markdown_it/rules_inline/newline.py,newline,25,"                while ws >= 1 and charStrAt(state.pending, ws - 1) == "" "":","                while ws >= 2 and charStrAt(state.pending, ws - 1) == "" "":",survived,unreviewed,,tests/task/phase1/task.py::test_file;tests/task/phase1/task.py::test_spec;tests/task/task2.py::test_make_fence_at,mutmut show 'markdown_it.rules_inline.newline.x_newline__mutmut_35',mutmut tests-for-mutant 'markdown_it.rules_inline.newline.x_newline__mutmut_35',mutmut run 'markdown_it.rules_inline.newline.x_newline__mutmut_35'
M881d1d3db89f0288,markdown_it.rules_block.blockquote.x_blockquote__mutmut_101,specified,markdown_it/rules_block/blockquote.py,blockquote,95,        state.sCount[startLine] + 1 + (1 if spaceAfterMarker else 0),        state.sCount[startLine] + 1 + (1 if spaceAfterMarker else 1),survived,unreviewed,,tests/task/phase1/task.py::test_core_after;tests/task/phase1/task.py::test_file;tests/task/phase1/task.py::test_spec;tests/task/task2.py::test_make_fence_at,mutmut show 'markdown_it.rules_block.blockquote.x_blockquote__mutmut_101',mutmut tests-for-mutant 'markdown_it.rules_block.blockquote.x_blockquote__mutmut_101',mutmut run 'markdown_it.rules_block.blockquote.x_blockquote__mutmut_101'
M8836089488a1d957,markdown_it.rules_inline.image.x_image__mutmut_206,specified,markdown_it/rules_inline/image.py,image,143,"        if label and state.md.options.get(""store_labels"", False):","        if label and state.md.options.get(""store_labels"", None):",survived,unreviewed,,tests/task/phase1/task.py::test_file;tests/task/phase1/task.py::test_spec,mutmut show 'markdown_it.rules_inline.image.x_image__mutmut_206',mutmut tests-for-mutant 'markdown_it.rules_inline.image.x_image__mutmut_206',mutmut run 'markdown_it.rules_inline.image.x_image__mutmut_206'
M888533b448df8b33,markdown_it.common.normalize_url.x_normalizeLink__mutmut_11,specified,markdown_it/common/normalize_url.py,normalizeLink,34,        with suppress(Exception):,        with suppress(None):,survived,unreviewed,,tests/task/phase1/task.py::test_file;tests/task/phase1/task.py::test_spec,mutmut show 'markdown_it.common.normalize_url.x_normalizeLink__mutmut_11',mutmut tests-for-mutant 'markdown_it.common.normalize_url.x_normalizeLink__mutmut_11',mutmut run 'markdown_it.common.normalize_url.x_normalizeLink__mutmut_11'
M88b4eb20beee1e39,markdown_it.rules_inline.emphasis.x__postProcess__mutmut_3,specified,markdown_it/rules_inline/emphasis.py,_postProcess,41,    i = len(delimiters) - 1,    i = len(delimiters) - 2,survived,unreviewed,,tests/task/phase1/task.py::test_core_after;tests/task/phase1/task.py::test_file;tests/task/phase1/task.py::test_spec;tests/task/task2.py::test_make_fence_at,mutmut show 'markdown_it.rules_inline.emphasis.x__postProcess__mutmut_3',mutmut tests-for-mutant 'markdown_it.rules_inline.emphasis.x__postProcess__mutmut_3',mutmut run 'markdown_it.rules_inline.emphasis.x__postProcess__mutmut_3'
M88c4eca85cb5dc37,markdown_it.rules_block.list.x_list_block__mutmut_384,specified,markdown_it/rules_block/list.py,list_block,374,    listLines[1] = nextLine,    listLines[1] = None,survived,unreviewed,,tests/task/phase1/task.py::test_core_after;tests/task/phase1/task.py::test_file;tests/task/phase1/task.py::test_spec;tests/task/task2.py::test_make_fence_at,mutmut show 'markdown_it.rules_block.list.x_list_block__mutmut_384',mutmut tests-for-mutant 'markdown_it.rules_block.list.x_list_block__mutmut_384',mutmut run 'markdown_it.rules_block.list.x_list_block__mutmut_384'
M88d5fe7b6ae6bad5,markdown_it.presets.xǁgfm_like2ǁmake__mutmut_15,specified,markdown_it/presets/__init__.py,make,46,"    config[""options""][""alerts""] = True","    config[""XXoptionsXX""][""alerts""] = True",survived,unreviewed,,tests/task/phase1/task.py::test_file,mutmut show 'markdown_it.presets.xǁgfm_like2ǁmake__mutmut_15',mutmut tests-for-mutant 'markdown_it.presets.xǁgfm_like2ǁmake__mutmut_15',mutmut run 'markdown_it.presets.xǁgfm_like2ǁmake__mutmut_15'
M8909edcd74b565d4,markdown_it.rules_inline.link.x_link__mutmut_53,specified,markdown_it/rules_inline/link.py,link,50,        start = pos,        start = None,survived,unreviewed,,tests/task/phase1/task.py::test_file;tests/task/phase1/task.py::test_spec,mutmut show 'markdown_it.rules_inline.link.x_link__mutmut_53',mutmut tests-for-mutant 'markdown_it.rules_inline.link.x_link__mutmut_53',mutmut run 'markdown_it.rules_inline.link.x_link__mutmut_53'
M892b29028ae23206,markdown_it.cli.parse.x_parse_args__mutmut_14,specified,markdown_it/cli/parse.py,parse_args,113,"    parser.add_argument(""-v"", ""--version"", action=""version"", version=version_str)","    parser.add_argument(None, ""--version"", action=""version"", version=version_str)",no_tests,unreviewed,,,mutmut show 'markdown_it.cli.parse.x_parse_args__mutmut_14',mutmut tests-for-mutant 'markdown_it.cli.parse.x_parse_args__mutmut_14',mutmut run 'markdown_it.cli.parse.x_parse_args__mutmut_14'
M89522eb5cf64c8ef,markdown_it.presets.xǁgfm_like2ǁmake__mutmut_24,specified,markdown_it/presets/__init__.py,make,47,"    config[""options""][""strikethrough_single_tilde""] = True","    config[""options""][""STRIKETHROUGH_SINGLE_TILDE""] = True",survived,unreviewed,,tests/task/phase1/task.py::test_file,mutmut show 'markdown_it.presets.xǁgfm_like2ǁmake__mutmut_24',mutmut tests-for-mutant 'markdown_it.presets.xǁgfm_like2ǁmake__mutmut_24',mutmut run 'markdown_it.presets.xǁgfm_like2ǁmake__mutmut_24'
M89523cc7cec5343c,markdown_it.rules_inline.autolink.x_autolink__mutmut_80,specified,markdown_it/rules_inline/autolink.py,autolink,50,"            token.markup = ""autolink""","            token.markup = ""AUTOLINK""",survived,unreviewed,,tests/task/phase1/task.py::test_file;tests/task/phase1/task.py::test_spec,mutmut show 'markdown_it.rules_inline.autolink.x_autolink__mutmut_80',mutmut tests-for-mutant 'markdown_it.rules_inline.autolink.x_autolink__mutmut_80',mutmut run 'markdown_it.rules_inline.autolink.x_autolink__mutmut_80'
M8971ad1cfe105fe6,markdown_it.rules_block.fence.x_make_fence_rule__mutmut_1,specified,markdown_it/rules_block/fence.py,make_fence_rule,15,"    token_type: str = ""fence"",","    token_type: str = ""XXfenceXX"",",survived,unreviewed,,tests/task/phase1/task.py::test_file;tests/task/task2.py::test_make_fence_after;tests/task/task2.py::test_make_fence_at,mutmut show 'markdown_it.rules_block.fence.x_make_fence_rule__mutmut_1',mutmut tests-for-mutant 'markdown_it.rules_block.fence.x_make_fence_rule__mutmut_1',mutmut run 'markdown_it.rules_block.fence.x_make_fence_rule__mutmut_1'
M89f74fc5ecee0d6d,markdown_it.renderer.xǁRendererHTMLǁfence__mutmut_37,specified,markdown_it/renderer.py,fence,294,"        tmpToken = Token(type="""", tag="""", nesting=0, attrs=token.attrs.copy())","        tmpToken = Token(type="""", tag=None, nesting=0, attrs=token.attrs.copy())",survived,unreviewed,,tests/task/phase1/task.py::test_file;tests/task/phase1/task.py::test_spec,mutmut show 'markdown_it.renderer.xǁRendererHTMLǁfence__mutmut_37',mutmut tests-for-mutant 'markdown_it.renderer.xǁRendererHTMLǁfence__mutmut_37',mutmut run 'markdown_it.renderer.xǁRendererHTMLǁfence__mutmut_37'
M89f8bf7d117dbec9,markdown_it.rules_inline.emphasis.x__postProcess__mutmut_52,specified,markdown_it/rules_inline/emphasis.py,_postProcess,75,"        token.type = ""strong_open"" if isStrong else ""em_open""",        token.type = None,survived,unreviewed,,tests/task/phase1/task.py::test_core_after;tests/task/phase1/task.py::test_file;tests/task/phase1/task.py::test_spec;tests/task/task2.py::test_make_fence_at,mutmut show 'markdown_it.rules_inline.emphasis.x__postProcess__mutmut_52',mutmut tests-for-mutant 'markdown_it.rules_inline.emphasis.x__postProcess__mutmut_52',mutmut run 'markdown_it.rules_inline.emphasis.x__postProcess__mutmut_52'
M89fd739675e401b2,markdown_it.presets.default.x_make__mutmut_34,specified,markdown_it/presets/default.py,make,35,"        ""components"": {""core"": {}, ""block"": {}, ""inline"": {}},","        ""XXcomponentsXX"": {""core"": {}, ""block"": {}, ""inline"": {}},",survived,unreviewed,,tests/task/phase1/task.py::test_file,mutmut show 'markdown_it.presets.default.x_make__mutmut_34',mutmut tests-for-mutant 'markdown_it.presets.default.x_make__mutmut_34',mutmut run 'markdown_it.presets.default.x_make__mutmut_34'
M8a16c6f285f5cda2,markdown_it.common.utils.x_isValidEntityCode__mutmut_40,specified,markdown_it/common/utils.py,isValidEntityCode,72,    if c >= 0x7F and c <= 0x9F:,    if c >= 128 and c <= 0x9F:,survived,unreviewed,,tests/task/phase1/task.py::test_spec,mutmut show 'markdown_it.common.utils.x_isValidEntityCode__mutmut_40',mutmut tests-for-mutant 'markdown_it.common.utils.x_isValidEntityCode__mutmut_40',mutmut run 'markdown_it.common.utils.x_isValidEntityCode__mutmut_40'
M8a20315043147ac5,markdown_it.rules_block.hr.x_hr__mutmut_66,specified,markdown_it/rules_block/hr.py,hr,54,    token.markup = marker * (cnt + 1),    token.markup = marker * (cnt - 1),survived,unreviewed,,tests/task/phase1/task.py::test_core_after;tests/task/phase1/task.py::test_file;tests/task/phase1/task.py::test_spec;tests/task/task2.py::test_make_fence_at,mutmut show 'markdown_it.rules_block.hr.x_hr__mutmut_66',mutmut tests-for-mutant 'markdown_it.rules_block.hr.x_hr__mutmut_66',mutmut run 'markdown_it.rules_block.hr.x_hr__mutmut_66'
M8a361318cdb4f727,markdown_it.rules_inline.emphasis.x_tokenize__mutmut_46,specified,markdown_it/rules_inline/emphasis.py,tokenize,35,    state.pos += scanned.length,    state.pos = scanned.length,timeout,unreviewed,,tests/task/phase1/task.py::test_file;tests/task/phase1/task.py::test_spec,mutmut show 'markdown_it.rules_inline.emphasis.x_tokenize__mutmut_46',mutmut tests-for-mutant 'markdown_it.rules_inline.emphasis.x_tokenize__mutmut_46',mutmut run 'markdown_it.rules_inline.emphasis.x_tokenize__mutmut_46'
M8a471d83c46d64e6,markdown_it.presets.xǁgfm_like2ǁmake__mutmut_4,specified,markdown_it/presets/__init__.py,make,44,"    config[""options""][""tasklists""] = True","    config[""OPTIONS""][""tasklists""] = True",survived,unreviewed,,tests/task/phase1/task.py::test_file,mutmut show 'markdown_it.presets.xǁgfm_like2ǁmake__mutmut_4',mutmut tests-for-mutant 'markdown_it.presets.xǁgfm_like2ǁmake__mutmut_4',mutmut run 'markdown_it.presets.xǁgfm_like2ǁmake__mutmut_4'
M8a7af1956421edef,markdown_it.common.utils.x_isValidEntityCode__mutmut_17,specified,markdown_it/common/utils.py,isValidEntityCode,63,    if ((c & 0xFFFF) == 0xFFFF) or ((c & 0xFFFF) == 0xFFFE):,    if ((c & 0xFFFF) == 65536) or ((c & 0xFFFF) == 0xFFFE):,survived,unreviewed,,tests/task/phase1/task.py::test_spec,mutmut show 'markdown_it.common.utils.x_isValidEntityCode__mutmut_17',mutmut tests-for-mutant 'markdown_it.common.utils.x_isValidEntityCode__mutmut_17',mutmut run 'markdown_it.common.utils.x_isValidEntityCode__mutmut_17'
M8aa5d50f92725e10,markdown_it.rules_block.blockquote.x_blockquote__mutmut_261,specified,markdown_it/rules_block/blockquote.py,blockquote,274,    state.blkIndent = 0,    state.blkIndent = 1,timeout,unreviewed,,tests/task/phase1/task.py::test_core_after;tests/task/phase1/task.py::test_file;tests/task/phase1/task.py::test_spec;tests/task/task2.py::test_make_fence_at,mutmut show 'markdown_it.rules_block.blockquote.x_blockquote__mutmut_261',mutmut tests-for-mutant 'markdown_it.rules_block.blockquote.x_blockquote__mutmut_261',mutmut run 'markdown_it.rules_block.blockquote.x_blockquote__mutmut_261'
M8ab31f6996172295,markdown_it.renderer.xǁRendererHTMLǁrenderToken__mutmut_56,specified,markdown_it/renderer.py,renderToken,163,            elif nextToken.nesting == -1 and nextToken.tag == token.tag:,            elif nextToken.nesting != -1 and nextToken.tag == token.tag:,survived,unreviewed,,tests/task/phase1/task.py::test_file;tests/task/phase1/task.py::test_spec,mutmut show 'markdown_it.renderer.xǁRendererHTMLǁrenderToken__mutmut_56',mutmut tests-for-mutant 'markdown_it.renderer.xǁRendererHTMLǁrenderToken__mutmut_56',mutmut run 'markdown_it.renderer.xǁRendererHTMLǁrenderToken__mutmut_56'
M8ad0faf3df13068e,markdown_it.rules_block.html_block.x_html_block__mutmut_8,specified,markdown_it/rules_block/html_block.py,html_block,36,"        ""entering html_block: %s, %s, %s, %s"", state, startLine, endLine, silent","        ""entering html_block: %s, %s, %s, %s"", state, endLine, silent",survived,unreviewed,,tests/task/phase1/task.py::test_core_after;tests/task/phase1/task.py::test_file;tests/task/phase1/task.py::test_spec;tests/task/task2.py::test_make_fence_at,mutmut show 'markdown_it.rules_block.html_block.x_html_block__mutmut_8',mutmut tests-for-mutant 'markdown_it.rules_block.html_block.x_html_block__mutmut_8',mutmut run 'markdown_it.rules_block.html_block.x_html_block__mutmut_8'
M8af285b2b91a4e86,markdown_it.rules_inline.link.x_link__mutmut_27,specified,markdown_it/rules_inline/link.py,link,24,        return False,        return True,timeout,unreviewed,,tests/task/phase1/task.py::test_file;tests/task/phase1/task.py::test_spec,mutmut show 'markdown_it.rules_inline.link.x_link__mutmut_27',mutmut tests-for-mutant 'markdown_it.rules_inline.link.x_link__mutmut_27',mutmut run 'markdown_it.rules_inline.link.x_link__mutmut_27'
M8af2944e6a74362f,markdown_it.rules_block.paragraph.x_paragraph__mutmut_22,specified,markdown_it/rules_block/paragraph.py,paragraph,20,    oldParentType = state.parentType,    oldParentType = None,survived,unreviewed,,tests/task/phase1/task.py::test_core_after;tests/task/phase1/task.py::test_file;tests/task/phase1/task.py::test_spec;tests/task/task2.py::test_make_fence_at,mutmut show 'markdown_it.rules_block.paragraph.x_paragraph__mutmut_22',mutmut tests-for-mutant 'markdown_it.rules_block.paragraph.x_paragraph__mutmut_22',mutmut run 'markdown_it.rules_block.paragraph.x_paragraph__mutmut_22'
M8b1f4fb5c94f6a63,markdown_it.rules_block.reference.x_getNextLine__mutmut_5,specified,markdown_it/rules_block/reference.py,getNextLine,202,    isContinuation = False,    isContinuation = None,survived,unreviewed,,tests/task/phase1/task.py::test_file;tests/task/phase1/task.py::test_spec,mutmut show 'markdown_it.rules_block.reference.x_getNextLine__mutmut_5',mutmut tests-for-mutant 'markdown_it.rules_block.reference.x_getNextLine__mutmut_5',mutmut run 'markdown_it.rules_block.reference.x_getNextLine__mutmut_5'
M8b2d85143266e761,markdown_it.presets.xǁgfm_like2ǁmake__mutmut_1,specified,markdown_it/presets/__init__.py,make,43,    config = gfm_like.make(),    config = None,survived,unreviewed,,tests/task/phase1/task.py::test_file,mutmut show 'markdown_it.presets.xǁgfm_like2ǁmake__mutmut_1',mutmut tests-for-mutant 'markdown_it.presets.xǁgfm_like2ǁmake__mutmut_1',mutmut run 'markdown_it.presets.xǁgfm_like2ǁmake__mutmut_1'
M8b38cea05ed22488,markdown_it.rules_inline.image.x_image__mutmut_46,specified,markdown_it/rules_inline/image.py,image,40,"            if not isStrSpace(ch) and ch != ""\n"":","            if not isStrSpace(ch) or ch != ""\n"":",survived,unreviewed,,tests/task/phase1/task.py::test_file;tests/task/phase1/task.py::test_spec,mutmut show 'markdown_it.rules_inline.image.x_image__mutmut_46',mutmut tests-for-mutant 'markdown_it.rules_inline.image.x_image__mutmut_46',mutmut run 'markdown_it.rules_inline.image.x_image__mutmut_46'
M8b767a7d3361bf56,markdown_it.helpers.parse_link_title.x_parseLinkTitle__mutmut_54,specified,markdown_it/helpers/parse_link_title.py,parseLinkTitle,67,        elif code == 0x5C and pos + 1 < maximum:  # /* \ */,        elif code == 0x5C and pos - 1 < maximum:  # /* \ */,survived,unreviewed,,tests/task/phase1/task.py::test_file;tests/task/phase1/task.py::test_spec,mutmut show 'markdown_it.helpers.parse_link_title.x_parseLinkTitle__mutmut_54',mutmut tests-for-mutant 'markdown_it.helpers.parse_link_title.x_parseLinkTitle__mutmut_54',mutmut run 'markdown_it.helpers.parse_link_title.x_parseLinkTitle__mutmut_54'
M8b93c00028e441e0,markdown_it.rules_inline.image.x_image__mutmut_27,specified,markdown_it/rules_inline/image.py,image,22,"    labelEnd = state.md.helpers.parseLinkLabel(state, state.pos + 1, False)","    labelEnd = state.md.helpers.parseLinkLabel(state, state.pos + 1, )",survived,unreviewed,,tests/task/phase1/task.py::test_file;tests/task/phase1/task.py::test_spec,mutmut show 'markdown_it.rules_inline.image.x_image__mutmut_27',mutmut tests-for-mutant 'markdown_it.rules_inline.image.x_image__mutmut_27',mutmut run 'markdown_it.rules_inline.image.x_image__mutmut_27'
M8bdd616375e5d5e1,markdown_it.rules_inline.entity.x_entity__mutmut_84,specified,markdown_it/rules_inline/entity.py,entity,48,"                token.info = ""entity""",                token.info = None,survived,unreviewed,,tests/task/phase1/task.py::test_file;tests/task/phase1/task.py::test_spec,mutmut show 'markdown_it.rules_inline.entity.x_entity__mutmut_84',mutmut tests-for-mutant 'markdown_it.rules_inline.entity.x_entity__mutmut_84',mutmut run 'markdown_it.rules_inline.entity.x_entity__mutmut_84'
M8be4f00dfe675ad4,markdown_it.rules_inline.autolink.x_autolink__mutmut_101,specified,markdown_it/rules_inline/autolink.py,autolink,62,"            token = state.push(""link_open"", ""a"", 1)","            token = state.push(None, ""a"", 1)",survived,unreviewed,,tests/task/phase1/task.py::test_file;tests/task/phase1/task.py::test_spec,mutmut show 'markdown_it.rules_inline.autolink.x_autolink__mutmut_101',mutmut tests-for-mutant 'markdown_it.rules_inline.autolink.x_autolink__mutmut_101',mutmut run 'markdown_it.rules_inline.autolink.x_autolink__mutmut_101'
M8c1ae5d1c88c7972,markdown_it.presets.zero.x_make__mutmut_58,specified,markdown_it/presets/zero.py,make,40,"                ""rules"": [""text""],","                ""rules"": [""XXtextXX""],",survived,unreviewed,,tests/task/phase1/task.py::test_file,mutmut show 'markdown_it.presets.zero.x_make__mutmut_58',mutmut tests-for-mutant 'markdown_it.presets.zero.x_make__mutmut_58',mutmut run 'markdown_it.presets.zero.x_make__mutmut_58'
M8c48d1d6f79d82ea,markdown_it.rules_block.blockquote.x_blockquote__mutmut_84,specified,markdown_it/rules_block/blockquote.py,blockquote,83,                    - (offset + state.bsCount[startLine] + (1 if adjustTab else 0)) % 4,                    - (offset - state.bsCount[startLine] + (1 if adjustTab else 0)) % 4,survived,unreviewed,,tests/task/phase1/task.py::test_core_after;tests/task/phase1/task.py::test_file;tests/task/phase1/task.py::test_spec;tests/task/task2.py::test_make_fence_at,mutmut show 'markdown_it.rules_block.blockquote.x_blockquote__mutmut_84',mutmut tests-for-mutant 'markdown_it.rules_block.blockquote.x_blockquote__mutmut_84',mutmut run 'markdown_it.rules_block.blockquote.x_blockquote__mutmut_84'
M8c6298528250d603,markdown_it.presets.zero.x_make__mutmut_55,specified,markdown_it/presets/zero.py,make,39,"            ""inline"": {","            ""INLINE"": {",survived,unreviewed,,tests/task/phase1/task.py::test_file,mutmut show 'markdown_it.presets.zero.x_make__mutmut_55',mutmut tests-for-mutant 'markdown_it.presets.zero.x_make__mutmut_55',mutmut run 'markdown_it.presets.zero.x_make__mutmut_55'
M8c6e3725ad70d665,markdown_it.rules_inline.image.x_image__mutmut_204,specified,markdown_it/rules_inline/image.py,image,143,"        if label and state.md.options.get(""store_labels"", False):","        if label or state.md.options.get(""store_labels"", False):",survived,unreviewed,,tests/task/phase1/task.py::test_file;tests/task/phase1/task.py::test_spec,mutmut show 'markdown_it.rules_inline.image.x_image__mutmut_204',mutmut tests-for-mutant 'markdown_it.rules_inline.image.x_image__mutmut_204',mutmut run 'markdown_it.rules_inline.image.x_image__mutmut_204'
M8c714c0bd932ed2d,markdown_it.main.xǁMarkdownItǁdisable__mutmut_1,specified,markdown_it/main.py,disable,193,"    self, names: str | Iterable[str], ignoreInvalid: bool = False","    self, names: str | Iterable[str], ignoreInvalid: bool = True",no_tests,unreviewed,,,mutmut show 'markdown_it.main.xǁMarkdownItǁdisable__mutmut_1',mutmut tests-for-mutant 'markdown_it.main.xǁMarkdownItǁdisable__mutmut_1',mutmut run 'markdown_it.main.xǁMarkdownItǁdisable__mutmut_1'
M8c8443540205fd19,markdown_it.presets.commonmark.x_make__mutmut_52,specified,markdown_it/presets/commonmark.py,make,47,"                    ""blockquote"",","                    ""XXblockquoteXX"",",survived,unreviewed,,tests/task/phase1/task.py::test_file,mutmut show 'markdown_it.presets.commonmark.x_make__mutmut_52',mutmut tests-for-mutant 'markdown_it.presets.commonmark.x_make__mutmut_52',mutmut run 'markdown_it.presets.commonmark.x_make__mutmut_52'
M8c8892f3d6dd6c17,markdown_it.parser_block.xǁParserBlockǁtokenize__mutmut_41,specified,markdown_it/parser_block.py,tokenize,100,        if line < endLine and state.isEmpty(line):,        if line <= endLine and state.isEmpty(line):,survived,unreviewed,,tests/task/phase1/task.py::test_core_after;tests/task/phase1/task.py::test_file;tests/task/phase1/task.py::test_spec;tests/task/task2.py::test_make_fence_after;tests/task/task2.py::test_make_fence_at,mutmut show 'markdown_it.parser_block.xǁParserBlockǁtokenize__mutmut_41',mutmut tests-for-mutant 'markdown_it.parser_block.xǁParserBlockǁtokenize__mutmut_41',mutmut run 'markdown_it.parser_block.xǁParserBlockǁtokenize__mutmut_41'
M8c8b44f468d2b523,markdown_it.rules_inline.backticks.x_backtick__mutmut_21,specified,markdown_it/rules_inline/backticks.py,backtick,26,"    if state.backticksScanned and state.backticks.get(openerLength, 0) <= start:","    if state.backticksScanned and state.backticks.get(openerLength, None) <= start:",survived,unreviewed,,tests/task/phase1/task.py::test_file;tests/task/phase1/task.py::test_spec;tests/task/task2.py::test_make_fence_at,mutmut show 'markdown_it.rules_inline.backticks.x_backtick__mutmut_21',mutmut tests-for-mutant 'markdown_it.rules_inline.backticks.x_backtick__mutmut_21',mutmut run 'markdown_it.rules_inline.backticks.x_backtick__mutmut_21'
M8c8c40df76c5f7e1,markdown_it.parser_block.xǁParserBlockǁtokenize__mutmut_12,specified,markdown_it/parser_block.py,tokenize,70,            break,            return,survived,unreviewed,,tests/task/phase1/task.py::test_core_after;tests/task/phase1/task.py::test_file;tests/task/phase1/task.py::test_spec;tests/task/task2.py::test_make_fence_after;tests/task/task2.py::test_make_fence_at,mutmut show 'markdown_it.parser_block.xǁParserBlockǁtokenize__mutmut_12',mutmut tests-for-mutant 'markdown_it.parser_block.xǁParserBlockǁtokenize__mutmut_12',mutmut run 'markdown_it.parser_block.xǁParserBlockǁtokenize__mutmut_12'
M8d1b39ecb12dc5c4,markdown_it.rules_block.lheading.x_lheading__mutmut_36,specified,markdown_it/rules_block/lheading.py,lheading,28,            nextLine += 1,            nextLine -= 1,timeout,unreviewed,,tests/task/phase1/task.py::test_core_after;tests/task/phase1/task.py::test_file;tests/task/phase1/task.py::test_spec;tests/task/task2.py::test_make_fence_at,mutmut show 'markdown_it.rules_block.lheading.x_lheading__mutmut_36',mutmut tests-for-mutant 'markdown_it.rules_block.lheading.x_lheading__mutmut_36',mutmut run 'markdown_it.rules_block.lheading.x_lheading__mutmut_36'
M8d329410728e02f6,markdown_it.rules_block.blockquote.x_blockquote__mutmut_44,specified,markdown_it/rules_block/blockquote.py,blockquote,52,        adjustTab = False,        adjustTab = True,survived,unreviewed,,tests/task/phase1/task.py::test_core_after;tests/task/phase1/task.py::test_file;tests/task/phase1/task.py::test_spec;tests/task/task2.py::test_make_fence_at,mutmut show 'markdown_it.rules_block.blockquote.x_blockquote__mutmut_44',mutmut tests-for-mutant 'markdown_it.rules_block.blockquote.x_blockquote__mutmut_44',mutmut run 'markdown_it.rules_block.blockquote.x_blockquote__mutmut_44'
M8d63d74b4524b24d,markdown_it.rules_inline.autolink.x_autolink__mutmut_15,specified,markdown_it/rules_inline/autolink.py,autolink,28,"        if ch == ""<"":","        if ch == ""XX<XX"":",survived,unreviewed,,tests/task/phase1/task.py::test_file;tests/task/phase1/task.py::test_spec,mutmut show 'markdown_it.rules_inline.autolink.x_autolink__mutmut_15',mutmut tests-for-mutant 'markdown_it.rules_inline.autolink.x_autolink__mutmut_15',mutmut run 'markdown_it.rules_inline.autolink.x_autolink__mutmut_15'
M8d82cc12254066d3,markdown_it.rules_block.lheading.x_lheading__mutmut_13,specified,markdown_it/rules_block/lheading.py,lheading,12,    level = None,"    level = """"",survived,unreviewed,,tests/task/phase1/task.py::test_core_after;tests/task/phase1/task.py::test_file;tests/task/phase1/task.py::test_spec;tests/task/task2.py::test_make_fence_at,mutmut show 'markdown_it.rules_block.lheading.x_lheading__mutmut_13',mutmut tests-for-mutant 'markdown_it.rules_block.lheading.x_lheading__mutmut_13',mutmut run 'markdown_it.rules_block.lheading.x_lheading__mutmut_13'
M8d9923b2497f8b47,markdown_it.rules_inline.state_inline.xǁStateInlineǁ__init____mutmut_14,specified,markdown_it/rules_inline/state_inline.py,__init__,58,    self.pendingLevel = 0,    self.pendingLevel = None,survived,unreviewed,,tests/task/phase1/task.py::test_core_after;tests/task/phase1/task.py::test_file;tests/task/phase1/task.py::test_spec;tests/task/task2.py::test_make_fence_at,mutmut show 'markdown_it.rules_inline.state_inline.xǁStateInlineǁ__init____mutmut_14',mutmut tests-for-mutant 'markdown_it.rules_inline.state_inline.xǁStateInlineǁ__init____mutmut_14',mutmut run 'markdown_it.rules_inline.state_inline.xǁStateInlineǁ__init____mutmut_14'
M8dbc67baf76f24a7,markdown_it.rules_inline.balance_pairs.x_processDelimiters__mutmut_115,specified,markdown_it/rules_inline/balance_pairs.py,processDelimiters,106,                    lastTokenIdx = -2,                    lastTokenIdx = +2,survived,unreviewed,,tests/task/phase1/task.py::test_core_after;tests/task/phase1/task.py::test_file;tests/task/phase1/task.py::test_spec;tests/task/task2.py::test_make_fence_at,mutmut show 'markdown_it.rules_inline.balance_pairs.x_processDelimiters__mutmut_115',mutmut tests-for-mutant 'markdown_it.rules_inline.balance_pairs.x_processDelimiters__mutmut_115',mutmut run 'markdown_it.rules_inline.balance_pairs.x_processDelimiters__mutmut_115'
M8dbdf0f7695a7a7c,markdown_it.rules_inline.image.x_image__mutmut_8,specified,markdown_it/rules_inline/image.py,image,16,        return False,        return True,timeout,unreviewed,,tests/task/phase1/task.py::test_file;tests/task/phase1/task.py::test_spec,mutmut show 'markdown_it.rules_inline.image.x_image__mutmut_8',mutmut tests-for-mutant 'markdown_it.rules_inline.image.x_image__mutmut_8',mutmut run 'markdown_it.rules_inline.image.x_image__mutmut_8'
M8dd98b4ad433e97c,markdown_it.rules_inline.entity.x_entity__mutmut_7,specified,markdown_it/rules_inline/entity.py,entity,19,    if pos + 1 >= maximum:,    if pos + 2 >= maximum:,survived,unreviewed,,tests/task/phase1/task.py::test_file;tests/task/phase1/task.py::test_spec,mutmut show 'markdown_it.rules_inline.entity.x_entity__mutmut_7',mutmut tests-for-mutant 'markdown_it.rules_inline.entity.x_entity__mutmut_7',mutmut run 'markdown_it.rules_inline.entity.x_entity__mutmut_7'
M8de347098bc6e9b8,markdown_it.rules_block.hr.x_hr__mutmut_67,specified,markdown_it/rules_block/hr.py,hr,54,    token.markup = marker * (cnt + 1),    token.markup = marker * (cnt + 2),survived,unreviewed,,tests/task/phase1/task.py::test_core_after;tests/task/phase1/task.py::test_file;tests/task/phase1/task.py::test_spec;tests/task/task2.py::test_make_fence_at,mutmut show 'markdown_it.rules_block.hr.x_hr__mutmut_67',mutmut tests-for-mutant 'markdown_it.rules_block.hr.x_hr__mutmut_67',mutmut run 'markdown_it.rules_block.hr.x_hr__mutmut_67'
M8dfb10b1a59b7ea4,markdown_it.presets.xǁgfm_like2ǁmake__mutmut_25,specified,markdown_it/presets/__init__.py,make,47,"    config[""options""][""strikethrough_single_tilde""] = True","    config[""options""][""strikethrough_single_tilde""] = False",survived,unreviewed,,tests/task/phase1/task.py::test_file,mutmut show 'markdown_it.presets.xǁgfm_like2ǁmake__mutmut_25',mutmut tests-for-mutant 'markdown_it.presets.xǁgfm_like2ǁmake__mutmut_25',mutmut run 'markdown_it.presets.xǁgfm_like2ǁmake__mutmut_25'
M8dfdedcfec08c9cd,markdown_it.helpers.parse_link_title.x_parseLinkTitle__mutmut_58,specified,markdown_it/helpers/parse_link_title.py,parseLinkTitle,68,            pos += 1,            pos -= 1,timeout,unreviewed,,tests/task/phase1/task.py::test_file;tests/task/phase1/task.py::test_spec,mutmut show 'markdown_it.helpers.parse_link_title.x_parseLinkTitle__mutmut_58',mutmut tests-for-mutant 'markdown_it.helpers.parse_link_title.x_parseLinkTitle__mutmut_58',mutmut run 'markdown_it.helpers.parse_link_title.x_parseLinkTitle__mutmut_58'
M8e0012693d47c98b,markdown_it.helpers.parse_link_title.xǁ_Stateǁ__init____mutmut_6,specified,markdown_it/helpers/parse_link_title.py,__init__,14,    self.pos = 0,    self.pos = 1,survived,unreviewed,,tests/task/phase1/task.py::test_file;tests/task/phase1/task.py::test_spec,mutmut show 'markdown_it.helpers.parse_link_title.xǁ_Stateǁ__init____mutmut_6',mutmut tests-for-mutant 'markdown_it.helpers.parse_link_title.xǁ_Stateǁ__init____mutmut_6',mutmut run 'markdown_it.helpers.parse_link_title.xǁ_Stateǁ__init____mutmut_6'
M8e9c27cf647873bc,markdown_it.rules_block.list.x_list_block__mutmut_177,specified,markdown_it/rules_block/list.py,list_block,240,"        if state.md.options.get(""tasklists"", False) and contentStart < maximum:","        if state.md.options.get(""tasklists"", None) and contentStart < maximum:",survived,unreviewed,,tests/task/phase1/task.py::test_core_after;tests/task/phase1/task.py::test_file;tests/task/phase1/task.py::test_spec;tests/task/task2.py::test_make_fence_at,mutmut show 'markdown_it.rules_block.list.x_list_block__mutmut_177',mutmut tests-for-mutant 'markdown_it.rules_block.list.x_list_block__mutmut_177',mutmut run 'markdown_it.rules_block.list.x_list_block__mutmut_177'
M8eb636ad98b8795e,markdown_it.rules_block.html_block.x_html_block__mutmut_72,specified,markdown_it/rules_block/html_block.py,html_block,86,"    token = state.push(""html_block"", """", 0)","    token = state.push(""html_block"", """", 1)",survived,unreviewed,,tests/task/phase1/task.py::test_core_after;tests/task/phase1/task.py::test_file;tests/task/phase1/task.py::test_spec;tests/task/task2.py::test_make_fence_at,mutmut show 'markdown_it.rules_block.html_block.x_html_block__mutmut_72',mutmut tests-for-mutant 'markdown_it.rules_block.html_block.x_html_block__mutmut_72',mutmut run 'markdown_it.rules_block.html_block.x_html_block__mutmut_72'
M8f23cddb10d1717d,markdown_it.rules_block.lheading.x_lheading__mutmut_108,specified,markdown_it/rules_block/lheading.py,lheading,72,"    token = state.push(""heading_open"", ""h"" + str(level), 1)","    token = state.push(""XXheading_openXX"", ""h"" + str(level), 1)",survived,unreviewed,,tests/task/phase1/task.py::test_core_after;tests/task/phase1/task.py::test_file;tests/task/phase1/task.py::test_spec;tests/task/task2.py::test_make_fence_at,mutmut show 'markdown_it.rules_block.lheading.x_lheading__mutmut_108',mutmut tests-for-mutant 'markdown_it.rules_block.lheading.x_lheading__mutmut_108',mutmut run 'markdown_it.rules_block.lheading.x_lheading__mutmut_108'
M8f396e7f3a6aab3b,markdown_it.rules_block.heading.x_heading__mutmut_115,specified,markdown_it/rules_block/heading.py,heading,66,"    token = state.push(""heading_close"", ""h"" + str(level), -1)","    token = state.push(""XXheading_closeXX"", ""h"" + str(level), -1)",survived,unreviewed,,tests/task/phase1/task.py::test_core_after;tests/task/phase1/task.py::test_file;tests/task/phase1/task.py::test_spec;tests/task/task2.py::test_make_fence_at,mutmut show 'markdown_it.rules_block.heading.x_heading__mutmut_115',mutmut tests-for-mutant 'markdown_it.rules_block.heading.x_heading__mutmut_115',mutmut run 'markdown_it.rules_block.heading.x_heading__mutmut_115'
M8f3b59d86676342c,markdown_it.presets.xǁgfm_likeǁmake__mutmut_14,specified,markdown_it/presets/__init__.py,make,23,"    config[""components""][""block""][""rules""].append(""table"")","    config[""components""][""XXblockXX""][""rules""].append(""table"")",survived,unreviewed,,tests/task/phase1/task.py::test_file,mutmut show 'markdown_it.presets.xǁgfm_likeǁmake__mutmut_14',mutmut tests-for-mutant 'markdown_it.presets.xǁgfm_likeǁmake__mutmut_14',mutmut run 'markdown_it.presets.xǁgfm_likeǁmake__mutmut_14'
M8f49430c05f486f5,markdown_it.rules_inline.escape.x_escape__mutmut_44,specified,markdown_it/rules_inline/escape.py,escape,41,    if ch1_ord >= 0xD800 and ch1_ord <= 0xDBFF and pos + 1 < maximum:,    if ch1_ord > 0xD800 and ch1_ord <= 0xDBFF and pos + 1 < maximum:,survived,unreviewed,,tests/task/phase1/task.py::test_file;tests/task/phase1/task.py::test_spec;tests/task/task2.py::test_make_fence_at,mutmut show 'markdown_it.rules_inline.escape.x_escape__mutmut_44',mutmut tests-for-mutant 'markdown_it.rules_inline.escape.x_escape__mutmut_44',mutmut run 'markdown_it.rules_inline.escape.x_escape__mutmut_44'
M8f9e3dec08f255c9,markdown_it.rules_inline.backticks.x_backtick__mutmut_23,specified,markdown_it/rules_inline/backticks.py,backtick,26,"    if state.backticksScanned and state.backticks.get(openerLength, 0) <= start:","    if state.backticksScanned and state.backticks.get(openerLength, ) <= start:",survived,unreviewed,,tests/task/phase1/task.py::test_file;tests/task/phase1/task.py::test_spec;tests/task/task2.py::test_make_fence_at,mutmut show 'markdown_it.rules_inline.backticks.x_backtick__mutmut_23',mutmut tests-for-mutant 'markdown_it.rules_inline.backticks.x_backtick__mutmut_23',mutmut run 'markdown_it.rules_inline.backticks.x_backtick__mutmut_23'
M8fc80e5f83b6bb23,markdown_it.presets.commonmark.x_make__mutmut_23,specified,markdown_it/presets/commonmark.py,make,32,"            ""xhtmlOut"": True,  # Use '/' to close single tags (<br />)","            ""xhtmlOut"": False,  # Use '/' to close single tags (<br />)",survived,unreviewed,,tests/task/phase1/task.py::test_file,mutmut show 'markdown_it.presets.commonmark.x_make__mutmut_23',mutmut tests-for-mutant 'markdown_it.presets.commonmark.x_make__mutmut_23',mutmut run 'markdown_it.presets.commonmark.x_make__mutmut_23'
M9022e6a80a035152,markdown_it.rules_block.list.x_list_block__mutmut_133,specified,markdown_it/rules_block/list.py,list_block,209,                offset += 4 - (offset + state.bsCount[nextLine]) % 4,                offset += 4 - (offset - state.bsCount[nextLine]) % 4,survived,unreviewed,,tests/task/phase1/task.py::test_core_after;tests/task/phase1/task.py::test_file;tests/task/phase1/task.py::test_spec;tests/task/task2.py::test_make_fence_at,mutmut show 'markdown_it.rules_block.list.x_list_block__mutmut_133',mutmut tests-for-mutant 'markdown_it.rules_block.list.x_list_block__mutmut_133',mutmut run 'markdown_it.rules_block.list.x_list_block__mutmut_133'
M90426955b2a0756e,markdown_it.rules_block.blockquote.x_blockquote__mutmut_50,specified,markdown_it/rules_block/blockquote.py,blockquote,55,        spaceAfterMarker = True,        spaceAfterMarker = False,survived,unreviewed,,tests/task/phase1/task.py::test_core_after;tests/task/phase1/task.py::test_file;tests/task/phase1/task.py::test_spec;tests/task/task2.py::test_make_fence_at,mutmut show 'markdown_it.rules_block.blockquote.x_blockquote__mutmut_50',mutmut tests-for-mutant 'markdown_it.rules_block.blockquote.x_blockquote__mutmut_50',mutmut run 'markdown_it.rules_block.blockquote.x_blockquote__mutmut_50'
M904e45a133c6aca4,markdown_it.rules_block.reference.x_getNextLine__mutmut_17,specified,markdown_it/rules_block/reference.py,getNextLine,214,"        terminatorRules = state.md.block.ruler.getRules(""reference"")","        terminatorRules = state.md.block.ruler.getRules(""XXreferenceXX"")",survived,unreviewed,,tests/task/phase1/task.py::test_file;tests/task/phase1/task.py::test_spec,mutmut show 'markdown_it.rules_block.reference.x_getNextLine__mutmut_17',mutmut tests-for-mutant 'markdown_it.rules_block.reference.x_getNextLine__mutmut_17',mutmut run 'markdown_it.rules_block.reference.x_getNextLine__mutmut_17'
M90514e824cf91a1b,markdown_it.presets.commonmark.x_make__mutmut_93,specified,markdown_it/presets/commonmark.py,make,69,"                    ""newline"",","                    ""NEWLINE"",",survived,unreviewed,,tests/task/phase1/task.py::test_file,mutmut show 'markdown_it.presets.commonmark.x_make__mutmut_93',mutmut tests-for-mutant 'markdown_it.presets.commonmark.x_make__mutmut_93',mutmut run 'markdown_it.presets.commonmark.x_make__mutmut_93'
M9097373a3c2c802b,markdown_it.rules_block.blockquote.x_blockquote__mutmut_208,specified,markdown_it/rules_block/blockquote.py,blockquote,218,"            state.bsCount[nextLine] = (
                state.sCount[nextLine] + 1 + (1 if spaceAfterMarker else 0)
            )",            state.bsCount[nextLine] = None,survived,unreviewed,,tests/task/phase1/task.py::test_core_after;tests/task/phase1/task.py::test_file;tests/task/phase1/task.py::test_spec;tests/task/task2.py::test_make_fence_at,mutmut show 'markdown_it.rules_block.blockquote.x_blockquote__mutmut_208',mutmut tests-for-mutant 'markdown_it.rules_block.blockquote.x_blockquote__mutmut_208',mutmut run 'markdown_it.rules_block.blockquote.x_blockquote__mutmut_208'
M90e5d6954124518e,markdown_it.rules_inline.link.x_link__mutmut_208,specified,markdown_it/rules_inline/link.py,link,145,"        token = state.push(""link_close"", ""a"", -1)","        token = state.push(""XXlink_closeXX"", ""a"", -1)",survived,unreviewed,,tests/task/phase1/task.py::test_file;tests/task/phase1/task.py::test_spec,mutmut show 'markdown_it.rules_inline.link.x_link__mutmut_208',mutmut tests-for-mutant 'markdown_it.rules_inline.link.x_link__mutmut_208',mutmut run 'markdown_it.rules_inline.link.x_link__mutmut_208'
M91212e91b14c415f,markdown_it.rules_inline.fragments_join.x_fragments_join__mutmut_29,specified,markdown_it/rules_inline/fragments_join.py,fragments_join,30,"            and state.tokens[curr + 1].type == ""text""","            and state.tokens[curr + 1].type == ""XXtextXX""",survived,unreviewed,,tests/task/phase1/task.py::test_core_after;tests/task/phase1/task.py::test_file;tests/task/phase1/task.py::test_spec;tests/task/task2.py::test_make_fence_at,mutmut show 'markdown_it.rules_inline.fragments_join.x_fragments_join__mutmut_29',mutmut tests-for-mutant 'markdown_it.rules_inline.fragments_join.x_fragments_join__mutmut_29',mutmut run 'markdown_it.rules_inline.fragments_join.x_fragments_join__mutmut_29'
M9129b983baabfa52,markdown_it.rules_block.reference.x_reference__mutmut_233,specified,markdown_it/rules_block/reference.py,reference,141,        while pos < maximum:,        while pos <= maximum:,survived,unreviewed,,tests/task/phase1/task.py::test_core_after;tests/task/phase1/task.py::test_file;tests/task/phase1/task.py::test_spec;tests/task/task2.py::test_make_fence_at,mutmut show 'markdown_it.rules_block.reference.x_reference__mutmut_233',mutmut tests-for-mutant 'markdown_it.rules_block.reference.x_reference__mutmut_233',mutmut run 'markdown_it.rules_block.reference.x_reference__mutmut_233'
M914fc8bdaf17b63c,markdown_it.rules_block.list.x_list_block__mutmut_102,specified,markdown_it/rules_block/list.py,list_block,179,"        token = state.push(""bullet_list_open"", ""ul"", 1)","        token = state.push(""bullet_list_open"", ""ul"", 2)",survived,unreviewed,,tests/task/phase1/task.py::test_core_after;tests/task/phase1/task.py::test_file;tests/task/phase1/task.py::test_spec;tests/task/task2.py::test_make_fence_at,mutmut show 'markdown_it.rules_block.list.x_list_block__mutmut_102',mutmut tests-for-mutant 'markdown_it.rules_block.list.x_list_block__mutmut_102',mutmut run 'markdown_it.rules_block.list.x_list_block__mutmut_102'
M915d1b10f150c5cf,markdown_it.rules_block.list.x_markTightParagraphs__mutmut_5,specified,markdown_it/rules_block/list.py,markTightParagraphs,91,    i = idx + 2,    i = idx - 2,survived,unreviewed,,tests/task/phase1/task.py::test_file;tests/task/phase1/task.py::test_spec,mutmut show 'markdown_it.rules_block.list.x_markTightParagraphs__mutmut_5',mutmut tests-for-mutant 'markdown_it.rules_block.list.x_markTightParagraphs__mutmut_5',mutmut run 'markdown_it.rules_block.list.x_markTightParagraphs__mutmut_5'
M9178f1513737bd54,markdown_it.presets.commonmark.x_make__mutmut_83,specified,markdown_it/presets/commonmark.py,make,64,"                    ""entity"",","                    ""ENTITY"",",survived,unreviewed,,tests/task/phase1/task.py::test_file,mutmut show 'markdown_it.presets.commonmark.x_make__mutmut_83',mutmut tests-for-mutant 'markdown_it.presets.commonmark.x_make__mutmut_83',mutmut run 'markdown_it.presets.commonmark.x_make__mutmut_83'
M91dbfd14bb8650cf,markdown_it.rules_block.fence.x_make_fence_rule__mutmut_5,extended_only,markdown_it/rules_block/fence.py,make_fence_rule,40,"        closing_matcher = lambda opening_len, closing_len: closing_len == opening_len  # noqa: E731",        closing_matcher = None  # noqa: E731,survived,unreviewed,,tests/task/phase1/task.py::test_file;tests/task/task2.py::test_make_fence_after;tests/task/task2.py::test_make_fence_at,mutmut show 'markdown_it.rules_block.fence.x_make_fence_rule__mutmut_5',mutmut tests-for-mutant 'markdown_it.rules_block.fence.x_make_fence_rule__mutmut_5',mutmut run 'markdown_it.rules_block.fence.x_make_fence_rule__mutmut_5'
M91e7affddc40c9a6,markdown_it.main.xǁMarkdownItǁconfigure__mutmut_32,specified,markdown_it/main.py,configure,136,"            rules2 = component.get(""rules2"", None)",            rules2 = None,survived,unreviewed,,tests/task/phase1/task.py::test_core_after;tests/task/phase1/task.py::test_file;tests/task/phase1/task.py::test_non_utf8;tests/task/phase1/task.py::test_spec;tests/task/task2.py::test_make_fence_after;tests/task/task2.py::test_make_fence_at,mutmut show 'markdown_it.main.xǁMarkdownItǁconfigure__mutmut_32',mutmut tests-for-mutant 'markdown_it.main.xǁMarkdownItǁconfigure__mutmut_32',mutmut run 'markdown_it.main.xǁMarkdownItǁconfigure__mutmut_32'
M92142e8985ea92be,markdown_it.presets.zero.x_make__mutmut_37,specified,markdown_it/presets/zero.py,make,37,"            ""core"": {""rules"": [""normalize"", ""block"", ""inline"", ""text_join""]},","            ""CORE"": {""rules"": [""normalize"", ""block"", ""inline"", ""text_join""]},",survived,unreviewed,,tests/task/phase1/task.py::test_file,mutmut show 'markdown_it.presets.zero.x_make__mutmut_37',mutmut tests-for-mutant 'markdown_it.presets.zero.x_make__mutmut_37',mutmut run 'markdown_it.presets.zero.x_make__mutmut_37'
M9261588a882da7f6,markdown_it.rules_inline.image.x_image__mutmut_10,specified,markdown_it/rules_inline/image.py,image,18,"    if state.pos + 1 < state.posMax and state.src[state.pos + 1] != ""["":","    if state.pos - 1 < state.posMax and state.src[state.pos + 1] != ""["":",survived,unreviewed,,tests/task/phase1/task.py::test_file;tests/task/phase1/task.py::test_spec,mutmut show 'markdown_it.rules_inline.image.x_image__mutmut_10',mutmut tests-for-mutant 'markdown_it.rules_inline.image.x_image__mutmut_10',mutmut run 'markdown_it.rules_inline.image.x_image__mutmut_10'
M9288d8d67791e64c,markdown_it.rules_block.list.x_list_block__mutmut_377,specified,markdown_it/rules_block/list.py,list_block,370,"        token = state.push(""bullet_list_close"", ""ul"", -1)","        token = state.push(""XXbullet_list_closeXX"", ""ul"", -1)",survived,unreviewed,,tests/task/phase1/task.py::test_core_after;tests/task/phase1/task.py::test_file;tests/task/phase1/task.py::test_spec;tests/task/task2.py::test_make_fence_at,mutmut show 'markdown_it.rules_block.list.x_list_block__mutmut_377',mutmut tests-for-mutant 'markdown_it.rules_block.list.x_list_block__mutmut_377',mutmut run 'markdown_it.rules_block.list.x_list_block__mutmut_377'
M92b29d8d8dac364b,markdown_it.rules_block.blockquote.x_blockquote__mutmut_180,specified,markdown_it/rules_block/blockquote.py,blockquote,189,                spaceAfterMarker = False,                spaceAfterMarker = True,survived,unreviewed,,tests/task/phase1/task.py::test_core_after;tests/task/phase1/task.py::test_file;tests/task/phase1/task.py::test_spec;tests/task/task2.py::test_make_fence_at,mutmut show 'markdown_it.rules_block.blockquote.x_blockquote__mutmut_180',mutmut tests-for-mutant 'markdown_it.rules_block.blockquote.x_blockquote__mutmut_180',mutmut run 'markdown_it.rules_block.blockquote.x_blockquote__mutmut_180'
M92d25147e81528e3,markdown_it.rules_inline.image.x_image__mutmut_103,specified,markdown_it/rules_inline/image.py,image,78,"                if not isStrSpace(ch) and ch != ""\n"":","                if not isStrSpace(ch) and ch != ""XX\nXX"":",survived,unreviewed,,tests/task/phase1/task.py::test_file;tests/task/phase1/task.py::test_spec,mutmut show 'markdown_it.rules_inline.image.x_image__mutmut_103',mutmut tests-for-mutant 'markdown_it.rules_inline.image.x_image__mutmut_103',mutmut run 'markdown_it.rules_inline.image.x_image__mutmut_103'
M9392f80c6e81bcc1,markdown_it.presets.commonmark.x_make__mutmut_74,specified,markdown_it/presets/commonmark.py,make,60,"                ""rules"": [","                ""XXrulesXX"": [",survived,unreviewed,,tests/task/phase1/task.py::test_file,mutmut show 'markdown_it.presets.commonmark.x_make__mutmut_74',mutmut tests-for-mutant 'markdown_it.presets.commonmark.x_make__mutmut_74',mutmut run 'markdown_it.presets.commonmark.x_make__mutmut_74'
M939c52af84340ff8,markdown_it.rules_block.reference.x_getNextLine__mutmut_36,specified,markdown_it/rules_block/reference.py,getNextLine,223,                break,                return,survived,unreviewed,,tests/task/phase1/task.py::test_file;tests/task/phase1/task.py::test_spec,mutmut show 'markdown_it.rules_block.reference.x_getNextLine__mutmut_36',mutmut tests-for-mutant 'markdown_it.rules_block.reference.x_getNextLine__mutmut_36',mutmut run 'markdown_it.rules_block.reference.x_getNextLine__mutmut_36'
M940445fa225c0ea4,markdown_it.rules_block.heading.x_heading__mutmut_1,specified,markdown_it/rules_block/heading.py,heading,14,"    LOGGER.debug(""entering heading: %s, %s, %s, %s"", state, startLine, endLine, silent)","    LOGGER.debug(None, state, startLine, endLine, silent)",survived,unreviewed,,tests/task/phase1/task.py::test_core_after;tests/task/phase1/task.py::test_file;tests/task/phase1/task.py::test_spec;tests/task/task2.py::test_make_fence_at,mutmut show 'markdown_it.rules_block.heading.x_heading__mutmut_1',mutmut tests-for-mutant 'markdown_it.rules_block.heading.x_heading__mutmut_1',mutmut run 'markdown_it.rules_block.heading.x_heading__mutmut_1'
M9447318c8ebbb338,markdown_it.common.normalize_url.x_validateLink__mutmut_5,specified,markdown_it/common/normalize_url.py,validateLink,81,    return bool(GOOD_DATA_RE.search(url)) if BAD_PROTO_RE.search(url) else True,    return bool(None) if BAD_PROTO_RE.search(url) else True,survived,unreviewed,,tests/task/phase1/task.py::test_file;tests/task/phase1/task.py::test_spec,mutmut show 'markdown_it.common.normalize_url.x_validateLink__mutmut_5',mutmut tests-for-mutant 'markdown_it.common.normalize_url.x_validateLink__mutmut_5',mutmut run 'markdown_it.common.normalize_url.x_validateLink__mutmut_5'
M947565ce5d7afa68,markdown_it.rules_inline.escape.x_escape__mutmut_45,specified,markdown_it/rules_inline/escape.py,escape,41,    if ch1_ord >= 0xD800 and ch1_ord <= 0xDBFF and pos + 1 < maximum:,    if ch1_ord >= 55297 and ch1_ord <= 0xDBFF and pos + 1 < maximum:,survived,unreviewed,,tests/task/phase1/task.py::test_file;tests/task/phase1/task.py::test_spec;tests/task/task2.py::test_make_fence_at,mutmut show 'markdown_it.rules_inline.escape.x_escape__mutmut_45',mutmut tests-for-mutant 'markdown_it.rules_inline.escape.x_escape__mutmut_45',mutmut run 'markdown_it.rules_inline.escape.x_escape__mutmut_45'
M94a93b030798cc2d,markdown_it.rules_block.lheading.x_lheading__mutmut_81,specified,markdown_it/rules_block/lheading.py,lheading,58,                break,                return,survived,unreviewed,,tests/task/phase1/task.py::test_core_after;tests/task/phase1/task.py::test_file;tests/task/phase1/task.py::test_spec;tests/task/task2.py::test_make_fence_at,mutmut show 'markdown_it.rules_block.lheading.x_lheading__mutmut_81',mutmut tests-for-mutant 'markdown_it.rules_block.lheading.x_lheading__mutmut_81',mutmut run 'markdown_it.rules_block.lheading.x_lheading__mutmut_81'
M94ddbbcf675ac337,markdown_it.rules_block.paragraph.x_paragraph__mutmut_105,specified,markdown_it/rules_block/paragraph.py,paragraph,62,"    token = state.push(""paragraph_close"", ""p"", -1)","    token = state.push(""XXparagraph_closeXX"", ""p"", -1)",survived,unreviewed,,tests/task/phase1/task.py::test_core_after;tests/task/phase1/task.py::test_file;tests/task/phase1/task.py::test_spec;tests/task/task2.py::test_make_fence_at,mutmut show 'markdown_it.rules_block.paragraph.x_paragraph__mutmut_105',mutmut tests-for-mutant 'markdown_it.rules_block.paragraph.x_paragraph__mutmut_105',mutmut run 'markdown_it.rules_block.paragraph.x_paragraph__mutmut_105'
M955c5730d0b9c96d,markdown_it.parser_inline.xǁParserInlineǁtokenize__mutmut_2,specified,markdown_it/parser_inline.py,tokenize,176,    ok = False,    ok = True,survived,unreviewed,,tests/task/phase1/task.py::test_core_after;tests/task/phase1/task.py::test_file;tests/task/phase1/task.py::test_spec;tests/task/task2.py::test_make_fence_at,mutmut show 'markdown_it.parser_inline.xǁParserInlineǁtokenize__mutmut_2',mutmut tests-for-mutant 'markdown_it.parser_inline.xǁParserInlineǁtokenize__mutmut_2',mutmut run 'markdown_it.parser_inline.xǁParserInlineǁtokenize__mutmut_2'
M95d5880c9038e8f9,markdown_it.common.normalize_url.x_normalizeLink__mutmut_10,specified,markdown_it/common/normalize_url.py,normalizeLink,32,        not parsed.protocol or parsed.protocol in RECODE_HOSTNAME_FOR,        not parsed.protocol or parsed.protocol not in RECODE_HOSTNAME_FOR,survived,unreviewed,,tests/task/phase1/task.py::test_file;tests/task/phase1/task.py::test_spec,mutmut show 'markdown_it.common.normalize_url.x_normalizeLink__mutmut_10',mutmut tests-for-mutant 'markdown_it.common.normalize_url.x_normalizeLink__mutmut_10',mutmut run 'markdown_it.common.normalize_url.x_normalizeLink__mutmut_10'
M95e4c6a6818ff9e0,markdown_it.rules_block.lheading.x_lheading__mutmut_12,specified,markdown_it/rules_block/lheading.py,lheading,10,"    LOGGER.debug(""entering lheading: %s, %s, %s, %s"", state, startLine, endLine, silent)","    LOGGER.debug(""ENTERING LHEADING: %S, %S, %S, %S"", state, startLine, endLine, silent)",survived,unreviewed,,tests/task/phase1/task.py::test_core_after;tests/task/phase1/task.py::test_file;tests/task/phase1/task.py::test_spec;tests/task/task2.py::test_make_fence_at,mutmut show 'markdown_it.rules_block.lheading.x_lheading__mutmut_12',mutmut tests-for-mutant 'markdown_it.rules_block.lheading.x_lheading__mutmut_12',mutmut run 'markdown_it.rules_block.lheading.x_lheading__mutmut_12'
M9610376b5b7997dd,markdown_it.rules_inline.image.x_image__mutmut_111,specified,markdown_it/rules_inline/image.py,image,84,"        if pos >= max or state.src[pos] != "")"":","        if pos > max or state.src[pos] != "")"":",survived,unreviewed,,tests/task/phase1/task.py::test_file;tests/task/phase1/task.py::test_spec,mutmut show 'markdown_it.rules_inline.image.x_image__mutmut_111',mutmut tests-for-mutant 'markdown_it.rules_inline.image.x_image__mutmut_111',mutmut run 'markdown_it.rules_inline.image.x_image__mutmut_111'
M967978dbe796bde8,markdown_it.rules_inline.state_inline.xǁStateInlineǁscanDelims__mutmut_12,specified,markdown_it/rules_inline/state_inline.py,scanDelims,137,    while pos < maximum and self.src[pos] == marker:,    while pos < maximum and self.src[pos] != marker:,timeout,unreviewed,,tests/task/phase1/task.py::test_file;tests/task/phase1/task.py::test_spec,mutmut show 'markdown_it.rules_inline.state_inline.xǁStateInlineǁscanDelims__mutmut_12',mutmut tests-for-mutant 'markdown_it.rules_inline.state_inline.xǁStateInlineǁscanDelims__mutmut_12',mutmut run 'markdown_it.rules_inline.state_inline.xǁStateInlineǁscanDelims__mutmut_12'
M96a9a5983a4b74fb,markdown_it.main.xǁMarkdownItǁconfigure__mutmut_36,specified,markdown_it/main.py,configure,136,"            rules2 = component.get(""rules2"", None)","            rules2 = component.get(""XXrules2XX"", None)",survived,unreviewed,,tests/task/phase1/task.py::test_core_after;tests/task/phase1/task.py::test_file;tests/task/phase1/task.py::test_non_utf8;tests/task/phase1/task.py::test_spec;tests/task/task2.py::test_make_fence_after;tests/task/task2.py::test_make_fence_at,mutmut show 'markdown_it.main.xǁMarkdownItǁconfigure__mutmut_36',mutmut tests-for-mutant 'markdown_it.main.xǁMarkdownItǁconfigure__mutmut_36',mutmut run 'markdown_it.main.xǁMarkdownItǁconfigure__mutmut_36'
M96bf546b6c2365e8,markdown_it.rules_inline.state_inline.xǁStateInlineǁpush__mutmut_13,specified,markdown_it/rules_inline/state_inline.py,push,104,        self.level -= 1,        self.level -= 2,survived,unreviewed,,tests/task/phase1/task.py::test_file;tests/task/phase1/task.py::test_spec;tests/task/task2.py::test_make_fence_at,mutmut show 'markdown_it.rules_inline.state_inline.xǁStateInlineǁpush__mutmut_13',mutmut tests-for-mutant 'markdown_it.rules_inline.state_inline.xǁStateInlineǁpush__mutmut_13',mutmut run 'markdown_it.rules_inline.state_inline.xǁStateInlineǁpush__mutmut_13'
M96cac7555c124c78,markdown_it.rules_block.list.x_list_block__mutmut_60,specified,markdown_it/rules_block/list.py,list_block,150,        if posAfterMarker >= 0:,        if posAfterMarker > 0:,survived,unreviewed,,tests/task/phase1/task.py::test_core_after;tests/task/phase1/task.py::test_file;tests/task/phase1/task.py::test_spec;tests/task/task2.py::test_make_fence_at,mutmut show 'markdown_it.rules_block.list.x_list_block__mutmut_60',mutmut tests-for-mutant 'markdown_it.rules_block.list.x_list_block__mutmut_60',mutmut run 'markdown_it.rules_block.list.x_list_block__mutmut_60'
M96d48570314ccbbe,markdown_it.presets.xǁgfm_likeǁmake__mutmut_33,specified,markdown_it/presets/__init__.py,make,25,"    config[""components""][""inline""][""rules2""].append(""strikethrough"")","    config[""COMPONENTS""][""inline""][""rules2""].append(""strikethrough"")",survived,unreviewed,,tests/task/phase1/task.py::test_file,mutmut show 'markdown_it.presets.xǁgfm_likeǁmake__mutmut_33',mutmut tests-for-mutant 'markdown_it.presets.xǁgfm_likeǁmake__mutmut_33',mutmut run 'markdown_it.presets.xǁgfm_likeǁmake__mutmut_33'
M96e088d5dc5572f8,markdown_it.rules_block.list.x_list_block__mutmut_173,specified,markdown_it/rules_block/list.py,list_block,239,        checkboxLen = 0,        checkboxLen = None,survived,unreviewed,,tests/task/phase1/task.py::test_core_after;tests/task/phase1/task.py::test_file;tests/task/phase1/task.py::test_spec;tests/task/task2.py::test_make_fence_at,mutmut show 'markdown_it.rules_block.list.x_list_block__mutmut_173',mutmut tests-for-mutant 'markdown_it.rules_block.list.x_list_block__mutmut_173',mutmut run 'markdown_it.rules_block.list.x_list_block__mutmut_173'
M96e3da28c661f378,markdown_it.rules_block.state_block.xǁStateBlockǁgetLines__mutmut_54,specified,markdown_it/rules_block/state_block.py,getLines,248,"            queue[i - 1] = ("" "" * (lineIndent - indent)) + self.src[first:last]","            queue[i - 1] = ("" "" * (lineIndent + indent)) + self.src[first:last]",survived,unreviewed,,tests/task/phase1/task.py::test_core_after;tests/task/phase1/task.py::test_file;tests/task/phase1/task.py::test_spec;tests/task/task2.py::test_make_fence_after;tests/task/task2.py::test_make_fence_at,mutmut show 'markdown_it.rules_block.state_block.xǁStateBlockǁgetLines__mutmut_54',mutmut tests-for-mutant 'markdown_it.rules_block.state_block.xǁStateBlockǁgetLines__mutmut_54',mutmut run 'markdown_it.rules_block.state_block.xǁStateBlockǁgetLines__mutmut_54'
M9714f71cad8c014b,markdown_it.rules_block.html_block.x_html_block__mutmut_43,specified,markdown_it/rules_block/html_block.py,html_block,70,        while nextLine < endLine:,        while nextLine <= endLine:,survived,unreviewed,,tests/task/phase1/task.py::test_core_after;tests/task/phase1/task.py::test_file;tests/task/phase1/task.py::test_spec;tests/task/task2.py::test_make_fence_at,mutmut show 'markdown_it.rules_block.html_block.x_html_block__mutmut_43',mutmut tests-for-mutant 'markdown_it.rules_block.html_block.x_html_block__mutmut_43',mutmut run 'markdown_it.rules_block.html_block.x_html_block__mutmut_43'
M971b4ccacd877206,markdown_it.renderer.xǁRendererHTMLǁimage__mutmut_10,specified,markdown_it/renderer.py,image,325,"        token.attrSet(""alt"", self.renderInlineAsText(token.children, options, env))","        token.attrSet(""alt"", self.renderInlineAsText(token.children, options, None))",survived,unreviewed,,tests/task/phase1/task.py::test_spec,mutmut show 'markdown_it.renderer.xǁRendererHTMLǁimage__mutmut_10',mutmut tests-for-mutant 'markdown_it.renderer.xǁRendererHTMLǁimage__mutmut_10',mutmut run 'markdown_it.renderer.xǁRendererHTMLǁimage__mutmut_10'
M973e917d0c3acd75,markdown_it._punycode.x_to_unicode__mutmut_10,specified,markdown_it/_punycode.py,to_unicode,58,"    return map_domain(obj, mapping)","    return map_domain(obj, )",survived,unreviewed,,tests/task/phase1/task.py::test_file;tests/task/phase1/task.py::test_spec,mutmut show 'markdown_it._punycode.x_to_unicode__mutmut_10',mutmut tests-for-mutant 'markdown_it._punycode.x_to_unicode__mutmut_10',mutmut run 'markdown_it._punycode.x_to_unicode__mutmut_10'
M975b5f1a543b51e4,markdown_it.presets.commonmark.x_make__mutmut_64,specified,markdown_it/presets/commonmark.py,make,53,"                    ""lheading"",","                    ""XXlheadingXX"",",survived,unreviewed,,tests/task/phase1/task.py::test_file,mutmut show 'markdown_it.presets.commonmark.x_make__mutmut_64',mutmut tests-for-mutant 'markdown_it.presets.commonmark.x_make__mutmut_64',mutmut run 'markdown_it.presets.commonmark.x_make__mutmut_64'
M9787ed443048cd37,markdown_it.rules_block.html_block.x_html_block__mutmut_45,specified,markdown_it/rules_block/html_block.py,html_block,72,                break,                return,survived,unreviewed,,tests/task/phase1/task.py::test_core_after;tests/task/phase1/task.py::test_file;tests/task/phase1/task.py::test_spec;tests/task/task2.py::test_make_fence_at,mutmut show 'markdown_it.rules_block.html_block.x_html_block__mutmut_45',mutmut tests-for-mutant 'markdown_it.rules_block.html_block.x_html_block__mutmut_45',mutmut run 'markdown_it.rules_block.html_block.x_html_block__mutmut_45'
M97acc43fe1df312b,markdown_it.rules_block.html_block.x_html_block__mutmut_11,specified,markdown_it/rules_block/html_block.py,html_block,36,"        ""entering html_block: %s, %s, %s, %s"", state, startLine, endLine, silent","        ""XXentering html_block: %s, %s, %s, %sXX"", state, startLine, endLine, silent",survived,unreviewed,,tests/task/phase1/task.py::test_core_after;tests/task/phase1/task.py::test_file;tests/task/phase1/task.py::test_spec;tests/task/task2.py::test_make_fence_at,mutmut show 'markdown_it.rules_block.html_block.x_html_block__mutmut_11',mutmut tests-for-mutant 'markdown_it.rules_block.html_block.x_html_block__mutmut_11',mutmut run 'markdown_it.rules_block.html_block.x_html_block__mutmut_11'
M97ce811dc54f3f8e,markdown_it.rules_block.paragraph.x_paragraph__mutmut_9,specified,markdown_it/rules_block/paragraph.py,paragraph,12,"        ""entering paragraph: %s, %s, %s, %s"", state, startLine, endLine, silent","        ""entering paragraph: %s, %s, %s, %s"", state, startLine, silent",survived,unreviewed,,tests/task/phase1/task.py::test_core_after;tests/task/phase1/task.py::test_file;tests/task/phase1/task.py::test_spec;tests/task/task2.py::test_make_fence_at,mutmut show 'markdown_it.rules_block.paragraph.x_paragraph__mutmut_9',mutmut tests-for-mutant 'markdown_it.rules_block.paragraph.x_paragraph__mutmut_9',mutmut run 'markdown_it.rules_block.paragraph.x_paragraph__mutmut_9'
M97d86a5180990b70,markdown_it.rules_block.fence.x_make_fence_rule__mutmut_121,specified,markdown_it/rules_block/fence.py,make_fence_rule,140,        return True,        return False,survived,unreviewed,,tests/task/phase1/task.py::test_file;tests/task/task2.py::test_make_fence_after;tests/task/task2.py::test_make_fence_at,mutmut show 'markdown_it.rules_block.fence.x_make_fence_rule__mutmut_121',mutmut tests-for-mutant 'markdown_it.rules_block.fence.x_make_fence_rule__mutmut_121',mutmut run 'markdown_it.rules_block.fence.x_make_fence_rule__mutmut_121'
M97dfb3c6e7807f0e,markdown_it.rules_inline.entity.x_entity__mutmut_85,specified,markdown_it/rules_inline/entity.py,entity,48,"                token.info = ""entity""","                token.info = ""XXentityXX""",survived,unreviewed,,tests/task/phase1/task.py::test_file;tests/task/phase1/task.py::test_spec,mutmut show 'markdown_it.rules_inline.entity.x_entity__mutmut_85',mutmut tests-for-mutant 'markdown_it.rules_inline.entity.x_entity__mutmut_85',mutmut run 'markdown_it.rules_inline.entity.x_entity__mutmut_85'
M98289c466056d475,markdown_it.rules_block.reference.x_getNextLine__mutmut_27,specified,markdown_it/rules_block/reference.py,getNextLine,221,"            if terminatorRule(state, nextLine, endLine, True):","            if terminatorRule(state, nextLine, None, True):",survived,unreviewed,,tests/task/phase1/task.py::test_file;tests/task/phase1/task.py::test_spec,mutmut show 'markdown_it.rules_block.reference.x_getNextLine__mutmut_27',mutmut tests-for-mutant 'markdown_it.rules_block.reference.x_getNextLine__mutmut_27',mutmut run 'markdown_it.rules_block.reference.x_getNextLine__mutmut_27'
M983c6471c6d87260,markdown_it.renderer.xǁRendererHTMLǁlist_item_open__mutmut_11,specified,markdown_it/renderer.py,list_item_open,221,"    if token.meta and ""checked"" in token.meta:","    if token.meta or ""checked"" in token.meta:",survived,unreviewed,,tests/task/phase1/task.py::test_file;tests/task/phase1/task.py::test_spec,mutmut show 'markdown_it.renderer.xǁRendererHTMLǁlist_item_open__mutmut_11',mutmut tests-for-mutant 'markdown_it.renderer.xǁRendererHTMLǁlist_item_open__mutmut_11',mutmut run 'markdown_it.renderer.xǁRendererHTMLǁlist_item_open__mutmut_11'
M9849138fd1b2f216,markdown_it.main.xǁMarkdownItǁ__init____mutmut_12,specified,markdown_it/main.py,__init__,60,"    if options_update and not isinstance(options_update, Mapping):","    if options_update and isinstance(options_update, Mapping):",survived,unreviewed,,tests/task/phase1/task.py::test_core_after;tests/task/phase1/task.py::test_file;tests/task/phase1/task.py::test_non_utf8;tests/task/phase1/task.py::test_spec;tests/task/task2.py::test_make_fence_after;tests/task/task2.py::test_make_fence_at,mutmut show 'markdown_it.main.xǁMarkdownItǁ__init____mutmut_12',mutmut tests-for-mutant 'markdown_it.main.xǁMarkdownItǁ__init____mutmut_12',mutmut run 'markdown_it.main.xǁMarkdownItǁ__init____mutmut_12'
M986140f6089a39c6,markdown_it.rules_inline.fragments_join.x_fragments_join__mutmut_37,specified,markdown_it/rules_inline/fragments_join.py,fragments_join,38,"            while curr < maximum and state.tokens[curr].type == ""text"":","            while curr < maximum and state.tokens[curr].type != ""text"":",survived,unreviewed,,tests/task/phase1/task.py::test_core_after;tests/task/phase1/task.py::test_file;tests/task/phase1/task.py::test_spec;tests/task/task2.py::test_make_fence_at,mutmut show 'markdown_it.rules_inline.fragments_join.x_fragments_join__mutmut_37',mutmut tests-for-mutant 'markdown_it.rules_inline.fragments_join.x_fragments_join__mutmut_37',mutmut run 'markdown_it.rules_inline.fragments_join.x_fragments_join__mutmut_37'
M986f47f6d75ac9b9,markdown_it.rules_block.fence.x_make_fence_rule__mutmut_2,specified,markdown_it/rules_block/fence.py,make_fence_rule,15,"    token_type: str = ""fence"",","    token_type: str = ""FENCE"",",survived,unreviewed,,tests/task/phase1/task.py::test_file;tests/task/task2.py::test_make_fence_after;tests/task/task2.py::test_make_fence_at,mutmut show 'markdown_it.rules_block.fence.x_make_fence_rule__mutmut_2',mutmut tests-for-mutant 'markdown_it.rules_block.fence.x_make_fence_rule__mutmut_2',mutmut run 'markdown_it.rules_block.fence.x_make_fence_rule__mutmut_2'
M98aa0af5a7b438fd,markdown_it.ruler.xǁRulerǁgetRules__mutmut_6,specified,markdown_it/ruler.py,getRules,267,"    return self.__cache__.get(chainName, []) or []","    return self.__cache__.get(chainName, None) or []",survived,unreviewed,,tests/task/phase1/task.py::test_core_after;tests/task/phase1/task.py::test_file;tests/task/phase1/task.py::test_spec;tests/task/task2.py::test_make_fence_after;tests/task/task2.py::test_make_fence_at,mutmut show 'markdown_it.ruler.xǁRulerǁgetRules__mutmut_6',mutmut tests-for-mutant 'markdown_it.ruler.xǁRulerǁgetRules__mutmut_6',mutmut run 'markdown_it.ruler.xǁRulerǁgetRules__mutmut_6'
M98cb12616ee76252,markdown_it.rules_block.blockquote.x_blockquote__mutmut_68,specified,markdown_it/rules_block/blockquote.py,blockquote,68,            adjustTab = True,            adjustTab = False,survived,unreviewed,,tests/task/phase1/task.py::test_core_after;tests/task/phase1/task.py::test_file;tests/task/phase1/task.py::test_spec;tests/task/task2.py::test_make_fence_at,mutmut show 'markdown_it.rules_block.blockquote.x_blockquote__mutmut_68',mutmut tests-for-mutant 'markdown_it.rules_block.blockquote.x_blockquote__mutmut_68',mutmut run 'markdown_it.rules_block.blockquote.x_blockquote__mutmut_68'
M98e4c1ebeeb61432,markdown_it.rules_block.list.x_skipOrderedListMarker__mutmut_5,specified,markdown_it/rules_block/list.py,skipOrderedListMarker,43,    if pos + 1 >= maximum:,    if pos - 1 >= maximum:,survived,unreviewed,,tests/task/phase1/task.py::test_core_after;tests/task/phase1/task.py::test_file;tests/task/phase1/task.py::test_spec;tests/task/task2.py::test_make_fence_at,mutmut show 'markdown_it.rules_block.list.x_skipOrderedListMarker__mutmut_5',mutmut tests-for-mutant 'markdown_it.rules_block.list.x_skipOrderedListMarker__mutmut_5',mutmut run 'markdown_it.rules_block.list.x_skipOrderedListMarker__mutmut_5'
M991ae4b80c68dbad,markdown_it.common.utils.x_isValidEntityCode__mutmut_26,specified,markdown_it/common/utils.py,isValidEntityCode,66,    if c >= 0x00 and c <= 0x08:,    if c >= 0x00 and c < 0x08:,survived,unreviewed,,tests/task/phase1/task.py::test_spec,mutmut show 'markdown_it.common.utils.x_isValidEntityCode__mutmut_26',mutmut tests-for-mutant 'markdown_it.common.utils.x_isValidEntityCode__mutmut_26',mutmut run 'markdown_it.common.utils.x_isValidEntityCode__mutmut_26'
M995ef2195bfe9fb5,markdown_it.rules_inline.autolink.x_autolink__mutmut_148,specified,markdown_it/rules_inline/autolink.py,autolink,71,"            token.markup = ""autolink""","            token.markup = ""XXautolinkXX""",survived,unreviewed,,tests/task/phase1/task.py::test_file;tests/task/phase1/task.py::test_spec,mutmut show 'markdown_it.rules_inline.autolink.x_autolink__mutmut_148',mutmut tests-for-mutant 'markdown_it.rules_inline.autolink.x_autolink__mutmut_148',mutmut run 'markdown_it.rules_inline.autolink.x_autolink__mutmut_148'
M99a9ada7bc78fce8,markdown_it.rules_block.paragraph.x_paragraph__mutmut_2,specified,markdown_it/rules_block/paragraph.py,paragraph,12,"        ""entering paragraph: %s, %s, %s, %s"", state, startLine, endLine, silent","        ""entering paragraph: %s, %s, %s, %s"", None, startLine, endLine, silent",survived,unreviewed,,tests/task/phase1/task.py::test_core_after;tests/task/phase1/task.py::test_file;tests/task/phase1/task.py::test_spec;tests/task/task2.py::test_make_fence_at,mutmut show 'markdown_it.rules_block.paragraph.x_paragraph__mutmut_2',mutmut tests-for-mutant 'markdown_it.rules_block.paragraph.x_paragraph__mutmut_2',mutmut run 'markdown_it.rules_block.paragraph.x_paragraph__mutmut_2'
M99b14c64eb906241,markdown_it.main.xǁMarkdownItǁrender__mutmut_1,specified,markdown_it/main.py,render,286,    env = {} if env is None else env,    env = None,survived,unreviewed,,tests/task/phase1/task.py::test_file;tests/task/phase1/task.py::test_spec,mutmut show 'markdown_it.main.xǁMarkdownItǁrender__mutmut_1',mutmut tests-for-mutant 'markdown_it.main.xǁMarkdownItǁrender__mutmut_1',mutmut run 'markdown_it.main.xǁMarkdownItǁrender__mutmut_1'
M99c0f08c9180fd98,markdown_it.rules_inline.image.x_image__mutmut_122,specified,markdown_it/rules_inline/image.py,image,95,            return False,            return True,timeout,unreviewed,,tests/task/phase1/task.py::test_file;tests/task/phase1/task.py::test_spec,mutmut show 'markdown_it.rules_inline.image.x_image__mutmut_122',mutmut tests-for-mutant 'markdown_it.rules_inline.image.x_image__mutmut_122',mutmut run 'markdown_it.rules_inline.image.x_image__mutmut_122'
M99d0547f6c5a0150,markdown_it.rules_block.html_block.x_html_block__mutmut_53,specified,markdown_it/rules_block/html_block.py,html_block,79,                if len(lineText) != 0:,                if len(lineText) != 1:,survived,unreviewed,,tests/task/phase1/task.py::test_core_after;tests/task/phase1/task.py::test_file;tests/task/phase1/task.py::test_spec;tests/task/task2.py::test_make_fence_at,mutmut show 'markdown_it.rules_block.html_block.x_html_block__mutmut_53',mutmut tests-for-mutant 'markdown_it.rules_block.html_block.x_html_block__mutmut_53',mutmut run 'markdown_it.rules_block.html_block.x_html_block__mutmut_53'
M99d575cd70afdbec,markdown_it.rules_block.lheading.x_lheading__mutmut_11,specified,markdown_it/rules_block/lheading.py,lheading,10,"    LOGGER.debug(""entering lheading: %s, %s, %s, %s"", state, startLine, endLine, silent)","    LOGGER.debug(""XXentering lheading: %s, %s, %s, %sXX"", state, startLine, endLine, silent)",survived,unreviewed,,tests/task/phase1/task.py::test_core_after;tests/task/phase1/task.py::test_file;tests/task/phase1/task.py::test_spec;tests/task/task2.py::test_make_fence_at,mutmut show 'markdown_it.rules_block.lheading.x_lheading__mutmut_11',mutmut tests-for-mutant 'markdown_it.rules_block.lheading.x_lheading__mutmut_11',mutmut run 'markdown_it.rules_block.lheading.x_lheading__mutmut_11'
M99e32081d4ffbca9,markdown_it.common.normalize_url.x_normalizeLinkText__mutmut_8,specified,markdown_it/common/normalize_url.py,normalizeLinkText,57,        not parsed.protocol or parsed.protocol in RECODE_HOSTNAME_FOR,        not parsed.protocol and parsed.protocol in RECODE_HOSTNAME_FOR,survived,unreviewed,,tests/task/phase1/task.py::test_file;tests/task/phase1/task.py::test_spec,mutmut show 'markdown_it.common.normalize_url.x_normalizeLinkText__mutmut_8',mutmut tests-for-mutant 'markdown_it.common.normalize_url.x_normalizeLinkText__mutmut_8',mutmut run 'markdown_it.common.normalize_url.x_normalizeLinkText__mutmut_8'
M9a0a5219e262f69e,markdown_it.rules_block.blockquote.x_blockquote__mutmut_51,specified,markdown_it/rules_block/blockquote.py,blockquote,57,        if (state.bsCount[startLine] + offset) % 4 == 3:,        if (state.bsCount[startLine] + offset) / 4 == 3:,survived,unreviewed,,tests/task/phase1/task.py::test_core_after;tests/task/phase1/task.py::test_file;tests/task/phase1/task.py::test_spec;tests/task/task2.py::test_make_fence_at,mutmut show 'markdown_it.rules_block.blockquote.x_blockquote__mutmut_51',mutmut tests-for-mutant 'markdown_it.rules_block.blockquote.x_blockquote__mutmut_51',mutmut run 'markdown_it.rules_block.blockquote.x_blockquote__mutmut_51'
M9a3587d87ae9d7de,markdown_it.rules_block.reference.x_reference__mutmut_234,specified,markdown_it/rules_block/reference.py,reference,142,"            ch = charCodeAt(string, pos)",            ch = None,survived,unreviewed,,tests/task/phase1/task.py::test_core_after;tests/task/phase1/task.py::test_file;tests/task/phase1/task.py::test_spec;tests/task/task2.py::test_make_fence_at,mutmut show 'markdown_it.rules_block.reference.x_reference__mutmut_234',mutmut tests-for-mutant 'markdown_it.rules_block.reference.x_reference__mutmut_234',mutmut run 'markdown_it.rules_block.reference.x_reference__mutmut_234'
M9a3e8cc73363ffe0,markdown_it.renderer.xǁRendererHTMLǁimage__mutmut_9,specified,markdown_it/renderer.py,image,325,"        token.attrSet(""alt"", self.renderInlineAsText(token.children, options, env))","        token.attrSet(""alt"", self.renderInlineAsText(token.children, None, env))",survived,unreviewed,,tests/task/phase1/task.py::test_spec,mutmut show 'markdown_it.renderer.xǁRendererHTMLǁimage__mutmut_9',mutmut tests-for-mutant 'markdown_it.renderer.xǁRendererHTMLǁimage__mutmut_9',mutmut run 'markdown_it.renderer.xǁRendererHTMLǁimage__mutmut_9'
M9a3fc7fa8f7944a2,markdown_it.presets.zero.x_make__mutmut_46,specified,markdown_it/presets/zero.py,make,37,"            ""core"": {""rules"": [""normalize"", ""block"", ""inline"", ""text_join""]},","            ""core"": {""rules"": [""normalize"", ""block"", ""inline"", ""XXtext_joinXX""]},",survived,unreviewed,,tests/task/phase1/task.py::test_file,mutmut show 'markdown_it.presets.zero.x_make__mutmut_46',mutmut tests-for-mutant 'markdown_it.presets.zero.x_make__mutmut_46',mutmut run 'markdown_it.presets.zero.x_make__mutmut_46'
M9a53241668f13a6b,markdown_it.rules_inline.autolink.x_autolink__mutmut_156,specified,markdown_it/rules_inline/autolink.py,autolink,74,        state.pos += len(url) + 2,        state.pos += len(url) + 3,survived,unreviewed,,tests/task/phase1/task.py::test_file;tests/task/phase1/task.py::test_spec,mutmut show 'markdown_it.rules_inline.autolink.x_autolink__mutmut_156',mutmut tests-for-mutant 'markdown_it.rules_inline.autolink.x_autolink__mutmut_156',mutmut run 'markdown_it.rules_inline.autolink.x_autolink__mutmut_156'
M9a5c80a8f6c8a564,markdown_it.rules_inline.state_inline.xǁStateInlineǁpush__mutmut_15,specified,markdown_it/rules_inline/state_inline.py,push,107,    token.level = self.level,    token.level = None,survived,unreviewed,,tests/task/phase1/task.py::test_file;tests/task/phase1/task.py::test_spec;tests/task/task2.py::test_make_fence_at,mutmut show 'markdown_it.rules_inline.state_inline.xǁStateInlineǁpush__mutmut_15',mutmut tests-for-mutant 'markdown_it.rules_inline.state_inline.xǁStateInlineǁpush__mutmut_15',mutmut run 'markdown_it.rules_inline.state_inline.xǁStateInlineǁpush__mutmut_15'
M9ab690ebdfcb4990,markdown_it.rules_inline.balance_pairs.x_link_pairs__mutmut_15,specified,markdown_it/rules_inline/balance_pairs.py,link_pairs,137,"            processDelimiters(state, curr_meta[""delimiters""])","            processDelimiters(None, curr_meta[""delimiters""])",survived,unreviewed,,tests/task/phase1/task.py::test_core_after;tests/task/phase1/task.py::test_file;tests/task/phase1/task.py::test_spec;tests/task/task2.py::test_make_fence_at,mutmut show 'markdown_it.rules_inline.balance_pairs.x_link_pairs__mutmut_15',mutmut tests-for-mutant 'markdown_it.rules_inline.balance_pairs.x_link_pairs__mutmut_15',mutmut run 'markdown_it.rules_inline.balance_pairs.x_link_pairs__mutmut_15'
M9ad805d798a962ce,markdown_it.rules_block.reference.x_reference__mutmut_253,specified,markdown_it/rules_block/reference.py,reference,149,        return False,        return True,timeout,unreviewed,,tests/task/phase1/task.py::test_core_after;tests/task/phase1/task.py::test_file;tests/task/phase1/task.py::test_spec;tests/task/task2.py::test_make_fence_at,mutmut show 'markdown_it.rules_block.reference.x_reference__mutmut_253',mutmut tests-for-mutant 'markdown_it.rules_block.reference.x_reference__mutmut_253',mutmut run 'markdown_it.rules_block.reference.x_reference__mutmut_253'
M9ae6bf2bde8602bd,markdown_it.presets.xǁgfm_likeǁmake__mutmut_50,specified,markdown_it/presets/__init__.py,make,27,"    config[""options""][""html""] = True","    config[""options""][""HTML""] = True",survived,unreviewed,,tests/task/phase1/task.py::test_file,mutmut show 'markdown_it.presets.xǁgfm_likeǁmake__mutmut_50',mutmut tests-for-mutant 'markdown_it.presets.xǁgfm_likeǁmake__mutmut_50',mutmut run 'markdown_it.presets.xǁgfm_likeǁmake__mutmut_50'
M9b06e648adf24d9d,markdown_it.ruler.xǁRulerǁenable__mutmut_13,specified,markdown_it/ruler.py,enable,208,        if (idx < 0) and not ignoreInvalid:,        if (idx < 0) and ignoreInvalid:,survived,unreviewed,,tests/task/phase1/task.py::test_core_after;tests/task/phase1/task.py::test_file;tests/task/phase1/task.py::test_non_utf8;tests/task/phase1/task.py::test_spec;tests/task/task2.py::test_make_fence_after;tests/task/task2.py::test_make_fence_at,mutmut show 'markdown_it.ruler.xǁRulerǁenable__mutmut_13',mutmut tests-for-mutant 'markdown_it.ruler.xǁRulerǁenable__mutmut_13',mutmut run 'markdown_it.ruler.xǁRulerǁenable__mutmut_13'
M9b0f62ffb4f34eda,markdown_it.rules_block.lheading.x_lheading__mutmut_97,specified,markdown_it/rules_block/lheading.py,lheading,68,"    content = state.getLines(startLine, nextLine, state.blkIndent, False).strip()","    content = state.getLines(startLine, nextLine, state.blkIndent, True).strip()",survived,unreviewed,,tests/task/phase1/task.py::test_core_after;tests/task/phase1/task.py::test_file;tests/task/phase1/task.py::test_spec;tests/task/task2.py::test_make_fence_at,mutmut show 'markdown_it.rules_block.lheading.x_lheading__mutmut_97',mutmut tests-for-mutant 'markdown_it.rules_block.lheading.x_lheading__mutmut_97',mutmut run 'markdown_it.rules_block.lheading.x_lheading__mutmut_97'
M9b1e4b1fd6e041e7,markdown_it.presets.commonmark.x_make__mutmut_55,specified,markdown_it/presets/commonmark.py,make,48,"                    ""code"",","                    ""CODE"",",survived,unreviewed,,tests/task/phase1/task.py::test_file,mutmut show 'markdown_it.presets.commonmark.x_make__mutmut_55',mutmut tests-for-mutant 'markdown_it.presets.commonmark.x_make__mutmut_55',mutmut run 'markdown_it.presets.commonmark.x_make__mutmut_55'
M9b2d0ade10851028,markdown_it.presets.default.x_make__mutmut_7,specified,markdown_it/presets/default.py,make,10,"            ""html"": False,  # Enable HTML tags in source","            ""XXhtmlXX"": False,  # Enable HTML tags in source",survived,unreviewed,,tests/task/phase1/task.py::test_file,mutmut show 'markdown_it.presets.default.x_make__mutmut_7',mutmut tests-for-mutant 'markdown_it.presets.default.x_make__mutmut_7',mutmut run 'markdown_it.presets.default.x_make__mutmut_7'
M9b424d806d86dbb5,markdown_it.rules_inline.image.x_image__mutmut_3,specified,markdown_it/rules_inline/image.py,image,11,"    href = """"","    href = ""XXXX""",survived,unreviewed,,tests/task/phase1/task.py::test_file;tests/task/phase1/task.py::test_spec,mutmut show 'markdown_it.rules_inline.image.x_image__mutmut_3',mutmut tests-for-mutant 'markdown_it.rules_inline.image.x_image__mutmut_3',mutmut run 'markdown_it.rules_inline.image.x_image__mutmut_3'
M9b52f7f2f458b182,markdown_it.rules_block.fence.x_make_fence_rule__mutmut_26,specified,markdown_it/rules_block/fence.py,make_fence_rule,53,        pos = state.bMarks[startLine] + state.tShift[startLine],        pos = state.bMarks[startLine] - state.tShift[startLine],survived,unreviewed,,tests/task/phase1/task.py::test_file;tests/task/task2.py::test_make_fence_after;tests/task/task2.py::test_make_fence_at,mutmut show 'markdown_it.rules_block.fence.x_make_fence_rule__mutmut_26',mutmut tests-for-mutant 'markdown_it.rules_block.fence.x_make_fence_rule__mutmut_26',mutmut run 'markdown_it.rules_block.fence.x_make_fence_rule__mutmut_26'
M9b87d320a8977e68,markdown_it.renderer.xǁRendererHTMLǁlist_item_open__mutmut_12,specified,markdown_it/renderer.py,list_item_open,221,"    if token.meta and ""checked"" in token.meta:","    if token.meta and ""XXcheckedXX"" in token.meta:",survived,unreviewed,,tests/task/phase1/task.py::test_file;tests/task/phase1/task.py::test_spec,mutmut show 'markdown_it.renderer.xǁRendererHTMLǁlist_item_open__mutmut_12',mutmut tests-for-mutant 'markdown_it.renderer.xǁRendererHTMLǁlist_item_open__mutmut_12',mutmut run 'markdown_it.renderer.xǁRendererHTMLǁlist_item_open__mutmut_12'
M9bab064e47feb575,markdown_it.main.xǁMarkdownItǁ__init____mutmut_20,specified,markdown_it/main.py,__init__,66,"    self.configure(config, options_update=options_update)","    self.configure(config, )",survived,unreviewed,,tests/task/phase1/task.py::test_core_after;tests/task/phase1/task.py::test_file;tests/task/phase1/task.py::test_non_utf8;tests/task/phase1/task.py::test_spec;tests/task/task2.py::test_make_fence_after;tests/task/task2.py::test_make_fence_at,mutmut show 'markdown_it.main.xǁMarkdownItǁ__init____mutmut_20',mutmut tests-for-mutant 'markdown_it.main.xǁMarkdownItǁ__init____mutmut_20',mutmut run 'markdown_it.main.xǁMarkdownItǁ__init____mutmut_20'
M9bf3527ba516b454,markdown_it.rules_inline.balance_pairs.x_processDelimiters__mutmut_97,specified,markdown_it/rules_inline/balance_pairs.py,processDelimiters,92,                        lastJump = jumps[openerIdx - 1] + 1,                        lastJump = jumps[openerIdx + 1] + 1,survived,unreviewed,,tests/task/phase1/task.py::test_core_after;tests/task/phase1/task.py::test_file;tests/task/phase1/task.py::test_spec;tests/task/task2.py::test_make_fence_at,mutmut show 'markdown_it.rules_inline.balance_pairs.x_processDelimiters__mutmut_97',mutmut tests-for-mutant 'markdown_it.rules_inline.balance_pairs.x_processDelimiters__mutmut_97',mutmut run 'markdown_it.rules_inline.balance_pairs.x_processDelimiters__mutmut_97'
M9bf75bd6aef607ed,markdown_it.presets.default.x_make__mutmut_2,specified,markdown_it/presets/default.py,make,8,"        ""options"": {","        ""OPTIONS"": {",survived,unreviewed,,tests/task/phase1/task.py::test_file,mutmut show 'markdown_it.presets.default.x_make__mutmut_2',mutmut tests-for-mutant 'markdown_it.presets.default.x_make__mutmut_2',mutmut run 'markdown_it.presets.default.x_make__mutmut_2'
M9c7490c38b90ac1a,markdown_it.rules_block.lheading.x_lheading__mutmut_26,specified,markdown_it/rules_block/lheading.py,lheading,21,"    state.parentType = ""paragraph""  # use paragraph to match terminatorRules","    state.parentType = ""XXparagraphXX""  # use paragraph to match terminatorRules",survived,unreviewed,,tests/task/phase1/task.py::test_core_after;tests/task/phase1/task.py::test_file;tests/task/phase1/task.py::test_spec;tests/task/task2.py::test_make_fence_at,mutmut show 'markdown_it.rules_block.lheading.x_lheading__mutmut_26',mutmut tests-for-mutant 'markdown_it.rules_block.lheading.x_lheading__mutmut_26',mutmut run 'markdown_it.rules_block.lheading.x_lheading__mutmut_26'
M9cb57e50c5201907,markdown_it.rules_block.state_block.xǁStateBlockǁskipCharsStr__mutmut_6,specified,markdown_it/rules_block/state_block.py,skipCharsStr,191,        pos += 1,        pos = 1,timeout,unreviewed,,tests/task/phase1/task.py::test_file;tests/task/phase1/task.py::test_spec;tests/task/task2.py::test_make_fence_after;tests/task/task2.py::test_make_fence_at,mutmut show 'markdown_it.rules_block.state_block.xǁStateBlockǁskipCharsStr__mutmut_6',mutmut tests-for-mutant 'markdown_it.rules_block.state_block.xǁStateBlockǁskipCharsStr__mutmut_6',mutmut run 'markdown_it.rules_block.state_block.xǁStateBlockǁskipCharsStr__mutmut_6'
M9cb9fe0051bd2f43,markdown_it.rules_inline.html_inline.x_html_inline__mutmut_10,specified,markdown_it/rules_inline/html_inline.py,html_inline,21,"    if state.src[pos] != ""<"" or pos + 2 >= maximum:","    if state.src[pos] != ""<"" and pos + 2 >= maximum:",survived,unreviewed,,tests/task/phase1/task.py::test_file;tests/task/phase1/task.py::test_spec,mutmut show 'markdown_it.rules_inline.html_inline.x_html_inline__mutmut_10',mutmut tests-for-mutant 'markdown_it.rules_inline.html_inline.x_html_inline__mutmut_10',mutmut run 'markdown_it.rules_inline.html_inline.x_html_inline__mutmut_10'
M9d0d5643af3b195c,markdown_it.rules_inline.fragments_join.x_fragments_join__mutmut_41,specified,markdown_it/rules_inline/fragments_join.py,fragments_join,40,                curr += 1,                curr = 1,timeout,unreviewed,,tests/task/phase1/task.py::test_core_after;tests/task/phase1/task.py::test_file;tests/task/phase1/task.py::test_spec;tests/task/task2.py::test_make_fence_at,mutmut show 'markdown_it.rules_inline.fragments_join.x_fragments_join__mutmut_41',mutmut tests-for-mutant 'markdown_it.rules_inline.fragments_join.x_fragments_join__mutmut_41',mutmut run 'markdown_it.rules_inline.fragments_join.x_fragments_join__mutmut_41'
M9d6d67a5b6398709,markdown_it.rules_inline.html_inline.x_html_inline__mutmut_16,specified,markdown_it/rules_inline/html_inline.py,html_inline,22,        return False,        return True,timeout,unreviewed,,tests/task/phase1/task.py::test_file;tests/task/phase1/task.py::test_spec,mutmut show 'markdown_it.rules_inline.html_inline.x_html_inline__mutmut_16',mutmut tests-for-mutant 'markdown_it.rules_inline.html_inline.x_html_inline__mutmut_16',mutmut run 'markdown_it.rules_inline.html_inline.x_html_inline__mutmut_16'
M9d7a251f7254c354,markdown_it.rules_block.blockquote.x_blockquote__mutmut_10,specified,markdown_it/rules_block/blockquote.py,blockquote,14,"        ""entering blockquote: %s, %s, %s, %s"", state, startLine, endLine, silent
    )","        ""entering blockquote: %s, %s, %s, %s"", state, startLine, endLine, )",survived,unreviewed,,tests/task/phase1/task.py::test_core_after;tests/task/phase1/task.py::test_file;tests/task/phase1/task.py::test_spec;tests/task/task2.py::test_make_fence_at,mutmut show 'markdown_it.rules_block.blockquote.x_blockquote__mutmut_10',mutmut tests-for-mutant 'markdown_it.rules_block.blockquote.x_blockquote__mutmut_10',mutmut run 'markdown_it.rules_block.blockquote.x_blockquote__mutmut_10'
M9da752cdb3cf64a2,markdown_it.rules_inline.image.x_image__mutmut_116,specified,markdown_it/rules_inline/image.py,image,88,        pos += 1,        pos = 1,timeout,unreviewed,,tests/task/phase1/task.py::test_file;tests/task/phase1/task.py::test_spec,mutmut show 'markdown_it.rules_inline.image.x_image__mutmut_116',mutmut tests-for-mutant 'markdown_it.rules_inline.image.x_image__mutmut_116',mutmut run 'markdown_it.rules_inline.image.x_image__mutmut_116'
M9df49985fa74da97,markdown_it.helpers.parse_link_destination.x_parseLinkDestination__mutmut_61,specified,markdown_it/helpers/parse_link_destination.py,parseLinkDestination,54,        if code < 0x20 or code == 0x7F:,        if code < 33 or code == 0x7F:,survived,unreviewed,,tests/task/phase1/task.py::test_file;tests/task/phase1/task.py::test_spec,mutmut show 'markdown_it.helpers.parse_link_destination.x_parseLinkDestination__mutmut_61',mutmut tests-for-mutant 'markdown_it.helpers.parse_link_destination.x_parseLinkDestination__mutmut_61',mutmut run 'markdown_it.helpers.parse_link_destination.x_parseLinkDestination__mutmut_61'
M9e255b0ec0d16bb6,markdown_it.rules_inline.newline.x_newline__mutmut_63,specified,markdown_it/rules_inline/newline.py,newline,32,"                state.push(""softbreak"", ""br"", 0)","                state.push(""softbreak"", None, 0)",survived,unreviewed,,tests/task/phase1/task.py::test_file;tests/task/phase1/task.py::test_spec;tests/task/task2.py::test_make_fence_at,mutmut show 'markdown_it.rules_inline.newline.x_newline__mutmut_63',mutmut tests-for-mutant 'markdown_it.rules_inline.newline.x_newline__mutmut_63',mutmut run 'markdown_it.rules_inline.newline.x_newline__mutmut_63'
M9e2892d42d973e7a,markdown_it.presets.commonmark.x_make__mutmut_79,specified,markdown_it/presets/commonmark.py,make,62,"                    ""backticks"",","                    ""BACKTICKS"",",survived,unreviewed,,tests/task/phase1/task.py::test_file,mutmut show 'markdown_it.presets.commonmark.x_make__mutmut_79',mutmut tests-for-mutant 'markdown_it.presets.commonmark.x_make__mutmut_79',mutmut run 'markdown_it.presets.commonmark.x_make__mutmut_79'
M9e2b949ebeb52a77,markdown_it.rules_block.list.x_skipOrderedListMarker__mutmut_37,specified,markdown_it/rules_block/list.py,skipOrderedListMarker,64,        if ch_ord >= 0x30 and ch_ord <= 0x39:,        if ch_ord >= 0x30 and ch_ord <= 58:,survived,unreviewed,,tests/task/phase1/task.py::test_core_after;tests/task/phase1/task.py::test_file;tests/task/phase1/task.py::test_spec;tests/task/task2.py::test_make_fence_at,mutmut show 'markdown_it.rules_block.list.x_skipOrderedListMarker__mutmut_37',mutmut tests-for-mutant 'markdown_it.rules_block.list.x_skipOrderedListMarker__mutmut_37',mutmut run 'markdown_it.rules_block.list.x_skipOrderedListMarker__mutmut_37'
M9e2dea5b3f3cfbf5,markdown_it._punycode.x_to_unicode__mutmut_7,specified,markdown_it/_punycode.py,to_unicode,58,"    return map_domain(obj, mapping)","    return map_domain(None, mapping)",survived,unreviewed,,tests/task/phase1/task.py::test_file;tests/task/phase1/task.py::test_spec,mutmut show 'markdown_it._punycode.x_to_unicode__mutmut_7',mutmut tests-for-mutant 'markdown_it._punycode.x_to_unicode__mutmut_7',mutmut run 'markdown_it._punycode.x_to_unicode__mutmut_7'
M9e444c538c968a05,markdown_it.presets.zero.x_make__mutmut_23,specified,markdown_it/presets/zero.py,make,27,"            ""xhtmlOut"": False,  # Use '/' to close single tags (<br />)","            ""xhtmlOut"": True,  # Use '/' to close single tags (<br />)",survived,unreviewed,,tests/task/phase1/task.py::test_file,mutmut show 'markdown_it.presets.zero.x_make__mutmut_23',mutmut tests-for-mutant 'markdown_it.presets.zero.x_make__mutmut_23',mutmut run 'markdown_it.presets.zero.x_make__mutmut_23'
M9e4d040045a0b624,markdown_it.rules_block.reference.x_reference__mutmut_306,specified,markdown_it/rules_block/reference.py,reference,180,"            ""map"": [startLine, state.line],","            ""XXmapXX"": [startLine, state.line],",survived,unreviewed,,tests/task/phase1/task.py::test_core_after;tests/task/phase1/task.py::test_file;tests/task/phase1/task.py::test_spec;tests/task/task2.py::test_make_fence_at,mutmut show 'markdown_it.rules_block.reference.x_reference__mutmut_306',mutmut tests-for-mutant 'markdown_it.rules_block.reference.x_reference__mutmut_306',mutmut run 'markdown_it.rules_block.reference.x_reference__mutmut_306'
M9ea7d91b0ff01c35,markdown_it.rules_block.state_block.xǁStateBlockǁskipCharsStrBack__mutmut_2,specified,markdown_it/rules_block/state_block.py,skipCharsStrBack,208,    while pos > minimum:,    while pos >= minimum:,survived,unreviewed,,tests/task/phase1/task.py::test_file;tests/task/phase1/task.py::test_spec,mutmut show 'markdown_it.rules_block.state_block.xǁStateBlockǁskipCharsStrBack__mutmut_2',mutmut tests-for-mutant 'markdown_it.rules_block.state_block.xǁStateBlockǁskipCharsStrBack__mutmut_2',mutmut run 'markdown_it.rules_block.state_block.xǁStateBlockǁskipCharsStrBack__mutmut_2'
M9ede88aeaf907bca,markdown_it.rules_core.text_join.x_text_join__mutmut_27,specified,markdown_it/rules_core/text_join.py,text_join,33,"                and new_tokens[-1].type == ""text""","                and new_tokens[-1].type == ""TEXT""",survived,unreviewed,,tests/task/phase1/task.py::test_core_after;tests/task/phase1/task.py::test_file;tests/task/phase1/task.py::test_spec;tests/task/task2.py::test_make_fence_after;tests/task/task2.py::test_make_fence_at,mutmut show 'markdown_it.rules_core.text_join.x_text_join__mutmut_27',mutmut tests-for-mutant 'markdown_it.rules_core.text_join.x_text_join__mutmut_27',mutmut run 'markdown_it.rules_core.text_join.x_text_join__mutmut_27'
M9f0376d7b04d33d4,markdown_it.presets.commonmark.x_make__mutmut_34,specified,markdown_it/presets/commonmark.py,make,43,"        ""components"": {","        ""XXcomponentsXX"": {",survived,unreviewed,,tests/task/phase1/task.py::test_file,mutmut show 'markdown_it.presets.commonmark.x_make__mutmut_34',mutmut tests-for-mutant 'markdown_it.presets.commonmark.x_make__mutmut_34',mutmut run 'markdown_it.presets.commonmark.x_make__mutmut_34'
M9f40d9d1b885ff0b,markdown_it.helpers.parse_link_title.xǁ_Stateǁ__init____mutmut_5,specified,markdown_it/helpers/parse_link_title.py,__init__,14,    self.pos = 0,    self.pos = None,survived,unreviewed,,tests/task/phase1/task.py::test_file;tests/task/phase1/task.py::test_spec,mutmut show 'markdown_it.helpers.parse_link_title.xǁ_Stateǁ__init____mutmut_5',mutmut tests-for-mutant 'markdown_it.helpers.parse_link_title.xǁ_Stateǁ__init____mutmut_5',mutmut run 'markdown_it.helpers.parse_link_title.xǁ_Stateǁ__init____mutmut_5'
M9f546692d21b329a,markdown_it.rules_block.html_block.x_html_block__mutmut_29,specified,markdown_it/rules_block/html_block.py,html_block,52,    html_seq = None,"    html_seq = """"",survived,unreviewed,,tests/task/phase1/task.py::test_core_after;tests/task/phase1/task.py::test_file;tests/task/phase1/task.py::test_spec;tests/task/task2.py::test_make_fence_at,mutmut show 'markdown_it.rules_block.html_block.x_html_block__mutmut_29',mutmut tests-for-mutant 'markdown_it.rules_block.html_block.x_html_block__mutmut_29',mutmut run 'markdown_it.rules_block.html_block.x_html_block__mutmut_29'
M9f63d38691de52e7,markdown_it.rules_inline.link.x_link__mutmut_170,specified,markdown_it/rules_inline/link.py,link,131,"        token = state.push(""link_open"", ""a"", 1)","        token = state.push(""LINK_OPEN"", ""a"", 1)",survived,unreviewed,,tests/task/phase1/task.py::test_file;tests/task/phase1/task.py::test_spec,mutmut show 'markdown_it.rules_inline.link.x_link__mutmut_170',mutmut tests-for-mutant 'markdown_it.rules_inline.link.x_link__mutmut_170',mutmut run 'markdown_it.rules_inline.link.x_link__mutmut_170'
M9f7d77edae126b7b,markdown_it.rules_block.lheading.x_lheading__mutmut_141,specified,markdown_it/rules_block/lheading.py,lheading,81,"    token = state.push(""heading_close"", ""h"" + str(level), -1)","    token = state.push(""HEADING_CLOSE"", ""h"" + str(level), -1)",survived,unreviewed,,tests/task/phase1/task.py::test_core_after;tests/task/phase1/task.py::test_file;tests/task/phase1/task.py::test_spec;tests/task/task2.py::test_make_fence_at,mutmut show 'markdown_it.rules_block.lheading.x_lheading__mutmut_141',mutmut tests-for-mutant 'markdown_it.rules_block.lheading.x_lheading__mutmut_141',mutmut run 'markdown_it.rules_block.lheading.x_lheading__mutmut_141'
M9fc2cd7f05e0c20a,markdown_it.rules_block.blockquote.x_blockquote__mutmut_225,specified,markdown_it/rules_block/blockquote.py,blockquote,236,        terminate = False,        terminate = None,survived,unreviewed,,tests/task/phase1/task.py::test_core_after;tests/task/phase1/task.py::test_file;tests/task/phase1/task.py::test_spec;tests/task/task2.py::test_make_fence_at,mutmut show 'markdown_it.rules_block.blockquote.x_blockquote__mutmut_225',mutmut tests-for-mutant 'markdown_it.rules_block.blockquote.x_blockquote__mutmut_225',mutmut run 'markdown_it.rules_block.blockquote.x_blockquote__mutmut_225'
Ma022851a1041c883,markdown_it.presets.xǁgfm_like2ǁmake__mutmut_21,specified,markdown_it/presets/__init__.py,make,47,"    config[""options""][""strikethrough_single_tilde""] = True","    config[""XXoptionsXX""][""strikethrough_single_tilde""] = True",survived,unreviewed,,tests/task/phase1/task.py::test_file,mutmut show 'markdown_it.presets.xǁgfm_like2ǁmake__mutmut_21',mutmut tests-for-mutant 'markdown_it.presets.xǁgfm_like2ǁmake__mutmut_21',mutmut run 'markdown_it.presets.xǁgfm_like2ǁmake__mutmut_21'
Ma02dce2189cb47c1,markdown_it.rules_block.code.x_code__mutmut_12,specified,markdown_it/rules_block/code.py,code,11,"    LOGGER.debug(""entering code: %s, %s, %s, %s"", state, startLine, endLine, silent)","    LOGGER.debug(""ENTERING CODE: %S, %S, %S, %S"", state, startLine, endLine, silent)",survived,unreviewed,,tests/task/phase1/task.py::test_core_after;tests/task/phase1/task.py::test_file;tests/task/phase1/task.py::test_spec;tests/task/task2.py::test_make_fence_after;tests/task/task2.py::test_make_fence_at,mutmut show 'markdown_it.rules_block.code.x_code__mutmut_12',mutmut tests-for-mutant 'markdown_it.rules_block.code.x_code__mutmut_12',mutmut run 'markdown_it.rules_block.code.x_code__mutmut_12'
Ma05f1c3f7dc57b4a,markdown_it.rules_inline.escape.x_escape__mutmut_42,specified,markdown_it/rules_inline/escape.py,escape,41,    if ch1_ord >= 0xD800 and ch1_ord <= 0xDBFF and pos + 1 < maximum:,    if ch1_ord >= 0xD800 and ch1_ord <= 0xDBFF or pos + 1 < maximum:,survived,unreviewed,,tests/task/phase1/task.py::test_file;tests/task/phase1/task.py::test_spec;tests/task/task2.py::test_make_fence_at,mutmut show 'markdown_it.rules_inline.escape.x_escape__mutmut_42',mutmut tests-for-mutant 'markdown_it.rules_inline.escape.x_escape__mutmut_42',mutmut run 'markdown_it.rules_inline.escape.x_escape__mutmut_42'
Ma087d092de301e0d,markdown_it.rules_inline.backticks.x_backtick__mutmut_92,specified,markdown_it/rules_inline/backticks.py,backtick,67,    state.backticksScanned = True,    state.backticksScanned = False,survived,unreviewed,,tests/task/phase1/task.py::test_file;tests/task/phase1/task.py::test_spec;tests/task/task2.py::test_make_fence_at,mutmut show 'markdown_it.rules_inline.backticks.x_backtick__mutmut_92',mutmut tests-for-mutant 'markdown_it.rules_inline.backticks.x_backtick__mutmut_92',mutmut run 'markdown_it.rules_inline.backticks.x_backtick__mutmut_92'
Ma093fabc7f01f0f2,markdown_it.rules_block.list.x_skipOrderedListMarker__mutmut_9,specified,markdown_it/rules_block/list.py,skipOrderedListMarker,44,        return -1,        return -2,survived,unreviewed,,tests/task/phase1/task.py::test_core_after;tests/task/phase1/task.py::test_file;tests/task/phase1/task.py::test_spec;tests/task/task2.py::test_make_fence_at,mutmut show 'markdown_it.rules_block.list.x_skipOrderedListMarker__mutmut_9',mutmut tests-for-mutant 'markdown_it.rules_block.list.x_skipOrderedListMarker__mutmut_9',mutmut run 'markdown_it.rules_block.list.x_skipOrderedListMarker__mutmut_9'
Ma0ec1f2ed9c4549f,markdown_it.renderer.xǁRendererHTMLǁ__init____mutmut_9,specified,markdown_it/renderer.py,__init__,64,"        if not (k.startswith(""render"") or k.startswith(""_""))","        if not (k.startswith(""XXrenderXX"") or k.startswith(""_""))",survived,unreviewed,,tests/task/phase1/task.py::test_core_after;tests/task/phase1/task.py::test_file;tests/task/phase1/task.py::test_non_utf8;tests/task/phase1/task.py::test_spec;tests/task/task2.py::test_make_fence_after;tests/task/task2.py::test_make_fence_at,mutmut show 'markdown_it.renderer.xǁRendererHTMLǁ__init____mutmut_9',mutmut tests-for-mutant 'markdown_it.renderer.xǁRendererHTMLǁ__init____mutmut_9',mutmut run 'markdown_it.renderer.xǁRendererHTMLǁ__init____mutmut_9'
Ma0f8fc441bc7d57c,markdown_it.common.normalize_url.x_normalizeLinkText__mutmut_9,specified,markdown_it/common/normalize_url.py,normalizeLinkText,57,        not parsed.protocol or parsed.protocol in RECODE_HOSTNAME_FOR,        parsed.protocol or parsed.protocol in RECODE_HOSTNAME_FOR,survived,unreviewed,,tests/task/phase1/task.py::test_file;tests/task/phase1/task.py::test_spec,mutmut show 'markdown_it.common.normalize_url.x_normalizeLinkText__mutmut_9',mutmut tests-for-mutant 'markdown_it.common.normalize_url.x_normalizeLinkText__mutmut_9',mutmut run 'markdown_it.common.normalize_url.x_normalizeLinkText__mutmut_9'
Ma0fe40bf034bf9dc,markdown_it.rules_block.fence.x_make_fence_rule__mutmut_88,specified,markdown_it/rules_block/fence.py,make_fence_rule,125,            haveEndMarker = True,            haveEndMarker = None,survived,unreviewed,,tests/task/phase1/task.py::test_file;tests/task/task2.py::test_make_fence_after;tests/task/task2.py::test_make_fence_at,mutmut show 'markdown_it.rules_block.fence.x_make_fence_rule__mutmut_88',mutmut tests-for-mutant 'markdown_it.rules_block.fence.x_make_fence_rule__mutmut_88',mutmut run 'markdown_it.rules_block.fence.x_make_fence_rule__mutmut_88'
Ma137aba5d800b2fe,markdown_it.presets.xǁgfm_like2ǁmake__mutmut_14,specified,markdown_it/presets/__init__.py,make,46,"    config[""options""][""alerts""] = True","    config[""options""][""alerts""] = None",survived,unreviewed,,tests/task/phase1/task.py::test_file,mutmut show 'markdown_it.presets.xǁgfm_like2ǁmake__mutmut_14',mutmut tests-for-mutant 'markdown_it.presets.xǁgfm_like2ǁmake__mutmut_14',mutmut run 'markdown_it.presets.xǁgfm_like2ǁmake__mutmut_14'
Ma13db59649497b3e,markdown_it.renderer.xǁRendererHTMLǁhardbreak__mutmut_3,specified,markdown_it/renderer.py,hardbreak,334,"    return ""<br />\n"" if options.xhtmlOut else ""<br>\n""","    return ""<br />\n"" if options.xhtmlOut else ""XX<br>\nXX""",survived,unreviewed,,tests/task/phase1/task.py::test_file;tests/task/phase1/task.py::test_spec,mutmut show 'markdown_it.renderer.xǁRendererHTMLǁhardbreak__mutmut_3',mutmut tests-for-mutant 'markdown_it.renderer.xǁRendererHTMLǁhardbreak__mutmut_3',mutmut run 'markdown_it.renderer.xǁRendererHTMLǁhardbreak__mutmut_3'
Ma1431ee27441cdc1,markdown_it.rules_block.list.x_list_block__mutmut_92,specified,markdown_it/rules_block/list.py,list_block,179,"        token = state.push(""bullet_list_open"", ""ul"", 1)","        token = state.push(None, ""ul"", 1)",survived,unreviewed,,tests/task/phase1/task.py::test_core_after;tests/task/phase1/task.py::test_file;tests/task/phase1/task.py::test_spec;tests/task/task2.py::test_make_fence_at,mutmut show 'markdown_it.rules_block.list.x_list_block__mutmut_92',mutmut tests-for-mutant 'markdown_it.rules_block.list.x_list_block__mutmut_92',mutmut run 'markdown_it.rules_block.list.x_list_block__mutmut_92'
Ma177ab343125524c,markdown_it.presets.zero.x_make__mutmut_41,specified,markdown_it/presets/zero.py,make,37,"            ""core"": {""rules"": [""normalize"", ""block"", ""inline"", ""text_join""]},","            ""core"": {""rules"": [""NORMALIZE"", ""block"", ""inline"", ""text_join""]},",survived,unreviewed,,tests/task/phase1/task.py::test_file,mutmut show 'markdown_it.presets.zero.x_make__mutmut_41',mutmut tests-for-mutant 'markdown_it.presets.zero.x_make__mutmut_41',mutmut run 'markdown_it.presets.zero.x_make__mutmut_41'
Ma17c12f4374ea086,markdown_it.rules_inline.html_inline.x_html_inline__mutmut_55,specified,markdown_it/rules_inline/html_inline.py,html_inline,42,    state.pos += len(match.group(0)),    state.pos = len(match.group(0)),timeout,unreviewed,,tests/task/phase1/task.py::test_file;tests/task/phase1/task.py::test_spec,mutmut show 'markdown_it.rules_inline.html_inline.x_html_inline__mutmut_55',mutmut tests-for-mutant 'markdown_it.rules_inline.html_inline.x_html_inline__mutmut_55',mutmut run 'markdown_it.rules_inline.html_inline.x_html_inline__mutmut_55'
Ma17ed48a109b611b,markdown_it.rules_core.normalize.x_normalize__mutmut_13,specified,markdown_it/rules_core/normalize.py,normalize,17,"    string = NULL_RE.sub(""\ufffd"", string)","    string = NULL_RE.sub(""\uFFFD"", string)",survived,unreviewed,,tests/task/phase1/task.py::test_core_after;tests/task/phase1/task.py::test_file;tests/task/phase1/task.py::test_spec;tests/task/task2.py::test_make_fence_after;tests/task/task2.py::test_make_fence_at,mutmut show 'markdown_it.rules_core.normalize.x_normalize__mutmut_13',mutmut tests-for-mutant 'markdown_it.rules_core.normalize.x_normalize__mutmut_13',mutmut run 'markdown_it.rules_core.normalize.x_normalize__mutmut_13'
Ma1da14eb8923f387,markdown_it.rules_block.paragraph.x_paragraph__mutmut_83,specified,markdown_it/rules_block/paragraph.py,paragraph,55,"    token.map = [startLine, state.line]",    token.map = None,survived,unreviewed,,tests/task/phase1/task.py::test_core_after;tests/task/phase1/task.py::test_file;tests/task/phase1/task.py::test_spec;tests/task/task2.py::test_make_fence_at,mutmut show 'markdown_it.rules_block.paragraph.x_paragraph__mutmut_83',mutmut tests-for-mutant 'markdown_it.rules_block.paragraph.x_paragraph__mutmut_83',mutmut run 'markdown_it.rules_block.paragraph.x_paragraph__mutmut_83'
Ma1dad19117dab53c,markdown_it.rules_block.reference.x_getNextLine__mutmut_9,specified,markdown_it/rules_block/reference.py,getNextLine,207,        isContinuation = True,        isContinuation = False,survived,unreviewed,,tests/task/phase1/task.py::test_file;tests/task/phase1/task.py::test_spec,mutmut show 'markdown_it.rules_block.reference.x_getNextLine__mutmut_9',mutmut tests-for-mutant 'markdown_it.rules_block.reference.x_getNextLine__mutmut_9',mutmut run 'markdown_it.rules_block.reference.x_getNextLine__mutmut_9'
Ma1fa7dfa7dc55b76,markdown_it.rules_block.reference.x_reference__mutmut_39,specified,markdown_it/rules_block/reference.py,reference,34,            return False,            return True,timeout,unreviewed,,tests/task/phase1/task.py::test_core_after;tests/task/phase1/task.py::test_file;tests/task/phase1/task.py::test_spec;tests/task/task2.py::test_make_fence_at,mutmut show 'markdown_it.rules_block.reference.x_reference__mutmut_39',mutmut tests-for-mutant 'markdown_it.rules_block.reference.x_reference__mutmut_39',mutmut run 'markdown_it.rules_block.reference.x_reference__mutmut_39'
Ma2389220e713b467,markdown_it.rules_block.list.x_list_block__mutmut_197,specified,markdown_it/rules_block/list.py,list_block,250,        oldTight = state.tight,        oldTight = None,survived,unreviewed,,tests/task/phase1/task.py::test_core_after;tests/task/phase1/task.py::test_file;tests/task/phase1/task.py::test_spec;tests/task/task2.py::test_make_fence_at,mutmut show 'markdown_it.rules_block.list.x_list_block__mutmut_197',mutmut tests-for-mutant 'markdown_it.rules_block.list.x_list_block__mutmut_197',mutmut run 'markdown_it.rules_block.list.x_list_block__mutmut_197'
Ma257e2997ebfc58f,markdown_it.helpers.parse_link_title.x_parseLinkTitle__mutmut_50,specified,markdown_it/helpers/parse_link_title.py,parseLinkTitle,65,        elif code == 0x28 and state.marker == 0x29:  # /* ( */  /* ) */,        elif code == 0x28 and state.marker == 42:  # /* ( */  /* ) */,survived,unreviewed,,tests/task/phase1/task.py::test_file;tests/task/phase1/task.py::test_spec,mutmut show 'markdown_it.helpers.parse_link_title.x_parseLinkTitle__mutmut_50',mutmut tests-for-mutant 'markdown_it.helpers.parse_link_title.x_parseLinkTitle__mutmut_50',mutmut run 'markdown_it.helpers.parse_link_title.x_parseLinkTitle__mutmut_50'
Ma26821564f63b8b6,markdown_it.rules_block.heading.x_heading__mutmut_78,specified,markdown_it/rules_block/heading.py,heading,57,"    token = state.push(""heading_open"", ""h"" + str(level), 1)","    token = state.push(None, ""h"" + str(level), 1)",survived,unreviewed,,tests/task/phase1/task.py::test_core_after;tests/task/phase1/task.py::test_file;tests/task/phase1/task.py::test_spec;tests/task/task2.py::test_make_fence_at,mutmut show 'markdown_it.rules_block.heading.x_heading__mutmut_78',mutmut tests-for-mutant 'markdown_it.rules_block.heading.x_heading__mutmut_78',mutmut run 'markdown_it.rules_block.heading.x_heading__mutmut_78'
Ma2925f412af0841d,markdown_it.rules_inline.emphasis.x_tokenize__mutmut_7,specified,markdown_it/rules_inline/emphasis.py,tokenize,17,        return False,        return True,timeout,unreviewed,,tests/task/phase1/task.py::test_file;tests/task/phase1/task.py::test_spec,mutmut show 'markdown_it.rules_inline.emphasis.x_tokenize__mutmut_7',mutmut tests-for-mutant 'markdown_it.rules_inline.emphasis.x_tokenize__mutmut_7',mutmut run 'markdown_it.rules_inline.emphasis.x_tokenize__mutmut_7'
Ma2b6d43ce0ee68aa,markdown_it.rules_block.list.x_list_block__mutmut_2,specified,markdown_it/rules_block/list.py,list_block,102,"    LOGGER.debug(""entering list: %s, %s, %s, %s"", state, startLine, endLine, silent)","    LOGGER.debug(""entering list: %s, %s, %s, %s"", None, startLine, endLine, silent)",survived,unreviewed,,tests/task/phase1/task.py::test_core_after;tests/task/phase1/task.py::test_file;tests/task/phase1/task.py::test_spec;tests/task/task2.py::test_make_fence_at,mutmut show 'markdown_it.rules_block.list.x_list_block__mutmut_2',mutmut tests-for-mutant 'markdown_it.rules_block.list.x_list_block__mutmut_2',mutmut run 'markdown_it.rules_block.list.x_list_block__mutmut_2'
Ma2ba87b1d8f47ed8,markdown_it.rules_block.fence.x_make_fence_rule__mutmut_56,specified,markdown_it/rules_block/fence.py,make_fence_rule,90,            nextLine += 1,            nextLine -= 1,timeout,unreviewed,,tests/task/phase1/task.py::test_file;tests/task/task2.py::test_make_fence_after;tests/task/task2.py::test_make_fence_at,mutmut show 'markdown_it.rules_block.fence.x_make_fence_rule__mutmut_56',mutmut tests-for-mutant 'markdown_it.rules_block.fence.x_make_fence_rule__mutmut_56',mutmut run 'markdown_it.rules_block.fence.x_make_fence_rule__mutmut_56'
Ma2f0fc7ad64100cd,markdown_it.rules_block.reference.x_reference__mutmut_89,specified,markdown_it/rules_block/reference.py,reference,56,"        labelEnd is None or labelEnd < 0 or charCodeAt(string, labelEnd + 1) != 0x3A","        labelEnd is None or labelEnd < 1 or charCodeAt(string, labelEnd + 1) != 0x3A",survived,unreviewed,,tests/task/phase1/task.py::test_core_after;tests/task/phase1/task.py::test_file;tests/task/phase1/task.py::test_spec;tests/task/task2.py::test_make_fence_at,mutmut show 'markdown_it.rules_block.reference.x_reference__mutmut_89',mutmut tests-for-mutant 'markdown_it.rules_block.reference.x_reference__mutmut_89',mutmut run 'markdown_it.rules_block.reference.x_reference__mutmut_89'
Ma31d2631c6e9ca39,markdown_it.rules_inline.state_inline.xǁStateInlineǁscanDelims__mutmut_3,specified,markdown_it/rules_inline/state_inline.py,scanDelims,132,    marker = self.src[start],    marker = None,timeout,unreviewed,,tests/task/phase1/task.py::test_file;tests/task/phase1/task.py::test_spec,mutmut show 'markdown_it.rules_inline.state_inline.xǁStateInlineǁscanDelims__mutmut_3',mutmut tests-for-mutant 'markdown_it.rules_inline.state_inline.xǁStateInlineǁscanDelims__mutmut_3',mutmut run 'markdown_it.rules_inline.state_inline.xǁStateInlineǁscanDelims__mutmut_3'
Ma34a3f384fefab25,markdown_it.rules_inline.image.x_image__mutmut_154,specified,markdown_it/rules_inline/image.py,image,116,"        ref = state.env[""references""].get(label, None)","        ref = state.env[""references""].get(label, )",survived,unreviewed,,tests/task/phase1/task.py::test_file;tests/task/phase1/task.py::test_spec,mutmut show 'markdown_it.rules_inline.image.x_image__mutmut_154',mutmut tests-for-mutant 'markdown_it.rules_inline.image.x_image__mutmut_154',mutmut run 'markdown_it.rules_inline.image.x_image__mutmut_154'
Ma34ea8714386f89d,markdown_it.renderer.xǁRendererHTMLǁsoftbreak__mutmut_3,specified,markdown_it/renderer.py,softbreak,340,"        (""<br />\n"" if options.xhtmlOut else ""<br>\n"") if options.breaks else ""\n""","        (""<br />\n"" if options.xhtmlOut else ""XX<br>\nXX"") if options.breaks else ""\n""",survived,unreviewed,,tests/task/phase1/task.py::test_file;tests/task/phase1/task.py::test_spec,mutmut show 'markdown_it.renderer.xǁRendererHTMLǁsoftbreak__mutmut_3',mutmut tests-for-mutant 'markdown_it.renderer.xǁRendererHTMLǁsoftbreak__mutmut_3',mutmut run 'markdown_it.renderer.xǁRendererHTMLǁsoftbreak__mutmut_3'
Ma38dd93588c49a1a,markdown_it.rules_inline.autolink.x_autolink__mutmut_42,specified,markdown_it/rules_inline/autolink.py,autolink,41,"            token = state.push(""link_open"", ""a"", 1)","            token = state.push(""link_open"", ""a"", 2)",survived,unreviewed,,tests/task/phase1/task.py::test_file;tests/task/phase1/task.py::test_spec,mutmut show 'markdown_it.rules_inline.autolink.x_autolink__mutmut_42',mutmut tests-for-mutant 'markdown_it.rules_inline.autolink.x_autolink__mutmut_42',mutmut run 'markdown_it.rules_inline.autolink.x_autolink__mutmut_42'
Ma3a46744a5f3ded1,markdown_it.rules_block.state_block.xǁStateBlockǁ__init____mutmut_46,specified,markdown_it/rules_block/state_block.py,__init__,80,                    offset += 4 - offset % 4,                    offset += 4 + offset % 4,survived,unreviewed,,tests/task/phase1/task.py::test_core_after;tests/task/phase1/task.py::test_file;tests/task/phase1/task.py::test_spec;tests/task/task2.py::test_make_fence_after;tests/task/task2.py::test_make_fence_at,mutmut show 'markdown_it.rules_block.state_block.xǁStateBlockǁ__init____mutmut_46',mutmut tests-for-mutant 'markdown_it.rules_block.state_block.xǁStateBlockǁ__init____mutmut_46',mutmut run 'markdown_it.rules_block.state_block.xǁStateBlockǁ__init____mutmut_46'
Ma3cbdaaf57e73b3c,markdown_it.rules_block.code.x_code__mutmut_8,specified,markdown_it/rules_block/code.py,code,11,"    LOGGER.debug(""entering code: %s, %s, %s, %s"", state, startLine, endLine, silent)","    LOGGER.debug(""entering code: %s, %s, %s, %s"", state, endLine, silent)",survived,unreviewed,,tests/task/phase1/task.py::test_core_after;tests/task/phase1/task.py::test_file;tests/task/phase1/task.py::test_spec;tests/task/task2.py::test_make_fence_after;tests/task/task2.py::test_make_fence_at,mutmut show 'markdown_it.rules_block.code.x_code__mutmut_8',mutmut tests-for-mutant 'markdown_it.rules_block.code.x_code__mutmut_8',mutmut run 'markdown_it.rules_block.code.x_code__mutmut_8'
Ma3d8534e61402b1e,markdown_it.rules_inline.fragments_join.x_fragments_join__mutmut_9,specified,markdown_it/rules_inline/fragments_join.py,fragments_join,22,            level -= 1  # closing tag,            level = 1  # closing tag,survived,unreviewed,,tests/task/phase1/task.py::test_core_after;tests/task/phase1/task.py::test_file;tests/task/phase1/task.py::test_spec;tests/task/task2.py::test_make_fence_at,mutmut show 'markdown_it.rules_inline.fragments_join.x_fragments_join__mutmut_9',mutmut tests-for-mutant 'markdown_it.rules_inline.fragments_join.x_fragments_join__mutmut_9',mutmut run 'markdown_it.rules_inline.fragments_join.x_fragments_join__mutmut_9'
Ma47185d1561aa177,markdown_it.rules_block.blockquote.x_blockquote__mutmut_11,specified,markdown_it/rules_block/blockquote.py,blockquote,14,"        ""entering blockquote: %s, %s, %s, %s"", state, startLine, endLine, silent","        ""XXentering blockquote: %s, %s, %s, %sXX"", state, startLine, endLine, silent",survived,unreviewed,,tests/task/phase1/task.py::test_core_after;tests/task/phase1/task.py::test_file;tests/task/phase1/task.py::test_spec;tests/task/task2.py::test_make_fence_at,mutmut show 'markdown_it.rules_block.blockquote.x_blockquote__mutmut_11',mutmut tests-for-mutant 'markdown_it.rules_block.blockquote.x_blockquote__mutmut_11',mutmut run 'markdown_it.rules_block.blockquote.x_blockquote__mutmut_11'
Ma4b8ffe1a897584c,markdown_it.rules_inline.image.x_image__mutmut_78,specified,markdown_it/rules_inline/image.py,image,63,"            if not isStrSpace(ch) and ch != ""\n"":","            if not isStrSpace(ch) and ch != ""XX\nXX"":",survived,unreviewed,,tests/task/phase1/task.py::test_file;tests/task/phase1/task.py::test_spec,mutmut show 'markdown_it.rules_inline.image.x_image__mutmut_78',mutmut tests-for-mutant 'markdown_it.rules_inline.image.x_image__mutmut_78',mutmut run 'markdown_it.rules_inline.image.x_image__mutmut_78'
Ma4c296f1dfd2d073,markdown_it.helpers.parse_link_destination.x_parseLinkDestination__mutmut_75,specified,markdown_it/helpers/parse_link_destination.py,parseLinkDestination,58,"            if charCodeAt(string, pos + 1) == 0x20:","            if charCodeAt(string, pos - 1) == 0x20:",survived,unreviewed,,tests/task/phase1/task.py::test_file;tests/task/phase1/task.py::test_spec,mutmut show 'markdown_it.helpers.parse_link_destination.x_parseLinkDestination__mutmut_75',mutmut tests-for-mutant 'markdown_it.helpers.parse_link_destination.x_parseLinkDestination__mutmut_75',mutmut run 'markdown_it.helpers.parse_link_destination.x_parseLinkDestination__mutmut_75'
Ma50eadc9607d9ba6,markdown_it.rules_block.code.x_code__mutmut_2,specified,markdown_it/rules_block/code.py,code,11,"    LOGGER.debug(""entering code: %s, %s, %s, %s"", state, startLine, endLine, silent)","    LOGGER.debug(""entering code: %s, %s, %s, %s"", None, startLine, endLine, silent)",survived,unreviewed,,tests/task/phase1/task.py::test_core_after;tests/task/phase1/task.py::test_file;tests/task/phase1/task.py::test_spec;tests/task/task2.py::test_make_fence_after;tests/task/task2.py::test_make_fence_at,mutmut show 'markdown_it.rules_block.code.x_code__mutmut_2',mutmut tests-for-mutant 'markdown_it.rules_block.code.x_code__mutmut_2',mutmut run 'markdown_it.rules_block.code.x_code__mutmut_2'
Ma535d980ceab6867,markdown_it.rules_block.lheading.x_lheading__mutmut_8,specified,markdown_it/rules_block/lheading.py,lheading,10,"    LOGGER.debug(""entering lheading: %s, %s, %s, %s"", state, startLine, endLine, silent)","    LOGGER.debug(""entering lheading: %s, %s, %s, %s"", state, endLine, silent)",survived,unreviewed,,tests/task/phase1/task.py::test_core_after;tests/task/phase1/task.py::test_file;tests/task/phase1/task.py::test_spec;tests/task/task2.py::test_make_fence_at,mutmut show 'markdown_it.rules_block.lheading.x_lheading__mutmut_8',mutmut tests-for-mutant 'markdown_it.rules_block.lheading.x_lheading__mutmut_8',mutmut run 'markdown_it.rules_block.lheading.x_lheading__mutmut_8'
Ma54fc4f36cb17774,markdown_it.rules_inline.link.x_link__mutmut_98,specified,markdown_it/rules_inline/link.py,link,79,"                    if not isStrSpace(ch) and ch != ""\n"":","                    if not isStrSpace(ch) and ch != ""XX\nXX"":",survived,unreviewed,,tests/task/phase1/task.py::test_file;tests/task/phase1/task.py::test_spec,mutmut show 'markdown_it.rules_inline.link.x_link__mutmut_98',mutmut tests-for-mutant 'markdown_it.rules_inline.link.x_link__mutmut_98',mutmut run 'markdown_it.rules_inline.link.x_link__mutmut_98'
Ma554341bb2e6bb75,markdown_it.rules_block.list.x_list_block__mutmut_250,specified,markdown_it/rules_block/list.py,list_block,304,"        token = state.push(""list_item_close"", ""li"", -1)","        token = state.push(None, ""li"", -1)",survived,unreviewed,,tests/task/phase1/task.py::test_core_after;tests/task/phase1/task.py::test_file;tests/task/phase1/task.py::test_spec;tests/task/task2.py::test_make_fence_at,mutmut show 'markdown_it.rules_block.list.x_list_block__mutmut_250',mutmut tests-for-mutant 'markdown_it.rules_block.list.x_list_block__mutmut_250',mutmut run 'markdown_it.rules_block.list.x_list_block__mutmut_250'
Ma557758f7dd33afe,markdown_it.rules_inline.balance_pairs.x_processDelimiters__mutmut_90,specified,markdown_it/rules_inline/balance_pairs.py,processDelimiters,91,                    if openerIdx > 0 and not delimiters[openerIdx - 1].open:,                    if openerIdx >= 0 and not delimiters[openerIdx - 1].open:,survived,unreviewed,,tests/task/phase1/task.py::test_core_after;tests/task/phase1/task.py::test_file;tests/task/phase1/task.py::test_spec;tests/task/task2.py::test_make_fence_at,mutmut show 'markdown_it.rules_inline.balance_pairs.x_processDelimiters__mutmut_90',mutmut tests-for-mutant 'markdown_it.rules_inline.balance_pairs.x_processDelimiters__mutmut_90',mutmut run 'markdown_it.rules_inline.balance_pairs.x_processDelimiters__mutmut_90'
Ma56f8c3bae3d5717,markdown_it.rules_inline.autolink.x_autolink__mutmut_16,specified,markdown_it/rules_inline/autolink.py,autolink,29,            return False,            return True,timeout,unreviewed,,tests/task/phase1/task.py::test_file;tests/task/phase1/task.py::test_spec,mutmut show 'markdown_it.rules_inline.autolink.x_autolink__mutmut_16',mutmut tests-for-mutant 'markdown_it.rules_inline.autolink.x_autolink__mutmut_16',mutmut run 'markdown_it.rules_inline.autolink.x_autolink__mutmut_16'
Ma58b697f1e62fe88,markdown_it.rules_block.reference.x_reference__mutmut_119,specified,markdown_it/rules_block/reference.py,reference,69,                nextLine += 1,                nextLine -= 1,timeout,unreviewed,,tests/task/phase1/task.py::test_core_after;tests/task/phase1/task.py::test_file;tests/task/phase1/task.py::test_spec;tests/task/task2.py::test_make_fence_at,mutmut show 'markdown_it.rules_block.reference.x_reference__mutmut_119',mutmut tests-for-mutant 'markdown_it.rules_block.reference.x_reference__mutmut_119',mutmut run 'markdown_it.rules_block.reference.x_reference__mutmut_119'
Ma5b0c175dcafc616,markdown_it.rules_block.html_block.x_html_block__mutmut_21,specified,markdown_it/rules_block/html_block.py,html_block,44,"    if not state.md.options.get(""html"", None):","    if not state.md.options.get(""html"", ):",survived,unreviewed,,tests/task/phase1/task.py::test_core_after;tests/task/phase1/task.py::test_file;tests/task/phase1/task.py::test_spec;tests/task/task2.py::test_make_fence_at,mutmut show 'markdown_it.rules_block.html_block.x_html_block__mutmut_21',mutmut tests-for-mutant 'markdown_it.rules_block.html_block.x_html_block__mutmut_21',mutmut run 'markdown_it.rules_block.html_block.x_html_block__mutmut_21'
Ma64143497faee9be,markdown_it.rules_block.list.x_list_block__mutmut_358,specified,markdown_it/rules_block/list.py,list_block,368,"        token = state.push(""ordered_list_close"", ""ol"", -1)","        token = state.push(None, ""ol"", -1)",survived,unreviewed,,tests/task/phase1/task.py::test_core_after;tests/task/phase1/task.py::test_file;tests/task/phase1/task.py::test_spec;tests/task/task2.py::test_make_fence_at,mutmut show 'markdown_it.rules_block.list.x_list_block__mutmut_358',mutmut tests-for-mutant 'markdown_it.rules_block.list.x_list_block__mutmut_358',mutmut run 'markdown_it.rules_block.list.x_list_block__mutmut_358'
Ma6596e5fe8c7e9a7,markdown_it.rules_block.list.x_list_block__mutmut_104,specified,markdown_it/rules_block/list.py,list_block,181,"    token.map = listLines = [startLine, 0]","    token.map = listLines = [startLine, 1]",survived,unreviewed,,tests/task/phase1/task.py::test_core_after;tests/task/phase1/task.py::test_file;tests/task/phase1/task.py::test_spec;tests/task/task2.py::test_make_fence_at,mutmut show 'markdown_it.rules_block.list.x_list_block__mutmut_104',mutmut tests-for-mutant 'markdown_it.rules_block.list.x_list_block__mutmut_104',mutmut run 'markdown_it.rules_block.list.x_list_block__mutmut_104'
Ma66b3c46cb0b415e,markdown_it.rules_inline.backticks.x_backtick__mutmut_43,specified,markdown_it/rules_inline/backticks.py,backtick,40,        matchEnd = matchStart + 1,        matchEnd = matchStart - 1,timeout,unreviewed,,tests/task/phase1/task.py::test_file;tests/task/phase1/task.py::test_spec;tests/task/task2.py::test_make_fence_at,mutmut show 'markdown_it.rules_inline.backticks.x_backtick__mutmut_43',mutmut tests-for-mutant 'markdown_it.rules_inline.backticks.x_backtick__mutmut_43',mutmut run 'markdown_it.rules_inline.backticks.x_backtick__mutmut_43'
Ma66ca49020a67514,markdown_it.presets.zero.x_make__mutmut_6,specified,markdown_it/presets/zero.py,make,12,"            ""maxNesting"": 20,  # Internal protection, recursion limit","            ""maxNesting"": 21,  # Internal protection, recursion limit",survived,unreviewed,,tests/task/phase1/task.py::test_file,mutmut show 'markdown_it.presets.zero.x_make__mutmut_6',mutmut tests-for-mutant 'markdown_it.presets.zero.x_make__mutmut_6',mutmut run 'markdown_it.presets.zero.x_make__mutmut_6'
Ma6751a23d963d634,markdown_it.rules_block.reference.x_reference__mutmut_144,specified,markdown_it/rules_block/reference.py,reference,95,    while pos < maximum:,    while pos <= maximum:,survived,unreviewed,,tests/task/phase1/task.py::test_core_after;tests/task/phase1/task.py::test_file;tests/task/phase1/task.py::test_spec;tests/task/task2.py::test_make_fence_at,mutmut show 'markdown_it.rules_block.reference.x_reference__mutmut_144',mutmut tests-for-mutant 'markdown_it.rules_block.reference.x_reference__mutmut_144',mutmut run 'markdown_it.rules_block.reference.x_reference__mutmut_144'
Ma67e0e075a07b7b0,markdown_it.rules_block.state_block.xǁStateBlockǁ__init____mutmut_60,specified,markdown_it/rules_block/state_block.py,__init__,87,"        if character == ""\n"" or pos == length - 1:","        if character == ""\n"" or pos == length + 1:",survived,unreviewed,,tests/task/phase1/task.py::test_core_after;tests/task/phase1/task.py::test_file;tests/task/phase1/task.py::test_spec;tests/task/task2.py::test_make_fence_after;tests/task/task2.py::test_make_fence_at,mutmut show 'markdown_it.rules_block.state_block.xǁStateBlockǁ__init____mutmut_60',mutmut tests-for-mutant 'markdown_it.rules_block.state_block.xǁStateBlockǁ__init____mutmut_60',mutmut run 'markdown_it.rules_block.state_block.xǁStateBlockǁ__init____mutmut_60'
Ma6f1736ae6331b0e,markdown_it.presets.zero.x_make__mutmut_61,specified,markdown_it/presets/zero.py,make,41,"                ""rules2"": [""balance_pairs"", ""fragments_join""],","                ""RULES2"": [""balance_pairs"", ""fragments_join""],",survived,unreviewed,,tests/task/phase1/task.py::test_file,mutmut show 'markdown_it.presets.zero.x_make__mutmut_61',mutmut tests-for-mutant 'markdown_it.presets.zero.x_make__mutmut_61',mutmut run 'markdown_it.presets.zero.x_make__mutmut_61'
Ma7443e410637e618,markdown_it.ruler.xǁRulerǁenable__mutmut_8,specified,markdown_it/ruler.py,enable,206,        if (idx < 0) and ignoreInvalid:,        if (idx < 1) and ignoreInvalid:,survived,unreviewed,,tests/task/phase1/task.py::test_core_after;tests/task/phase1/task.py::test_file;tests/task/phase1/task.py::test_non_utf8;tests/task/phase1/task.py::test_spec;tests/task/task2.py::test_make_fence_after;tests/task/task2.py::test_make_fence_at,mutmut show 'markdown_it.ruler.xǁRulerǁenable__mutmut_8',mutmut tests-for-mutant 'markdown_it.ruler.xǁRulerǁenable__mutmut_8',mutmut run 'markdown_it.ruler.xǁRulerǁenable__mutmut_8'
Ma78d3f5658ff92aa,markdown_it.rules_inline.autolink.x_autolink__mutmut_12,specified,markdown_it/rules_inline/autolink.py,autolink,24,            return False,            return True,timeout,unreviewed,,tests/task/phase1/task.py::test_file;tests/task/phase1/task.py::test_spec,mutmut show 'markdown_it.rules_inline.autolink.x_autolink__mutmut_12',mutmut tests-for-mutant 'markdown_it.rules_inline.autolink.x_autolink__mutmut_12',mutmut run 'markdown_it.rules_inline.autolink.x_autolink__mutmut_12'
Ma7b28ec11ebede8a,markdown_it.rules_block.list.x_list_block__mutmut_117,specified,markdown_it/rules_block/list.py,list_block,195,    while nextLine < endLine:,    while nextLine <= endLine:,survived,unreviewed,,tests/task/phase1/task.py::test_core_after;tests/task/phase1/task.py::test_file;tests/task/phase1/task.py::test_spec;tests/task/task2.py::test_make_fence_at,mutmut show 'markdown_it.rules_block.list.x_list_block__mutmut_117',mutmut tests-for-mutant 'markdown_it.rules_block.list.x_list_block__mutmut_117',mutmut run 'markdown_it.rules_block.list.x_list_block__mutmut_117'
Ma7e34db94186dab5,markdown_it.rules_inline.emphasis.x_tokenize__mutmut_25,specified,markdown_it/rules_inline/emphasis.py,tokenize,22,"        token = state.push(""text"", """", 0)","        token = state.push(""text"", ""XXXX"", 0)",survived,unreviewed,,tests/task/phase1/task.py::test_file;tests/task/phase1/task.py::test_spec,mutmut show 'markdown_it.rules_inline.emphasis.x_tokenize__mutmut_25',mutmut tests-for-mutant 'markdown_it.rules_inline.emphasis.x_tokenize__mutmut_25',mutmut run 'markdown_it.rules_inline.emphasis.x_tokenize__mutmut_25'
Ma808dbea7edcb3db,markdown_it.rules_block.reference.x_reference__mutmut_102,specified,markdown_it/rules_block/reference.py,reference,63,    while pos < maximum:,    while pos <= maximum:,survived,unreviewed,,tests/task/phase1/task.py::test_core_after;tests/task/phase1/task.py::test_file;tests/task/phase1/task.py::test_spec;tests/task/task2.py::test_make_fence_at,mutmut show 'markdown_it.rules_block.reference.x_reference__mutmut_102',mutmut tests-for-mutant 'markdown_it.rules_block.reference.x_reference__mutmut_102',mutmut run 'markdown_it.rules_block.reference.x_reference__mutmut_102'
Ma82d50d0d1c2dd7c,markdown_it.rules_block.fence.x_make_fence_rule__mutmut_57,specified,markdown_it/rules_block/fence.py,make_fence_rule,90,            nextLine += 1,            nextLine += 2,survived,unreviewed,,tests/task/phase1/task.py::test_file;tests/task/task2.py::test_make_fence_after;tests/task/task2.py::test_make_fence_at,mutmut show 'markdown_it.rules_block.fence.x_make_fence_rule__mutmut_57',mutmut tests-for-mutant 'markdown_it.rules_block.fence.x_make_fence_rule__mutmut_57',mutmut run 'markdown_it.rules_block.fence.x_make_fence_rule__mutmut_57'
Ma89cbc49cca1439c,markdown_it.common.utils.x_isValidEntityCode__mutmut_39,specified,markdown_it/common/utils.py,isValidEntityCode,72,    if c >= 0x7F and c <= 0x9F:,    if c > 0x7F and c <= 0x9F:,survived,unreviewed,,tests/task/phase1/task.py::test_spec,mutmut show 'markdown_it.common.utils.x_isValidEntityCode__mutmut_39',mutmut tests-for-mutant 'markdown_it.common.utils.x_isValidEntityCode__mutmut_39',mutmut run 'markdown_it.common.utils.x_isValidEntityCode__mutmut_39'
Ma8b44b4adf282145,markdown_it.rules_inline.escape.x_escape__mutmut_26,specified,markdown_it/rules_inline/escape.py,escape,27,"            state.push(""hardbreak"", ""br"", 0)","            state.push(""hardbreak"", ""BR"", 0)",survived,unreviewed,,tests/task/phase1/task.py::test_file;tests/task/phase1/task.py::test_spec;tests/task/task2.py::test_make_fence_at,mutmut show 'markdown_it.rules_inline.escape.x_escape__mutmut_26',mutmut tests-for-mutant 'markdown_it.rules_inline.escape.x_escape__mutmut_26',mutmut run 'markdown_it.rules_inline.escape.x_escape__mutmut_26'
Ma8e4357b82538b00,markdown_it.rules_block.state_block.xǁStateBlockǁ__init____mutmut_17,specified,markdown_it/rules_block/state_block.py,__init__,54,    self.tight = False  # loose/tight mode for lists,    self.tight = True  # loose/tight mode for lists,survived,unreviewed,,tests/task/phase1/task.py::test_core_after;tests/task/phase1/task.py::test_file;tests/task/phase1/task.py::test_spec;tests/task/task2.py::test_make_fence_after;tests/task/task2.py::test_make_fence_at,mutmut show 'markdown_it.rules_block.state_block.xǁStateBlockǁ__init____mutmut_17',mutmut tests-for-mutant 'markdown_it.rules_block.state_block.xǁStateBlockǁ__init____mutmut_17',mutmut run 'markdown_it.rules_block.state_block.xǁStateBlockǁ__init____mutmut_17'
Ma8f6ead9b0802f3f,markdown_it.rules_inline.image.x_image__mutmut_24,specified,markdown_it/rules_inline/image.py,image,22,"    labelEnd = state.md.helpers.parseLinkLabel(state, state.pos + 1, False)","    labelEnd = state.md.helpers.parseLinkLabel(state, state.pos + 1, None)",survived,unreviewed,,tests/task/phase1/task.py::test_file;tests/task/phase1/task.py::test_spec,mutmut show 'markdown_it.rules_inline.image.x_image__mutmut_24',mutmut tests-for-mutant 'markdown_it.rules_inline.image.x_image__mutmut_24',mutmut run 'markdown_it.rules_inline.image.x_image__mutmut_24'
Ma982346a0e1b4e2b,markdown_it.rules_block.list.x_list_block__mutmut_182,specified,markdown_it/rules_block/list.py,list_block,240,"        if state.md.options.get(""tasklists"", False) and contentStart < maximum:","        if state.md.options.get(""tasklists"", True) and contentStart < maximum:",survived,unreviewed,,tests/task/phase1/task.py::test_core_after;tests/task/phase1/task.py::test_file;tests/task/phase1/task.py::test_spec;tests/task/task2.py::test_make_fence_at,mutmut show 'markdown_it.rules_block.list.x_list_block__mutmut_182',mutmut tests-for-mutant 'markdown_it.rules_block.list.x_list_block__mutmut_182',mutmut run 'markdown_it.rules_block.list.x_list_block__mutmut_182'
Ma9bf9ef0e060e558,markdown_it.cli.parse.x_parse_args__mutmut_48,specified,markdown_it/cli/parse.py,parse_args,118,"        ""filenames"", nargs=""*"", help=""specify an optional list of files to convert""","        ""FILENAMES"", nargs=""*"", help=""specify an optional list of files to convert""",no_tests,unreviewed,,,mutmut show 'markdown_it.cli.parse.x_parse_args__mutmut_48',mutmut tests-for-mutant 'markdown_it.cli.parse.x_parse_args__mutmut_48',mutmut run 'markdown_it.cli.parse.x_parse_args__mutmut_48'
Ma9f8af47f651c592,markdown_it.presets.xǁgfm_likeǁmake__mutmut_22,specified,markdown_it/presets/__init__.py,make,24,"    config[""components""][""inline""][""rules""].extend([""strikethrough"", ""linkify""])","    config[""COMPONENTS""][""inline""][""rules""].extend([""strikethrough"", ""linkify""])",survived,unreviewed,,tests/task/phase1/task.py::test_file,mutmut show 'markdown_it.presets.xǁgfm_likeǁmake__mutmut_22',mutmut tests-for-mutant 'markdown_it.presets.xǁgfm_likeǁmake__mutmut_22',mutmut run 'markdown_it.presets.xǁgfm_likeǁmake__mutmut_22'
Maa21e345628e5a7e,markdown_it.parser_inline.xǁParserInlineǁtokenize__mutmut_15,specified,markdown_it/parser_inline.py,tokenize,191,"                ok = rule(state, False)","                ok = rule(state, None)",survived,unreviewed,,tests/task/phase1/task.py::test_core_after;tests/task/phase1/task.py::test_file;tests/task/phase1/task.py::test_spec;tests/task/task2.py::test_make_fence_at,mutmut show 'markdown_it.parser_inline.xǁParserInlineǁtokenize__mutmut_15',mutmut tests-for-mutant 'markdown_it.parser_inline.xǁParserInlineǁtokenize__mutmut_15',mutmut run 'markdown_it.parser_inline.xǁParserInlineǁtokenize__mutmut_15'
Maa4867d96cc3337c,markdown_it.rules_inline.link.x_link__mutmut_40,specified,markdown_it/rules_inline/link.py,link,39,        while pos < maximum:,        while pos <= maximum:,survived,unreviewed,,tests/task/phase1/task.py::test_file;tests/task/phase1/task.py::test_spec,mutmut show 'markdown_it.rules_inline.link.x_link__mutmut_40',mutmut tests-for-mutant 'markdown_it.rules_inline.link.x_link__mutmut_40',mutmut run 'markdown_it.rules_inline.link.x_link__mutmut_40'
Maa7377d3aa116d83,markdown_it.presets.zero.x_make__mutmut_57,specified,markdown_it/presets/zero.py,make,40,"                ""rules"": [""text""],","                ""RULES"": [""text""],",survived,unreviewed,,tests/task/phase1/task.py::test_file,mutmut show 'markdown_it.presets.zero.x_make__mutmut_57',mutmut tests-for-mutant 'markdown_it.presets.zero.x_make__mutmut_57',mutmut run 'markdown_it.presets.zero.x_make__mutmut_57'
Maa8f7b9a49443706,markdown_it.rules_block.lheading.x_lheading__mutmut_67,specified,markdown_it/rules_block/lheading.py,lheading,51,            continue,            break,survived,unreviewed,,tests/task/phase1/task.py::test_core_after;tests/task/phase1/task.py::test_file;tests/task/phase1/task.py::test_spec;tests/task/task2.py::test_make_fence_at,mutmut show 'markdown_it.rules_block.lheading.x_lheading__mutmut_67',mutmut tests-for-mutant 'markdown_it.rules_block.lheading.x_lheading__mutmut_67',mutmut run 'markdown_it.rules_block.lheading.x_lheading__mutmut_67'
Maa973155728122e1,markdown_it.rules_block.code.x_code__mutmut_5,specified,markdown_it/rules_block/code.py,code,11,"    LOGGER.debug(""entering code: %s, %s, %s, %s"", state, startLine, endLine, silent)","    LOGGER.debug(""entering code: %s, %s, %s, %s"", state, startLine, endLine, None)",survived,unreviewed,,tests/task/phase1/task.py::test_core_after;tests/task/phase1/task.py::test_file;tests/task/phase1/task.py::test_spec;tests/task/task2.py::test_make_fence_after;tests/task/task2.py::test_make_fence_at,mutmut show 'markdown_it.rules_block.code.x_code__mutmut_5',mutmut tests-for-mutant 'markdown_it.rules_block.code.x_code__mutmut_5',mutmut run 'markdown_it.rules_block.code.x_code__mutmut_5'
Maabd614c27e72836,markdown_it.rules_inline.emphasis.x__postProcess__mutmut_82,specified,markdown_it/rules_inline/emphasis.py,_postProcess,85,        token.markup = ch + ch if isStrong else ch,        token.markup = None,survived,unreviewed,,tests/task/phase1/task.py::test_core_after;tests/task/phase1/task.py::test_file;tests/task/phase1/task.py::test_spec;tests/task/task2.py::test_make_fence_at,mutmut show 'markdown_it.rules_inline.emphasis.x__postProcess__mutmut_82',mutmut tests-for-mutant 'markdown_it.rules_inline.emphasis.x__postProcess__mutmut_82',mutmut run 'markdown_it.rules_inline.emphasis.x__postProcess__mutmut_82'
Maaefef0164dc1404,markdown_it.rules_inline.state_inline.xǁStateInlineǁscanDelims__mutmut_27,specified,markdown_it/rules_inline/state_inline.py,scanDelims,146,    isNextPunctChar = isMdAsciiPunct(ord(nextChar)) or isPunctChar(nextChar),    isNextPunctChar = isMdAsciiPunct(ord(nextChar)) and isPunctChar(nextChar),survived,unreviewed,,tests/task/phase1/task.py::test_file;tests/task/phase1/task.py::test_spec,mutmut show 'markdown_it.rules_inline.state_inline.xǁStateInlineǁscanDelims__mutmut_27',mutmut tests-for-mutant 'markdown_it.rules_inline.state_inline.xǁStateInlineǁscanDelims__mutmut_27',mutmut run 'markdown_it.rules_inline.state_inline.xǁStateInlineǁscanDelims__mutmut_27'
Maaf145812182f8d7,markdown_it.presets.commonmark.x_make__mutmut_48,specified,markdown_it/presets/commonmark.py,make,45,"            ""block"": {","            ""XXblockXX"": {",survived,unreviewed,,tests/task/phase1/task.py::test_file,mutmut show 'markdown_it.presets.commonmark.x_make__mutmut_48',mutmut tests-for-mutant 'markdown_it.presets.commonmark.x_make__mutmut_48',mutmut run 'markdown_it.presets.commonmark.x_make__mutmut_48'
Maaf1df106514e802,markdown_it.rules_inline.escape.x_escape__mutmut_5,specified,markdown_it/rules_inline/escape.py,escape,15,        return False,        return True,timeout,unreviewed,,tests/task/phase1/task.py::test_file;tests/task/phase1/task.py::test_spec;tests/task/task2.py::test_make_fence_at,mutmut show 'markdown_it.rules_inline.escape.x_escape__mutmut_5',mutmut tests-for-mutant 'markdown_it.rules_inline.escape.x_escape__mutmut_5',mutmut run 'markdown_it.rules_inline.escape.x_escape__mutmut_5'
Maafd6dc17cf90efb,markdown_it.common.utils.x_isValidEntityCode__mutmut_35,specified,markdown_it/common/utils.py,isValidEntityCode,70,    if c >= 0x0E and c <= 0x1F:,    if c >= 0x0E and c < 0x1F:,survived,unreviewed,,tests/task/phase1/task.py::test_spec,mutmut show 'markdown_it.common.utils.x_isValidEntityCode__mutmut_35',mutmut tests-for-mutant 'markdown_it.common.utils.x_isValidEntityCode__mutmut_35',mutmut run 'markdown_it.common.utils.x_isValidEntityCode__mutmut_35'
Mab0933243ae34ce3,markdown_it.rules_inline.fragments_join.x_fragments_join__mutmut_12,specified,markdown_it/rules_inline/fragments_join.py,fragments_join,23,        state.tokens[curr].level = level,        state.tokens[curr].level = None,survived,unreviewed,,tests/task/phase1/task.py::test_core_after;tests/task/phase1/task.py::test_file;tests/task/phase1/task.py::test_spec;tests/task/task2.py::test_make_fence_at,mutmut show 'markdown_it.rules_inline.fragments_join.x_fragments_join__mutmut_12',mutmut tests-for-mutant 'markdown_it.rules_inline.fragments_join.x_fragments_join__mutmut_12',mutmut run 'markdown_it.rules_inline.fragments_join.x_fragments_join__mutmut_12'
Mab2ca36f2dda893f,markdown_it.helpers.parse_link_title.x_parseLinkTitle__mutmut_57,specified,markdown_it/helpers/parse_link_title.py,parseLinkTitle,68,            pos += 1,            pos = 1,timeout,unreviewed,,tests/task/phase1/task.py::test_file;tests/task/phase1/task.py::test_spec,mutmut show 'markdown_it.helpers.parse_link_title.x_parseLinkTitle__mutmut_57',mutmut tests-for-mutant 'markdown_it.helpers.parse_link_title.x_parseLinkTitle__mutmut_57',mutmut run 'markdown_it.helpers.parse_link_title.x_parseLinkTitle__mutmut_57'
Mab5af73f6afad46d,markdown_it.rules_inline.link.x_link__mutmut_128,specified,markdown_it/rules_inline/link.py,link,99,            if pos >= 0:,            if pos > 0:,survived,unreviewed,,tests/task/phase1/task.py::test_file;tests/task/phase1/task.py::test_spec,mutmut show 'markdown_it.rules_inline.link.x_link__mutmut_128',mutmut tests-for-mutant 'markdown_it.rules_inline.link.x_link__mutmut_128',mutmut run 'markdown_it.rules_inline.link.x_link__mutmut_128'
Mab64e89627d185b2,markdown_it.rules_block.state_block.xǁStateBlockǁ__init____mutmut_28,specified,markdown_it/rules_block/state_block.py,__init__,62,    self.level = 0,    self.level = 1,survived,unreviewed,,tests/task/phase1/task.py::test_core_after;tests/task/phase1/task.py::test_file;tests/task/phase1/task.py::test_spec;tests/task/task2.py::test_make_fence_after;tests/task/task2.py::test_make_fence_at,mutmut show 'markdown_it.rules_block.state_block.xǁStateBlockǁ__init____mutmut_28',mutmut tests-for-mutant 'markdown_it.rules_block.state_block.xǁStateBlockǁ__init____mutmut_28',mutmut run 'markdown_it.rules_block.state_block.xǁStateBlockǁ__init____mutmut_28'
Mab698d2ab05efb93,markdown_it.rules_block.blockquote.x_blockquote__mutmut_85,specified,markdown_it/rules_block/blockquote.py,blockquote,83,                    - (offset + state.bsCount[startLine] + (1 if adjustTab else 0)) % 4,                    - (offset + state.bsCount[startLine] + (2 if adjustTab else 0)) % 4,survived,unreviewed,,tests/task/phase1/task.py::test_core_after;tests/task/phase1/task.py::test_file;tests/task/phase1/task.py::test_spec;tests/task/task2.py::test_make_fence_at,mutmut show 'markdown_it.rules_block.blockquote.x_blockquote__mutmut_85',mutmut tests-for-mutant 'markdown_it.rules_block.blockquote.x_blockquote__mutmut_85',mutmut run 'markdown_it.rules_block.blockquote.x_blockquote__mutmut_85'
Mab7f0be07b32e643,markdown_it.rules_block.code.x_code__mutmut_50,specified,markdown_it/rules_block/code.py,code,33,"    token.content = state.getLines(startLine, last, 4 + state.blkIndent, False) + ""\n""","    token.content = state.getLines(startLine, last, 4 + state.blkIndent, None) + ""\n""",survived,unreviewed,,tests/task/phase1/task.py::test_core_after;tests/task/phase1/task.py::test_file;tests/task/phase1/task.py::test_spec;tests/task/task2.py::test_make_fence_after;tests/task/task2.py::test_make_fence_at,mutmut show 'markdown_it.rules_block.code.x_code__mutmut_50',mutmut tests-for-mutant 'markdown_it.rules_block.code.x_code__mutmut_50',mutmut run 'markdown_it.rules_block.code.x_code__mutmut_50'
Mab93d046cfc135e2,markdown_it.rules_block.code.x_code__mutmut_43,specified,markdown_it/rules_block/code.py,code,32,"    token = state.push(""code_block"", ""code"", 0)","    token = state.push(""code_block"", ""CODE"", 0)",survived,unreviewed,,tests/task/phase1/task.py::test_core_after;tests/task/phase1/task.py::test_file;tests/task/phase1/task.py::test_spec;tests/task/task2.py::test_make_fence_after;tests/task/task2.py::test_make_fence_at,mutmut show 'markdown_it.rules_block.code.x_code__mutmut_43',mutmut tests-for-mutant 'markdown_it.rules_block.code.x_code__mutmut_43',mutmut run 'markdown_it.rules_block.code.x_code__mutmut_43'
Mabba362953c0ba2d,markdown_it.cli.parse.x_parse_args__mutmut_24,specified,markdown_it/cli/parse.py,parse_args,113,"    parser.add_argument(""-v"", ""--version"", action=""version"", version=version_str)","    parser.add_argument(""-v"", ""XX--versionXX"", action=""version"", version=version_str)",no_tests,unreviewed,,,mutmut show 'markdown_it.cli.parse.x_parse_args__mutmut_24',mutmut tests-for-mutant 'markdown_it.cli.parse.x_parse_args__mutmut_24',mutmut run 'markdown_it.cli.parse.x_parse_args__mutmut_24'
Mac02641dc941e84b,markdown_it.rules_inline.entity.x_entity__mutmut_76,specified,markdown_it/rules_inline/entity.py,entity,45,"                token = state.push(""text_special"", """", 0)","                token = state.push(""text_special"", ""XXXX"", 0)",survived,unreviewed,,tests/task/phase1/task.py::test_file;tests/task/phase1/task.py::test_spec,mutmut show 'markdown_it.rules_inline.entity.x_entity__mutmut_76',mutmut tests-for-mutant 'markdown_it.rules_inline.entity.x_entity__mutmut_76',mutmut run 'markdown_it.rules_inline.entity.x_entity__mutmut_76'
Mac070ccc5968a986,markdown_it.rules_block.state_block.xǁStateBlockǁ__init____mutmut_72,specified,markdown_it/rules_block/state_block.py,__init__,94,            self.bsCount.append(0),            self.bsCount.append(1),survived,unreviewed,,tests/task/phase1/task.py::test_core_after;tests/task/phase1/task.py::test_file;tests/task/phase1/task.py::test_spec;tests/task/task2.py::test_make_fence_after;tests/task/task2.py::test_make_fence_at,mutmut show 'markdown_it.rules_block.state_block.xǁStateBlockǁ__init____mutmut_72',mutmut tests-for-mutant 'markdown_it.rules_block.state_block.xǁStateBlockǁ__init____mutmut_72',mutmut run 'markdown_it.rules_block.state_block.xǁStateBlockǁ__init____mutmut_72'
Mac1520103f525041,markdown_it.presets.commonmark.x_make__mutmut_69,specified,markdown_it/presets/commonmark.py,make,55,"                    ""reference"",","                    ""REFERENCE"",",survived,unreviewed,,tests/task/phase1/task.py::test_file,mutmut show 'markdown_it.presets.commonmark.x_make__mutmut_69',mutmut tests-for-mutant 'markdown_it.presets.commonmark.x_make__mutmut_69',mutmut run 'markdown_it.presets.commonmark.x_make__mutmut_69'
Mac2a101f719ab1bb,markdown_it.rules_inline.image.x_image__mutmut_140,specified,markdown_it/rules_inline/image.py,image,103,                pos += 1,                pos += 2,survived,unreviewed,,tests/task/phase1/task.py::test_file;tests/task/phase1/task.py::test_spec,mutmut show 'markdown_it.rules_inline.image.x_image__mutmut_140',mutmut tests-for-mutant 'markdown_it.rules_inline.image.x_image__mutmut_140',mutmut run 'markdown_it.rules_inline.image.x_image__mutmut_140'
Mac96693ada3a7b49,markdown_it.presets.xǁgfm_likeǁmake__mutmut_51,specified,markdown_it/presets/__init__.py,make,27,"    config[""options""][""html""] = True","    config[""options""][""html""] = False",survived,unreviewed,,tests/task/phase1/task.py::test_file,mutmut show 'markdown_it.presets.xǁgfm_likeǁmake__mutmut_51',mutmut tests-for-mutant 'markdown_it.presets.xǁgfm_likeǁmake__mutmut_51',mutmut run 'markdown_it.presets.xǁgfm_likeǁmake__mutmut_51'
Macc618a8e46cc0cc,markdown_it.rules_block.list.x_list_block__mutmut_315,specified,markdown_it/rules_block/list.py,list_block,351,"    if state.md.options.get(""tasklists"", False):","    if state.md.options.get(""TASKLISTS"", False):",survived,unreviewed,,tests/task/phase1/task.py::test_core_after;tests/task/phase1/task.py::test_file;tests/task/phase1/task.py::test_spec;tests/task/task2.py::test_make_fence_at,mutmut show 'markdown_it.rules_block.list.x_list_block__mutmut_315',mutmut tests-for-mutant 'markdown_it.rules_block.list.x_list_block__mutmut_315',mutmut run 'markdown_it.rules_block.list.x_list_block__mutmut_315'
Maccb70df7fb520ae,markdown_it.rules_block.fence.x_make_fence_rule__mutmut_22,specified,markdown_it/rules_block/fence.py,make_fence_rule,49,"            ""entering fence: %s, %s, %s, %s"", state, startLine, endLine, silent","            ""ENTERING FENCE: %S, %S, %S, %S"", state, startLine, endLine, silent",survived,unreviewed,,tests/task/phase1/task.py::test_file;tests/task/task2.py::test_make_fence_after;tests/task/task2.py::test_make_fence_at,mutmut show 'markdown_it.rules_block.fence.x_make_fence_rule__mutmut_22',mutmut tests-for-mutant 'markdown_it.rules_block.fence.x_make_fence_rule__mutmut_22',mutmut run 'markdown_it.rules_block.fence.x_make_fence_rule__mutmut_22'
Mad1f80325ab9c230,markdown_it.rules_inline.state_inline.xǁStateInlineǁpush__mutmut_8,specified,markdown_it/rules_inline/state_inline.py,push,100,    token_meta = None,"    token_meta = """"",survived,unreviewed,,tests/task/phase1/task.py::test_file;tests/task/phase1/task.py::test_spec;tests/task/task2.py::test_make_fence_at,mutmut show 'markdown_it.rules_inline.state_inline.xǁStateInlineǁpush__mutmut_8',mutmut tests-for-mutant 'markdown_it.rules_inline.state_inline.xǁStateInlineǁpush__mutmut_8',mutmut run 'markdown_it.rules_inline.state_inline.xǁStateInlineǁpush__mutmut_8'
Mad25b308ca550211,markdown_it.presets.commonmark.x_make__mutmut_37,specified,markdown_it/presets/commonmark.py,make,44,"            ""core"": {""rules"": [""normalize"", ""block"", ""inline"", ""text_join""]},","            ""CORE"": {""rules"": [""normalize"", ""block"", ""inline"", ""text_join""]},",survived,unreviewed,,tests/task/phase1/task.py::test_file,mutmut show 'markdown_it.presets.commonmark.x_make__mutmut_37',mutmut tests-for-mutant 'markdown_it.presets.commonmark.x_make__mutmut_37',mutmut run 'markdown_it.presets.commonmark.x_make__mutmut_37'
Mad2caad1d5a7ab76,markdown_it.presets.commonmark.x_make__mutmut_99,specified,markdown_it/presets/commonmark.py,make,72,"                ""rules2"": [""balance_pairs"", ""emphasis"", ""fragments_join""],","                ""rules2"": [""BALANCE_PAIRS"", ""emphasis"", ""fragments_join""],",survived,unreviewed,,tests/task/phase1/task.py::test_file,mutmut show 'markdown_it.presets.commonmark.x_make__mutmut_99',mutmut tests-for-mutant 'markdown_it.presets.commonmark.x_make__mutmut_99',mutmut run 'markdown_it.presets.commonmark.x_make__mutmut_99'
Mad6bb7c78a6c5638,markdown_it.rules_block.lheading.x_lheading__mutmut_126,specified,markdown_it/rules_block/lheading.py,lheading,76,"    token = state.push(""inline"", """", 0)","    token = state.push(""inline"", ""XXXX"", 0)",survived,unreviewed,,tests/task/phase1/task.py::test_core_after;tests/task/phase1/task.py::test_file;tests/task/phase1/task.py::test_spec;tests/task/task2.py::test_make_fence_at,mutmut show 'markdown_it.rules_block.lheading.x_lheading__mutmut_126',mutmut tests-for-mutant 'markdown_it.rules_block.lheading.x_lheading__mutmut_126',mutmut run 'markdown_it.rules_block.lheading.x_lheading__mutmut_126'
Mad7056c43fbecf3e,markdown_it.rules_block.fence.x_make_fence_rule__mutmut_48,specified,markdown_it/rules_block/fence.py,make_fence_rule,79,        if marker in disallow_marker_in_info and marker in params:,        if marker in disallow_marker_in_info or marker in params:,survived,unreviewed,,tests/task/phase1/task.py::test_file;tests/task/task2.py::test_make_fence_after;tests/task/task2.py::test_make_fence_at,mutmut show 'markdown_it.rules_block.fence.x_make_fence_rule__mutmut_48',mutmut tests-for-mutant 'markdown_it.rules_block.fence.x_make_fence_rule__mutmut_48',mutmut run 'markdown_it.rules_block.fence.x_make_fence_rule__mutmut_48'
Mad7bc769c33bb184,markdown_it.rules_block.list.x_markTightParagraphs__mutmut_23,specified,markdown_it/rules_block/list.py,markTightParagraphs,97,            i += 2,            i -= 2,timeout,unreviewed,,tests/task/phase1/task.py::test_file;tests/task/phase1/task.py::test_spec,mutmut show 'markdown_it.rules_block.list.x_markTightParagraphs__mutmut_23',mutmut tests-for-mutant 'markdown_it.rules_block.list.x_markTightParagraphs__mutmut_23',mutmut run 'markdown_it.rules_block.list.x_markTightParagraphs__mutmut_23'
Madca085503936daa,markdown_it.main.xǁMarkdownItǁenable__mutmut_1,specified,markdown_it/main.py,enable,161,"    self, names: str | Iterable[str], ignoreInvalid: bool = False","    self, names: str | Iterable[str], ignoreInvalid: bool = True",no_tests,unreviewed,,,mutmut show 'markdown_it.main.xǁMarkdownItǁenable__mutmut_1',mutmut tests-for-mutant 'markdown_it.main.xǁMarkdownItǁenable__mutmut_1',mutmut run 'markdown_it.main.xǁMarkdownItǁenable__mutmut_1'
Made9f6230aaa131e,markdown_it.rules_block.lheading.x_lheading__mutmut_140,specified,markdown_it/rules_block/lheading.py,lheading,81,"    token = state.push(""heading_close"", ""h"" + str(level), -1)","    token = state.push(""XXheading_closeXX"", ""h"" + str(level), -1)",survived,unreviewed,,tests/task/phase1/task.py::test_core_after;tests/task/phase1/task.py::test_file;tests/task/phase1/task.py::test_spec;tests/task/task2.py::test_make_fence_at,mutmut show 'markdown_it.rules_block.lheading.x_lheading__mutmut_140',mutmut tests-for-mutant 'markdown_it.rules_block.lheading.x_lheading__mutmut_140',mutmut run 'markdown_it.rules_block.lheading.x_lheading__mutmut_140'
Mae2c5b620f336abc,markdown_it.rules_inline.autolink.x_autolink__mutmut_117,specified,markdown_it/rules_inline/autolink.py,autolink,64,"            token.markup = ""autolink""","            token.markup = ""AUTOLINK""",survived,unreviewed,,tests/task/phase1/task.py::test_file;tests/task/phase1/task.py::test_spec,mutmut show 'markdown_it.rules_inline.autolink.x_autolink__mutmut_117',mutmut tests-for-mutant 'markdown_it.rules_inline.autolink.x_autolink__mutmut_117',mutmut run 'markdown_it.rules_inline.autolink.x_autolink__mutmut_117'
Mae35ee593813f041,markdown_it._punycode.x_map_domain__mutmut_16,specified,markdown_it/_punycode.py,map_domain,48,"    encoded = ""."".join(fn(label) for label in labels)",    encoded = None,survived,unreviewed,,tests/task/phase1/task.py::test_file;tests/task/phase1/task.py::test_spec,mutmut show 'markdown_it._punycode.x_map_domain__mutmut_16',mutmut tests-for-mutant 'markdown_it._punycode.x_map_domain__mutmut_16',mutmut run 'markdown_it._punycode.x_map_domain__mutmut_16'
Mae6da653439e6293,markdown_it.rules_block.code.x_code__mutmut_35,specified,markdown_it/rules_block/code.py,code,32,"    token = state.push(""code_block"", ""code"", 0)","    token = state.push(""code_block"", None, 0)",survived,unreviewed,,tests/task/phase1/task.py::test_core_after;tests/task/phase1/task.py::test_file;tests/task/phase1/task.py::test_spec;tests/task/task2.py::test_make_fence_after;tests/task/task2.py::test_make_fence_at,mutmut show 'markdown_it.rules_block.code.x_code__mutmut_35',mutmut tests-for-mutant 'markdown_it.rules_block.code.x_code__mutmut_35',mutmut run 'markdown_it.rules_block.code.x_code__mutmut_35'
Mae8ecddc1a57a31b,markdown_it.presets.xǁgfm_like2ǁmake__mutmut_13,specified,markdown_it/presets/__init__.py,make,45,"    config[""options""][""tasklists_editable""] = False","    config[""options""][""tasklists_editable""] = True",survived,unreviewed,,tests/task/phase1/task.py::test_file,mutmut show 'markdown_it.presets.xǁgfm_like2ǁmake__mutmut_13',mutmut tests-for-mutant 'markdown_it.presets.xǁgfm_like2ǁmake__mutmut_13',mutmut run 'markdown_it.presets.xǁgfm_like2ǁmake__mutmut_13'
Mae8f3831c1f6967d,markdown_it.common.utils.x_isLinkClose__mutmut_1,specified,markdown_it/common/utils.py,isLinkClose,313,    return bool(LINK_CLOSE_RE.search(string)),    return bool(None),survived,unreviewed,,tests/task/phase1/task.py::test_spec,mutmut show 'markdown_it.common.utils.x_isLinkClose__mutmut_1',mutmut tests-for-mutant 'markdown_it.common.utils.x_isLinkClose__mutmut_1',mutmut run 'markdown_it.common.utils.x_isLinkClose__mutmut_1'
Maea0eb80a85c7dfb,markdown_it.presets.commonmark.x_make__mutmut_14,specified,markdown_it/presets/commonmark.py,make,23,"            ""typographer"": False,","            ""TYPOGRAPHER"": False,",survived,unreviewed,,tests/task/phase1/task.py::test_file,mutmut show 'markdown_it.presets.commonmark.x_make__mutmut_14',mutmut tests-for-mutant 'markdown_it.presets.commonmark.x_make__mutmut_14',mutmut run 'markdown_it.presets.commonmark.x_make__mutmut_14'
Maef2111b86ce85c7,markdown_it.rules_inline.newline.x_newline__mutmut_33,specified,markdown_it/rules_inline/newline.py,newline,25,"                while ws >= 1 and charStrAt(state.pending, ws - 1) == "" "":","                while ws >= 1 or charStrAt(state.pending, ws - 1) == "" "":",survived,unreviewed,,tests/task/phase1/task.py::test_file;tests/task/phase1/task.py::test_spec;tests/task/task2.py::test_make_fence_at,mutmut show 'markdown_it.rules_inline.newline.x_newline__mutmut_33',mutmut tests-for-mutant 'markdown_it.rules_inline.newline.x_newline__mutmut_33',mutmut run 'markdown_it.rules_inline.newline.x_newline__mutmut_33'
Maf2a9f9c50a03462,markdown_it.rules_block.state_block.xǁStateBlockǁ__init____mutmut_30,specified,markdown_it/rules_block/state_block.py,__init__,65,"    self.result = """"","    self.result = ""XXXX""",survived,unreviewed,,tests/task/phase1/task.py::test_core_after;tests/task/phase1/task.py::test_file;tests/task/phase1/task.py::test_spec;tests/task/task2.py::test_make_fence_after;tests/task/task2.py::test_make_fence_at,mutmut show 'markdown_it.rules_block.state_block.xǁStateBlockǁ__init____mutmut_30',mutmut tests-for-mutant 'markdown_it.rules_block.state_block.xǁStateBlockǁ__init____mutmut_30',mutmut run 'markdown_it.rules_block.state_block.xǁStateBlockǁ__init____mutmut_30'
Maf2b3d4fdf29cacc,markdown_it.rules_inline.html_inline.x_html_inline__mutmut_53,specified,markdown_it/rules_inline/html_inline.py,html_inline,40,            state.linkLevel -= 1,            state.linkLevel += 1,survived,unreviewed,,tests/task/phase1/task.py::test_file;tests/task/phase1/task.py::test_spec,mutmut show 'markdown_it.rules_inline.html_inline.x_html_inline__mutmut_53',mutmut tests-for-mutant 'markdown_it.rules_inline.html_inline.x_html_inline__mutmut_53',mutmut run 'markdown_it.rules_inline.html_inline.x_html_inline__mutmut_53'
Maf7555979b518a0f,markdown_it.rules_inline.image.x_image__mutmut_90,specified,markdown_it/rules_inline/image.py,image,69,"        res = state.md.helpers.parseLinkTitle(state.src, pos, state.posMax, None)","        res = state.md.helpers.parseLinkTitle(state.src, pos, state.posMax, )",survived,unreviewed,,tests/task/phase1/task.py::test_file;tests/task/phase1/task.py::test_spec,mutmut show 'markdown_it.rules_inline.image.x_image__mutmut_90',mutmut tests-for-mutant 'markdown_it.rules_inline.image.x_image__mutmut_90',mutmut run 'markdown_it.rules_inline.image.x_image__mutmut_90'
Maff26473ecf4c2ca,markdown_it.rules_block.blockquote.x_blockquote__mutmut_209,specified,markdown_it/rules_block/blockquote.py,blockquote,219,                state.sCount[nextLine] + 1 + (1 if spaceAfterMarker else 0),                state.sCount[nextLine] + 1 - (1 if spaceAfterMarker else 0),survived,unreviewed,,tests/task/phase1/task.py::test_core_after;tests/task/phase1/task.py::test_file;tests/task/phase1/task.py::test_spec;tests/task/task2.py::test_make_fence_at,mutmut show 'markdown_it.rules_block.blockquote.x_blockquote__mutmut_209',mutmut tests-for-mutant 'markdown_it.rules_block.blockquote.x_blockquote__mutmut_209',mutmut run 'markdown_it.rules_block.blockquote.x_blockquote__mutmut_209'
Mb00641b831603f9b,markdown_it.presets.xǁgfm_likeǁmake__mutmut_27,specified,markdown_it/presets/__init__.py,make,24,"    config[""components""][""inline""][""rules""].extend([""strikethrough"", ""linkify""])","    config[""components""][""inline""][""rules""].extend([""XXstrikethroughXX"", ""linkify""])",survived,unreviewed,,tests/task/phase1/task.py::test_file,mutmut show 'markdown_it.presets.xǁgfm_likeǁmake__mutmut_27',mutmut tests-for-mutant 'markdown_it.presets.xǁgfm_likeǁmake__mutmut_27',mutmut run 'markdown_it.presets.xǁgfm_likeǁmake__mutmut_27'
Mb03b9a8a59a7964c,markdown_it.rules_block.blockquote.x_blockquote__mutmut_213,specified,markdown_it/rules_block/blockquote.py,blockquote,219,                state.sCount[nextLine] + 1 + (1 if spaceAfterMarker else 0),                state.sCount[nextLine] + 1 + (1 if spaceAfterMarker else 1),survived,unreviewed,,tests/task/phase1/task.py::test_core_after;tests/task/phase1/task.py::test_file;tests/task/phase1/task.py::test_spec;tests/task/task2.py::test_make_fence_at,mutmut show 'markdown_it.rules_block.blockquote.x_blockquote__mutmut_213',mutmut tests-for-mutant 'markdown_it.rules_block.blockquote.x_blockquote__mutmut_213',mutmut run 'markdown_it.rules_block.blockquote.x_blockquote__mutmut_213'
Mb043c537714f7f73,markdown_it.rules_inline.escape.x_escape__mutmut_49,specified,markdown_it/rules_inline/escape.py,escape,41,    if ch1_ord >= 0xD800 and ch1_ord <= 0xDBFF and pos + 1 < maximum:,    if ch1_ord >= 0xD800 and ch1_ord <= 0xDBFF and pos + 2 < maximum:,survived,unreviewed,,tests/task/phase1/task.py::test_file;tests/task/phase1/task.py::test_spec;tests/task/task2.py::test_make_fence_at,mutmut show 'markdown_it.rules_inline.escape.x_escape__mutmut_49',mutmut tests-for-mutant 'markdown_it.rules_inline.escape.x_escape__mutmut_49',mutmut run 'markdown_it.rules_inline.escape.x_escape__mutmut_49'
Mb05658e87f9ca7ca,markdown_it.rules_block.heading.x_heading__mutmut_3,specified,markdown_it/rules_block/heading.py,heading,14,"    LOGGER.debug(""entering heading: %s, %s, %s, %s"", state, startLine, endLine, silent)","    LOGGER.debug(""entering heading: %s, %s, %s, %s"", state, None, endLine, silent)",survived,unreviewed,,tests/task/phase1/task.py::test_core_after;tests/task/phase1/task.py::test_file;tests/task/phase1/task.py::test_spec;tests/task/task2.py::test_make_fence_at,mutmut show 'markdown_it.rules_block.heading.x_heading__mutmut_3',mutmut tests-for-mutant 'markdown_it.rules_block.heading.x_heading__mutmut_3',mutmut run 'markdown_it.rules_block.heading.x_heading__mutmut_3'
Mb081047c7ac26224,markdown_it.cli.parse.x_parse_args__mutmut_26,specified,markdown_it/cli/parse.py,parse_args,113,"    parser.add_argument(""-v"", ""--version"", action=""version"", version=version_str)","    parser.add_argument(""-v"", ""--version"", action=""XXversionXX"", version=version_str)",no_tests,unreviewed,,,mutmut show 'markdown_it.cli.parse.x_parse_args__mutmut_26',mutmut tests-for-mutant 'markdown_it.cli.parse.x_parse_args__mutmut_26',mutmut run 'markdown_it.cli.parse.x_parse_args__mutmut_26'
Mb0a795fd7e56782e,markdown_it.rules_inline.entity.x_entity__mutmut_86,specified,markdown_it/rules_inline/entity.py,entity,48,"                token.info = ""entity""","                token.info = ""ENTITY""",survived,unreviewed,,tests/task/phase1/task.py::test_file;tests/task/phase1/task.py::test_spec,mutmut show 'markdown_it.rules_inline.entity.x_entity__mutmut_86',mutmut tests-for-mutant 'markdown_it.rules_inline.entity.x_entity__mutmut_86',mutmut run 'markdown_it.rules_inline.entity.x_entity__mutmut_86'
Mb0b4d4a3414aae1b,markdown_it.rules_block.blockquote.x_blockquote__mutmut_69,specified,markdown_it/rules_block/blockquote.py,blockquote,71,        spaceAfterMarker = False,        spaceAfterMarker = None,survived,unreviewed,,tests/task/phase1/task.py::test_core_after;tests/task/phase1/task.py::test_file;tests/task/phase1/task.py::test_spec;tests/task/task2.py::test_make_fence_at,mutmut show 'markdown_it.rules_block.blockquote.x_blockquote__mutmut_69',mutmut tests-for-mutant 'markdown_it.rules_block.blockquote.x_blockquote__mutmut_69',mutmut run 'markdown_it.rules_block.blockquote.x_blockquote__mutmut_69'
Mb0d23c24a7c6b89b,markdown_it.presets.commonmark.x_make__mutmut_84,specified,markdown_it/presets/commonmark.py,make,65,"                    ""escape"",","                    ""XXescapeXX"",",survived,unreviewed,,tests/task/phase1/task.py::test_file,mutmut show 'markdown_it.presets.commonmark.x_make__mutmut_84',mutmut tests-for-mutant 'markdown_it.presets.commonmark.x_make__mutmut_84',mutmut run 'markdown_it.presets.commonmark.x_make__mutmut_84'
Mb0d2b13776a4666b,markdown_it.rules_inline.autolink.x_autolink__mutmut_83,specified,markdown_it/rules_inline/autolink.py,autolink,51,"            token.info = ""auto""","            token.info = ""AUTO""",survived,unreviewed,,tests/task/phase1/task.py::test_file;tests/task/phase1/task.py::test_spec,mutmut show 'markdown_it.rules_inline.autolink.x_autolink__mutmut_83',mutmut tests-for-mutant 'markdown_it.rules_inline.autolink.x_autolink__mutmut_83',mutmut run 'markdown_it.rules_inline.autolink.x_autolink__mutmut_83'
Mb0ff2ec10feaf5c7,markdown_it.presets.default.x_make__mutmut_6,specified,markdown_it/presets/default.py,make,9,"            ""maxNesting"": 100,  # Internal protection, recursion limit","            ""maxNesting"": 101,  # Internal protection, recursion limit",survived,unreviewed,,tests/task/phase1/task.py::test_file,mutmut show 'markdown_it.presets.default.x_make__mutmut_6',mutmut tests-for-mutant 'markdown_it.presets.default.x_make__mutmut_6',mutmut run 'markdown_it.presets.default.x_make__mutmut_6'
Mb13a548d53527aa6,markdown_it.presets.xǁgfm_like2ǁmake__mutmut_22,specified,markdown_it/presets/__init__.py,make,47,"    config[""options""][""strikethrough_single_tilde""] = True","    config[""OPTIONS""][""strikethrough_single_tilde""] = True",survived,unreviewed,,tests/task/phase1/task.py::test_file,mutmut show 'markdown_it.presets.xǁgfm_like2ǁmake__mutmut_22',mutmut tests-for-mutant 'markdown_it.presets.xǁgfm_like2ǁmake__mutmut_22',mutmut run 'markdown_it.presets.xǁgfm_like2ǁmake__mutmut_22'
Mb1a1664e83939ec3,markdown_it.rules_block.state_block.xǁStateBlockǁ__init____mutmut_25,specified,markdown_it/rules_block/state_block.py,__init__,60,"    self.parentType = ""root""","    self.parentType = ""XXrootXX""",survived,unreviewed,,tests/task/phase1/task.py::test_core_after;tests/task/phase1/task.py::test_file;tests/task/phase1/task.py::test_spec;tests/task/task2.py::test_make_fence_after;tests/task/task2.py::test_make_fence_at,mutmut show 'markdown_it.rules_block.state_block.xǁStateBlockǁ__init____mutmut_25',mutmut tests-for-mutant 'markdown_it.rules_block.state_block.xǁStateBlockǁ__init____mutmut_25',mutmut run 'markdown_it.rules_block.state_block.xǁStateBlockǁ__init____mutmut_25'
Mb1c2ebd239843dcb,markdown_it.rules_inline.image.x_image__mutmut_209,specified,markdown_it/rules_inline/image.py,image,143,"        if label and state.md.options.get(""store_labels"", False):","        if label and state.md.options.get(""XXstore_labelsXX"", False):",survived,unreviewed,,tests/task/phase1/task.py::test_file;tests/task/phase1/task.py::test_spec,mutmut show 'markdown_it.rules_inline.image.x_image__mutmut_209',mutmut tests-for-mutant 'markdown_it.rules_inline.image.x_image__mutmut_209',mutmut run 'markdown_it.rules_inline.image.x_image__mutmut_209'
Mb1d425c3917390d4,markdown_it._punycode.x_map_domain__mutmut_7,specified,markdown_it/_punycode.py,map_domain,42,    if len(parts) > 1:,    if len(parts) > 2:,survived,unreviewed,,tests/task/phase1/task.py::test_file;tests/task/phase1/task.py::test_spec,mutmut show 'markdown_it._punycode.x_map_domain__mutmut_7',mutmut tests-for-mutant 'markdown_it._punycode.x_map_domain__mutmut_7',mutmut run 'markdown_it._punycode.x_map_domain__mutmut_7'
Mb21024246dc69282,markdown_it.rules_inline.autolink.x_autolink__mutmut_73,specified,markdown_it/rules_inline/autolink.py,autolink,49,"            token = state.push(""link_close"", ""a"", -1)","            token = state.push(""LINK_CLOSE"", ""a"", -1)",survived,unreviewed,,tests/task/phase1/task.py::test_file;tests/task/phase1/task.py::test_spec,mutmut show 'markdown_it.rules_inline.autolink.x_autolink__mutmut_73',mutmut tests-for-mutant 'markdown_it.rules_inline.autolink.x_autolink__mutmut_73',mutmut run 'markdown_it.rules_inline.autolink.x_autolink__mutmut_73'
Mb2346741cdf9d6cf,markdown_it.rules_inline.html_inline.x_isLetter__mutmut_8,specified,markdown_it/rules_inline/html_inline.py,isLetter,10,    return (lc >= 0x61) and (lc <= 0x7A),    return (lc >= 0x61) and (lc <= 123),survived,unreviewed,,tests/task/phase1/task.py::test_spec,mutmut show 'markdown_it.rules_inline.html_inline.x_isLetter__mutmut_8',mutmut tests-for-mutant 'markdown_it.rules_inline.html_inline.x_isLetter__mutmut_8',mutmut run 'markdown_it.rules_inline.html_inline.x_isLetter__mutmut_8'
Mb23676edca451f03,markdown_it.rules_block.blockquote.x_blockquote__mutmut_156,specified,markdown_it/rules_block/blockquote.py,blockquote,171,                spaceAfterMarker = True,                spaceAfterMarker = False,survived,unreviewed,,tests/task/phase1/task.py::test_core_after;tests/task/phase1/task.py::test_file;tests/task/phase1/task.py::test_spec;tests/task/task2.py::test_make_fence_at,mutmut show 'markdown_it.rules_block.blockquote.x_blockquote__mutmut_156',mutmut tests-for-mutant 'markdown_it.rules_block.blockquote.x_blockquote__mutmut_156',mutmut run 'markdown_it.rules_block.blockquote.x_blockquote__mutmut_156'
Mb25cab4a93be00f0,markdown_it.presets.xǁgfm_likeǁmake__mutmut_40,specified,markdown_it/presets/__init__.py,make,26,"    config[""options""][""linkify""] = True","    config[""options""][""linkify""] = None",survived,unreviewed,,tests/task/phase1/task.py::test_file,mutmut show 'markdown_it.presets.xǁgfm_likeǁmake__mutmut_40',mutmut tests-for-mutant 'markdown_it.presets.xǁgfm_likeǁmake__mutmut_40',mutmut run 'markdown_it.presets.xǁgfm_likeǁmake__mutmut_40'
Mb268b96391608a43,markdown_it.renderer.xǁRendererHTMLǁfence__mutmut_31,specified,markdown_it/renderer.py,fence,286,"    if highlighted.startswith(""<pre""):","    if highlighted.startswith(""XX<preXX""):",survived,unreviewed,,tests/task/phase1/task.py::test_file;tests/task/phase1/task.py::test_spec,mutmut show 'markdown_it.renderer.xǁRendererHTMLǁfence__mutmut_31',mutmut tests-for-mutant 'markdown_it.renderer.xǁRendererHTMLǁfence__mutmut_31',mutmut run 'markdown_it.renderer.xǁRendererHTMLǁfence__mutmut_31'
Mb26c5e0491572d0c,markdown_it.rules_block.blockquote.x_blockquote__mutmut_241,specified,markdown_it/rules_block/blockquote.py,blockquote,250,            if state.blkIndent != 0:,            if state.blkIndent != 1:,survived,unreviewed,,tests/task/phase1/task.py::test_core_after;tests/task/phase1/task.py::test_file;tests/task/phase1/task.py::test_spec;tests/task/task2.py::test_make_fence_at,mutmut show 'markdown_it.rules_block.blockquote.x_blockquote__mutmut_241',mutmut tests-for-mutant 'markdown_it.rules_block.blockquote.x_blockquote__mutmut_241',mutmut run 'markdown_it.rules_block.blockquote.x_blockquote__mutmut_241'
Mb2877bfd77b21e26,markdown_it.rules_inline.backticks.x_backtick__mutmut_38,specified,markdown_it/rules_inline/backticks.py,backtick,37,"            matchStart = state.src.index(""`"", matchEnd)","            matchStart = state.src.index(""`"", )",timeout,unreviewed,,tests/task/phase1/task.py::test_file;tests/task/phase1/task.py::test_spec;tests/task/task2.py::test_make_fence_at,mutmut show 'markdown_it.rules_inline.backticks.x_backtick__mutmut_38',mutmut tests-for-mutant 'markdown_it.rules_inline.backticks.x_backtick__mutmut_38',mutmut run 'markdown_it.rules_inline.backticks.x_backtick__mutmut_38'
Mb2e1fd54e5e6a03c,markdown_it.presets.zero.x_make__mutmut_65,specified,markdown_it/presets/zero.py,make,41,"                ""rules2"": [""balance_pairs"", ""fragments_join""],","                ""rules2"": [""balance_pairs"", ""FRAGMENTS_JOIN""],",survived,unreviewed,,tests/task/phase1/task.py::test_file,mutmut show 'markdown_it.presets.zero.x_make__mutmut_65',mutmut tests-for-mutant 'markdown_it.presets.zero.x_make__mutmut_65',mutmut run 'markdown_it.presets.zero.x_make__mutmut_65'
Mb3320dbe2305574a,markdown_it.rules_inline.balance_pairs.x_processDelimiters__mutmut_6,specified,markdown_it/rules_inline/balance_pairs.py,processDelimiters,18,    lastTokenIdx = -2  # needs any value lower than -1,    lastTokenIdx = None  # needs any value lower than -1,survived,unreviewed,,tests/task/phase1/task.py::test_core_after;tests/task/phase1/task.py::test_file;tests/task/phase1/task.py::test_spec;tests/task/task2.py::test_make_fence_at,mutmut show 'markdown_it.rules_inline.balance_pairs.x_processDelimiters__mutmut_6',mutmut tests-for-mutant 'markdown_it.rules_inline.balance_pairs.x_processDelimiters__mutmut_6',mutmut run 'markdown_it.rules_inline.balance_pairs.x_processDelimiters__mutmut_6'
Mb3667a797d011c24,markdown_it.rules_block.state_block.xǁStateBlockǁ__init____mutmut_64,specified,markdown_it/rules_block/state_block.py,__init__,89,                pos += 1,                pos = 1,survived,unreviewed,,tests/task/phase1/task.py::test_core_after;tests/task/phase1/task.py::test_file;tests/task/phase1/task.py::test_spec;tests/task/task2.py::test_make_fence_after;tests/task/task2.py::test_make_fence_at,mutmut show 'markdown_it.rules_block.state_block.xǁStateBlockǁ__init____mutmut_64',mutmut tests-for-mutant 'markdown_it.rules_block.state_block.xǁStateBlockǁ__init____mutmut_64',mutmut run 'markdown_it.rules_block.state_block.xǁStateBlockǁ__init____mutmut_64'
Mb385aa0bcb4a206b,markdown_it.rules_inline.backticks.x_backtick__mutmut_91,specified,markdown_it/rules_inline/backticks.py,backtick,67,    state.backticksScanned = True,    state.backticksScanned = None,survived,unreviewed,,tests/task/phase1/task.py::test_file;tests/task/phase1/task.py::test_spec;tests/task/task2.py::test_make_fence_at,mutmut show 'markdown_it.rules_inline.backticks.x_backtick__mutmut_91',mutmut tests-for-mutant 'markdown_it.rules_inline.backticks.x_backtick__mutmut_91',mutmut run 'markdown_it.rules_inline.backticks.x_backtick__mutmut_91'
Mb39f4689ad21353a,markdown_it.rules_inline.escape.x_escape__mutmut_47,specified,markdown_it/rules_inline/escape.py,escape,41,    if ch1_ord >= 0xD800 and ch1_ord <= 0xDBFF and pos + 1 < maximum:,    if ch1_ord >= 0xD800 and ch1_ord <= 56320 and pos + 1 < maximum:,survived,unreviewed,,tests/task/phase1/task.py::test_file;tests/task/phase1/task.py::test_spec;tests/task/task2.py::test_make_fence_at,mutmut show 'markdown_it.rules_inline.escape.x_escape__mutmut_47',mutmut tests-for-mutant 'markdown_it.rules_inline.escape.x_escape__mutmut_47',mutmut run 'markdown_it.rules_inline.escape.x_escape__mutmut_47'
Mb3b999f73820750f,markdown_it.rules_block.list.x_list_block__mutmut_312,specified,markdown_it/rules_block/list.py,list_block,351,"    if state.md.options.get(""tasklists"", False):",    if state.md.options.get(False):,survived,unreviewed,,tests/task/phase1/task.py::test_core_after;tests/task/phase1/task.py::test_file;tests/task/phase1/task.py::test_spec;tests/task/task2.py::test_make_fence_at,mutmut show 'markdown_it.rules_block.list.x_list_block__mutmut_312',mutmut tests-for-mutant 'markdown_it.rules_block.list.x_list_block__mutmut_312',mutmut run 'markdown_it.rules_block.list.x_list_block__mutmut_312'
Mb3d4ce0fd4865160,markdown_it.rules_inline.balance_pairs.x_processDelimiters__mutmut_59,specified,markdown_it/rules_inline/balance_pairs.py,processDelimiters,66,                openerIdx -= jumps[openerIdx] + 1,                openerIdx = jumps[openerIdx] + 1,timeout,unreviewed,,tests/task/phase1/task.py::test_core_after;tests/task/phase1/task.py::test_file;tests/task/phase1/task.py::test_spec;tests/task/task2.py::test_make_fence_at,mutmut show 'markdown_it.rules_inline.balance_pairs.x_processDelimiters__mutmut_59',mutmut tests-for-mutant 'markdown_it.rules_inline.balance_pairs.x_processDelimiters__mutmut_59',mutmut run 'markdown_it.rules_inline.balance_pairs.x_processDelimiters__mutmut_59'
Mb3e8c092e7b6dc80,markdown_it.main.xǁMarkdownItǁrender__mutmut_12,specified,markdown_it/main.py,render,287,"    return self.renderer.render(self.parse(src, env), self.options, env)","    return self.renderer.render(self.parse(src, ), self.options, env)",survived,unreviewed,,tests/task/phase1/task.py::test_file;tests/task/phase1/task.py::test_spec,mutmut show 'markdown_it.main.xǁMarkdownItǁrender__mutmut_12',mutmut tests-for-mutant 'markdown_it.main.xǁMarkdownItǁrender__mutmut_12',mutmut run 'markdown_it.main.xǁMarkdownItǁrender__mutmut_12'
Mb3e937f64b892ed5,markdown_it.rules_block.paragraph.x_paragraph__mutmut_112,specified,markdown_it/rules_block/paragraph.py,paragraph,66,    return True,    return False,survived,unreviewed,,tests/task/phase1/task.py::test_core_after;tests/task/phase1/task.py::test_file;tests/task/phase1/task.py::test_spec;tests/task/task2.py::test_make_fence_at,mutmut show 'markdown_it.rules_block.paragraph.x_paragraph__mutmut_112',mutmut tests-for-mutant 'markdown_it.rules_block.paragraph.x_paragraph__mutmut_112',mutmut run 'markdown_it.rules_block.paragraph.x_paragraph__mutmut_112'
Mb4397fe9126debcd,markdown_it.presets.xǁgfm_likeǁmake__mutmut_35,specified,markdown_it/presets/__init__.py,make,25,"    config[""components""][""inline""][""rules2""].append(""strikethrough"")","    config[""components""][""INLINE""][""rules2""].append(""strikethrough"")",survived,unreviewed,,tests/task/phase1/task.py::test_file,mutmut show 'markdown_it.presets.xǁgfm_likeǁmake__mutmut_35',mutmut tests-for-mutant 'markdown_it.presets.xǁgfm_likeǁmake__mutmut_35',mutmut run 'markdown_it.presets.xǁgfm_likeǁmake__mutmut_35'
Mb461505adbc8ce68,markdown_it.rules_inline.link.x_link__mutmut_3,specified,markdown_it/rules_inline/link.py,link,9,"    title = """"",    title = None,survived,unreviewed,,tests/task/phase1/task.py::test_file;tests/task/phase1/task.py::test_spec,mutmut show 'markdown_it.rules_inline.link.x_link__mutmut_3',mutmut tests-for-mutant 'markdown_it.rules_inline.link.x_link__mutmut_3',mutmut run 'markdown_it.rules_inline.link.x_link__mutmut_3'
Mb48ca535869b8101,markdown_it.rules_inline.emphasis.x_tokenize__mutmut_47,specified,markdown_it/rules_inline/emphasis.py,tokenize,35,    state.pos += scanned.length,    state.pos -= scanned.length,timeout,unreviewed,,tests/task/phase1/task.py::test_file;tests/task/phase1/task.py::test_spec,mutmut show 'markdown_it.rules_inline.emphasis.x_tokenize__mutmut_47',mutmut tests-for-mutant 'markdown_it.rules_inline.emphasis.x_tokenize__mutmut_47',mutmut run 'markdown_it.rules_inline.emphasis.x_tokenize__mutmut_47'
Mb4a2d26c2615614f,markdown_it.presets.default.x_make__mutmut_10,specified,markdown_it/presets/default.py,make,13,"            ""linkify"": False,  # autoconvert URL-like texts to links","            ""XXlinkifyXX"": False,  # autoconvert URL-like texts to links",survived,unreviewed,,tests/task/phase1/task.py::test_file,mutmut show 'markdown_it.presets.default.x_make__mutmut_10',mutmut tests-for-mutant 'markdown_it.presets.default.x_make__mutmut_10',mutmut run 'markdown_it.presets.default.x_make__mutmut_10'
Mb4b47df46fbcd9a9,markdown_it.presets.default.x_make__mutmut_30,specified,markdown_it/presets/default.py,make,26,"            ""langPrefix"": ""language-"",  # CSS language prefix for fenced blocks","            ""langPrefix"": ""XXlanguage-XX"",  # CSS language prefix for fenced blocks",survived,unreviewed,,tests/task/phase1/task.py::test_file,mutmut show 'markdown_it.presets.default.x_make__mutmut_30',mutmut tests-for-mutant 'markdown_it.presets.default.x_make__mutmut_30',mutmut run 'markdown_it.presets.default.x_make__mutmut_30'
Mb4f7af068066115c,markdown_it.rules_block.list.x_list_block__mutmut_11,specified,markdown_it/rules_block/list.py,list_block,102,"    LOGGER.debug(""entering list: %s, %s, %s, %s"", state, startLine, endLine, silent)","    LOGGER.debug(""XXentering list: %s, %s, %s, %sXX"", state, startLine, endLine, silent)",survived,unreviewed,,tests/task/phase1/task.py::test_core_after;tests/task/phase1/task.py::test_file;tests/task/phase1/task.py::test_spec;tests/task/task2.py::test_make_fence_at,mutmut show 'markdown_it.rules_block.list.x_list_block__mutmut_11',mutmut tests-for-mutant 'markdown_it.rules_block.list.x_list_block__mutmut_11',mutmut run 'markdown_it.rules_block.list.x_list_block__mutmut_11'
Mb4faf8db062b24a2,markdown_it.rules_block.html_block.x_html_block__mutmut_4,specified,markdown_it/rules_block/html_block.py,html_block,36,"        ""entering html_block: %s, %s, %s, %s"", state, startLine, endLine, silent","        ""entering html_block: %s, %s, %s, %s"", state, startLine, None, silent",survived,unreviewed,,tests/task/phase1/task.py::test_core_after;tests/task/phase1/task.py::test_file;tests/task/phase1/task.py::test_spec;tests/task/task2.py::test_make_fence_at,mutmut show 'markdown_it.rules_block.html_block.x_html_block__mutmut_4',mutmut tests-for-mutant 'markdown_it.rules_block.html_block.x_html_block__mutmut_4',mutmut run 'markdown_it.rules_block.html_block.x_html_block__mutmut_4'
Mb4fed1f784fb753e,markdown_it.helpers.parse_link_label.x_parseLinkLabel__mutmut_36,specified,markdown_it/helpers/parse_link_label.py,parseLinkLabel,37,                return -1,                return +1,survived,unreviewed,,tests/task/phase1/task.py::test_file;tests/task/phase1/task.py::test_spec,mutmut show 'markdown_it.helpers.parse_link_label.x_parseLinkLabel__mutmut_36',mutmut tests-for-mutant 'markdown_it.helpers.parse_link_label.x_parseLinkLabel__mutmut_36',mutmut run 'markdown_it.helpers.parse_link_label.x_parseLinkLabel__mutmut_36'
Mb50bb9b68df16b81,markdown_it.helpers.parse_link_destination.x_parseLinkDestination__mutmut_39,specified,markdown_it/helpers/parse_link_destination.py,parseLinkDestination,36,                pos += 2,                pos = 2,survived,unreviewed,,tests/task/phase1/task.py::test_file;tests/task/phase1/task.py::test_spec,mutmut show 'markdown_it.helpers.parse_link_destination.x_parseLinkDestination__mutmut_39',mutmut tests-for-mutant 'markdown_it.helpers.parse_link_destination.x_parseLinkDestination__mutmut_39',mutmut run 'markdown_it.helpers.parse_link_destination.x_parseLinkDestination__mutmut_39'
Mb5308a77c7713a7a,markdown_it.cli.parse.x_parse_args__mutmut_32,specified,markdown_it/cli/parse.py,parse_args,115,"        ""--stdin"", action=""store_true"", help=""read Markdown from standard input""","        ""--stdin"", help=""read Markdown from standard input""",no_tests,unreviewed,,,mutmut show 'markdown_it.cli.parse.x_parse_args__mutmut_32',mutmut tests-for-mutant 'markdown_it.cli.parse.x_parse_args__mutmut_32',mutmut run 'markdown_it.cli.parse.x_parse_args__mutmut_32'
Mb54820558dbe4ed4,markdown_it.renderer.xǁRendererHTMLǁrenderToken__mutmut_57,specified,markdown_it/renderer.py,renderToken,163,            elif nextToken.nesting == -1 and nextToken.tag == token.tag:,            elif nextToken.nesting == +1 and nextToken.tag == token.tag:,survived,unreviewed,,tests/task/phase1/task.py::test_file;tests/task/phase1/task.py::test_spec,mutmut show 'markdown_it.renderer.xǁRendererHTMLǁrenderToken__mutmut_57',mutmut tests-for-mutant 'markdown_it.renderer.xǁRendererHTMLǁrenderToken__mutmut_57',mutmut run 'markdown_it.renderer.xǁRendererHTMLǁrenderToken__mutmut_57'
Mb589b6b1f75830ea,markdown_it.rules_inline.emphasis.x__postProcess__mutmut_85,specified,markdown_it/rules_inline/emphasis.py,_postProcess,86,"        token.content = """"","        token.content = ""XXXX""",survived,unreviewed,,tests/task/phase1/task.py::test_core_after;tests/task/phase1/task.py::test_file;tests/task/phase1/task.py::test_spec;tests/task/task2.py::test_make_fence_at,mutmut show 'markdown_it.rules_inline.emphasis.x__postProcess__mutmut_85',mutmut tests-for-mutant 'markdown_it.rules_inline.emphasis.x__postProcess__mutmut_85',mutmut run 'markdown_it.rules_inline.emphasis.x__postProcess__mutmut_85'
Mb58c3dd52cabc7a7,markdown_it.main.xǁMarkdownItǁconfigure__mutmut_22,specified,markdown_it/main.py,configure,131,"    if ""components"" in config:","    if ""components"" not in config:",survived,unreviewed,,tests/task/phase1/task.py::test_core_after;tests/task/phase1/task.py::test_file;tests/task/phase1/task.py::test_non_utf8;tests/task/phase1/task.py::test_spec;tests/task/task2.py::test_make_fence_after;tests/task/task2.py::test_make_fence_at,mutmut show 'markdown_it.main.xǁMarkdownItǁconfigure__mutmut_22',mutmut tests-for-mutant 'markdown_it.main.xǁMarkdownItǁconfigure__mutmut_22',mutmut run 'markdown_it.main.xǁMarkdownItǁconfigure__mutmut_22'
Mb592111ca5f7aa10,markdown_it.rules_inline.escape.x_escape__mutmut_18,specified,markdown_it/rules_inline/escape.py,escape,27,"            state.push(""hardbreak"", ""br"", 0)","            state.push(""hardbreak"", None, 0)",survived,unreviewed,,tests/task/phase1/task.py::test_file;tests/task/phase1/task.py::test_spec;tests/task/task2.py::test_make_fence_at,mutmut show 'markdown_it.rules_inline.escape.x_escape__mutmut_18',mutmut tests-for-mutant 'markdown_it.rules_inline.escape.x_escape__mutmut_18',mutmut run 'markdown_it.rules_inline.escape.x_escape__mutmut_18'
Mb5dbee16cd9444b5,markdown_it.rules_inline.image.x_image__mutmut_72,specified,markdown_it/rules_inline/image.py,image,61,        while pos < max:,        while pos <= max:,survived,unreviewed,,tests/task/phase1/task.py::test_file;tests/task/phase1/task.py::test_spec,mutmut show 'markdown_it.rules_inline.image.x_image__mutmut_72',mutmut tests-for-mutant 'markdown_it.rules_inline.image.x_image__mutmut_72',mutmut run 'markdown_it.rules_inline.image.x_image__mutmut_72'
Mb5e3c09ea36e93a2,markdown_it.rules_block.reference.x_reference__mutmut_71,specified,markdown_it/rules_block/reference.py,reference,48,"                and (lineContent := getNextLine(state, nextLine)) is not None","                and (lineContent := getNextLine(None, nextLine)) is not None",survived,unreviewed,,tests/task/phase1/task.py::test_core_after;tests/task/phase1/task.py::test_file;tests/task/phase1/task.py::test_spec;tests/task/task2.py::test_make_fence_at,mutmut show 'markdown_it.rules_block.reference.x_reference__mutmut_71',mutmut tests-for-mutant 'markdown_it.rules_block.reference.x_reference__mutmut_71',mutmut run 'markdown_it.rules_block.reference.x_reference__mutmut_71'
Mb60122b831ee4fd3,markdown_it.presets.commonmark.x_make__mutmut_3,specified,markdown_it/presets/commonmark.py,make,16,"            ""maxNesting"": 20,  # Internal protection, recursion limit","            ""XXmaxNestingXX"": 20,  # Internal protection, recursion limit",survived,unreviewed,,tests/task/phase1/task.py::test_file,mutmut show 'markdown_it.presets.commonmark.x_make__mutmut_3',mutmut tests-for-mutant 'markdown_it.presets.commonmark.x_make__mutmut_3',mutmut run 'markdown_it.presets.commonmark.x_make__mutmut_3'
Mb6151725ecdd2cdf,markdown_it.rules_inline.escape.x_escape__mutmut_85,specified,markdown_it/rules_inline/escape.py,escape,54,"        token.info = ""escape""","        token.info = ""XXescapeXX""",survived,unreviewed,,tests/task/phase1/task.py::test_file;tests/task/phase1/task.py::test_spec;tests/task/task2.py::test_make_fence_at,mutmut show 'markdown_it.rules_inline.escape.x_escape__mutmut_85',mutmut tests-for-mutant 'markdown_it.rules_inline.escape.x_escape__mutmut_85',mutmut run 'markdown_it.rules_inline.escape.x_escape__mutmut_85'
Mb61bd2db244babdf,markdown_it.rules_inline.link.x_link__mutmut_88,specified,markdown_it/rules_inline/link.py,link,71,            if pos < maximum and start != pos and res.ok:,            if pos <= maximum and start != pos and res.ok:,survived,unreviewed,,tests/task/phase1/task.py::test_file;tests/task/phase1/task.py::test_spec,mutmut show 'markdown_it.rules_inline.link.x_link__mutmut_88',mutmut tests-for-mutant 'markdown_it.rules_inline.link.x_link__mutmut_88',mutmut run 'markdown_it.rules_inline.link.x_link__mutmut_88'
Mb627fbf729f1ad61,markdown_it.rules_inline.state_inline.xǁStateInlineǁscanDelims__mutmut_23,specified,markdown_it/rules_inline/state_inline.py,scanDelims,145,    isLastPunctChar = isMdAsciiPunct(ord(lastChar)) or isPunctChar(lastChar),    isLastPunctChar = isMdAsciiPunct(None) or isPunctChar(lastChar),survived,unreviewed,,tests/task/phase1/task.py::test_file;tests/task/phase1/task.py::test_spec,mutmut show 'markdown_it.rules_inline.state_inline.xǁStateInlineǁscanDelims__mutmut_23',mutmut tests-for-mutant 'markdown_it.rules_inline.state_inline.xǁStateInlineǁscanDelims__mutmut_23',mutmut run 'markdown_it.rules_inline.state_inline.xǁStateInlineǁscanDelims__mutmut_23'
Mb671dbeb48a0d55e,markdown_it.rules_inline.backticks.x_backtick__mutmut_36,specified,markdown_it/rules_inline/backticks.py,backtick,37,"            matchStart = state.src.index(""`"", matchEnd)","            matchStart = state.src.index(""`"", None)",timeout,unreviewed,,tests/task/phase1/task.py::test_file;tests/task/phase1/task.py::test_spec;tests/task/task2.py::test_make_fence_at,mutmut show 'markdown_it.rules_inline.backticks.x_backtick__mutmut_36',mutmut tests-for-mutant 'markdown_it.rules_inline.backticks.x_backtick__mutmut_36',mutmut run 'markdown_it.rules_inline.backticks.x_backtick__mutmut_36'
Mb6a6529979071c39,markdown_it.helpers.parse_link_destination.xǁ_Resultǁ__init____mutmut_1,specified,markdown_it/helpers/parse_link_destination.py,__init__,12,    self.ok = False,    self.ok = None,survived,unreviewed,,tests/task/phase1/task.py::test_file;tests/task/phase1/task.py::test_spec,mutmut show 'markdown_it.helpers.parse_link_destination.xǁ_Resultǁ__init____mutmut_1',mutmut tests-for-mutant 'markdown_it.helpers.parse_link_destination.xǁ_Resultǁ__init____mutmut_1',mutmut run 'markdown_it.helpers.parse_link_destination.xǁ_Resultǁ__init____mutmut_1'
Mb719a81416222180,markdown_it.presets.xǁgfm_likeǁmake__mutmut_28,specified,markdown_it/presets/__init__.py,make,24,"    config[""components""][""inline""][""rules""].extend([""strikethrough"", ""linkify""])","    config[""components""][""inline""][""rules""].extend([""STRIKETHROUGH"", ""linkify""])",survived,unreviewed,,tests/task/phase1/task.py::test_file,mutmut show 'markdown_it.presets.xǁgfm_likeǁmake__mutmut_28',mutmut tests-for-mutant 'markdown_it.presets.xǁgfm_likeǁmake__mutmut_28',mutmut run 'markdown_it.presets.xǁgfm_likeǁmake__mutmut_28'
Mb722242c3af05f68,markdown_it.presets.xǁgfm_like2ǁmake__mutmut_8,specified,markdown_it/presets/__init__.py,make,45,"    config[""options""][""tasklists_editable""] = False","    config[""options""][""tasklists_editable""] = None",survived,unreviewed,,tests/task/phase1/task.py::test_file,mutmut show 'markdown_it.presets.xǁgfm_like2ǁmake__mutmut_8',mutmut tests-for-mutant 'markdown_it.presets.xǁgfm_like2ǁmake__mutmut_8',mutmut run 'markdown_it.presets.xǁgfm_like2ǁmake__mutmut_8'
Mb7392b9b38c3b9aa,markdown_it.parser_inline.xǁParserInlineǁskipToken__mutmut_1,specified,markdown_it/parser_inline.py,skipToken,136,    ok = False,    ok = None,survived,unreviewed,,tests/task/phase1/task.py::test_file;tests/task/phase1/task.py::test_spec,mutmut show 'markdown_it.parser_inline.xǁParserInlineǁskipToken__mutmut_1',mutmut tests-for-mutant 'markdown_it.parser_inline.xǁParserInlineǁskipToken__mutmut_1',mutmut run 'markdown_it.parser_inline.xǁParserInlineǁskipToken__mutmut_1'
Mb741509f95f12d58,markdown_it.common.normalize_url.x_normalizeLink__mutmut_3,specified,markdown_it/common/normalize_url.py,normalizeLink,23,"    parsed = mdurl.parse(url, slashes_denote_host=True)","    parsed = mdurl.parse(url, slashes_denote_host=None)",survived,unreviewed,,tests/task/phase1/task.py::test_file;tests/task/phase1/task.py::test_spec,mutmut show 'markdown_it.common.normalize_url.x_normalizeLink__mutmut_3',mutmut tests-for-mutant 'markdown_it.common.normalize_url.x_normalizeLink__mutmut_3',mutmut run 'markdown_it.common.normalize_url.x_normalizeLink__mutmut_3'
Mb76b29f95efbb204,markdown_it.renderer.xǁRendererHTMLǁrenderToken__mutmut_53,specified,markdown_it/renderer.py,renderToken,161,                needLf = False,                needLf = None,survived,unreviewed,,tests/task/phase1/task.py::test_file;tests/task/phase1/task.py::test_spec,mutmut show 'markdown_it.renderer.xǁRendererHTMLǁrenderToken__mutmut_53',mutmut tests-for-mutant 'markdown_it.renderer.xǁRendererHTMLǁrenderToken__mutmut_53',mutmut run 'markdown_it.renderer.xǁRendererHTMLǁrenderToken__mutmut_53'
Mb7bce1e30e9d99f3,markdown_it._punycode.x_to_ascii__mutmut_6,specified,markdown_it/_punycode.py,to_ascii,67,"    return map_domain(obj, mapping)","    return map_domain(None, mapping)",survived,unreviewed,,tests/task/phase1/task.py::test_file;tests/task/phase1/task.py::test_spec,mutmut show 'markdown_it._punycode.x_to_ascii__mutmut_6',mutmut tests-for-mutant 'markdown_it._punycode.x_to_ascii__mutmut_6',mutmut run 'markdown_it._punycode.x_to_ascii__mutmut_6'
Mb7ee0928e0c35264,markdown_it.presets.commonmark.x_make__mutmut_67,specified,markdown_it/presets/commonmark.py,make,54,"                    ""list"",","                    ""LIST"",",survived,unreviewed,,tests/task/phase1/task.py::test_file,mutmut show 'markdown_it.presets.commonmark.x_make__mutmut_67',mutmut tests-for-mutant 'markdown_it.presets.commonmark.x_make__mutmut_67',mutmut run 'markdown_it.presets.commonmark.x_make__mutmut_67'
Mb823f7bde338e33f,markdown_it.parser_inline.xǁParserInlineǁtokenize__mutmut_12,specified,markdown_it/parser_inline.py,tokenize,189,        if state.level < maxNesting:,        if state.level <= maxNesting:,survived,unreviewed,,tests/task/phase1/task.py::test_core_after;tests/task/phase1/task.py::test_file;tests/task/phase1/task.py::test_spec;tests/task/task2.py::test_make_fence_at,mutmut show 'markdown_it.parser_inline.xǁParserInlineǁtokenize__mutmut_12',mutmut tests-for-mutant 'markdown_it.parser_inline.xǁParserInlineǁtokenize__mutmut_12',mutmut run 'markdown_it.parser_inline.xǁParserInlineǁtokenize__mutmut_12'
Mb8512d7012c33fdb,markdown_it.rules_block.list.x_list_block__mutmut_313,specified,markdown_it/rules_block/list.py,list_block,351,"    if state.md.options.get(""tasklists"", False):","    if state.md.options.get(""tasklists"", ):",survived,unreviewed,,tests/task/phase1/task.py::test_core_after;tests/task/phase1/task.py::test_file;tests/task/phase1/task.py::test_spec;tests/task/task2.py::test_make_fence_at,mutmut show 'markdown_it.rules_block.list.x_list_block__mutmut_313',mutmut tests-for-mutant 'markdown_it.rules_block.list.x_list_block__mutmut_313',mutmut run 'markdown_it.rules_block.list.x_list_block__mutmut_313'
Mb85d73c96e392b6a,markdown_it.rules_inline.entity.x_entity__mutmut_58,specified,markdown_it/rules_inline/entity.py,entity,39,            state.pos += len(match.group(0)),            state.pos = len(match.group(0)),timeout,unreviewed,,tests/task/phase1/task.py::test_file;tests/task/phase1/task.py::test_spec,mutmut show 'markdown_it.rules_inline.entity.x_entity__mutmut_58',mutmut tests-for-mutant 'markdown_it.rules_inline.entity.x_entity__mutmut_58',mutmut run 'markdown_it.rules_inline.entity.x_entity__mutmut_58'
Mb86c9e7e38752135,markdown_it.main.xǁMarkdownItǁconfigure__mutmut_25,specified,markdown_it/main.py,configure,133,"            rules = component.get(""rules"", None)",            rules = None,survived,unreviewed,,tests/task/phase1/task.py::test_core_after;tests/task/phase1/task.py::test_file;tests/task/phase1/task.py::test_non_utf8;tests/task/phase1/task.py::test_spec;tests/task/task2.py::test_make_fence_after;tests/task/task2.py::test_make_fence_at,mutmut show 'markdown_it.main.xǁMarkdownItǁconfigure__mutmut_25',mutmut tests-for-mutant 'markdown_it.main.xǁMarkdownItǁconfigure__mutmut_25',mutmut run 'markdown_it.main.xǁMarkdownItǁconfigure__mutmut_25'
Mb8e86de8a62f10e4,markdown_it.parser_block.xǁParserBlockǁtokenize__mutmut_26,specified,markdown_it/parser_block.py,tokenize,87,"            if rule(state, line, endLine, False):","            if rule(state, line, endLine, True):",timeout,unreviewed,,tests/task/phase1/task.py::test_core_after;tests/task/phase1/task.py::test_file;tests/task/phase1/task.py::test_spec;tests/task/task2.py::test_make_fence_after;tests/task/task2.py::test_make_fence_at,mutmut show 'markdown_it.parser_block.xǁParserBlockǁtokenize__mutmut_26',mutmut tests-for-mutant 'markdown_it.parser_block.xǁParserBlockǁtokenize__mutmut_26',mutmut run 'markdown_it.parser_block.xǁParserBlockǁtokenize__mutmut_26'
Mb9beaf50d25386fd,markdown_it.rules_core.text_join.x_text_join__mutmut_21,specified,markdown_it/rules_core/text_join.py,text_join,31,"                child_token.type == ""text""","                child_token.type == ""XXtextXX""",survived,unreviewed,,tests/task/phase1/task.py::test_core_after;tests/task/phase1/task.py::test_file;tests/task/phase1/task.py::test_spec;tests/task/task2.py::test_make_fence_after;tests/task/task2.py::test_make_fence_at,mutmut show 'markdown_it.rules_core.text_join.x_text_join__mutmut_21',mutmut tests-for-mutant 'markdown_it.rules_core.text_join.x_text_join__mutmut_21',mutmut run 'markdown_it.rules_core.text_join.x_text_join__mutmut_21'
Mb9bffc8c203ebee4,markdown_it.rules_block.lheading.x_lheading__mutmut_148,specified,markdown_it/rules_block/lheading.py,lheading,82,    token.markup = marker,    token.markup = None,survived,unreviewed,,tests/task/phase1/task.py::test_core_after;tests/task/phase1/task.py::test_file;tests/task/phase1/task.py::test_spec;tests/task/task2.py::test_make_fence_at,mutmut show 'markdown_it.rules_block.lheading.x_lheading__mutmut_148',mutmut tests-for-mutant 'markdown_it.rules_block.lheading.x_lheading__mutmut_148',mutmut run 'markdown_it.rules_block.lheading.x_lheading__mutmut_148'
Mb9d2e256344c2442,markdown_it.rules_block.paragraph.x_paragraph__mutmut_42,specified,markdown_it/rules_block/paragraph.py,paragraph,39,        terminate = False,        terminate = None,survived,unreviewed,,tests/task/phase1/task.py::test_core_after;tests/task/phase1/task.py::test_file;tests/task/phase1/task.py::test_spec;tests/task/task2.py::test_make_fence_at,mutmut show 'markdown_it.rules_block.paragraph.x_paragraph__mutmut_42',mutmut tests-for-mutant 'markdown_it.rules_block.paragraph.x_paragraph__mutmut_42',mutmut run 'markdown_it.rules_block.paragraph.x_paragraph__mutmut_42'
Mb9ed68931e07cc24,markdown_it.rules_inline.image.x_image__mutmut_136,specified,markdown_it/rules_inline/image.py,image,101,            if pos >= 0:,            if pos >= 1:,survived,unreviewed,,tests/task/phase1/task.py::test_file;tests/task/phase1/task.py::test_spec,mutmut show 'markdown_it.rules_inline.image.x_image__mutmut_136',mutmut tests-for-mutant 'markdown_it.rules_inline.image.x_image__mutmut_136',mutmut run 'markdown_it.rules_inline.image.x_image__mutmut_136'
Mb9fe7807fc20b82c,markdown_it.rules_inline.image.x_image__mutmut_32,specified,markdown_it/rules_inline/image.py,image,25,    if labelEnd < 0:,    if labelEnd < 1:,survived,unreviewed,,tests/task/phase1/task.py::test_file;tests/task/phase1/task.py::test_spec,mutmut show 'markdown_it.rules_inline.image.x_image__mutmut_32',mutmut tests-for-mutant 'markdown_it.rules_inline.image.x_image__mutmut_32',mutmut run 'markdown_it.rules_inline.image.x_image__mutmut_32'
Mba4279bb5f6dc577,markdown_it.rules_block.reference.x_reference__mutmut_314,specified,markdown_it/rules_block/reference.py,reference,183,"        state.env.setdefault(""duplicate_refs"", []).append(","        state.env.setdefault(""DUPLICATE_REFS"", []).append(",survived,unreviewed,,tests/task/phase1/task.py::test_core_after;tests/task/phase1/task.py::test_file;tests/task/phase1/task.py::test_spec;tests/task/task2.py::test_make_fence_at,mutmut show 'markdown_it.rules_block.reference.x_reference__mutmut_314',mutmut tests-for-mutant 'markdown_it.rules_block.reference.x_reference__mutmut_314',mutmut run 'markdown_it.rules_block.reference.x_reference__mutmut_314'
Mba5cec7c05234c39,markdown_it.rules_inline.balance_pairs.x_processDelimiters__mutmut_7,specified,markdown_it/rules_inline/balance_pairs.py,processDelimiters,18,    lastTokenIdx = -2  # needs any value lower than -1,    lastTokenIdx = +2  # needs any value lower than -1,survived,unreviewed,,tests/task/phase1/task.py::test_core_after;tests/task/phase1/task.py::test_file;tests/task/phase1/task.py::test_spec;tests/task/task2.py::test_make_fence_at,mutmut show 'markdown_it.rules_inline.balance_pairs.x_processDelimiters__mutmut_7',mutmut tests-for-mutant 'markdown_it.rules_inline.balance_pairs.x_processDelimiters__mutmut_7',mutmut run 'markdown_it.rules_inline.balance_pairs.x_processDelimiters__mutmut_7'
Mba685d269c5ea01b,markdown_it.rules_block.lheading.x_lheading__mutmut_2,specified,markdown_it/rules_block/lheading.py,lheading,10,"    LOGGER.debug(""entering lheading: %s, %s, %s, %s"", state, startLine, endLine, silent)","    LOGGER.debug(""entering lheading: %s, %s, %s, %s"", None, startLine, endLine, silent)",survived,unreviewed,,tests/task/phase1/task.py::test_core_after;tests/task/phase1/task.py::test_file;tests/task/phase1/task.py::test_spec;tests/task/task2.py::test_make_fence_at,mutmut show 'markdown_it.rules_block.lheading.x_lheading__mutmut_2',mutmut tests-for-mutant 'markdown_it.rules_block.lheading.x_lheading__mutmut_2',mutmut run 'markdown_it.rules_block.lheading.x_lheading__mutmut_2'
Mba8be1771d3efd94,markdown_it.parser_block.xǁParserBlockǁtokenize__mutmut_33,specified,markdown_it/parser_block.py,tokenize,97,        if (line - 1) < endLine and state.isEmpty(line - 1):,        if (line - 2) < endLine and state.isEmpty(line - 1):,survived,unreviewed,,tests/task/phase1/task.py::test_core_after;tests/task/phase1/task.py::test_file;tests/task/phase1/task.py::test_spec;tests/task/task2.py::test_make_fence_after;tests/task/task2.py::test_make_fence_at,mutmut show 'markdown_it.parser_block.xǁParserBlockǁtokenize__mutmut_33',mutmut tests-for-mutant 'markdown_it.parser_block.xǁParserBlockǁtokenize__mutmut_33',mutmut run 'markdown_it.parser_block.xǁParserBlockǁtokenize__mutmut_33'
Mba8c921f7ea59e77,markdown_it.cli.parse.x_convert__mutmut_1,specified,markdown_it/cli/parse.py,convert,33,        convert_file(filename),        convert_file(None),no_tests,unreviewed,,,mutmut show 'markdown_it.cli.parse.x_convert__mutmut_1',mutmut tests-for-mutant 'markdown_it.cli.parse.x_convert__mutmut_1',mutmut run 'markdown_it.cli.parse.x_convert__mutmut_1'
Mba9d3ff0c215a027,markdown_it.rules_inline.entity.x_entity__mutmut_8,specified,markdown_it/rules_inline/entity.py,entity,19,    if pos + 1 >= maximum:,    if pos + 1 > maximum:,survived,unreviewed,,tests/task/phase1/task.py::test_file;tests/task/phase1/task.py::test_spec,mutmut show 'markdown_it.rules_inline.entity.x_entity__mutmut_8',mutmut tests-for-mutant 'markdown_it.rules_inline.entity.x_entity__mutmut_8',mutmut run 'markdown_it.rules_inline.entity.x_entity__mutmut_8'
Mbacf6a5e699e8e42,markdown_it.rules_block.lheading.x_lheading__mutmut_129,specified,markdown_it/rules_block/lheading.py,lheading,78,"    token.map = [startLine, state.line - 1]",    token.map = None,survived,unreviewed,,tests/task/phase1/task.py::test_core_after;tests/task/phase1/task.py::test_file;tests/task/phase1/task.py::test_spec;tests/task/task2.py::test_make_fence_at,mutmut show 'markdown_it.rules_block.lheading.x_lheading__mutmut_129',mutmut tests-for-mutant 'markdown_it.rules_block.lheading.x_lheading__mutmut_129',mutmut run 'markdown_it.rules_block.lheading.x_lheading__mutmut_129'
Mbad2fd7d3d268a19,markdown_it.rules_block.blockquote.x_blockquote__mutmut_416,specified,markdown_it/rules_block/blockquote.py,blockquote,326,    state.parentType = oldParentType,    state.parentType = None,survived,unreviewed,,tests/task/phase1/task.py::test_core_after;tests/task/phase1/task.py::test_file;tests/task/phase1/task.py::test_spec;tests/task/task2.py::test_make_fence_at,mutmut show 'markdown_it.rules_block.blockquote.x_blockquote__mutmut_416',mutmut tests-for-mutant 'markdown_it.rules_block.blockquote.x_blockquote__mutmut_416',mutmut run 'markdown_it.rules_block.blockquote.x_blockquote__mutmut_416'
Mbb50f59644c8d8f7,markdown_it.parser_inline.xǁParserInlineǁskipToken__mutmut_15,specified,markdown_it/parser_inline.py,skipToken,151,            state.level += 1,            state.level = 1,survived,unreviewed,,tests/task/phase1/task.py::test_file;tests/task/phase1/task.py::test_spec,mutmut show 'markdown_it.parser_inline.xǁParserInlineǁskipToken__mutmut_15',mutmut tests-for-mutant 'markdown_it.parser_inline.xǁParserInlineǁskipToken__mutmut_15',mutmut run 'markdown_it.parser_inline.xǁParserInlineǁskipToken__mutmut_15'
Mbb67fc258221ecd3,markdown_it.rules_inline.fragments_join.x_fragments_join__mutmut_39,specified,markdown_it/rules_inline/fragments_join.py,fragments_join,38,"            while curr < maximum and state.tokens[curr].type == ""text"":","            while curr < maximum and state.tokens[curr].type == ""TEXT"":",survived,unreviewed,,tests/task/phase1/task.py::test_core_after;tests/task/phase1/task.py::test_file;tests/task/phase1/task.py::test_spec;tests/task/task2.py::test_make_fence_at,mutmut show 'markdown_it.rules_inline.fragments_join.x_fragments_join__mutmut_39',mutmut tests-for-mutant 'markdown_it.rules_inline.fragments_join.x_fragments_join__mutmut_39',mutmut run 'markdown_it.rules_inline.fragments_join.x_fragments_join__mutmut_39'
Mbb9e39becb42b345,markdown_it.renderer.xǁRendererHTMLǁ__init____mutmut_7,specified,markdown_it/renderer.py,__init__,64,"        if not (k.startswith(""render"") or k.startswith(""_""))","        if not (k.startswith(""render"") and k.startswith(""_""))",survived,unreviewed,,tests/task/phase1/task.py::test_core_after;tests/task/phase1/task.py::test_file;tests/task/phase1/task.py::test_non_utf8;tests/task/phase1/task.py::test_spec;tests/task/task2.py::test_make_fence_after;tests/task/task2.py::test_make_fence_at,mutmut show 'markdown_it.renderer.xǁRendererHTMLǁ__init____mutmut_7',mutmut tests-for-mutant 'markdown_it.renderer.xǁRendererHTMLǁ__init____mutmut_7',mutmut run 'markdown_it.renderer.xǁRendererHTMLǁ__init____mutmut_7'
Mbbb27e7dcc994daf,markdown_it.presets.commonmark.x_make__mutmut_78,specified,markdown_it/presets/commonmark.py,make,62,"                    ""backticks"",","                    ""XXbackticksXX"",",survived,unreviewed,,tests/task/phase1/task.py::test_file,mutmut show 'markdown_it.presets.commonmark.x_make__mutmut_78',mutmut tests-for-mutant 'markdown_it.presets.commonmark.x_make__mutmut_78',mutmut run 'markdown_it.presets.commonmark.x_make__mutmut_78'
Mbbd4fa7f03886d6a,markdown_it.presets.xǁgfm_like2ǁmake__mutmut_18,specified,markdown_it/presets/__init__.py,make,46,"    config[""options""][""alerts""] = True","    config[""options""][""ALERTS""] = True",survived,unreviewed,,tests/task/phase1/task.py::test_file,mutmut show 'markdown_it.presets.xǁgfm_like2ǁmake__mutmut_18',mutmut tests-for-mutant 'markdown_it.presets.xǁgfm_like2ǁmake__mutmut_18',mutmut run 'markdown_it.presets.xǁgfm_like2ǁmake__mutmut_18'
Mbbdd5f4910ac9d66,markdown_it.presets.commonmark.x_make__mutmut_4,specified,markdown_it/presets/commonmark.py,make,16,"            ""maxNesting"": 20,  # Internal protection, recursion limit","            ""maxnesting"": 20,  # Internal protection, recursion limit",survived,unreviewed,,tests/task/phase1/task.py::test_file,mutmut show 'markdown_it.presets.commonmark.x_make__mutmut_4',mutmut tests-for-mutant 'markdown_it.presets.commonmark.x_make__mutmut_4',mutmut run 'markdown_it.presets.commonmark.x_make__mutmut_4'
Mbc0ecb9da52b0385,markdown_it.rules_block.blockquote.x_blockquote__mutmut_81,specified,markdown_it/rules_block/blockquote.py,blockquote,82,                    4,                    5,survived,unreviewed,,tests/task/phase1/task.py::test_core_after;tests/task/phase1/task.py::test_file;tests/task/phase1/task.py::test_spec;tests/task/task2.py::test_make_fence_at,mutmut show 'markdown_it.rules_block.blockquote.x_blockquote__mutmut_81',mutmut tests-for-mutant 'markdown_it.rules_block.blockquote.x_blockquote__mutmut_81',mutmut run 'markdown_it.rules_block.blockquote.x_blockquote__mutmut_81'
Mbc1170b73545e9b2,markdown_it.presets.zero.x_make__mutmut_2,specified,markdown_it/presets/zero.py,make,11,"        ""options"": {","        ""OPTIONS"": {",survived,unreviewed,,tests/task/phase1/task.py::test_file,mutmut show 'markdown_it.presets.zero.x_make__mutmut_2',mutmut tests-for-mutant 'markdown_it.presets.zero.x_make__mutmut_2',mutmut run 'markdown_it.presets.zero.x_make__mutmut_2'
Mbc216831001462bd,markdown_it.rules_block.list.x_list_block__mutmut_9,specified,markdown_it/rules_block/list.py,list_block,102,"    LOGGER.debug(""entering list: %s, %s, %s, %s"", state, startLine, endLine, silent)","    LOGGER.debug(""entering list: %s, %s, %s, %s"", state, startLine, silent)",survived,unreviewed,,tests/task/phase1/task.py::test_core_after;tests/task/phase1/task.py::test_file;tests/task/phase1/task.py::test_spec;tests/task/task2.py::test_make_fence_at,mutmut show 'markdown_it.rules_block.list.x_list_block__mutmut_9',mutmut tests-for-mutant 'markdown_it.rules_block.list.x_list_block__mutmut_9',mutmut run 'markdown_it.rules_block.list.x_list_block__mutmut_9'
Mbc35a2b95e5bc7e9,markdown_it.rules_block.fence.x_make_fence_rule__mutmut_21,specified,markdown_it/rules_block/fence.py,make_fence_rule,49,"            ""entering fence: %s, %s, %s, %s"", state, startLine, endLine, silent","            ""XXentering fence: %s, %s, %s, %sXX"", state, startLine, endLine, silent",survived,unreviewed,,tests/task/phase1/task.py::test_file;tests/task/task2.py::test_make_fence_after;tests/task/task2.py::test_make_fence_at,mutmut show 'markdown_it.rules_block.fence.x_make_fence_rule__mutmut_21',mutmut tests-for-mutant 'markdown_it.rules_block.fence.x_make_fence_rule__mutmut_21',mutmut run 'markdown_it.rules_block.fence.x_make_fence_rule__mutmut_21'
Mbcbd6aefe5761228,markdown_it.presets.default.x_make__mutmut_12,specified,markdown_it/presets/default.py,make,13,"            ""linkify"": False,  # autoconvert URL-like texts to links","            ""linkify"": True,  # autoconvert URL-like texts to links",survived,unreviewed,,tests/task/phase1/task.py::test_file,mutmut show 'markdown_it.presets.default.x_make__mutmut_12',mutmut tests-for-mutant 'markdown_it.presets.default.x_make__mutmut_12',mutmut run 'markdown_it.presets.default.x_make__mutmut_12'
Mbcdd3878cb4bc8c1,markdown_it.rules_block.fence.x_make_fence_rule__mutmut_87,specified,markdown_it/rules_block/fence.py,make_fence_rule,123,                continue,                break,survived,unreviewed,,tests/task/phase1/task.py::test_file;tests/task/task2.py::test_make_fence_after;tests/task/task2.py::test_make_fence_at,mutmut show 'markdown_it.rules_block.fence.x_make_fence_rule__mutmut_87',mutmut tests-for-mutant 'markdown_it.rules_block.fence.x_make_fence_rule__mutmut_87',mutmut run 'markdown_it.rules_block.fence.x_make_fence_rule__mutmut_87'
Mbcecee61dfe7ea9b,markdown_it.rules_inline.link.x_link__mutmut_86,specified,markdown_it/rules_inline/link.py,link,71,            if pos < maximum and start != pos and res.ok:,            if pos < maximum and start != pos or res.ok:,survived,unreviewed,,tests/task/phase1/task.py::test_file;tests/task/phase1/task.py::test_spec,mutmut show 'markdown_it.rules_inline.link.x_link__mutmut_86',mutmut tests-for-mutant 'markdown_it.rules_inline.link.x_link__mutmut_86',mutmut run 'markdown_it.rules_inline.link.x_link__mutmut_86'
Mbcf4c9306296a5e9,markdown_it.rules_block.blockquote.x_blockquote__mutmut_240,specified,markdown_it/rules_block/blockquote.py,blockquote,250,            if state.blkIndent != 0:,            if state.blkIndent == 0:,survived,unreviewed,,tests/task/phase1/task.py::test_core_after;tests/task/phase1/task.py::test_file;tests/task/phase1/task.py::test_spec;tests/task/task2.py::test_make_fence_at,mutmut show 'markdown_it.rules_block.blockquote.x_blockquote__mutmut_240',mutmut tests-for-mutant 'markdown_it.rules_block.blockquote.x_blockquote__mutmut_240',mutmut run 'markdown_it.rules_block.blockquote.x_blockquote__mutmut_240'
Mbd0c9c4054508952,markdown_it.rules_block.blockquote.x_blockquote__mutmut_79,specified,markdown_it/rules_block/blockquote.py,blockquote,81,                offset += (,                offset -= (,timeout,unreviewed,,tests/task/phase1/task.py::test_core_after;tests/task/phase1/task.py::test_file;tests/task/phase1/task.py::test_spec;tests/task/task2.py::test_make_fence_at,mutmut show 'markdown_it.rules_block.blockquote.x_blockquote__mutmut_79',mutmut tests-for-mutant 'markdown_it.rules_block.blockquote.x_blockquote__mutmut_79',mutmut run 'markdown_it.rules_block.blockquote.x_blockquote__mutmut_79'
Mbd2f5d227e7386a5,markdown_it.common.utils.x_isValidEntityCode__mutmut_19,specified,markdown_it/common/utils.py,isValidEntityCode,63,    if ((c & 0xFFFF) == 0xFFFF) or ((c & 0xFFFF) == 0xFFFE):,    if ((c & 0xFFFF) == 0xFFFF) or ((c & 65536) == 0xFFFE):,survived,unreviewed,,tests/task/phase1/task.py::test_spec,mutmut show 'markdown_it.common.utils.x_isValidEntityCode__mutmut_19',mutmut tests-for-mutant 'markdown_it.common.utils.x_isValidEntityCode__mutmut_19',mutmut run 'markdown_it.common.utils.x_isValidEntityCode__mutmut_19'
Mbd323a628af3c779,markdown_it.rules_inline.escape.x_escape__mutmut_7,specified,markdown_it/rules_inline/escape.py,escape,17,    pos += 1,    pos -= 1,timeout,unreviewed,,tests/task/phase1/task.py::test_file;tests/task/phase1/task.py::test_spec;tests/task/task2.py::test_make_fence_at,mutmut show 'markdown_it.rules_inline.escape.x_escape__mutmut_7',mutmut tests-for-mutant 'markdown_it.rules_inline.escape.x_escape__mutmut_7',mutmut run 'markdown_it.rules_inline.escape.x_escape__mutmut_7'
Mbd3461ae4692cc7c,markdown_it.parser_inline.xǁParserInlineǁtokenize__mutmut_26,specified,markdown_it/parser_inline.py,tokenize,201,        state.pos += 1,        state.pos -= 1,timeout,unreviewed,,tests/task/phase1/task.py::test_core_after;tests/task/phase1/task.py::test_file;tests/task/phase1/task.py::test_spec;tests/task/task2.py::test_make_fence_at,mutmut show 'markdown_it.parser_inline.xǁParserInlineǁtokenize__mutmut_26',mutmut tests-for-mutant 'markdown_it.parser_inline.xǁParserInlineǁtokenize__mutmut_26',mutmut run 'markdown_it.parser_inline.xǁParserInlineǁtokenize__mutmut_26'
Mbd5857f63a4ca202,markdown_it.rules_block.blockquote.x_blockquote__mutmut_73,specified,markdown_it/rules_block/blockquote.py,blockquote,76,    while pos < max:,    while pos <= max:,survived,unreviewed,,tests/task/phase1/task.py::test_core_after;tests/task/phase1/task.py::test_file;tests/task/phase1/task.py::test_spec;tests/task/task2.py::test_make_fence_at,mutmut show 'markdown_it.rules_block.blockquote.x_blockquote__mutmut_73',mutmut tests-for-mutant 'markdown_it.rules_block.blockquote.x_blockquote__mutmut_73',mutmut run 'markdown_it.rules_block.blockquote.x_blockquote__mutmut_73'
Mbd851e560eefde0c,markdown_it.rules_inline.emphasis.x_tokenize__mutmut_18,specified,markdown_it/rules_inline/emphasis.py,tokenize,22,"        token = state.push(""text"", """", 0)","        token = state.push(""text"", None, 0)",survived,unreviewed,,tests/task/phase1/task.py::test_file;tests/task/phase1/task.py::test_spec,mutmut show 'markdown_it.rules_inline.emphasis.x_tokenize__mutmut_18',mutmut tests-for-mutant 'markdown_it.rules_inline.emphasis.x_tokenize__mutmut_18',mutmut run 'markdown_it.rules_inline.emphasis.x_tokenize__mutmut_18'
Mbdb05388b158aa98,markdown_it.rules_block.state_block.xǁStateBlockǁskipSpacesBack__mutmut_1,specified,markdown_it/rules_block/state_block.py,skipSpacesBack,162,    if pos <= minimum:,    if pos < minimum:,survived,unreviewed,,tests/task/phase1/task.py::test_file;tests/task/phase1/task.py::test_spec,mutmut show 'markdown_it.rules_block.state_block.xǁStateBlockǁskipSpacesBack__mutmut_1',mutmut tests-for-mutant 'markdown_it.rules_block.state_block.xǁStateBlockǁskipSpacesBack__mutmut_1',mutmut run 'markdown_it.rules_block.state_block.xǁStateBlockǁskipSpacesBack__mutmut_1'
Mbdd22e87d0d228d2,markdown_it.rules_block.list.x_list_block__mutmut_183,specified,markdown_it/rules_block/list.py,list_block,240,"        if state.md.options.get(""tasklists"", False) and contentStart < maximum:","        if state.md.options.get(""tasklists"", False) and contentStart <= maximum:",survived,unreviewed,,tests/task/phase1/task.py::test_core_after;tests/task/phase1/task.py::test_file;tests/task/phase1/task.py::test_spec;tests/task/task2.py::test_make_fence_at,mutmut show 'markdown_it.rules_block.list.x_list_block__mutmut_183',mutmut tests-for-mutant 'markdown_it.rules_block.list.x_list_block__mutmut_183',mutmut run 'markdown_it.rules_block.list.x_list_block__mutmut_183'
Mbddf115457a8ff50,markdown_it.rules_block.paragraph.x_paragraph__mutmut_38,specified,markdown_it/rules_block/paragraph.py,paragraph,35,            nextLine += 1,            nextLine = 1,timeout,unreviewed,,tests/task/phase1/task.py::test_core_after;tests/task/phase1/task.py::test_file;tests/task/phase1/task.py::test_spec;tests/task/task2.py::test_make_fence_at,mutmut show 'markdown_it.rules_block.paragraph.x_paragraph__mutmut_38',mutmut tests-for-mutant 'markdown_it.rules_block.paragraph.x_paragraph__mutmut_38',mutmut run 'markdown_it.rules_block.paragraph.x_paragraph__mutmut_38'
Mbdedb405537501b5,markdown_it.rules_block.heading.x_heading__mutmut_93,specified,markdown_it/rules_block/heading.py,heading,59,"    token.map = [startLine, state.line]",    token.map = None,survived,unreviewed,,tests/task/phase1/task.py::test_core_after;tests/task/phase1/task.py::test_file;tests/task/phase1/task.py::test_spec;tests/task/task2.py::test_make_fence_at,mutmut show 'markdown_it.rules_block.heading.x_heading__mutmut_93',mutmut tests-for-mutant 'markdown_it.rules_block.heading.x_heading__mutmut_93',mutmut run 'markdown_it.rules_block.heading.x_heading__mutmut_93'
Mbe55eb54d2919cbd,markdown_it.helpers.parse_link_destination.xǁ_Resultǁ__init____mutmut_3,specified,markdown_it/helpers/parse_link_destination.py,__init__,13,    self.pos = 0,    self.pos = None,survived,unreviewed,,tests/task/phase1/task.py::test_file;tests/task/phase1/task.py::test_spec,mutmut show 'markdown_it.helpers.parse_link_destination.xǁ_Resultǁ__init____mutmut_3',mutmut tests-for-mutant 'markdown_it.helpers.parse_link_destination.xǁ_Resultǁ__init____mutmut_3',mutmut run 'markdown_it.helpers.parse_link_destination.xǁ_Resultǁ__init____mutmut_3'
Mbe6951f1e774ccdb,markdown_it.rules_block.html_block.x_html_block__mutmut_71,specified,markdown_it/rules_block/html_block.py,html_block,86,"    token = state.push(""html_block"", """", 0)","    token = state.push(""html_block"", ""XXXX"", 0)",survived,unreviewed,,tests/task/phase1/task.py::test_core_after;tests/task/phase1/task.py::test_file;tests/task/phase1/task.py::test_spec;tests/task/task2.py::test_make_fence_at,mutmut show 'markdown_it.rules_block.html_block.x_html_block__mutmut_71',mutmut tests-for-mutant 'markdown_it.rules_block.html_block.x_html_block__mutmut_71',mutmut run 'markdown_it.rules_block.html_block.x_html_block__mutmut_71'
Mbe6e7f8481a870b9,markdown_it.rules_inline.emphasis.x__postProcess__mutmut_95,specified,markdown_it/rules_inline/emphasis.py,_postProcess,91,            i -= 1,            i += 1,timeout,unreviewed,,tests/task/phase1/task.py::test_core_after;tests/task/phase1/task.py::test_file;tests/task/phase1/task.py::test_spec;tests/task/task2.py::test_make_fence_at,mutmut show 'markdown_it.rules_inline.emphasis.x__postProcess__mutmut_95',mutmut tests-for-mutant 'markdown_it.rules_inline.emphasis.x__postProcess__mutmut_95',mutmut run 'markdown_it.rules_inline.emphasis.x__postProcess__mutmut_95'
Mbe75341e22e86dd9,markdown_it.rules_block.reference.x_reference__mutmut_230,specified,markdown_it/rules_block/reference.py,reference,138,"        title = """"","        title = ""XXXX""",survived,unreviewed,,tests/task/phase1/task.py::test_core_after;tests/task/phase1/task.py::test_file;tests/task/phase1/task.py::test_spec;tests/task/task2.py::test_make_fence_at,mutmut show 'markdown_it.rules_block.reference.x_reference__mutmut_230',mutmut tests-for-mutant 'markdown_it.rules_block.reference.x_reference__mutmut_230',mutmut run 'markdown_it.rules_block.reference.x_reference__mutmut_230'
Mbe9f3d586d0170ce,markdown_it.rules_block.list.x_markTightParagraphs__mutmut_24,specified,markdown_it/rules_block/list.py,markTightParagraphs,97,            i += 2,            i += 3,survived,unreviewed,,tests/task/phase1/task.py::test_file;tests/task/phase1/task.py::test_spec,mutmut show 'markdown_it.rules_block.list.x_markTightParagraphs__mutmut_24',mutmut tests-for-mutant 'markdown_it.rules_block.list.x_markTightParagraphs__mutmut_24',mutmut run 'markdown_it.rules_block.list.x_markTightParagraphs__mutmut_24'
Mbef846894f6fc441,markdown_it.rules_inline.emphasis.x__postProcess__mutmut_71,specified,markdown_it/rules_inline/emphasis.py,_postProcess,82,"        token.type = ""strong_close"" if isStrong else ""em_close""","        token.type = ""STRONG_CLOSE"" if isStrong else ""em_close""",survived,unreviewed,,tests/task/phase1/task.py::test_core_after;tests/task/phase1/task.py::test_file;tests/task/phase1/task.py::test_spec;tests/task/task2.py::test_make_fence_at,mutmut show 'markdown_it.rules_inline.emphasis.x__postProcess__mutmut_71',mutmut tests-for-mutant 'markdown_it.rules_inline.emphasis.x__postProcess__mutmut_71',mutmut run 'markdown_it.rules_inline.emphasis.x__postProcess__mutmut_71'
Mbf2252d2b1f43bee,markdown_it.common.utils.x_isValidEntityCode__mutmut_13,specified,markdown_it/common/utils.py,isValidEntityCode,63,    if ((c & 0xFFFF) == 0xFFFF) or ((c & 0xFFFF) == 0xFFFE):,    if ((c & 0xFFFF) == 0xFFFF) and ((c & 0xFFFF) == 0xFFFE):,survived,unreviewed,,tests/task/phase1/task.py::test_spec,mutmut show 'markdown_it.common.utils.x_isValidEntityCode__mutmut_13',mutmut tests-for-mutant 'markdown_it.common.utils.x_isValidEntityCode__mutmut_13',mutmut run 'markdown_it.common.utils.x_isValidEntityCode__mutmut_13'
Mbf30f94046cff64f,markdown_it.rules_block.reference.x_reference__mutmut_7,specified,markdown_it/rules_block/reference.py,reference,11,"        ""entering reference: %s, %s, %s, %s"", state, startLine, _endLine, silent","        ""entering reference: %s, %s, %s, %s"", startLine, _endLine, silent",survived,unreviewed,,tests/task/phase1/task.py::test_core_after;tests/task/phase1/task.py::test_file;tests/task/phase1/task.py::test_spec;tests/task/task2.py::test_make_fence_at,mutmut show 'markdown_it.rules_block.reference.x_reference__mutmut_7',mutmut tests-for-mutant 'markdown_it.rules_block.reference.x_reference__mutmut_7',mutmut run 'markdown_it.rules_block.reference.x_reference__mutmut_7'
Mbf4ec18b4f6d64ad,markdown_it.rules_block.fence.x_make_fence_rule__mutmut_93,specified,markdown_it/rules_block/fence.py,make_fence_rule,132,        state.line = nextLine + (1 if haveEndMarker else 0),        state.line = nextLine - (1 if haveEndMarker else 0),survived,unreviewed,,tests/task/phase1/task.py::test_file;tests/task/task2.py::test_make_fence_after;tests/task/task2.py::test_make_fence_at,mutmut show 'markdown_it.rules_block.fence.x_make_fence_rule__mutmut_93',mutmut tests-for-mutant 'markdown_it.rules_block.fence.x_make_fence_rule__mutmut_93',mutmut run 'markdown_it.rules_block.fence.x_make_fence_rule__mutmut_93'
Mbf64fb24755fc1d4,markdown_it.common.normalize_url.x_normalizeLinkText__mutmut_14,specified,markdown_it/common/normalize_url.py,normalizeLinkText,60,            parsed = parsed._replace(hostname=_punycode.to_unicode(parsed.hostname)),            parsed = parsed._replace(hostname=_punycode.to_unicode(None)),survived,unreviewed,,tests/task/phase1/task.py::test_file;tests/task/phase1/task.py::test_spec,mutmut show 'markdown_it.common.normalize_url.x_normalizeLinkText__mutmut_14',mutmut tests-for-mutant 'markdown_it.common.normalize_url.x_normalizeLinkText__mutmut_14',mutmut run 'markdown_it.common.normalize_url.x_normalizeLinkText__mutmut_14'
Mbf84c76e760261ca,markdown_it.rules_block.blockquote.x_blockquote__mutmut_265,specified,markdown_it/rules_block/blockquote.py,blockquote,281,"    if state.md.options.get(""alerts"", False) and nextLine > startLine:","    if state.md.options.get(""alerts"", None) and nextLine > startLine:",survived,unreviewed,,tests/task/phase1/task.py::test_core_after;tests/task/phase1/task.py::test_file;tests/task/phase1/task.py::test_spec;tests/task/task2.py::test_make_fence_at,mutmut show 'markdown_it.rules_block.blockquote.x_blockquote__mutmut_265',mutmut tests-for-mutant 'markdown_it.rules_block.blockquote.x_blockquote__mutmut_265',mutmut run 'markdown_it.rules_block.blockquote.x_blockquote__mutmut_265'
Mbf9d81ef53945b18,markdown_it.rules_inline.state_inline.xǁStateInlineǁpush__mutmut_11,specified,markdown_it/rules_inline/state_inline.py,push,104,        self.level -= 1,        self.level = 1,survived,unreviewed,,tests/task/phase1/task.py::test_file;tests/task/phase1/task.py::test_spec;tests/task/task2.py::test_make_fence_at,mutmut show 'markdown_it.rules_inline.state_inline.xǁStateInlineǁpush__mutmut_11',mutmut tests-for-mutant 'markdown_it.rules_inline.state_inline.xǁStateInlineǁpush__mutmut_11',mutmut run 'markdown_it.rules_inline.state_inline.xǁStateInlineǁpush__mutmut_11'
Mbfb3488e7088fd2e,markdown_it.main.xǁMarkdownItǁrender__mutmut_2,specified,markdown_it/main.py,render,286,    env = {} if env is None else env,    env = {} if env is not None else env,survived,unreviewed,,tests/task/phase1/task.py::test_file;tests/task/phase1/task.py::test_spec,mutmut show 'markdown_it.main.xǁMarkdownItǁrender__mutmut_2',mutmut tests-for-mutant 'markdown_it.main.xǁMarkdownItǁrender__mutmut_2',mutmut run 'markdown_it.main.xǁMarkdownItǁrender__mutmut_2'
Mbfb563e474cbd717,markdown_it.rules_inline.image.x_image__mutmut_205,specified,markdown_it/rules_inline/image.py,image,143,"        if label and state.md.options.get(""store_labels"", False):","        if label and state.md.options.get(None, False):",survived,unreviewed,,tests/task/phase1/task.py::test_file;tests/task/phase1/task.py::test_spec,mutmut show 'markdown_it.rules_inline.image.x_image__mutmut_205',mutmut tests-for-mutant 'markdown_it.rules_inline.image.x_image__mutmut_205',mutmut run 'markdown_it.rules_inline.image.x_image__mutmut_205'
Mbfdab2d4e244b684,markdown_it.rules_inline.escape.x_escape__mutmut_84,specified,markdown_it/rules_inline/escape.py,escape,54,"        token.info = ""escape""",        token.info = None,survived,unreviewed,,tests/task/phase1/task.py::test_file;tests/task/phase1/task.py::test_spec;tests/task/task2.py::test_make_fence_at,mutmut show 'markdown_it.rules_inline.escape.x_escape__mutmut_84',mutmut tests-for-mutant 'markdown_it.rules_inline.escape.x_escape__mutmut_84',mutmut run 'markdown_it.rules_inline.escape.x_escape__mutmut_84'
Mc014f8d394258c76,markdown_it.renderer.xǁRendererHTMLǁrender__mutmut_31,specified,markdown_it/renderer.py,render,86,"            result += self.renderToken(tokens, i, options, env)","            result += self.renderToken(tokens, i, options, None)",survived,unreviewed,,tests/task/phase1/task.py::test_file;tests/task/phase1/task.py::test_spec,mutmut show 'markdown_it.renderer.xǁRendererHTMLǁrender__mutmut_31',mutmut tests-for-mutant 'markdown_it.renderer.xǁRendererHTMLǁrender__mutmut_31',mutmut run 'markdown_it.renderer.xǁRendererHTMLǁrender__mutmut_31'
Mc0398385764c2551,markdown_it.rules_inline.balance_pairs.x_processDelimiters__mutmut_27,specified,markdown_it/rules_inline/balance_pairs.py,processDelimiters,44,            closerIdx += 1,            closerIdx = 1,timeout,unreviewed,,tests/task/phase1/task.py::test_core_after;tests/task/phase1/task.py::test_file;tests/task/phase1/task.py::test_spec;tests/task/task2.py::test_make_fence_at,mutmut show 'markdown_it.rules_inline.balance_pairs.x_processDelimiters__mutmut_27',mutmut tests-for-mutant 'markdown_it.rules_inline.balance_pairs.x_processDelimiters__mutmut_27',mutmut run 'markdown_it.rules_inline.balance_pairs.x_processDelimiters__mutmut_27'
Mc03a6dc0d700c925,markdown_it.rules_block.fence.x_make_fence_rule__mutmut_43,specified,markdown_it/rules_block/fence.py,make_fence_rule,71,        length = pos - mem,        length = pos + mem,survived,unreviewed,,tests/task/phase1/task.py::test_file;tests/task/task2.py::test_make_fence_after;tests/task/task2.py::test_make_fence_at,mutmut show 'markdown_it.rules_block.fence.x_make_fence_rule__mutmut_43',mutmut tests-for-mutant 'markdown_it.rules_block.fence.x_make_fence_rule__mutmut_43',mutmut run 'markdown_it.rules_block.fence.x_make_fence_rule__mutmut_43'
Mc041bd2f2e760c98,markdown_it.presets.commonmark.x_make__mutmut_8,specified,markdown_it/presets/commonmark.py,make,17,"            ""html"": True,  # Enable HTML tags in source,","            ""HTML"": True,  # Enable HTML tags in source,",survived,unreviewed,,tests/task/phase1/task.py::test_file,mutmut show 'markdown_it.presets.commonmark.x_make__mutmut_8',mutmut tests-for-mutant 'markdown_it.presets.commonmark.x_make__mutmut_8',mutmut run 'markdown_it.presets.commonmark.x_make__mutmut_8'
Mc04b975ef7475017,markdown_it.rules_inline.balance_pairs.x_processDelimiters__mutmut_61,specified,markdown_it/rules_inline/balance_pairs.py,processDelimiters,66,                openerIdx -= jumps[openerIdx] + 1,                openerIdx -= jumps[openerIdx] - 1,timeout,unreviewed,,tests/task/phase1/task.py::test_core_after;tests/task/phase1/task.py::test_file;tests/task/phase1/task.py::test_spec;tests/task/task2.py::test_make_fence_at,mutmut show 'markdown_it.rules_inline.balance_pairs.x_processDelimiters__mutmut_61',mutmut tests-for-mutant 'markdown_it.rules_inline.balance_pairs.x_processDelimiters__mutmut_61',mutmut run 'markdown_it.rules_inline.balance_pairs.x_processDelimiters__mutmut_61'
Mc09370b932088372,markdown_it.presets.zero.x_make__mutmut_49,specified,markdown_it/presets/zero.py,make,38,"            ""block"": {""rules"": [""paragraph""]},","            ""BLOCK"": {""rules"": [""paragraph""]},",survived,unreviewed,,tests/task/phase1/task.py::test_file,mutmut show 'markdown_it.presets.zero.x_make__mutmut_49',mutmut tests-for-mutant 'markdown_it.presets.zero.x_make__mutmut_49',mutmut run 'markdown_it.presets.zero.x_make__mutmut_49'
Mc0a5340ca44d0c69,markdown_it.rules_block.fence.x_make_fence_rule__mutmut_35,specified,markdown_it/rules_block/fence.py,make_fence_rule,65,            return False,            return True,timeout,unreviewed,,tests/task/phase1/task.py::test_file;tests/task/task2.py::test_make_fence_after;tests/task/task2.py::test_make_fence_at,mutmut show 'markdown_it.rules_block.fence.x_make_fence_rule__mutmut_35',mutmut tests-for-mutant 'markdown_it.rules_block.fence.x_make_fence_rule__mutmut_35',mutmut run 'markdown_it.rules_block.fence.x_make_fence_rule__mutmut_35'
Mc10aa36f00a3abd7,markdown_it.rules_block.list.x_list_block__mutmut_169,specified,markdown_it/rules_block/list.py,list_block,234,"        token.map = itemLines = [startLine, 0]","        token.map = itemLines = [startLine, 1]",survived,unreviewed,,tests/task/phase1/task.py::test_core_after;tests/task/phase1/task.py::test_file;tests/task/phase1/task.py::test_spec;tests/task/task2.py::test_make_fence_at,mutmut show 'markdown_it.rules_block.list.x_list_block__mutmut_169',mutmut tests-for-mutant 'markdown_it.rules_block.list.x_list_block__mutmut_169',mutmut run 'markdown_it.rules_block.list.x_list_block__mutmut_169'
Mc115e3dbe44425b0,markdown_it.rules_inline.html_inline.x_html_inline__mutmut_50,specified,markdown_it/rules_inline/html_inline.py,html_inline,38,            state.linkLevel += 1,            state.linkLevel += 2,survived,unreviewed,,tests/task/phase1/task.py::test_file;tests/task/phase1/task.py::test_spec,mutmut show 'markdown_it.rules_inline.html_inline.x_html_inline__mutmut_50',mutmut tests-for-mutant 'markdown_it.rules_inline.html_inline.x_html_inline__mutmut_50',mutmut run 'markdown_it.rules_inline.html_inline.x_html_inline__mutmut_50'
Mc119ed826d050365,markdown_it.rules_inline.escape.x_escape__mutmut_80,specified,markdown_it/rules_inline/escape.py,escape,51,"        token = state.push(""text_special"", """", 0)","        token = state.push(""text_special"", """", 1)",timeout,unreviewed,,tests/task/phase1/task.py::test_file;tests/task/phase1/task.py::test_spec;tests/task/task2.py::test_make_fence_at,mutmut show 'markdown_it.rules_inline.escape.x_escape__mutmut_80',mutmut tests-for-mutant 'markdown_it.rules_inline.escape.x_escape__mutmut_80',mutmut run 'markdown_it.rules_inline.escape.x_escape__mutmut_80'
Mc132f56a9f11195e,markdown_it.rules_inline.html_inline.x_html_inline__mutmut_43,specified,markdown_it/rules_inline/html_inline.py,html_inline,34,"        token = state.push(""html_inline"", """", 0)","        token = state.push(""html_inline"", ""XXXX"", 0)",survived,unreviewed,,tests/task/phase1/task.py::test_file;tests/task/phase1/task.py::test_spec,mutmut show 'markdown_it.rules_inline.html_inline.x_html_inline__mutmut_43',mutmut tests-for-mutant 'markdown_it.rules_inline.html_inline.x_html_inline__mutmut_43',mutmut run 'markdown_it.rules_inline.html_inline.x_html_inline__mutmut_43'
Mc1886692920cf4cf,markdown_it.rules_block.reference.x_reference__mutmut_219,specified,markdown_it/rules_block/reference.py,reference,133,        pos += 1,        pos += 2,survived,unreviewed,,tests/task/phase1/task.py::test_core_after;tests/task/phase1/task.py::test_file;tests/task/phase1/task.py::test_spec;tests/task/task2.py::test_make_fence_at,mutmut show 'markdown_it.rules_block.reference.x_reference__mutmut_219',mutmut tests-for-mutant 'markdown_it.rules_block.reference.x_reference__mutmut_219',mutmut run 'markdown_it.rules_block.reference.x_reference__mutmut_219'
Mc1a3be2690cb22f0,markdown_it.rules_block.list.x_skipOrderedListMarker__mutmut_20,specified,markdown_it/rules_block/list.py,skipOrderedListMarker,51,    if ch_ord < 0x30 or ch_ord > 0x39:,    if ch_ord < 0x30 or ch_ord > 58:,survived,unreviewed,,tests/task/phase1/task.py::test_core_after;tests/task/phase1/task.py::test_file;tests/task/phase1/task.py::test_spec;tests/task/task2.py::test_make_fence_at,mutmut show 'markdown_it.rules_block.list.x_skipOrderedListMarker__mutmut_20',mutmut tests-for-mutant 'markdown_it.rules_block.list.x_skipOrderedListMarker__mutmut_20',mutmut run 'markdown_it.rules_block.list.x_skipOrderedListMarker__mutmut_20'
Mc1af7d860c329319,markdown_it.rules_inline.balance_pairs.x_processDelimiters__mutmut_133,specified,markdown_it/rules_inline/balance_pairs.py,processDelimiters,124,        closerIdx += 1,        closerIdx = 1,timeout,unreviewed,,tests/task/phase1/task.py::test_core_after;tests/task/phase1/task.py::test_file;tests/task/phase1/task.py::test_spec;tests/task/task2.py::test_make_fence_at,mutmut show 'markdown_it.rules_inline.balance_pairs.x_processDelimiters__mutmut_133',mutmut tests-for-mutant 'markdown_it.rules_inline.balance_pairs.x_processDelimiters__mutmut_133',mutmut run 'markdown_it.rules_inline.balance_pairs.x_processDelimiters__mutmut_133'
Mc1e746209a482b87,markdown_it.rules_inline.balance_pairs.x_processDelimiters__mutmut_118,specified,markdown_it/rules_inline/balance_pairs.py,processDelimiters,110,            openerIdx -= jumps[openerIdx] + 1,            openerIdx = jumps[openerIdx] + 1,timeout,unreviewed,,tests/task/phase1/task.py::test_core_after;tests/task/phase1/task.py::test_file;tests/task/phase1/task.py::test_spec;tests/task/task2.py::test_make_fence_at,mutmut show 'markdown_it.rules_inline.balance_pairs.x_processDelimiters__mutmut_118',mutmut tests-for-mutant 'markdown_it.rules_inline.balance_pairs.x_processDelimiters__mutmut_118',mutmut run 'markdown_it.rules_inline.balance_pairs.x_processDelimiters__mutmut_118'
Mc2065a5d263f478d,markdown_it.rules_block.paragraph.x_paragraph__mutmut_56,specified,markdown_it/rules_block/paragraph.py,paragraph,46,            break,            return,timeout,unreviewed,,tests/task/phase1/task.py::test_core_after;tests/task/phase1/task.py::test_file;tests/task/phase1/task.py::test_spec;tests/task/task2.py::test_make_fence_at,mutmut show 'markdown_it.rules_block.paragraph.x_paragraph__mutmut_56',mutmut tests-for-mutant 'markdown_it.rules_block.paragraph.x_paragraph__mutmut_56',mutmut run 'markdown_it.rules_block.paragraph.x_paragraph__mutmut_56'
Mc207b89d56c780c8,markdown_it.rules_block.paragraph.x_paragraph__mutmut_111,specified,markdown_it/rules_block/paragraph.py,paragraph,64,    state.parentType = oldParentType,    state.parentType = None,survived,unreviewed,,tests/task/phase1/task.py::test_core_after;tests/task/phase1/task.py::test_file;tests/task/phase1/task.py::test_spec;tests/task/task2.py::test_make_fence_at,mutmut show 'markdown_it.rules_block.paragraph.x_paragraph__mutmut_111',mutmut tests-for-mutant 'markdown_it.rules_block.paragraph.x_paragraph__mutmut_111',mutmut run 'markdown_it.rules_block.paragraph.x_paragraph__mutmut_111'
Mc2239e1dc0b1ecb1,markdown_it.rules_block.heading.x_heading__mutmut_85,specified,markdown_it/rules_block/heading.py,heading,57,"    token = state.push(""heading_open"", ""h"" + str(level), 1)","    token = state.push(""HEADING_OPEN"", ""h"" + str(level), 1)",survived,unreviewed,,tests/task/phase1/task.py::test_core_after;tests/task/phase1/task.py::test_file;tests/task/phase1/task.py::test_spec;tests/task/task2.py::test_make_fence_at,mutmut show 'markdown_it.rules_block.heading.x_heading__mutmut_85',mutmut tests-for-mutant 'markdown_it.rules_block.heading.x_heading__mutmut_85',mutmut run 'markdown_it.rules_block.heading.x_heading__mutmut_85'
Mc2270414879e8218,markdown_it.presets.default.x_make__mutmut_39,specified,markdown_it/presets/default.py,make,35,"        ""components"": {""core"": {}, ""block"": {}, ""inline"": {}},","        ""components"": {""core"": {}, ""BLOCK"": {}, ""inline"": {}},",survived,unreviewed,,tests/task/phase1/task.py::test_file,mutmut show 'markdown_it.presets.default.x_make__mutmut_39',mutmut tests-for-mutant 'markdown_it.presets.default.x_make__mutmut_39',mutmut run 'markdown_it.presets.default.x_make__mutmut_39'
Mc2310b491e7d793e,markdown_it.rules_block.list.x_list_block__mutmut_162,specified,markdown_it/rules_block/list.py,list_block,232,"        token = state.push(""list_item_open"", ""li"", 1)","        token = state.push(""XXlist_item_openXX"", ""li"", 1)",survived,unreviewed,,tests/task/phase1/task.py::test_core_after;tests/task/phase1/task.py::test_file;tests/task/phase1/task.py::test_spec;tests/task/task2.py::test_make_fence_at,mutmut show 'markdown_it.rules_block.list.x_list_block__mutmut_162',mutmut tests-for-mutant 'markdown_it.rules_block.list.x_list_block__mutmut_162',mutmut run 'markdown_it.rules_block.list.x_list_block__mutmut_162'
Mc23cd73c346383d6,markdown_it.presets.commonmark.x_make__mutmut_96,specified,markdown_it/presets/commonmark.py,make,72,"                ""rules2"": [""balance_pairs"", ""emphasis"", ""fragments_join""],","                ""XXrules2XX"": [""balance_pairs"", ""emphasis"", ""fragments_join""],",survived,unreviewed,,tests/task/phase1/task.py::test_file,mutmut show 'markdown_it.presets.commonmark.x_make__mutmut_96',mutmut tests-for-mutant 'markdown_it.presets.commonmark.x_make__mutmut_96',mutmut run 'markdown_it.presets.commonmark.x_make__mutmut_96'
Mc243c0173c849e6e,markdown_it.presets.xǁgfm_likeǁmake__mutmut_37,specified,markdown_it/presets/__init__.py,make,25,"    config[""components""][""inline""][""rules2""].append(""strikethrough"")","    config[""components""][""inline""][""RULES2""].append(""strikethrough"")",survived,unreviewed,,tests/task/phase1/task.py::test_file,mutmut show 'markdown_it.presets.xǁgfm_likeǁmake__mutmut_37',mutmut tests-for-mutant 'markdown_it.presets.xǁgfm_likeǁmake__mutmut_37',mutmut run 'markdown_it.presets.xǁgfm_likeǁmake__mutmut_37'
Mc26eeaaadbcfff26,markdown_it.presets.xǁgfm_likeǁmake__mutmut_10,specified,markdown_it/presets/__init__.py,make,22,"    config[""components""][""core""][""rules""].append(""linkify"")","    config[""components""][""core""][""rules""].append(""LINKIFY"")",survived,unreviewed,,tests/task/phase1/task.py::test_file,mutmut show 'markdown_it.presets.xǁgfm_likeǁmake__mutmut_10',mutmut tests-for-mutant 'markdown_it.presets.xǁgfm_likeǁmake__mutmut_10',mutmut run 'markdown_it.presets.xǁgfm_likeǁmake__mutmut_10'
Mc2847d7c09eff3e4,markdown_it.rules_block.list.x_list_block__mutmut_387,specified,markdown_it/rules_block/list.py,list_block,377,    state.parentType = oldParentType,    state.parentType = None,survived,unreviewed,,tests/task/phase1/task.py::test_core_after;tests/task/phase1/task.py::test_file;tests/task/phase1/task.py::test_spec;tests/task/task2.py::test_make_fence_at,mutmut show 'markdown_it.rules_block.list.x_list_block__mutmut_387',mutmut tests-for-mutant 'markdown_it.rules_block.list.x_list_block__mutmut_387',mutmut run 'markdown_it.rules_block.list.x_list_block__mutmut_387'
Mc2aeeae6240ad321,markdown_it.rules_inline.emphasis.x__postProcess__mutmut_63,specified,markdown_it/rules_inline/emphasis.py,_postProcess,77,        token.nesting = 1,        token.nesting = 2,survived,unreviewed,,tests/task/phase1/task.py::test_core_after;tests/task/phase1/task.py::test_file;tests/task/phase1/task.py::test_spec;tests/task/task2.py::test_make_fence_at,mutmut show 'markdown_it.rules_inline.emphasis.x__postProcess__mutmut_63',mutmut tests-for-mutant 'markdown_it.rules_inline.emphasis.x__postProcess__mutmut_63',mutmut run 'markdown_it.rules_inline.emphasis.x__postProcess__mutmut_63'
Mc2c85390304fe351,markdown_it.presets.commonmark.x_make__mutmut_70,specified,markdown_it/presets/commonmark.py,make,56,"                    ""paragraph"",","                    ""XXparagraphXX"",",survived,unreviewed,,tests/task/phase1/task.py::test_file,mutmut show 'markdown_it.presets.commonmark.x_make__mutmut_70',mutmut tests-for-mutant 'markdown_it.presets.commonmark.x_make__mutmut_70',mutmut run 'markdown_it.presets.commonmark.x_make__mutmut_70'
Mc2dcef506f9ef2c3,markdown_it.rules_inline.autolink.x_autolink__mutmut_85,specified,markdown_it/rules_inline/autolink.py,autolink,53,        state.pos += len(url) + 2,        state.pos -= len(url) + 2,timeout,unreviewed,,tests/task/phase1/task.py::test_file;tests/task/phase1/task.py::test_spec,mutmut show 'markdown_it.rules_inline.autolink.x_autolink__mutmut_85',mutmut tests-for-mutant 'markdown_it.rules_inline.autolink.x_autolink__mutmut_85',mutmut run 'markdown_it.rules_inline.autolink.x_autolink__mutmut_85'
Mc309efc62e39ea84,markdown_it.rules_block.heading.x_heading__mutmut_96,specified,markdown_it/rules_block/heading.py,heading,61,"    token = state.push(""inline"", """", 0)","    token = state.push(""inline"", None, 0)",survived,unreviewed,,tests/task/phase1/task.py::test_core_after;tests/task/phase1/task.py::test_file;tests/task/phase1/task.py::test_spec;tests/task/task2.py::test_make_fence_at,mutmut show 'markdown_it.rules_block.heading.x_heading__mutmut_96',mutmut tests-for-mutant 'markdown_it.rules_block.heading.x_heading__mutmut_96',mutmut run 'markdown_it.rules_block.heading.x_heading__mutmut_96'
Mc328323f2baaf8f3,markdown_it.presets.xǁgfm_like2ǁmake__mutmut_16,specified,markdown_it/presets/__init__.py,make,46,"    config[""options""][""alerts""] = True","    config[""OPTIONS""][""alerts""] = True",survived,unreviewed,,tests/task/phase1/task.py::test_file,mutmut show 'markdown_it.presets.xǁgfm_like2ǁmake__mutmut_16',mutmut tests-for-mutant 'markdown_it.presets.xǁgfm_like2ǁmake__mutmut_16',mutmut run 'markdown_it.presets.xǁgfm_like2ǁmake__mutmut_16'
Mc3546e3217b06192,markdown_it.helpers.parse_link_destination.x_parseLinkDestination__mutmut_70,specified,markdown_it/helpers/parse_link_destination.py,parseLinkDestination,57,        if code == 0x5C and pos + 1 < maximum:,        if code == 0x5C and pos + 1 <= maximum:,survived,unreviewed,,tests/task/phase1/task.py::test_file;tests/task/phase1/task.py::test_spec,mutmut show 'markdown_it.helpers.parse_link_destination.x_parseLinkDestination__mutmut_70',mutmut tests-for-mutant 'markdown_it.helpers.parse_link_destination.x_parseLinkDestination__mutmut_70',mutmut run 'markdown_it.helpers.parse_link_destination.x_parseLinkDestination__mutmut_70'
Mc387d1ed1caeaef9,markdown_it.rules_block.fence.x_make_fence_rule__mutmut_49,specified,markdown_it/rules_block/fence.py,make_fence_rule,79,        if marker in disallow_marker_in_info and marker in params:,        if marker not in disallow_marker_in_info and marker in params:,survived,unreviewed,,tests/task/phase1/task.py::test_file;tests/task/task2.py::test_make_fence_after;tests/task/task2.py::test_make_fence_at,mutmut show 'markdown_it.rules_block.fence.x_make_fence_rule__mutmut_49',mutmut tests-for-mutant 'markdown_it.rules_block.fence.x_make_fence_rule__mutmut_49',mutmut run 'markdown_it.rules_block.fence.x_make_fence_rule__mutmut_49'
Mc3d4c2a50667b09a,markdown_it.renderer.xǁRendererHTMLǁrenderToken__mutmut_60,specified,markdown_it/renderer.py,renderToken,166,                needLf = False,                needLf = None,survived,unreviewed,,tests/task/phase1/task.py::test_file;tests/task/phase1/task.py::test_spec,mutmut show 'markdown_it.renderer.xǁRendererHTMLǁrenderToken__mutmut_60',mutmut tests-for-mutant 'markdown_it.renderer.xǁRendererHTMLǁrenderToken__mutmut_60',mutmut run 'markdown_it.renderer.xǁRendererHTMLǁrenderToken__mutmut_60'
Mc3ef227e090a48c7,markdown_it.rules_inline.emphasis.x__postProcess__mutmut_72,specified,markdown_it/rules_inline/emphasis.py,_postProcess,82,"        token.type = ""strong_close"" if isStrong else ""em_close""","        token.type = ""strong_close"" if isStrong else ""XXem_closeXX""",survived,unreviewed,,tests/task/phase1/task.py::test_core_after;tests/task/phase1/task.py::test_file;tests/task/phase1/task.py::test_spec;tests/task/task2.py::test_make_fence_at,mutmut show 'markdown_it.rules_inline.emphasis.x__postProcess__mutmut_72',mutmut tests-for-mutant 'markdown_it.rules_inline.emphasis.x__postProcess__mutmut_72',mutmut run 'markdown_it.rules_inline.emphasis.x__postProcess__mutmut_72'
Mc41d70d99787ad1a,markdown_it.rules_block.reference.x_reference__mutmut_208,specified,markdown_it/rules_block/reference.py,reference,129,    while pos < maximum:,    while pos <= maximum:,survived,unreviewed,,tests/task/phase1/task.py::test_core_after;tests/task/phase1/task.py::test_file;tests/task/phase1/task.py::test_spec;tests/task/task2.py::test_make_fence_at,mutmut show 'markdown_it.rules_block.reference.x_reference__mutmut_208',mutmut tests-for-mutant 'markdown_it.rules_block.reference.x_reference__mutmut_208',mutmut run 'markdown_it.rules_block.reference.x_reference__mutmut_208'
Mc4250f47a5751438,markdown_it.parser_inline.xǁParserInlineǁtokenize__mutmut_1,specified,markdown_it/parser_inline.py,tokenize,176,    ok = False,    ok = None,survived,unreviewed,,tests/task/phase1/task.py::test_core_after;tests/task/phase1/task.py::test_file;tests/task/phase1/task.py::test_spec;tests/task/task2.py::test_make_fence_at,mutmut show 'markdown_it.parser_inline.xǁParserInlineǁtokenize__mutmut_1',mutmut tests-for-mutant 'markdown_it.parser_inline.xǁParserInlineǁtokenize__mutmut_1',mutmut run 'markdown_it.parser_inline.xǁParserInlineǁtokenize__mutmut_1'
Mc44213c26109aab2,markdown_it.rules_inline.backticks.x_backtick__mutmut_82,specified,markdown_it/rules_inline/backticks.py,backtick,57,                    and len(token.content.strip()) > 0,                    and len(token.content.strip()) >= 0,survived,unreviewed,,tests/task/phase1/task.py::test_file;tests/task/phase1/task.py::test_spec;tests/task/task2.py::test_make_fence_at,mutmut show 'markdown_it.rules_inline.backticks.x_backtick__mutmut_82',mutmut tests-for-mutant 'markdown_it.rules_inline.backticks.x_backtick__mutmut_82',mutmut run 'markdown_it.rules_inline.backticks.x_backtick__mutmut_82'
Mc506c2852a1d29e3,markdown_it.rules_block.paragraph.x_paragraph__mutmut_30,specified,markdown_it/rules_block/paragraph.py,paragraph,29,        if state.sCount[nextLine] - state.blkIndent > 3:,        if state.sCount[nextLine] - state.blkIndent >= 3:,survived,unreviewed,,tests/task/phase1/task.py::test_core_after;tests/task/phase1/task.py::test_file;tests/task/phase1/task.py::test_spec;tests/task/task2.py::test_make_fence_at,mutmut show 'markdown_it.rules_block.paragraph.x_paragraph__mutmut_30',mutmut tests-for-mutant 'markdown_it.rules_block.paragraph.x_paragraph__mutmut_30',mutmut run 'markdown_it.rules_block.paragraph.x_paragraph__mutmut_30'
Mc51016753ae9306f,markdown_it.presets.default.x_make__mutmut_8,specified,markdown_it/presets/default.py,make,10,"            ""html"": False,  # Enable HTML tags in source","            ""HTML"": False,  # Enable HTML tags in source",survived,unreviewed,,tests/task/phase1/task.py::test_file,mutmut show 'markdown_it.presets.default.x_make__mutmut_8',mutmut tests-for-mutant 'markdown_it.presets.default.x_make__mutmut_8',mutmut run 'markdown_it.presets.default.x_make__mutmut_8'
Mc545a1be91264461,markdown_it.rules_block.list.x_list_block__mutmut_303,specified,markdown_it/rules_block/list.py,list_block,342,            if posAfterMarker < 0:,            if posAfterMarker <= 0:,survived,unreviewed,,tests/task/phase1/task.py::test_core_after;tests/task/phase1/task.py::test_file;tests/task/phase1/task.py::test_spec;tests/task/task2.py::test_make_fence_at,mutmut show 'markdown_it.rules_block.list.x_list_block__mutmut_303',mutmut tests-for-mutant 'markdown_it.rules_block.list.x_list_block__mutmut_303',mutmut run 'markdown_it.rules_block.list.x_list_block__mutmut_303'
Mc5588db57f601191,markdown_it.rules_inline.backticks.x_backtick__mutmut_68,specified,markdown_it/rules_inline/backticks.py,backtick,52,                token.markup = marker,                token.markup = None,survived,unreviewed,,tests/task/phase1/task.py::test_file;tests/task/phase1/task.py::test_spec;tests/task/task2.py::test_make_fence_at,mutmut show 'markdown_it.rules_inline.backticks.x_backtick__mutmut_68',mutmut tests-for-mutant 'markdown_it.rules_inline.backticks.x_backtick__mutmut_68',mutmut run 'markdown_it.rules_inline.backticks.x_backtick__mutmut_68'
Mc57dd6e70ddf62a5,markdown_it.rules_block.paragraph.x_paragraph__mutmut_14,specified,markdown_it/rules_block/paragraph.py,paragraph,15,    nextLine = startLine + 1,    nextLine = startLine - 1,timeout,unreviewed,,tests/task/phase1/task.py::test_core_after;tests/task/phase1/task.py::test_file;tests/task/phase1/task.py::test_spec;tests/task/task2.py::test_make_fence_at,mutmut show 'markdown_it.rules_block.paragraph.x_paragraph__mutmut_14',mutmut tests-for-mutant 'markdown_it.rules_block.paragraph.x_paragraph__mutmut_14',mutmut run 'markdown_it.rules_block.paragraph.x_paragraph__mutmut_14'
Mc5902bce4253e2b0,markdown_it.rules_block.state_block.xǁStateBlockǁ__init____mutmut_47,specified,markdown_it/rules_block/state_block.py,__init__,80,                    offset += 4 - offset % 4,                    offset += 5 - offset % 4,survived,unreviewed,,tests/task/phase1/task.py::test_core_after;tests/task/phase1/task.py::test_file;tests/task/phase1/task.py::test_spec;tests/task/task2.py::test_make_fence_after;tests/task/task2.py::test_make_fence_at,mutmut show 'markdown_it.rules_block.state_block.xǁStateBlockǁ__init____mutmut_47',mutmut tests-for-mutant 'markdown_it.rules_block.state_block.xǁStateBlockǁ__init____mutmut_47',mutmut run 'markdown_it.rules_block.state_block.xǁStateBlockǁ__init____mutmut_47'
Mc5920d203655b93a,markdown_it.presets.commonmark.x_make__mutmut_85,specified,markdown_it/presets/commonmark.py,make,65,"                    ""escape"",","                    ""ESCAPE"",",survived,unreviewed,,tests/task/phase1/task.py::test_file,mutmut show 'markdown_it.presets.commonmark.x_make__mutmut_85',mutmut tests-for-mutant 'markdown_it.presets.commonmark.x_make__mutmut_85',mutmut run 'markdown_it.presets.commonmark.x_make__mutmut_85'
Mc593e0c0e1bfb443,markdown_it.rules_inline.fragments_join.x_fragments_join__mutmut_8,specified,markdown_it/rules_inline/fragments_join.py,fragments_join,21,        if state.tokens[curr].nesting < 0:,        if state.tokens[curr].nesting < 1:,survived,unreviewed,,tests/task/phase1/task.py::test_core_after;tests/task/phase1/task.py::test_file;tests/task/phase1/task.py::test_spec;tests/task/task2.py::test_make_fence_at,mutmut show 'markdown_it.rules_inline.fragments_join.x_fragments_join__mutmut_8',mutmut tests-for-mutant 'markdown_it.rules_inline.fragments_join.x_fragments_join__mutmut_8',mutmut run 'markdown_it.rules_inline.fragments_join.x_fragments_join__mutmut_8'
Mc5a598af07d2faa7,markdown_it.rules_block.state_block.xǁStateBlockǁ__init____mutmut_14,specified,markdown_it/rules_block/state_block.py,__init__,53,    self.lineMax = 0  # lines count,    self.lineMax = None  # lines count,survived,unreviewed,,tests/task/phase1/task.py::test_core_after;tests/task/phase1/task.py::test_file;tests/task/phase1/task.py::test_spec;tests/task/task2.py::test_make_fence_after;tests/task/task2.py::test_make_fence_at,mutmut show 'markdown_it.rules_block.state_block.xǁStateBlockǁ__init____mutmut_14',mutmut tests-for-mutant 'markdown_it.rules_block.state_block.xǁStateBlockǁ__init____mutmut_14',mutmut run 'markdown_it.rules_block.state_block.xǁStateBlockǁ__init____mutmut_14'
Mc5d1a492b9afa6e8,markdown_it.rules_block.heading.x_heading__mutmut_11,specified,markdown_it/rules_block/heading.py,heading,14,"    LOGGER.debug(""entering heading: %s, %s, %s, %s"", state, startLine, endLine, silent)","    LOGGER.debug(""XXentering heading: %s, %s, %s, %sXX"", state, startLine, endLine, silent)",survived,unreviewed,,tests/task/phase1/task.py::test_core_after;tests/task/phase1/task.py::test_file;tests/task/phase1/task.py::test_spec;tests/task/task2.py::test_make_fence_at,mutmut show 'markdown_it.rules_block.heading.x_heading__mutmut_11',mutmut tests-for-mutant 'markdown_it.rules_block.heading.x_heading__mutmut_11',mutmut run 'markdown_it.rules_block.heading.x_heading__mutmut_11'
Mc5de8ab034d0f739,markdown_it.presets.commonmark.x_make__mutmut_12,specified,markdown_it/presets/commonmark.py,make,20,"            ""linkify"": False,  # autoconvert URL-like texts to links","            ""linkify"": True,  # autoconvert URL-like texts to links",survived,unreviewed,,tests/task/phase1/task.py::test_file,mutmut show 'markdown_it.presets.commonmark.x_make__mutmut_12',mutmut tests-for-mutant 'markdown_it.presets.commonmark.x_make__mutmut_12',mutmut run 'markdown_it.presets.commonmark.x_make__mutmut_12'
Mc5e40eab5c8889fe,markdown_it.rules_block.blockquote.x_blockquote__mutmut_41,specified,markdown_it/rules_block/blockquote.py,blockquote,51,        offset += 1,        offset -= 1,timeout,unreviewed,,tests/task/phase1/task.py::test_core_after;tests/task/phase1/task.py::test_file;tests/task/phase1/task.py::test_spec;tests/task/task2.py::test_make_fence_at,mutmut show 'markdown_it.rules_block.blockquote.x_blockquote__mutmut_41',mutmut tests-for-mutant 'markdown_it.rules_block.blockquote.x_blockquote__mutmut_41',mutmut run 'markdown_it.rules_block.blockquote.x_blockquote__mutmut_41'
Mc634b3f13ce3d30c,markdown_it.rules_block.list.x_list_block__mutmut_167,specified,markdown_it/rules_block/list.py,list_block,233,        token.markup = markerChar,        token.markup = None,survived,unreviewed,,tests/task/phase1/task.py::test_core_after;tests/task/phase1/task.py::test_file;tests/task/phase1/task.py::test_spec;tests/task/task2.py::test_make_fence_at,mutmut show 'markdown_it.rules_block.list.x_list_block__mutmut_167',mutmut tests-for-mutant 'markdown_it.rules_block.list.x_list_block__mutmut_167',mutmut run 'markdown_it.rules_block.list.x_list_block__mutmut_167'
Mc6514cd8db6925db,markdown_it.rules_inline.link.x_link__mutmut_8,specified,markdown_it/rules_inline/link.py,link,13,    start = state.pos,    start = None,survived,unreviewed,,tests/task/phase1/task.py::test_file;tests/task/phase1/task.py::test_spec,mutmut show 'markdown_it.rules_inline.link.x_link__mutmut_8',mutmut tests-for-mutant 'markdown_it.rules_inline.link.x_link__mutmut_8',mutmut run 'markdown_it.rules_inline.link.x_link__mutmut_8'
Mc65eff286ad128b1,markdown_it.rules_inline.newline.x_newline__mutmut_84,specified,markdown_it/rules_inline/newline.py,newline,37,    pos += 1,    pos = 1,timeout,unreviewed,,tests/task/phase1/task.py::test_file;tests/task/phase1/task.py::test_spec;tests/task/task2.py::test_make_fence_at,mutmut show 'markdown_it.rules_inline.newline.x_newline__mutmut_84',mutmut tests-for-mutant 'markdown_it.rules_inline.newline.x_newline__mutmut_84',mutmut run 'markdown_it.rules_inline.newline.x_newline__mutmut_84'
Mc6687d727a69be61,markdown_it.rules_inline.escape.x_escape__mutmut_88,specified,markdown_it/rules_inline/escape.py,escape,56,    state.pos = pos + 1,    state.pos = pos - 1,timeout,unreviewed,,tests/task/phase1/task.py::test_file;tests/task/phase1/task.py::test_spec;tests/task/task2.py::test_make_fence_at,mutmut show 'markdown_it.rules_inline.escape.x_escape__mutmut_88',mutmut tests-for-mutant 'markdown_it.rules_inline.escape.x_escape__mutmut_88',mutmut run 'markdown_it.rules_inline.escape.x_escape__mutmut_88'
Mc69c77e93220dcd6,markdown_it.presets.zero.x_make__mutmut_29,specified,markdown_it/presets/zero.py,make,29,"            ""langPrefix"": ""language-"",  # CSS language prefix for fenced blocks","            ""LANGPREFIX"": ""language-"",  # CSS language prefix for fenced blocks",survived,unreviewed,,tests/task/phase1/task.py::test_file,mutmut show 'markdown_it.presets.zero.x_make__mutmut_29',mutmut tests-for-mutant 'markdown_it.presets.zero.x_make__mutmut_29',mutmut run 'markdown_it.presets.zero.x_make__mutmut_29'
Mc6f7a161d78b0fd8,markdown_it.rules_block.fence.x_make_fence_rule__mutmut_106,specified,markdown_it/rules_block/fence.py,make_fence_rule,135,        token.info = params,        token.info = None,survived,unreviewed,,tests/task/phase1/task.py::test_file;tests/task/task2.py::test_make_fence_after;tests/task/task2.py::test_make_fence_at,mutmut show 'markdown_it.rules_block.fence.x_make_fence_rule__mutmut_106',mutmut tests-for-mutant 'markdown_it.rules_block.fence.x_make_fence_rule__mutmut_106',mutmut run 'markdown_it.rules_block.fence.x_make_fence_rule__mutmut_106'
Mc703872eebb9a3f0,markdown_it.presets.default.x_make__mutmut_21,specified,markdown_it/presets/default.py,make,24,"            ""xhtmlOut"": False,  # Use '/' to close single tags (<br />)","            ""xhtmlout"": False,  # Use '/' to close single tags (<br />)",survived,unreviewed,,tests/task/phase1/task.py::test_file,mutmut show 'markdown_it.presets.default.x_make__mutmut_21',mutmut tests-for-mutant 'markdown_it.presets.default.x_make__mutmut_21',mutmut run 'markdown_it.presets.default.x_make__mutmut_21'
Mc72c15488b5cbc1f,markdown_it.rules_inline.balance_pairs.x_processDelimiters__mutmut_65,specified,markdown_it/rules_inline/balance_pairs.py,processDelimiters,69,            if opener.open and opener.end < 0:,            if opener.open and opener.end <= 0:,survived,unreviewed,,tests/task/phase1/task.py::test_core_after;tests/task/phase1/task.py::test_file;tests/task/phase1/task.py::test_spec;tests/task/task2.py::test_make_fence_at,mutmut show 'markdown_it.rules_inline.balance_pairs.x_processDelimiters__mutmut_65',mutmut tests-for-mutant 'markdown_it.rules_inline.balance_pairs.x_processDelimiters__mutmut_65',mutmut run 'markdown_it.rules_inline.balance_pairs.x_processDelimiters__mutmut_65'
Mc76acac94b58aa84,markdown_it.rules_inline.newline.x_newline__mutmut_34,specified,markdown_it/rules_inline/newline.py,newline,25,"                while ws >= 1 and charStrAt(state.pending, ws - 1) == "" "":","                while ws > 1 and charStrAt(state.pending, ws - 1) == "" "":",survived,unreviewed,,tests/task/phase1/task.py::test_file;tests/task/phase1/task.py::test_spec;tests/task/task2.py::test_make_fence_at,mutmut show 'markdown_it.rules_inline.newline.x_newline__mutmut_34',mutmut tests-for-mutant 'markdown_it.rules_inline.newline.x_newline__mutmut_34',mutmut run 'markdown_it.rules_inline.newline.x_newline__mutmut_34'
Mc778d9a52a0ecbfb,markdown_it.renderer.xǁRendererHTMLǁrenderInlineAsText__mutmut_16,specified,markdown_it/renderer.py,renderInlineAsText,204,"                result += self.renderInlineAsText(token.children, options, env)","                result += self.renderInlineAsText(token.children, options, None)",survived,unreviewed,,tests/task/phase1/task.py::test_spec,mutmut show 'markdown_it.renderer.xǁRendererHTMLǁrenderInlineAsText__mutmut_16',mutmut tests-for-mutant 'markdown_it.renderer.xǁRendererHTMLǁrenderInlineAsText__mutmut_16',mutmut run 'markdown_it.renderer.xǁRendererHTMLǁrenderInlineAsText__mutmut_16'
Mc77f239792c9eafe,markdown_it.rules_inline.balance_pairs.x_processDelimiters__mutmut_109,specified,markdown_it/rules_inline/balance_pairs.py,processDelimiters,101,                    opener.close = False,                    opener.close = None,survived,unreviewed,,tests/task/phase1/task.py::test_core_after;tests/task/phase1/task.py::test_file;tests/task/phase1/task.py::test_spec;tests/task/task2.py::test_make_fence_at,mutmut show 'markdown_it.rules_inline.balance_pairs.x_processDelimiters__mutmut_109',mutmut tests-for-mutant 'markdown_it.rules_inline.balance_pairs.x_processDelimiters__mutmut_109',mutmut run 'markdown_it.rules_inline.balance_pairs.x_processDelimiters__mutmut_109'
Mc7c7ee4dc3a64223,markdown_it.rules_block.blockquote.x_blockquote__mutmut_214,specified,markdown_it/rules_block/blockquote.py,blockquote,222,            oldSCount.append(state.sCount[nextLine]),            oldSCount.append(None),survived,unreviewed,,tests/task/phase1/task.py::test_core_after;tests/task/phase1/task.py::test_file;tests/task/phase1/task.py::test_spec;tests/task/task2.py::test_make_fence_at,mutmut show 'markdown_it.rules_block.blockquote.x_blockquote__mutmut_214',mutmut tests-for-mutant 'markdown_it.rules_block.blockquote.x_blockquote__mutmut_214',mutmut run 'markdown_it.rules_block.blockquote.x_blockquote__mutmut_214'
Mc7cd50ffbaf34746,markdown_it.rules_block.blockquote.x_blockquote__mutmut_122,specified,markdown_it/rules_block/blockquote.py,blockquote,141,        isOutdented = state.sCount[nextLine] < state.blkIndent,        isOutdented = None,survived,unreviewed,,tests/task/phase1/task.py::test_core_after;tests/task/phase1/task.py::test_file;tests/task/phase1/task.py::test_spec;tests/task/task2.py::test_make_fence_at,mutmut show 'markdown_it.rules_block.blockquote.x_blockquote__mutmut_122',mutmut tests-for-mutant 'markdown_it.rules_block.blockquote.x_blockquote__mutmut_122',mutmut run 'markdown_it.rules_block.blockquote.x_blockquote__mutmut_122'
Mc7eb750b64275f10,markdown_it.rules_block.heading.x_heading__mutmut_23,specified,markdown_it/rules_block/heading.py,heading,25,        return False,        return True,timeout,unreviewed,,tests/task/phase1/task.py::test_core_after;tests/task/phase1/task.py::test_file;tests/task/phase1/task.py::test_spec;tests/task/task2.py::test_make_fence_at,mutmut show 'markdown_it.rules_block.heading.x_heading__mutmut_23',mutmut tests-for-mutant 'markdown_it.rules_block.heading.x_heading__mutmut_23',mutmut run 'markdown_it.rules_block.heading.x_heading__mutmut_23'
Mc7ef4dee69928040,markdown_it.rules_block.list.x_list_block__mutmut_310,specified,markdown_it/rules_block/list.py,list_block,351,"    if state.md.options.get(""tasklists"", False):","    if state.md.options.get(None, False):",survived,unreviewed,,tests/task/phase1/task.py::test_core_after;tests/task/phase1/task.py::test_file;tests/task/phase1/task.py::test_spec;tests/task/task2.py::test_make_fence_at,mutmut show 'markdown_it.rules_block.list.x_list_block__mutmut_310',mutmut tests-for-mutant 'markdown_it.rules_block.list.x_list_block__mutmut_310',mutmut run 'markdown_it.rules_block.list.x_list_block__mutmut_310'
Mc82d7dad5670d02b,markdown_it.rules_inline.autolink.x_autolink__mutmut_32,specified,markdown_it/rules_inline/autolink.py,autolink,41,"            token = state.push(""link_open"", ""a"", 1)","            token = state.push(None, ""a"", 1)",survived,unreviewed,,tests/task/phase1/task.py::test_file;tests/task/phase1/task.py::test_spec,mutmut show 'markdown_it.rules_inline.autolink.x_autolink__mutmut_32',mutmut tests-for-mutant 'markdown_it.rules_inline.autolink.x_autolink__mutmut_32',mutmut run 'markdown_it.rules_inline.autolink.x_autolink__mutmut_32'
Mc82fd92a18ba50aa,markdown_it.rules_core.text_join.x_text_join__mutmut_43,specified,markdown_it/rules_core/text_join.py,text_join,45,"                    if next_token.type != ""text"":","                    if next_token.type != ""XXtextXX"":",survived,unreviewed,,tests/task/phase1/task.py::test_core_after;tests/task/phase1/task.py::test_file;tests/task/phase1/task.py::test_spec;tests/task/task2.py::test_make_fence_after;tests/task/task2.py::test_make_fence_at,mutmut show 'markdown_it.rules_core.text_join.x_text_join__mutmut_43',mutmut tests-for-mutant 'markdown_it.rules_core.text_join.x_text_join__mutmut_43',mutmut run 'markdown_it.rules_core.text_join.x_text_join__mutmut_43'
Mc82fdba5e718c938,markdown_it.rules_block.blockquote.x_blockquote__mutmut_55,specified,markdown_it/rules_block/blockquote.py,blockquote,57,        if (state.bsCount[startLine] + offset) % 4 == 3:,        if (state.bsCount[startLine] + offset) % 4 == 4:,survived,unreviewed,,tests/task/phase1/task.py::test_core_after;tests/task/phase1/task.py::test_file;tests/task/phase1/task.py::test_spec;tests/task/task2.py::test_make_fence_at,mutmut show 'markdown_it.rules_block.blockquote.x_blockquote__mutmut_55',mutmut tests-for-mutant 'markdown_it.rules_block.blockquote.x_blockquote__mutmut_55',mutmut run 'markdown_it.rules_block.blockquote.x_blockquote__mutmut_55'
Mc8415e5a427f71e8,markdown_it.helpers.parse_link_destination.xǁ_Resultǁ__init____mutmut_6,specified,markdown_it/helpers/parse_link_destination.py,__init__,14,"    self.str = """"","    self.str = ""XXXX""",survived,unreviewed,,tests/task/phase1/task.py::test_file;tests/task/phase1/task.py::test_spec,mutmut show 'markdown_it.helpers.parse_link_destination.xǁ_Resultǁ__init____mutmut_6',mutmut tests-for-mutant 'markdown_it.helpers.parse_link_destination.xǁ_Resultǁ__init____mutmut_6',mutmut run 'markdown_it.helpers.parse_link_destination.xǁ_Resultǁ__init____mutmut_6'
Mc8535fef9abe8281,markdown_it.cli.parse.x_parse_args__mutmut_45,specified,markdown_it/cli/parse.py,parse_args,118,"        ""filenames"", nargs=""*"", help=""specify an optional list of files to convert""","        ""filenames"", help=""specify an optional list of files to convert""",no_tests,unreviewed,,,mutmut show 'markdown_it.cli.parse.x_parse_args__mutmut_45',mutmut tests-for-mutant 'markdown_it.cli.parse.x_parse_args__mutmut_45',mutmut run 'markdown_it.cli.parse.x_parse_args__mutmut_45'
Mc86687027bfa0aca,markdown_it.rules_block.fence.x_make_fence_rule__mutmut_50,specified,markdown_it/rules_block/fence.py,make_fence_rule,79,        if marker in disallow_marker_in_info and marker in params:,        if marker in disallow_marker_in_info and marker not in params:,survived,unreviewed,,tests/task/phase1/task.py::test_file;tests/task/task2.py::test_make_fence_after;tests/task/task2.py::test_make_fence_at,mutmut show 'markdown_it.rules_block.fence.x_make_fence_rule__mutmut_50',mutmut tests-for-mutant 'markdown_it.rules_block.fence.x_make_fence_rule__mutmut_50',mutmut run 'markdown_it.rules_block.fence.x_make_fence_rule__mutmut_50'
Mc8c418f6193c9bb8,markdown_it._punycode.x_map_domain__mutmut_1,specified,markdown_it/_punycode.py,map_domain,40,"    parts = string.split(""@"")",    parts = None,survived,unreviewed,,tests/task/phase1/task.py::test_file;tests/task/phase1/task.py::test_spec,mutmut show 'markdown_it._punycode.x_map_domain__mutmut_1',mutmut tests-for-mutant 'markdown_it._punycode.x_map_domain__mutmut_1',mutmut run 'markdown_it._punycode.x_map_domain__mutmut_1'
Mc8df7c26513f51ef,markdown_it.presets.xǁgfm_likeǁmake__mutmut_25,specified,markdown_it/presets/__init__.py,make,24,"    config[""components""][""inline""][""rules""].extend([""strikethrough"", ""linkify""])","    config[""components""][""inline""][""XXrulesXX""].extend([""strikethrough"", ""linkify""])",survived,unreviewed,,tests/task/phase1/task.py::test_file,mutmut show 'markdown_it.presets.xǁgfm_likeǁmake__mutmut_25',mutmut tests-for-mutant 'markdown_it.presets.xǁgfm_likeǁmake__mutmut_25',mutmut run 'markdown_it.presets.xǁgfm_likeǁmake__mutmut_25'
Mc8f12e37a26c772c,markdown_it.helpers.parse_link_destination.x_parseLinkDestination__mutmut_48,specified,markdown_it/helpers/parse_link_destination.py,parseLinkDestination,47,    while pos < maximum:,    while pos <= maximum:,survived,unreviewed,,tests/task/phase1/task.py::test_file;tests/task/phase1/task.py::test_spec,mutmut show 'markdown_it.helpers.parse_link_destination.x_parseLinkDestination__mutmut_48',mutmut tests-for-mutant 'markdown_it.helpers.parse_link_destination.x_parseLinkDestination__mutmut_48',mutmut run 'markdown_it.helpers.parse_link_destination.x_parseLinkDestination__mutmut_48'
Mc900d6ece7c5b78f,markdown_it.main.xǁMarkdownItǁconfigure__mutmut_21,specified,markdown_it/main.py,configure,131,"    if ""components"" in config:","    if ""COMPONENTS"" in config:",survived,unreviewed,,tests/task/phase1/task.py::test_core_after;tests/task/phase1/task.py::test_file;tests/task/phase1/task.py::test_non_utf8;tests/task/phase1/task.py::test_spec;tests/task/task2.py::test_make_fence_after;tests/task/task2.py::test_make_fence_at,mutmut show 'markdown_it.main.xǁMarkdownItǁconfigure__mutmut_21',mutmut tests-for-mutant 'markdown_it.main.xǁMarkdownItǁconfigure__mutmut_21',mutmut run 'markdown_it.main.xǁMarkdownItǁconfigure__mutmut_21'
Mc932dc04f6d9d6f7,markdown_it.cli.parse.x_main__mutmut_2,specified,markdown_it/cli/parse.py,main,21,    namespace = parse_args(args),    namespace = parse_args(None),no_tests,unreviewed,,,mutmut show 'markdown_it.cli.parse.x_main__mutmut_2',mutmut tests-for-mutant 'markdown_it.cli.parse.x_main__mutmut_2',mutmut run 'markdown_it.cli.parse.x_main__mutmut_2'
Mc9353e5b48ef7d38,markdown_it.presets.default.x_make__mutmut_29,specified,markdown_it/presets/default.py,make,26,"            ""langPrefix"": ""language-"",  # CSS language prefix for fenced blocks","            ""LANGPREFIX"": ""language-"",  # CSS language prefix for fenced blocks",survived,unreviewed,,tests/task/phase1/task.py::test_file,mutmut show 'markdown_it.presets.default.x_make__mutmut_29',mutmut tests-for-mutant 'markdown_it.presets.default.x_make__mutmut_29',mutmut run 'markdown_it.presets.default.x_make__mutmut_29'
Mc9777c2d3931b2de,markdown_it.presets.xǁgfm_likeǁmake__mutmut_17,specified,markdown_it/presets/__init__.py,make,23,"    config[""components""][""block""][""rules""].append(""table"")","    config[""components""][""block""][""RULES""].append(""table"")",survived,unreviewed,,tests/task/phase1/task.py::test_file,mutmut show 'markdown_it.presets.xǁgfm_likeǁmake__mutmut_17',mutmut tests-for-mutant 'markdown_it.presets.xǁgfm_likeǁmake__mutmut_17',mutmut run 'markdown_it.presets.xǁgfm_likeǁmake__mutmut_17'
Mc994b41b0b0394ab,markdown_it.presets.commonmark.x_make__mutmut_80,specified,markdown_it/presets/commonmark.py,make,63,"                    ""emphasis"",","                    ""XXemphasisXX"",",survived,unreviewed,,tests/task/phase1/task.py::test_file,mutmut show 'markdown_it.presets.commonmark.x_make__mutmut_80',mutmut tests-for-mutant 'markdown_it.presets.commonmark.x_make__mutmut_80',mutmut run 'markdown_it.presets.commonmark.x_make__mutmut_80'
Mc9c7ef4f4a9e20a3,markdown_it.rules_inline.autolink.x_autolink__mutmut_107,specified,markdown_it/rules_inline/autolink.py,autolink,62,"            token = state.push(""link_open"", ""a"", 1)","            token = state.push(""XXlink_openXX"", ""a"", 1)",survived,unreviewed,,tests/task/phase1/task.py::test_file;tests/task/phase1/task.py::test_spec,mutmut show 'markdown_it.rules_inline.autolink.x_autolink__mutmut_107',mutmut tests-for-mutant 'markdown_it.rules_inline.autolink.x_autolink__mutmut_107',mutmut run 'markdown_it.rules_inline.autolink.x_autolink__mutmut_107'
Mca2a26d554536bb7,markdown_it.rules_block.lheading.x_lheading__mutmut_83,specified,markdown_it/rules_block/lheading.py,lheading,62,        nextLine += 1,        nextLine = 1,timeout,unreviewed,,tests/task/phase1/task.py::test_core_after;tests/task/phase1/task.py::test_file;tests/task/phase1/task.py::test_spec;tests/task/task2.py::test_make_fence_at,mutmut show 'markdown_it.rules_block.lheading.x_lheading__mutmut_83',mutmut tests-for-mutant 'markdown_it.rules_block.lheading.x_lheading__mutmut_83',mutmut run 'markdown_it.rules_block.lheading.x_lheading__mutmut_83'
Mca4f3eeb606d73f4,markdown_it.presets.commonmark.x_make__mutmut_21,specified,markdown_it/presets/commonmark.py,make,32,"            ""xhtmlOut"": True,  # Use '/' to close single tags (<br />)","            ""xhtmlout"": True,  # Use '/' to close single tags (<br />)",survived,unreviewed,,tests/task/phase1/task.py::test_file,mutmut show 'markdown_it.presets.commonmark.x_make__mutmut_21',mutmut tests-for-mutant 'markdown_it.presets.commonmark.x_make__mutmut_21',mutmut run 'markdown_it.presets.commonmark.x_make__mutmut_21'
Mcad4e73970f87790,markdown_it.ruler.xǁRulerǁpush__mutmut_3,specified,markdown_it/ruler.py,push,187,"        Rule[RuleFuncTv](ruleName, True, fn, (options or {}).get(""alt"", []))","        Rule[RuleFuncTv](ruleName, None, fn, (options or {}).get(""alt"", []))",survived,unreviewed,,tests/task/phase1/task.py::test_core_after;tests/task/phase1/task.py::test_file;tests/task/phase1/task.py::test_non_utf8;tests/task/phase1/task.py::test_spec;tests/task/task2.py::test_make_fence_after;tests/task/task2.py::test_make_fence_at,mutmut show 'markdown_it.ruler.xǁRulerǁpush__mutmut_3',mutmut tests-for-mutant 'markdown_it.ruler.xǁRulerǁpush__mutmut_3',mutmut run 'markdown_it.ruler.xǁRulerǁpush__mutmut_3'
Mcadebe91b810829a,markdown_it.renderer.xǁRendererHTMLǁfence__mutmut_12,specified,markdown_it/renderer.py,fence,274,        arr = info.split(maxsplit=1),        arr = info.split(maxsplit=2),survived,unreviewed,,tests/task/phase1/task.py::test_file;tests/task/phase1/task.py::test_spec,mutmut show 'markdown_it.renderer.xǁRendererHTMLǁfence__mutmut_12',mutmut tests-for-mutant 'markdown_it.renderer.xǁRendererHTMLǁfence__mutmut_12',mutmut run 'markdown_it.renderer.xǁRendererHTMLǁfence__mutmut_12'
Mcae88642abc088de,markdown_it.presets.zero.x_make__mutmut_30,specified,markdown_it/presets/zero.py,make,29,"            ""langPrefix"": ""language-"",  # CSS language prefix for fenced blocks","            ""langPrefix"": ""XXlanguage-XX"",  # CSS language prefix for fenced blocks",survived,unreviewed,,tests/task/phase1/task.py::test_file,mutmut show 'markdown_it.presets.zero.x_make__mutmut_30',mutmut tests-for-mutant 'markdown_it.presets.zero.x_make__mutmut_30',mutmut run 'markdown_it.presets.zero.x_make__mutmut_30'
Mcaf43f8ca74909f2,markdown_it.rules_block.hr.x_hr__mutmut_11,specified,markdown_it/rules_block/hr.py,hr,15,"    LOGGER.debug(""entering hr: %s, %s, %s, %s"", state, startLine, endLine, silent)","    LOGGER.debug(""XXentering hr: %s, %s, %s, %sXX"", state, startLine, endLine, silent)",survived,unreviewed,,tests/task/phase1/task.py::test_core_after;tests/task/phase1/task.py::test_file;tests/task/phase1/task.py::test_spec;tests/task/task2.py::test_make_fence_at,mutmut show 'markdown_it.rules_block.hr.x_hr__mutmut_11',mutmut tests-for-mutant 'markdown_it.rules_block.hr.x_hr__mutmut_11',mutmut run 'markdown_it.rules_block.hr.x_hr__mutmut_11'
Mcaf7ffd743f4371e,markdown_it.presets.xǁgfm_like2ǁmake__mutmut_2,specified,markdown_it/presets/__init__.py,make,44,"    config[""options""][""tasklists""] = True","    config[""options""][""tasklists""] = None",survived,unreviewed,,tests/task/phase1/task.py::test_file,mutmut show 'markdown_it.presets.xǁgfm_like2ǁmake__mutmut_2',mutmut tests-for-mutant 'markdown_it.presets.xǁgfm_like2ǁmake__mutmut_2',mutmut run 'markdown_it.presets.xǁgfm_like2ǁmake__mutmut_2'
Mcb092616faec448a,markdown_it.main.xǁMarkdownItǁconfigure__mutmut_13,specified,markdown_it/main.py,configure,125,"    options = config.get(""options"", {}) or {}","    options = config.get(""options"", None) or {}",survived,unreviewed,,tests/task/phase1/task.py::test_core_after;tests/task/phase1/task.py::test_file;tests/task/phase1/task.py::test_non_utf8;tests/task/phase1/task.py::test_spec;tests/task/task2.py::test_make_fence_after;tests/task/task2.py::test_make_fence_at,mutmut show 'markdown_it.main.xǁMarkdownItǁconfigure__mutmut_13',mutmut tests-for-mutant 'markdown_it.main.xǁMarkdownItǁconfigure__mutmut_13',mutmut run 'markdown_it.main.xǁMarkdownItǁconfigure__mutmut_13'
Mcb09769403fdcbb4,markdown_it.rules_block.blockquote.x_blockquote__mutmut_82,specified,markdown_it/rules_block/blockquote.py,blockquote,83,                    - (offset + state.bsCount[startLine] + (1 if adjustTab else 0)) % 4,                    - (offset + state.bsCount[startLine] + (1 if adjustTab else 0)) / 4,survived,unreviewed,,tests/task/phase1/task.py::test_core_after;tests/task/phase1/task.py::test_file;tests/task/phase1/task.py::test_spec;tests/task/task2.py::test_make_fence_at,mutmut show 'markdown_it.rules_block.blockquote.x_blockquote__mutmut_82',mutmut tests-for-mutant 'markdown_it.rules_block.blockquote.x_blockquote__mutmut_82',mutmut run 'markdown_it.rules_block.blockquote.x_blockquote__mutmut_82'
Mcb0d3ef4483f9984,markdown_it.rules_block.fence.x_make_fence_rule__mutmut_55,specified,markdown_it/rules_block/fence.py,make_fence_rule,90,            nextLine += 1,            nextLine = 1,timeout,unreviewed,,tests/task/phase1/task.py::test_file;tests/task/task2.py::test_make_fence_after;tests/task/task2.py::test_make_fence_at,mutmut show 'markdown_it.rules_block.fence.x_make_fence_rule__mutmut_55',mutmut tests-for-mutant 'markdown_it.rules_block.fence.x_make_fence_rule__mutmut_55',mutmut run 'markdown_it.rules_block.fence.x_make_fence_rule__mutmut_55'
Mcb134c1907930296,markdown_it.rules_core.inline.x_inline__mutmut_4,specified,markdown_it/rules_core/inline.py,inline,8,            if token.children is None:,            if token.children is not None:,survived,unreviewed,,tests/task/phase1/task.py::test_core_after;tests/task/phase1/task.py::test_file;tests/task/phase1/task.py::test_spec;tests/task/task2.py::test_make_fence_after;tests/task/task2.py::test_make_fence_at,mutmut show 'markdown_it.rules_core.inline.x_inline__mutmut_4',mutmut tests-for-mutant 'markdown_it.rules_core.inline.x_inline__mutmut_4',mutmut run 'markdown_it.rules_core.inline.x_inline__mutmut_4'
Mcb4546a5480de398,markdown_it.rules_inline.text.x_text__mutmut_10,specified,markdown_it/rules_inline/text.py,text,16,        return False,        return True,timeout,unreviewed,,tests/task/phase1/task.py::test_core_after;tests/task/phase1/task.py::test_file;tests/task/phase1/task.py::test_spec;tests/task/task2.py::test_make_fence_at,mutmut show 'markdown_it.rules_inline.text.x_text__mutmut_10',mutmut tests-for-mutant 'markdown_it.rules_inline.text.x_text__mutmut_10',mutmut run 'markdown_it.rules_inline.text.x_text__mutmut_10'
Mcb725690d917c9fa,markdown_it.rules_block.blockquote.x_blockquote__mutmut_268,specified,markdown_it/rules_block/blockquote.py,blockquote,281,"    if state.md.options.get(""alerts"", False) and nextLine > startLine:","    if state.md.options.get(""XXalertsXX"", False) and nextLine > startLine:",survived,unreviewed,,tests/task/phase1/task.py::test_core_after;tests/task/phase1/task.py::test_file;tests/task/phase1/task.py::test_spec;tests/task/task2.py::test_make_fence_at,mutmut show 'markdown_it.rules_block.blockquote.x_blockquote__mutmut_268',mutmut tests-for-mutant 'markdown_it.rules_block.blockquote.x_blockquote__mutmut_268',mutmut run 'markdown_it.rules_block.blockquote.x_blockquote__mutmut_268'
Mcb7666ed91f6d93e,markdown_it.rules_block.paragraph.x_paragraph__mutmut_34,specified,markdown_it/rules_block/paragraph.py,paragraph,30,            nextLine += 1,            nextLine += 2,survived,unreviewed,,tests/task/phase1/task.py::test_core_after;tests/task/phase1/task.py::test_file;tests/task/phase1/task.py::test_spec;tests/task/task2.py::test_make_fence_at,mutmut show 'markdown_it.rules_block.paragraph.x_paragraph__mutmut_34',mutmut tests-for-mutant 'markdown_it.rules_block.paragraph.x_paragraph__mutmut_34',mutmut run 'markdown_it.rules_block.paragraph.x_paragraph__mutmut_34'
Mcb7d68d86fd85d9f,markdown_it.rules_block.reference.x_reference__mutmut_12,specified,markdown_it/rules_block/reference.py,reference,11,"        ""entering reference: %s, %s, %s, %s"", state, startLine, _endLine, silent","        ""ENTERING REFERENCE: %S, %S, %S, %S"", state, startLine, _endLine, silent",survived,unreviewed,,tests/task/phase1/task.py::test_core_after;tests/task/phase1/task.py::test_file;tests/task/phase1/task.py::test_spec;tests/task/task2.py::test_make_fence_at,mutmut show 'markdown_it.rules_block.reference.x_reference__mutmut_12',mutmut tests-for-mutant 'markdown_it.rules_block.reference.x_reference__mutmut_12',mutmut run 'markdown_it.rules_block.reference.x_reference__mutmut_12'
Mcb9dffbd828e9240,markdown_it.rules_inline.link.x_link__mutmut_102,specified,markdown_it/rules_inline/link.py,link,81,                    pos += 1,                    pos += 2,survived,unreviewed,,tests/task/phase1/task.py::test_file;tests/task/phase1/task.py::test_spec,mutmut show 'markdown_it.rules_inline.link.x_link__mutmut_102',mutmut tests-for-mutant 'markdown_it.rules_inline.link.x_link__mutmut_102',mutmut run 'markdown_it.rules_inline.link.x_link__mutmut_102'
Mcbb95ce06b804cd4,markdown_it.presets.commonmark.x_make__mutmut_45,specified,markdown_it/presets/commonmark.py,make,44,"            ""core"": {""rules"": [""normalize"", ""block"", ""inline"", ""text_join""]},","            ""core"": {""rules"": [""normalize"", ""block"", ""INLINE"", ""text_join""]},",survived,unreviewed,,tests/task/phase1/task.py::test_file,mutmut show 'markdown_it.presets.commonmark.x_make__mutmut_45',mutmut tests-for-mutant 'markdown_it.presets.commonmark.x_make__mutmut_45',mutmut run 'markdown_it.presets.commonmark.x_make__mutmut_45'
Mcbd5b3cd31aa120b,markdown_it.rules_block.blockquote.x_blockquote__mutmut_211,specified,markdown_it/rules_block/blockquote.py,blockquote,219,                state.sCount[nextLine] + 1 + (1 if spaceAfterMarker else 0),                state.sCount[nextLine] + 2 + (1 if spaceAfterMarker else 0),survived,unreviewed,,tests/task/phase1/task.py::test_core_after;tests/task/phase1/task.py::test_file;tests/task/phase1/task.py::test_spec;tests/task/task2.py::test_make_fence_at,mutmut show 'markdown_it.rules_block.blockquote.x_blockquote__mutmut_211',mutmut tests-for-mutant 'markdown_it.rules_block.blockquote.x_blockquote__mutmut_211',mutmut run 'markdown_it.rules_block.blockquote.x_blockquote__mutmut_211'
Mcbd85598d21f4001,markdown_it.rules_block.lheading.x_lheading__mutmut_109,specified,markdown_it/rules_block/lheading.py,lheading,72,"    token = state.push(""heading_open"", ""h"" + str(level), 1)","    token = state.push(""HEADING_OPEN"", ""h"" + str(level), 1)",survived,unreviewed,,tests/task/phase1/task.py::test_core_after;tests/task/phase1/task.py::test_file;tests/task/phase1/task.py::test_spec;tests/task/task2.py::test_make_fence_at,mutmut show 'markdown_it.rules_block.lheading.x_lheading__mutmut_109',mutmut tests-for-mutant 'markdown_it.rules_block.lheading.x_lheading__mutmut_109',mutmut run 'markdown_it.rules_block.lheading.x_lheading__mutmut_109'
Mcc085d7c411abb3e,markdown_it.rules_block.heading.x_heading__mutmut_8,specified,markdown_it/rules_block/heading.py,heading,14,"    LOGGER.debug(""entering heading: %s, %s, %s, %s"", state, startLine, endLine, silent)","    LOGGER.debug(""entering heading: %s, %s, %s, %s"", state, endLine, silent)",survived,unreviewed,,tests/task/phase1/task.py::test_core_after;tests/task/phase1/task.py::test_file;tests/task/phase1/task.py::test_spec;tests/task/task2.py::test_make_fence_at,mutmut show 'markdown_it.rules_block.heading.x_heading__mutmut_8',mutmut tests-for-mutant 'markdown_it.rules_block.heading.x_heading__mutmut_8',mutmut run 'markdown_it.rules_block.heading.x_heading__mutmut_8'
Mcc65c5d608820b35,markdown_it.rules_inline.emphasis.x__postProcess__mutmut_56,specified,markdown_it/rules_inline/emphasis.py,_postProcess,75,"        token.type = ""strong_open"" if isStrong else ""em_open""","        token.type = ""strong_open"" if isStrong else ""EM_OPEN""",survived,unreviewed,,tests/task/phase1/task.py::test_core_after;tests/task/phase1/task.py::test_file;tests/task/phase1/task.py::test_spec;tests/task/task2.py::test_make_fence_at,mutmut show 'markdown_it.rules_inline.emphasis.x__postProcess__mutmut_56',mutmut tests-for-mutant 'markdown_it.rules_inline.emphasis.x__postProcess__mutmut_56',mutmut run 'markdown_it.rules_inline.emphasis.x__postProcess__mutmut_56'
Mcc81961618cb32dc,markdown_it.ruler.xǁRulerǁenableOnly__mutmut_4,specified,markdown_it/ruler.py,enableOnly,228,        rule.enabled = False,        rule.enabled = True,survived,unreviewed,,tests/task/phase1/task.py::test_core_after;tests/task/phase1/task.py::test_file;tests/task/phase1/task.py::test_non_utf8;tests/task/phase1/task.py::test_spec;tests/task/task2.py::test_make_fence_after;tests/task/task2.py::test_make_fence_at,mutmut show 'markdown_it.ruler.xǁRulerǁenableOnly__mutmut_4',mutmut tests-for-mutant 'markdown_it.ruler.xǁRulerǁenableOnly__mutmut_4',mutmut run 'markdown_it.ruler.xǁRulerǁenableOnly__mutmut_4'
Mccb40848b170f671,markdown_it.presets.zero.x_make__mutmut_45,specified,markdown_it/presets/zero.py,make,37,"            ""core"": {""rules"": [""normalize"", ""block"", ""inline"", ""text_join""]},","            ""core"": {""rules"": [""normalize"", ""block"", ""INLINE"", ""text_join""]},",survived,unreviewed,,tests/task/phase1/task.py::test_file,mutmut show 'markdown_it.presets.zero.x_make__mutmut_45',mutmut tests-for-mutant 'markdown_it.presets.zero.x_make__mutmut_45',mutmut run 'markdown_it.presets.zero.x_make__mutmut_45'
Mcce3469b24e54af9,markdown_it.rules_inline.balance_pairs.x_processDelimiters__mutmut_128,specified,markdown_it/rules_inline/balance_pairs.py,processDelimiters,121,                (3 if closer.open else 0) + ((closer.length or 0) % 3),                (3 if closer.open else 1) + ((closer.length or 0) % 3),survived,unreviewed,,tests/task/phase1/task.py::test_core_after;tests/task/phase1/task.py::test_file;tests/task/phase1/task.py::test_spec;tests/task/task2.py::test_make_fence_at,mutmut show 'markdown_it.rules_inline.balance_pairs.x_processDelimiters__mutmut_128',mutmut tests-for-mutant 'markdown_it.rules_inline.balance_pairs.x_processDelimiters__mutmut_128',mutmut run 'markdown_it.rules_inline.balance_pairs.x_processDelimiters__mutmut_128'
Mccf605116b79a3dc,markdown_it.rules_block.blockquote.x_blockquote__mutmut_269,specified,markdown_it/rules_block/blockquote.py,blockquote,281,"    if state.md.options.get(""alerts"", False) and nextLine > startLine:","    if state.md.options.get(""ALERTS"", False) and nextLine > startLine:",survived,unreviewed,,tests/task/phase1/task.py::test_core_after;tests/task/phase1/task.py::test_file;tests/task/phase1/task.py::test_spec;tests/task/task2.py::test_make_fence_at,mutmut show 'markdown_it.rules_block.blockquote.x_blockquote__mutmut_269',mutmut tests-for-mutant 'markdown_it.rules_block.blockquote.x_blockquote__mutmut_269',mutmut run 'markdown_it.rules_block.blockquote.x_blockquote__mutmut_269'
Mccf76e6b95901da0,markdown_it.helpers.parse_link_label.x_parseLinkLabel__mutmut_7,specified,markdown_it/helpers/parse_link_label.py,parseLinkLabel,15,    found = False,    found = True,survived,unreviewed,,tests/task/phase1/task.py::test_file;tests/task/phase1/task.py::test_spec,mutmut show 'markdown_it.helpers.parse_link_label.x_parseLinkLabel__mutmut_7',mutmut tests-for-mutant 'markdown_it.helpers.parse_link_label.x_parseLinkLabel__mutmut_7',mutmut run 'markdown_it.helpers.parse_link_label.x_parseLinkLabel__mutmut_7'
Mcd491118e2f03864,markdown_it.rules_block.list.x_list_block__mutmut_82,specified,markdown_it/rules_block/list.py,list_block,174,"        token = state.push(""ordered_list_open"", ""ol"", 1)","        token = state.push(""ORDERED_LIST_OPEN"", ""ol"", 1)",survived,unreviewed,,tests/task/phase1/task.py::test_core_after;tests/task/phase1/task.py::test_file;tests/task/phase1/task.py::test_spec;tests/task/task2.py::test_make_fence_at,mutmut show 'markdown_it.rules_block.list.x_list_block__mutmut_82',mutmut tests-for-mutant 'markdown_it.rules_block.list.x_list_block__mutmut_82',mutmut run 'markdown_it.rules_block.list.x_list_block__mutmut_82'
Mcd5d0db4483c5238,markdown_it.rules_block.lheading.x_lheading__mutmut_130,specified,markdown_it/rules_block/lheading.py,lheading,78,"    token.map = [startLine, state.line - 1]","    token.map = [startLine, state.line + 1]",survived,unreviewed,,tests/task/phase1/task.py::test_core_after;tests/task/phase1/task.py::test_file;tests/task/phase1/task.py::test_spec;tests/task/task2.py::test_make_fence_at,mutmut show 'markdown_it.rules_block.lheading.x_lheading__mutmut_130',mutmut tests-for-mutant 'markdown_it.rules_block.lheading.x_lheading__mutmut_130',mutmut run 'markdown_it.rules_block.lheading.x_lheading__mutmut_130'
Mcda53976bca2e5fd,markdown_it.rules_inline.fragments_join.x_fragments_join__mutmut_11,specified,markdown_it/rules_inline/fragments_join.py,fragments_join,22,            level -= 1  # closing tag,            level -= 2  # closing tag,survived,unreviewed,,tests/task/phase1/task.py::test_core_after;tests/task/phase1/task.py::test_file;tests/task/phase1/task.py::test_spec;tests/task/task2.py::test_make_fence_at,mutmut show 'markdown_it.rules_inline.fragments_join.x_fragments_join__mutmut_11',mutmut tests-for-mutant 'markdown_it.rules_inline.fragments_join.x_fragments_join__mutmut_11',mutmut run 'markdown_it.rules_inline.fragments_join.x_fragments_join__mutmut_11'
Mcdc732564241ca56,markdown_it.rules_block.blockquote.x_blockquote__mutmut_390,specified,markdown_it/rules_block/blockquote.py,blockquote,316,"        token = state.push(""blockquote_open"", ""blockquote"", 1)","        token = state.push(""blockquote_open"", ""blockquote"", 2)",survived,unreviewed,,tests/task/phase1/task.py::test_core_after;tests/task/phase1/task.py::test_file;tests/task/phase1/task.py::test_spec;tests/task/task2.py::test_make_fence_at,mutmut show 'markdown_it.rules_block.blockquote.x_blockquote__mutmut_390',mutmut tests-for-mutant 'markdown_it.rules_block.blockquote.x_blockquote__mutmut_390',mutmut run 'markdown_it.rules_block.blockquote.x_blockquote__mutmut_390'
Mcdf3e1ff50ec0b52,markdown_it.rules_block.blockquote.x_blockquote__mutmut_6,specified,markdown_it/rules_block/blockquote.py,blockquote,14,"        ""entering blockquote: %s, %s, %s, %s"", state, startLine, endLine, silent","        state, startLine, endLine, silent",survived,unreviewed,,tests/task/phase1/task.py::test_core_after;tests/task/phase1/task.py::test_file;tests/task/phase1/task.py::test_spec;tests/task/task2.py::test_make_fence_at,mutmut show 'markdown_it.rules_block.blockquote.x_blockquote__mutmut_6',mutmut tests-for-mutant 'markdown_it.rules_block.blockquote.x_blockquote__mutmut_6',mutmut run 'markdown_it.rules_block.blockquote.x_blockquote__mutmut_6'
Mce28894bf162edf6,markdown_it.rules_block.state_block.xǁStateBlockǁ__init____mutmut_29,specified,markdown_it/rules_block/state_block.py,__init__,65,"    self.result = """"",    self.result = None,survived,unreviewed,,tests/task/phase1/task.py::test_core_after;tests/task/phase1/task.py::test_file;tests/task/phase1/task.py::test_spec;tests/task/task2.py::test_make_fence_after;tests/task/task2.py::test_make_fence_at,mutmut show 'markdown_it.rules_block.state_block.xǁStateBlockǁ__init____mutmut_29',mutmut tests-for-mutant 'markdown_it.rules_block.state_block.xǁStateBlockǁ__init____mutmut_29',mutmut run 'markdown_it.rules_block.state_block.xǁStateBlockǁ__init____mutmut_29'
Mce583232fdc5b593,markdown_it.parser_block.xǁParserBlockǁtokenize__mutmut_3,specified,markdown_it/parser_block.py,tokenize,62,"    rules = self.ruler.getRules("""")","    rules = self.ruler.getRules(""XXXX"")",timeout,unreviewed,,tests/task/phase1/task.py::test_core_after;tests/task/phase1/task.py::test_file;tests/task/phase1/task.py::test_spec;tests/task/task2.py::test_make_fence_after;tests/task/task2.py::test_make_fence_at,mutmut show 'markdown_it.parser_block.xǁParserBlockǁtokenize__mutmut_3',mutmut tests-for-mutant 'markdown_it.parser_block.xǁParserBlockǁtokenize__mutmut_3',mutmut run 'markdown_it.parser_block.xǁParserBlockǁtokenize__mutmut_3'
Mce6e54415aab3f2c,markdown_it.rules_block.reference.x_reference__mutmut_229,specified,markdown_it/rules_block/reference.py,reference,138,"        title = """"",        title = None,survived,unreviewed,,tests/task/phase1/task.py::test_core_after;tests/task/phase1/task.py::test_file;tests/task/phase1/task.py::test_spec;tests/task/task2.py::test_make_fence_at,mutmut show 'markdown_it.rules_block.reference.x_reference__mutmut_229',mutmut tests-for-mutant 'markdown_it.rules_block.reference.x_reference__mutmut_229',mutmut run 'markdown_it.rules_block.reference.x_reference__mutmut_229'
Mce73f2f979e7efc5,markdown_it.rules_inline.balance_pairs.x_processDelimiters__mutmut_114,specified,markdown_it/rules_inline/balance_pairs.py,processDelimiters,106,                    lastTokenIdx = -2,                    lastTokenIdx = None,survived,unreviewed,,tests/task/phase1/task.py::test_core_after;tests/task/phase1/task.py::test_file;tests/task/phase1/task.py::test_spec;tests/task/task2.py::test_make_fence_at,mutmut show 'markdown_it.rules_inline.balance_pairs.x_processDelimiters__mutmut_114',mutmut tests-for-mutant 'markdown_it.rules_inline.balance_pairs.x_processDelimiters__mutmut_114',mutmut run 'markdown_it.rules_inline.balance_pairs.x_processDelimiters__mutmut_114'
Mce92a4c3044e6d75,markdown_it.renderer.xǁRendererHTMLǁsoftbreak__mutmut_1,specified,markdown_it/renderer.py,softbreak,340,"        (""<br />\n"" if options.xhtmlOut else ""<br>\n"") if options.breaks else ""\n""","        (""XX<br />\nXX"" if options.xhtmlOut else ""<br>\n"") if options.breaks else ""\n""",survived,unreviewed,,tests/task/phase1/task.py::test_file;tests/task/phase1/task.py::test_spec,mutmut show 'markdown_it.renderer.xǁRendererHTMLǁsoftbreak__mutmut_1',mutmut tests-for-mutant 'markdown_it.renderer.xǁRendererHTMLǁsoftbreak__mutmut_1',mutmut run 'markdown_it.renderer.xǁRendererHTMLǁsoftbreak__mutmut_1'
Mcec165b430d1fe92,markdown_it.ruler.xǁRulerǁat__mutmut_11,specified,markdown_it/ruler.py,at,125,"    self.__rules__[index].alt = options.get(""alt"", [])","    self.__rules__[index].alt = options.get(None, [])",survived,unreviewed,,tests/task/task2.py::test_make_fence_at,mutmut show 'markdown_it.ruler.xǁRulerǁat__mutmut_11',mutmut tests-for-mutant 'markdown_it.ruler.xǁRulerǁat__mutmut_11',mutmut run 'markdown_it.ruler.xǁRulerǁat__mutmut_11'
Mcee5b5bd4108eb47,markdown_it.presets.commonmark.x_make__mutmut_44,specified,markdown_it/presets/commonmark.py,make,44,"            ""core"": {""rules"": [""normalize"", ""block"", ""inline"", ""text_join""]},","            ""core"": {""rules"": [""normalize"", ""block"", ""XXinlineXX"", ""text_join""]},",survived,unreviewed,,tests/task/phase1/task.py::test_file,mutmut show 'markdown_it.presets.commonmark.x_make__mutmut_44',mutmut tests-for-mutant 'markdown_it.presets.commonmark.x_make__mutmut_44',mutmut run 'markdown_it.presets.commonmark.x_make__mutmut_44'
Mcf1d27600765143e,markdown_it.presets.default.x_make__mutmut_36,specified,markdown_it/presets/default.py,make,35,"        ""components"": {""core"": {}, ""block"": {}, ""inline"": {}},","        ""components"": {""XXcoreXX"": {}, ""block"": {}, ""inline"": {}},",survived,unreviewed,,tests/task/phase1/task.py::test_file,mutmut show 'markdown_it.presets.default.x_make__mutmut_36',mutmut tests-for-mutant 'markdown_it.presets.default.x_make__mutmut_36',mutmut run 'markdown_it.presets.default.x_make__mutmut_36'
Mcf2f8c2db5528fc2,markdown_it.renderer.xǁRendererHTMLǁlist_item_open__mutmut_5,specified,markdown_it/renderer.py,list_item_open,220,"    result = self.renderToken(tokens, idx, options, env)","    result = self.renderToken(tokens, idx, None, env)",survived,unreviewed,,tests/task/phase1/task.py::test_file;tests/task/phase1/task.py::test_spec,mutmut show 'markdown_it.renderer.xǁRendererHTMLǁlist_item_open__mutmut_5',mutmut tests-for-mutant 'markdown_it.renderer.xǁRendererHTMLǁlist_item_open__mutmut_5',mutmut run 'markdown_it.renderer.xǁRendererHTMLǁlist_item_open__mutmut_5'
Mcf385cd7a493c171,markdown_it.rules_inline.fragments_join.x_fragments_join__mutmut_22,specified,markdown_it/rules_inline/fragments_join.py,fragments_join,28,"            state.tokens[curr].type == ""text""","            state.tokens[curr].type == ""TEXT""",survived,unreviewed,,tests/task/phase1/task.py::test_core_after;tests/task/phase1/task.py::test_file;tests/task/phase1/task.py::test_spec;tests/task/task2.py::test_make_fence_at,mutmut show 'markdown_it.rules_inline.fragments_join.x_fragments_join__mutmut_22',mutmut tests-for-mutant 'markdown_it.rules_inline.fragments_join.x_fragments_join__mutmut_22',mutmut run 'markdown_it.rules_inline.fragments_join.x_fragments_join__mutmut_22'
Mcf7597d456338147,markdown_it.rules_inline.escape.x_escape__mutmut_28,specified,markdown_it/rules_inline/escape.py,escape,28,        pos += 1,        pos = 1,timeout,unreviewed,,tests/task/phase1/task.py::test_file;tests/task/phase1/task.py::test_spec;tests/task/task2.py::test_make_fence_at,mutmut show 'markdown_it.rules_inline.escape.x_escape__mutmut_28',mutmut tests-for-mutant 'markdown_it.rules_inline.escape.x_escape__mutmut_28',mutmut run 'markdown_it.rules_inline.escape.x_escape__mutmut_28'
Mcf7d4eeaca01820a,markdown_it.rules_inline.autolink.x_autolink__mutmut_151,specified,markdown_it/rules_inline/autolink.py,autolink,72,"            token.info = ""auto""","            token.info = ""XXautoXX""",survived,unreviewed,,tests/task/phase1/task.py::test_file;tests/task/phase1/task.py::test_spec,mutmut show 'markdown_it.rules_inline.autolink.x_autolink__mutmut_151',mutmut tests-for-mutant 'markdown_it.rules_inline.autolink.x_autolink__mutmut_151',mutmut run 'markdown_it.rules_inline.autolink.x_autolink__mutmut_151'
Mcf8079cc8efd2cb7,markdown_it.rules_block.paragraph.x_paragraph__mutmut_31,specified,markdown_it/rules_block/paragraph.py,paragraph,29,        if state.sCount[nextLine] - state.blkIndent > 3:,        if state.sCount[nextLine] - state.blkIndent > 4:,survived,unreviewed,,tests/task/phase1/task.py::test_core_after;tests/task/phase1/task.py::test_file;tests/task/phase1/task.py::test_spec;tests/task/task2.py::test_make_fence_at,mutmut show 'markdown_it.rules_block.paragraph.x_paragraph__mutmut_31',mutmut tests-for-mutant 'markdown_it.rules_block.paragraph.x_paragraph__mutmut_31',mutmut run 'markdown_it.rules_block.paragraph.x_paragraph__mutmut_31'
Mcfd5086fda880172,markdown_it.main.xǁMarkdownItǁconfigure__mutmut_27,specified,markdown_it/main.py,configure,133,"            rules = component.get(""rules"", None)",            rules = component.get(None),survived,unreviewed,,tests/task/phase1/task.py::test_core_after;tests/task/phase1/task.py::test_file;tests/task/phase1/task.py::test_non_utf8;tests/task/phase1/task.py::test_spec;tests/task/task2.py::test_make_fence_after;tests/task/task2.py::test_make_fence_at,mutmut show 'markdown_it.main.xǁMarkdownItǁconfigure__mutmut_27',mutmut tests-for-mutant 'markdown_it.main.xǁMarkdownItǁconfigure__mutmut_27',mutmut run 'markdown_it.main.xǁMarkdownItǁconfigure__mutmut_27'
Mcfe51bdfdebc920b,markdown_it.rules_block.html_block.x_html_block__mutmut_6,specified,markdown_it/rules_block/html_block.py,html_block,36,"        ""entering html_block: %s, %s, %s, %s"", state, startLine, endLine, silent","        state, startLine, endLine, silent",survived,unreviewed,,tests/task/phase1/task.py::test_core_after;tests/task/phase1/task.py::test_file;tests/task/phase1/task.py::test_spec;tests/task/task2.py::test_make_fence_at,mutmut show 'markdown_it.rules_block.html_block.x_html_block__mutmut_6',mutmut tests-for-mutant 'markdown_it.rules_block.html_block.x_html_block__mutmut_6',mutmut run 'markdown_it.rules_block.html_block.x_html_block__mutmut_6'
Md0017df0ba457f4d,markdown_it.helpers.parse_link_destination.x_parseLinkDestination__mutmut_81,specified,markdown_it/helpers/parse_link_destination.py,parseLinkDestination,60,            pos += 2,            pos -= 2,timeout,unreviewed,,tests/task/phase1/task.py::test_file;tests/task/phase1/task.py::test_spec,mutmut show 'markdown_it.helpers.parse_link_destination.x_parseLinkDestination__mutmut_81',mutmut tests-for-mutant 'markdown_it.helpers.parse_link_destination.x_parseLinkDestination__mutmut_81',mutmut run 'markdown_it.helpers.parse_link_destination.x_parseLinkDestination__mutmut_81'
Md022087223577e8e,markdown_it.rules_block.paragraph.x_paragraph__mutmut_7,specified,markdown_it/rules_block/paragraph.py,paragraph,12,"        ""entering paragraph: %s, %s, %s, %s"", state, startLine, endLine, silent","        ""entering paragraph: %s, %s, %s, %s"", startLine, endLine, silent",survived,unreviewed,,tests/task/phase1/task.py::test_core_after;tests/task/phase1/task.py::test_file;tests/task/phase1/task.py::test_spec;tests/task/task2.py::test_make_fence_at,mutmut show 'markdown_it.rules_block.paragraph.x_paragraph__mutmut_7',mutmut tests-for-mutant 'markdown_it.rules_block.paragraph.x_paragraph__mutmut_7',mutmut run 'markdown_it.rules_block.paragraph.x_paragraph__mutmut_7'
Md03d31f8e1095a67,markdown_it.presets.commonmark.x_make__mutmut_61,specified,markdown_it/presets/commonmark.py,make,51,"                    ""hr"",","                    ""HR"",",survived,unreviewed,,tests/task/phase1/task.py::test_file,mutmut show 'markdown_it.presets.commonmark.x_make__mutmut_61',mutmut tests-for-mutant 'markdown_it.presets.commonmark.x_make__mutmut_61',mutmut run 'markdown_it.presets.commonmark.x_make__mutmut_61'
Md045de62a75aad8b,markdown_it.presets.zero.x_make__mutmut_32,specified,markdown_it/presets/zero.py,make,34,"            ""highlight"": None,","            ""XXhighlightXX"": None,",survived,unreviewed,,tests/task/phase1/task.py::test_file,mutmut show 'markdown_it.presets.zero.x_make__mutmut_32',mutmut tests-for-mutant 'markdown_it.presets.zero.x_make__mutmut_32',mutmut run 'markdown_it.presets.zero.x_make__mutmut_32'
Md074d8bdc0c4be9a,markdown_it.rules_block.lheading.x_lheading__mutmut_102,specified,markdown_it/rules_block/lheading.py,lheading,72,"    token = state.push(""heading_open"", ""h"" + str(level), 1)","    token = state.push(None, ""h"" + str(level), 1)",survived,unreviewed,,tests/task/phase1/task.py::test_core_after;tests/task/phase1/task.py::test_file;tests/task/phase1/task.py::test_spec;tests/task/task2.py::test_make_fence_at,mutmut show 'markdown_it.rules_block.lheading.x_lheading__mutmut_102',mutmut tests-for-mutant 'markdown_it.rules_block.lheading.x_lheading__mutmut_102',mutmut run 'markdown_it.rules_block.lheading.x_lheading__mutmut_102'
Md07bade3b4d9d5c3,markdown_it.rules_block.fence.x_make_fence_rule__mutmut_12,specified,markdown_it/rules_block/fence.py,make_fence_rule,49,"            ""entering fence: %s, %s, %s, %s"", state, startLine, endLine, silent","            ""entering fence: %s, %s, %s, %s"", None, startLine, endLine, silent",survived,unreviewed,,tests/task/phase1/task.py::test_file;tests/task/task2.py::test_make_fence_after;tests/task/task2.py::test_make_fence_at,mutmut show 'markdown_it.rules_block.fence.x_make_fence_rule__mutmut_12',mutmut tests-for-mutant 'markdown_it.rules_block.fence.x_make_fence_rule__mutmut_12',mutmut run 'markdown_it.rules_block.fence.x_make_fence_rule__mutmut_12'
Md07fa920add2a410,markdown_it.rules_block.lheading.x_lheading__mutmut_119,specified,markdown_it/rules_block/lheading.py,lheading,76,"    token = state.push(""inline"", """", 0)","    token = state.push(""inline"", None, 0)",survived,unreviewed,,tests/task/phase1/task.py::test_core_after;tests/task/phase1/task.py::test_file;tests/task/phase1/task.py::test_spec;tests/task/task2.py::test_make_fence_at,mutmut show 'markdown_it.rules_block.lheading.x_lheading__mutmut_119',mutmut tests-for-mutant 'markdown_it.rules_block.lheading.x_lheading__mutmut_119',mutmut run 'markdown_it.rules_block.lheading.x_lheading__mutmut_119'
Md0d87131350b39f5,markdown_it.rules_inline.balance_pairs.x_processDelimiters__mutmut_132,specified,markdown_it/rules_inline/balance_pairs.py,processDelimiters,121,                (3 if closer.open else 0) + ((closer.length or 0) % 3),                (3 if closer.open else 0) + ((closer.length or 0) % 4),survived,unreviewed,,tests/task/phase1/task.py::test_core_after;tests/task/phase1/task.py::test_file;tests/task/phase1/task.py::test_spec;tests/task/task2.py::test_make_fence_at,mutmut show 'markdown_it.rules_inline.balance_pairs.x_processDelimiters__mutmut_132',mutmut tests-for-mutant 'markdown_it.rules_inline.balance_pairs.x_processDelimiters__mutmut_132',mutmut run 'markdown_it.rules_inline.balance_pairs.x_processDelimiters__mutmut_132'
Md144513d605c4ee1,markdown_it.rules_block.blockquote.x_blockquote__mutmut_3,specified,markdown_it/rules_block/blockquote.py,blockquote,14,"        ""entering blockquote: %s, %s, %s, %s"", state, startLine, endLine, silent","        ""entering blockquote: %s, %s, %s, %s"", state, None, endLine, silent",survived,unreviewed,,tests/task/phase1/task.py::test_core_after;tests/task/phase1/task.py::test_file;tests/task/phase1/task.py::test_spec;tests/task/task2.py::test_make_fence_at,mutmut show 'markdown_it.rules_block.blockquote.x_blockquote__mutmut_3',mutmut tests-for-mutant 'markdown_it.rules_block.blockquote.x_blockquote__mutmut_3',mutmut run 'markdown_it.rules_block.blockquote.x_blockquote__mutmut_3'
Md19f183d4e506deb,markdown_it.rules_block.reference.x_getNextLine__mutmut_20,specified,markdown_it/rules_block/reference.py,getNextLine,216,"        state.parentType = ""reference""",        state.parentType = None,survived,unreviewed,,tests/task/phase1/task.py::test_file;tests/task/phase1/task.py::test_spec,mutmut show 'markdown_it.rules_block.reference.x_getNextLine__mutmut_20',mutmut tests-for-mutant 'markdown_it.rules_block.reference.x_getNextLine__mutmut_20',mutmut run 'markdown_it.rules_block.reference.x_getNextLine__mutmut_20'
Md21c3078a1dd6972,markdown_it.presets.default.x_make__mutmut_24,specified,markdown_it/presets/default.py,make,25,"            ""breaks"": False,  # Convert '\n' in paragraphs into <br>","            ""XXbreaksXX"": False,  # Convert '\n' in paragraphs into <br>",survived,unreviewed,,tests/task/phase1/task.py::test_file,mutmut show 'markdown_it.presets.default.x_make__mutmut_24',mutmut tests-for-mutant 'markdown_it.presets.default.x_make__mutmut_24',mutmut run 'markdown_it.presets.default.x_make__mutmut_24'
Md251a1036a01d71c,markdown_it.rules_block.reference.x_reference__mutmut_11,specified,markdown_it/rules_block/reference.py,reference,11,"        ""entering reference: %s, %s, %s, %s"", state, startLine, _endLine, silent","        ""XXentering reference: %s, %s, %s, %sXX"", state, startLine, _endLine, silent",survived,unreviewed,,tests/task/phase1/task.py::test_core_after;tests/task/phase1/task.py::test_file;tests/task/phase1/task.py::test_spec;tests/task/task2.py::test_make_fence_at,mutmut show 'markdown_it.rules_block.reference.x_reference__mutmut_11',mutmut tests-for-mutant 'markdown_it.rules_block.reference.x_reference__mutmut_11',mutmut run 'markdown_it.rules_block.reference.x_reference__mutmut_11'
Md254a962ee7c4217,markdown_it.helpers.parse_link_title.x_parseLinkTitle__mutmut_60,specified,markdown_it/helpers/parse_link_title.py,parseLinkTitle,70,        pos += 1,        pos = 1,timeout,unreviewed,,tests/task/phase1/task.py::test_file;tests/task/phase1/task.py::test_spec,mutmut show 'markdown_it.helpers.parse_link_title.x_parseLinkTitle__mutmut_60',mutmut tests-for-mutant 'markdown_it.helpers.parse_link_title.x_parseLinkTitle__mutmut_60',mutmut run 'markdown_it.helpers.parse_link_title.x_parseLinkTitle__mutmut_60'
Md29951e3e4478a7c,markdown_it.rules_block.blockquote.x_blockquote__mutmut_138,specified,markdown_it/rules_block/blockquote.py,blockquote,156,            initial = offset = state.sCount[nextLine] + 1,            initial = offset = state.sCount[nextLine] - 1,survived,unreviewed,,tests/task/phase1/task.py::test_core_after;tests/task/phase1/task.py::test_file;tests/task/phase1/task.py::test_spec;tests/task/task2.py::test_make_fence_at,mutmut show 'markdown_it.rules_block.blockquote.x_blockquote__mutmut_138',mutmut tests-for-mutant 'markdown_it.rules_block.blockquote.x_blockquote__mutmut_138',mutmut run 'markdown_it.rules_block.blockquote.x_blockquote__mutmut_138'
Md2a6f1b9146d1f44,markdown_it.rules_inline.entity.x_entity__mutmut_52,specified,markdown_it/rules_inline/entity.py,entity,36,                token.markup = match.group(0),                token.markup = None,survived,unreviewed,,tests/task/phase1/task.py::test_file;tests/task/phase1/task.py::test_spec,mutmut show 'markdown_it.rules_inline.entity.x_entity__mutmut_52',mutmut tests-for-mutant 'markdown_it.rules_inline.entity.x_entity__mutmut_52',mutmut run 'markdown_it.rules_inline.entity.x_entity__mutmut_52'
Md2b1d26ae927178d,markdown_it.parser_inline.xǁParserInlineǁskipToken__mutmut_2,specified,markdown_it/parser_inline.py,skipToken,136,    ok = False,    ok = True,survived,unreviewed,,tests/task/phase1/task.py::test_file;tests/task/phase1/task.py::test_spec,mutmut show 'markdown_it.parser_inline.xǁParserInlineǁskipToken__mutmut_2',mutmut tests-for-mutant 'markdown_it.parser_inline.xǁParserInlineǁskipToken__mutmut_2',mutmut run 'markdown_it.parser_inline.xǁParserInlineǁskipToken__mutmut_2'
Md363e0ea0a7e1960,markdown_it.presets.xǁgfm_like2ǁmake__mutmut_17,specified,markdown_it/presets/__init__.py,make,46,"    config[""options""][""alerts""] = True","    config[""options""][""XXalertsXX""] = True",survived,unreviewed,,tests/task/phase1/task.py::test_file,mutmut show 'markdown_it.presets.xǁgfm_like2ǁmake__mutmut_17',mutmut tests-for-mutant 'markdown_it.presets.xǁgfm_like2ǁmake__mutmut_17',mutmut run 'markdown_it.presets.xǁgfm_like2ǁmake__mutmut_17'
Md36f74cacc1f2186,markdown_it.rules_block.blockquote.x_blockquote__mutmut_121,specified,markdown_it/rules_block/blockquote.py,blockquote,132,    while nextLine < endLine:,    while nextLine <= endLine:,survived,unreviewed,,tests/task/phase1/task.py::test_core_after;tests/task/phase1/task.py::test_file;tests/task/phase1/task.py::test_spec;tests/task/task2.py::test_make_fence_at,mutmut show 'markdown_it.rules_block.blockquote.x_blockquote__mutmut_121',mutmut tests-for-mutant 'markdown_it.rules_block.blockquote.x_blockquote__mutmut_121',mutmut run 'markdown_it.rules_block.blockquote.x_blockquote__mutmut_121'
Md3f5ae5d2cddf6b6,markdown_it.presets.commonmark.x_make__mutmut_100,specified,markdown_it/presets/commonmark.py,make,72,"                ""rules2"": [""balance_pairs"", ""emphasis"", ""fragments_join""],","                ""rules2"": [""balance_pairs"", ""XXemphasisXX"", ""fragments_join""],",survived,unreviewed,,tests/task/phase1/task.py::test_file,mutmut show 'markdown_it.presets.commonmark.x_make__mutmut_100',mutmut tests-for-mutant 'markdown_it.presets.commonmark.x_make__mutmut_100',mutmut run 'markdown_it.presets.commonmark.x_make__mutmut_100'
Md3fdedf210780de2,markdown_it.rules_block.list.x_list_block__mutmut_266,specified,markdown_it/rules_block/list.py,list_block,310,        if nextLine >= endLine:,        if nextLine > endLine:,survived,unreviewed,,tests/task/phase1/task.py::test_core_after;tests/task/phase1/task.py::test_file;tests/task/phase1/task.py::test_spec;tests/task/task2.py::test_make_fence_at,mutmut show 'markdown_it.rules_block.list.x_list_block__mutmut_266',mutmut tests-for-mutant 'markdown_it.rules_block.list.x_list_block__mutmut_266',mutmut run 'markdown_it.rules_block.list.x_list_block__mutmut_266'
Md40b5dd9a18d7614,markdown_it.rules_block.state_block.xǁStateBlockǁ__init____mutmut_24,specified,markdown_it/rules_block/state_block.py,__init__,60,"    self.parentType = ""root""",    self.parentType = None,survived,unreviewed,,tests/task/phase1/task.py::test_core_after;tests/task/phase1/task.py::test_file;tests/task/phase1/task.py::test_spec;tests/task/task2.py::test_make_fence_after;tests/task/task2.py::test_make_fence_at,mutmut show 'markdown_it.rules_block.state_block.xǁStateBlockǁ__init____mutmut_24',mutmut tests-for-mutant 'markdown_it.rules_block.state_block.xǁStateBlockǁ__init____mutmut_24',mutmut run 'markdown_it.rules_block.state_block.xǁStateBlockǁ__init____mutmut_24'
Md44e4a8ab2fb56af,markdown_it.rules_block.fence.x_make_fence_rule__mutmut_51,specified,markdown_it/rules_block/fence.py,make_fence_rule,80,            return False,            return True,survived,unreviewed,,tests/task/phase1/task.py::test_file;tests/task/task2.py::test_make_fence_after;tests/task/task2.py::test_make_fence_at,mutmut show 'markdown_it.rules_block.fence.x_make_fence_rule__mutmut_51',mutmut tests-for-mutant 'markdown_it.rules_block.fence.x_make_fence_rule__mutmut_51',mutmut run 'markdown_it.rules_block.fence.x_make_fence_rule__mutmut_51'
Md453c409264e5fd9,markdown_it.rules_block.heading.x_heading__mutmut_6,specified,markdown_it/rules_block/heading.py,heading,14,"    LOGGER.debug(""entering heading: %s, %s, %s, %s"", state, startLine, endLine, silent)","    LOGGER.debug(state, startLine, endLine, silent)",survived,unreviewed,,tests/task/phase1/task.py::test_core_after;tests/task/phase1/task.py::test_file;tests/task/phase1/task.py::test_spec;tests/task/task2.py::test_make_fence_at,mutmut show 'markdown_it.rules_block.heading.x_heading__mutmut_6',mutmut tests-for-mutant 'markdown_it.rules_block.heading.x_heading__mutmut_6',mutmut run 'markdown_it.rules_block.heading.x_heading__mutmut_6'
Md48c5b3385f24ba5,markdown_it.rules_inline.backticks.x_backtick__mutmut_25,specified,markdown_it/rules_inline/backticks.py,backtick,26,"    if state.backticksScanned and state.backticks.get(openerLength, 0) <= start:","    if state.backticksScanned and state.backticks.get(openerLength, 0) < start:",survived,unreviewed,,tests/task/phase1/task.py::test_file;tests/task/phase1/task.py::test_spec;tests/task/task2.py::test_make_fence_at,mutmut show 'markdown_it.rules_inline.backticks.x_backtick__mutmut_25',mutmut tests-for-mutant 'markdown_it.rules_inline.backticks.x_backtick__mutmut_25',mutmut run 'markdown_it.rules_inline.backticks.x_backtick__mutmut_25'
Md4b2e42b788f64f7,markdown_it.rules_inline.backticks.x_backtick__mutmut_6,specified,markdown_it/rules_inline/backticks.py,backtick,16,    pos += 1,    pos = 1,timeout,unreviewed,,tests/task/phase1/task.py::test_file;tests/task/phase1/task.py::test_spec;tests/task/task2.py::test_make_fence_at,mutmut show 'markdown_it.rules_inline.backticks.x_backtick__mutmut_6',mutmut tests-for-mutant 'markdown_it.rules_inline.backticks.x_backtick__mutmut_6',mutmut run 'markdown_it.rules_inline.backticks.x_backtick__mutmut_6'
Md4b96758ec58ed55,markdown_it.rules_inline.image.x_image__mutmut_207,specified,markdown_it/rules_inline/image.py,image,143,"        if label and state.md.options.get(""store_labels"", False):",        if label and state.md.options.get(False):,survived,unreviewed,,tests/task/phase1/task.py::test_file;tests/task/phase1/task.py::test_spec,mutmut show 'markdown_it.rules_inline.image.x_image__mutmut_207',mutmut tests-for-mutant 'markdown_it.rules_inline.image.x_image__mutmut_207',mutmut run 'markdown_it.rules_inline.image.x_image__mutmut_207'
Md4ced72cfca3f337,markdown_it.common.utils.x_isValidEntityCode__mutmut_41,specified,markdown_it/common/utils.py,isValidEntityCode,72,    if c >= 0x7F and c <= 0x9F:,    if c >= 0x7F and c < 0x9F:,survived,unreviewed,,tests/task/phase1/task.py::test_spec,mutmut show 'markdown_it.common.utils.x_isValidEntityCode__mutmut_41',mutmut tests-for-mutant 'markdown_it.common.utils.x_isValidEntityCode__mutmut_41',mutmut run 'markdown_it.common.utils.x_isValidEntityCode__mutmut_41'
Md53b42ad3ecc8e14,markdown_it.rules_block.code.x_code__mutmut_7,specified,markdown_it/rules_block/code.py,code,11,"    LOGGER.debug(""entering code: %s, %s, %s, %s"", state, startLine, endLine, silent)","    LOGGER.debug(""entering code: %s, %s, %s, %s"", startLine, endLine, silent)",survived,unreviewed,,tests/task/phase1/task.py::test_core_after;tests/task/phase1/task.py::test_file;tests/task/phase1/task.py::test_spec;tests/task/task2.py::test_make_fence_after;tests/task/task2.py::test_make_fence_at,mutmut show 'markdown_it.rules_block.code.x_code__mutmut_7',mutmut tests-for-mutant 'markdown_it.rules_block.code.x_code__mutmut_7',mutmut run 'markdown_it.rules_block.code.x_code__mutmut_7'
Md54ff562941f1ae8,markdown_it.rules_block.state_block.xǁStateBlockǁ__init____mutmut_23,specified,markdown_it/rules_block/state_block.py,__init__,56,    self.listIndent = -1  # indent of the current list block (-1 if there isn't any),    self.listIndent = -2  # indent of the current list block (-1 if there isn't any),survived,unreviewed,,tests/task/phase1/task.py::test_core_after;tests/task/phase1/task.py::test_file;tests/task/phase1/task.py::test_spec;tests/task/task2.py::test_make_fence_after;tests/task/task2.py::test_make_fence_at,mutmut show 'markdown_it.rules_block.state_block.xǁStateBlockǁ__init____mutmut_23',mutmut tests-for-mutant 'markdown_it.rules_block.state_block.xǁStateBlockǁ__init____mutmut_23',mutmut run 'markdown_it.rules_block.state_block.xǁStateBlockǁ__init____mutmut_23'
Md56c5821f567b99f,markdown_it.rules_block.list.x_skipOrderedListMarker__mutmut_55,specified,markdown_it/rules_block/list.py,skipOrderedListMarker,83,            return -1,            return -2,survived,unreviewed,,tests/task/phase1/task.py::test_core_after;tests/task/phase1/task.py::test_file;tests/task/phase1/task.py::test_spec;tests/task/task2.py::test_make_fence_at,mutmut show 'markdown_it.rules_block.list.x_skipOrderedListMarker__mutmut_55',mutmut tests-for-mutant 'markdown_it.rules_block.list.x_skipOrderedListMarker__mutmut_55',mutmut run 'markdown_it.rules_block.list.x_skipOrderedListMarker__mutmut_55'
Md56df3729778b8cf,markdown_it.common.utils.x_isLinkOpen__mutmut_1,specified,markdown_it/common/utils.py,isLinkOpen,309,    return bool(LINK_OPEN_RE.search(string)),    return bool(None),survived,unreviewed,,tests/task/phase1/task.py::test_spec,mutmut show 'markdown_it.common.utils.x_isLinkOpen__mutmut_1',mutmut tests-for-mutant 'markdown_it.common.utils.x_isLinkOpen__mutmut_1',mutmut run 'markdown_it.common.utils.x_isLinkOpen__mutmut_1'
Md5ce74e9e9b4b0a1,markdown_it.rules_block.lheading.x_lheading__mutmut_116,specified,markdown_it/rules_block/lheading.py,lheading,74,"    token.map = [startLine, state.line]",    token.map = None,survived,unreviewed,,tests/task/phase1/task.py::test_core_after;tests/task/phase1/task.py::test_file;tests/task/phase1/task.py::test_spec;tests/task/task2.py::test_make_fence_at,mutmut show 'markdown_it.rules_block.lheading.x_lheading__mutmut_116',mutmut tests-for-mutant 'markdown_it.rules_block.lheading.x_lheading__mutmut_116',mutmut run 'markdown_it.rules_block.lheading.x_lheading__mutmut_116'
Md5d32b6d2ba78a88,markdown_it.presets.commonmark.x_make__mutmut_9,specified,markdown_it/presets/commonmark.py,make,17,"            ""html"": True,  # Enable HTML tags in source,","            ""html"": False,  # Enable HTML tags in source,",survived,unreviewed,,tests/task/phase1/task.py::test_file,mutmut show 'markdown_it.presets.commonmark.x_make__mutmut_9',mutmut tests-for-mutant 'markdown_it.presets.commonmark.x_make__mutmut_9',mutmut run 'markdown_it.presets.commonmark.x_make__mutmut_9'
Md5efba8a89c1ad8f,markdown_it.rules_inline.emphasis.x__postProcess__mutmut_29,specified,markdown_it/rules_inline/emphasis.py,_postProcess,63,            i > 0,            i >= 0,survived,unreviewed,,tests/task/phase1/task.py::test_core_after;tests/task/phase1/task.py::test_file;tests/task/phase1/task.py::test_spec;tests/task/task2.py::test_make_fence_at,mutmut show 'markdown_it.rules_inline.emphasis.x__postProcess__mutmut_29',mutmut tests-for-mutant 'markdown_it.rules_inline.emphasis.x__postProcess__mutmut_29',mutmut run 'markdown_it.rules_inline.emphasis.x__postProcess__mutmut_29'
Md5fb7752a3f4a9d1,markdown_it.rules_block.list.x_list_block__mutmut_383,specified,markdown_it/rules_block/list.py,list_block,372,    token.markup = markerChar,    token.markup = None,survived,unreviewed,,tests/task/phase1/task.py::test_core_after;tests/task/phase1/task.py::test_file;tests/task/phase1/task.py::test_spec;tests/task/task2.py::test_make_fence_at,mutmut show 'markdown_it.rules_block.list.x_list_block__mutmut_383',mutmut tests-for-mutant 'markdown_it.rules_block.list.x_list_block__mutmut_383',mutmut run 'markdown_it.rules_block.list.x_list_block__mutmut_383'
Md636bdaffa68aed9,markdown_it.rules_block.state_block.xǁStateBlockǁ__init____mutmut_85,specified,markdown_it/rules_block/state_block.py,__init__,104,    self.tShift.append(0),    self.tShift.append(1),survived,unreviewed,,tests/task/phase1/task.py::test_core_after;tests/task/phase1/task.py::test_file;tests/task/phase1/task.py::test_spec;tests/task/task2.py::test_make_fence_after;tests/task/task2.py::test_make_fence_at,mutmut show 'markdown_it.rules_block.state_block.xǁStateBlockǁ__init____mutmut_85',mutmut tests-for-mutant 'markdown_it.rules_block.state_block.xǁStateBlockǁ__init____mutmut_85',mutmut run 'markdown_it.rules_block.state_block.xǁStateBlockǁ__init____mutmut_85'
Md66caa9758cbe079,markdown_it.rules_inline.image.x_image__mutmut_12,specified,markdown_it/rules_inline/image.py,image,18,"    if state.pos + 1 < state.posMax and state.src[state.pos + 1] != ""["":","    if state.pos + 1 <= state.posMax and state.src[state.pos + 1] != ""["":",survived,unreviewed,,tests/task/phase1/task.py::test_file;tests/task/phase1/task.py::test_spec,mutmut show 'markdown_it.rules_inline.image.x_image__mutmut_12',mutmut tests-for-mutant 'markdown_it.rules_inline.image.x_image__mutmut_12',mutmut run 'markdown_it.rules_inline.image.x_image__mutmut_12'
Md67a3d70f834e7b1,markdown_it.rules_block.hr.x_hr__mutmut_59,specified,markdown_it/rules_block/hr.py,hr,52,"    token = state.push(""hr"", ""hr"", 0)","    token = state.push(""HR"", ""hr"", 0)",survived,unreviewed,,tests/task/phase1/task.py::test_core_after;tests/task/phase1/task.py::test_file;tests/task/phase1/task.py::test_spec;tests/task/task2.py::test_make_fence_at,mutmut show 'markdown_it.rules_block.hr.x_hr__mutmut_59',mutmut tests-for-mutant 'markdown_it.rules_block.hr.x_hr__mutmut_59',mutmut run 'markdown_it.rules_block.hr.x_hr__mutmut_59'
Md6c4aca2ef2a9434,markdown_it.rules_block.blockquote.x_blockquote__mutmut_408,specified,markdown_it/rules_block/blockquote.py,blockquote,322,"        token = state.push(""blockquote_close"", ""blockquote"", -1)","        token = state.push(""BLOCKQUOTE_CLOSE"", ""blockquote"", -1)",survived,unreviewed,,tests/task/phase1/task.py::test_core_after;tests/task/phase1/task.py::test_file;tests/task/phase1/task.py::test_spec;tests/task/task2.py::test_make_fence_at,mutmut show 'markdown_it.rules_block.blockquote.x_blockquote__mutmut_408',mutmut tests-for-mutant 'markdown_it.rules_block.blockquote.x_blockquote__mutmut_408',mutmut run 'markdown_it.rules_block.blockquote.x_blockquote__mutmut_408'
Md6d08f661483df0c,markdown_it.rules_inline.autolink.x_autolink__mutmut_149,specified,markdown_it/rules_inline/autolink.py,autolink,71,"            token.markup = ""autolink""","            token.markup = ""AUTOLINK""",survived,unreviewed,,tests/task/phase1/task.py::test_file;tests/task/phase1/task.py::test_spec,mutmut show 'markdown_it.rules_inline.autolink.x_autolink__mutmut_149',mutmut tests-for-mutant 'markdown_it.rules_inline.autolink.x_autolink__mutmut_149',mutmut run 'markdown_it.rules_inline.autolink.x_autolink__mutmut_149'
Md6f2649b43e7e80b,markdown_it.cli.parse.x_parse_args__mutmut_35,specified,markdown_it/cli/parse.py,parse_args,115,"        ""--stdin"", action=""store_true"", help=""read Markdown from standard input""","        ""--STDIN"", action=""store_true"", help=""read Markdown from standard input""",no_tests,unreviewed,,,mutmut show 'markdown_it.cli.parse.x_parse_args__mutmut_35',mutmut tests-for-mutant 'markdown_it.cli.parse.x_parse_args__mutmut_35',mutmut run 'markdown_it.cli.parse.x_parse_args__mutmut_35'
Md7166e6134e66e22,markdown_it.rules_inline.image.x_image__mutmut_108,specified,markdown_it/rules_inline/image.py,image,82,"            title = """"",            title = None,survived,unreviewed,,tests/task/phase1/task.py::test_file;tests/task/phase1/task.py::test_spec,mutmut show 'markdown_it.rules_inline.image.x_image__mutmut_108',mutmut tests-for-mutant 'markdown_it.rules_inline.image.x_image__mutmut_108',mutmut run 'markdown_it.rules_inline.image.x_image__mutmut_108'
Md7189c6367ff11e7,markdown_it.presets.zero.x_make__mutmut_12,specified,markdown_it/presets/zero.py,make,16,"            ""linkify"": False,  # autoconvert URL-like texts to links","            ""linkify"": True,  # autoconvert URL-like texts to links",survived,unreviewed,,tests/task/phase1/task.py::test_file,mutmut show 'markdown_it.presets.zero.x_make__mutmut_12',mutmut tests-for-mutant 'markdown_it.presets.zero.x_make__mutmut_12',mutmut run 'markdown_it.presets.zero.x_make__mutmut_12'
Md744d9b4a6c96419,markdown_it.rules_block.fence.x_make_fence_rule__mutmut_32,specified,markdown_it/rules_block/fence.py,make_fence_rule,60,            return False,            return True,survived,unreviewed,,tests/task/phase1/task.py::test_file;tests/task/task2.py::test_make_fence_after;tests/task/task2.py::test_make_fence_at,mutmut show 'markdown_it.rules_block.fence.x_make_fence_rule__mutmut_32',mutmut tests-for-mutant 'markdown_it.rules_block.fence.x_make_fence_rule__mutmut_32',mutmut run 'markdown_it.rules_block.fence.x_make_fence_rule__mutmut_32'
Md74669731e2b805c,markdown_it.parser_inline.xǁParserInlineǁskipToken__mutmut_31,specified,markdown_it/parser_inline.py,skipToken,171,        state.pos += 1,        state.pos -= 1,timeout,unreviewed,,tests/task/phase1/task.py::test_file;tests/task/phase1/task.py::test_spec,mutmut show 'markdown_it.parser_inline.xǁParserInlineǁskipToken__mutmut_31',mutmut tests-for-mutant 'markdown_it.parser_inline.xǁParserInlineǁskipToken__mutmut_31',mutmut run 'markdown_it.parser_inline.xǁParserInlineǁskipToken__mutmut_31'
Md75ea1ef1ac3bda9,markdown_it.rules_block.reference.x_reference__mutmut_267,specified,markdown_it/rules_block/reference.py,reference,166,"    if state.md.options.get(""inline_definitions"", False):","    if state.md.options.get(None, False):",survived,unreviewed,,tests/task/phase1/task.py::test_core_after;tests/task/phase1/task.py::test_file;tests/task/phase1/task.py::test_spec;tests/task/task2.py::test_make_fence_at,mutmut show 'markdown_it.rules_block.reference.x_reference__mutmut_267',mutmut tests-for-mutant 'markdown_it.rules_block.reference.x_reference__mutmut_267',mutmut run 'markdown_it.rules_block.reference.x_reference__mutmut_267'
Md777fdd5a98cd89b,markdown_it.main.xǁMarkdownItǁ__init____mutmut_18,specified,markdown_it/main.py,__init__,66,"    self.configure(config, options_update=options_update)","    self.configure(config, options_update=None)",survived,unreviewed,,tests/task/phase1/task.py::test_core_after;tests/task/phase1/task.py::test_file;tests/task/phase1/task.py::test_non_utf8;tests/task/phase1/task.py::test_spec;tests/task/task2.py::test_make_fence_after;tests/task/task2.py::test_make_fence_at,mutmut show 'markdown_it.main.xǁMarkdownItǁ__init____mutmut_18',mutmut tests-for-mutant 'markdown_it.main.xǁMarkdownItǁ__init____mutmut_18',mutmut run 'markdown_it.main.xǁMarkdownItǁ__init____mutmut_18'
Md7becf709314d632,markdown_it.rules_block.list.x_list_block__mutmut_181,specified,markdown_it/rules_block/list.py,list_block,240,"        if state.md.options.get(""tasklists"", False) and contentStart < maximum:","        if state.md.options.get(""TASKLISTS"", False) and contentStart < maximum:",survived,unreviewed,,tests/task/phase1/task.py::test_core_after;tests/task/phase1/task.py::test_file;tests/task/phase1/task.py::test_spec;tests/task/task2.py::test_make_fence_at,mutmut show 'markdown_it.rules_block.list.x_list_block__mutmut_181',mutmut tests-for-mutant 'markdown_it.rules_block.list.x_list_block__mutmut_181',mutmut run 'markdown_it.rules_block.list.x_list_block__mutmut_181'
Md81dd2dafed69e79,markdown_it.rules_inline.link.x_link__mutmut_189,specified,markdown_it/rules_inline/link.py,link,138,"        if label and state.md.options.get(""store_labels"", False):","        if label and state.md.options.get(""STORE_LABELS"", False):",survived,unreviewed,,tests/task/phase1/task.py::test_file;tests/task/phase1/task.py::test_spec,mutmut show 'markdown_it.rules_inline.link.x_link__mutmut_189',mutmut tests-for-mutant 'markdown_it.rules_inline.link.x_link__mutmut_189',mutmut run 'markdown_it.rules_inline.link.x_link__mutmut_189'
Md82580df8d43a233,markdown_it.presets.default.x_make__mutmut_11,specified,markdown_it/presets/default.py,make,13,"            ""linkify"": False,  # autoconvert URL-like texts to links","            ""LINKIFY"": False,  # autoconvert URL-like texts to links",survived,unreviewed,,tests/task/phase1/task.py::test_file,mutmut show 'markdown_it.presets.default.x_make__mutmut_11',mutmut tests-for-mutant 'markdown_it.presets.default.x_make__mutmut_11',mutmut run 'markdown_it.presets.default.x_make__mutmut_11'
Md8abc10601046c0f,markdown_it.rules_block.list.x_markTightParagraphs__mutmut_9,specified,markdown_it/rules_block/list.py,markTightParagraphs,92,    length = len(state.tokens) - 2,    length = len(state.tokens) - 3,survived,unreviewed,,tests/task/phase1/task.py::test_file;tests/task/phase1/task.py::test_spec,mutmut show 'markdown_it.rules_block.list.x_markTightParagraphs__mutmut_9',mutmut tests-for-mutant 'markdown_it.rules_block.list.x_markTightParagraphs__mutmut_9',mutmut run 'markdown_it.rules_block.list.x_markTightParagraphs__mutmut_9'
Md8e96a04034d095f,markdown_it.rules_block.list.x_list_block__mutmut_130,specified,markdown_it/rules_block/list.py,list_block,209,                offset += 4 - (offset + state.bsCount[nextLine]) % 4,                offset += 4 + (offset + state.bsCount[nextLine]) % 4,survived,unreviewed,,tests/task/phase1/task.py::test_core_after;tests/task/phase1/task.py::test_file;tests/task/phase1/task.py::test_spec;tests/task/task2.py::test_make_fence_at,mutmut show 'markdown_it.rules_block.list.x_list_block__mutmut_130',mutmut tests-for-mutant 'markdown_it.rules_block.list.x_list_block__mutmut_130',mutmut run 'markdown_it.rules_block.list.x_list_block__mutmut_130'
Md93e0e0947cd9dbf,markdown_it.presets.xǁgfm_likeǁmake__mutmut_48,specified,markdown_it/presets/__init__.py,make,27,"    config[""options""][""html""] = True","    config[""OPTIONS""][""html""] = True",survived,unreviewed,,tests/task/phase1/task.py::test_file,mutmut show 'markdown_it.presets.xǁgfm_likeǁmake__mutmut_48',mutmut tests-for-mutant 'markdown_it.presets.xǁgfm_likeǁmake__mutmut_48',mutmut run 'markdown_it.presets.xǁgfm_likeǁmake__mutmut_48'
Md9766937804c54d9,markdown_it.rules_block.html_block.x_html_block__mutmut_73,specified,markdown_it/rules_block/html_block.py,html_block,87,"    token.map = [startLine, nextLine]",    token.map = None,survived,unreviewed,,tests/task/phase1/task.py::test_core_after;tests/task/phase1/task.py::test_file;tests/task/phase1/task.py::test_spec;tests/task/task2.py::test_make_fence_at,mutmut show 'markdown_it.rules_block.html_block.x_html_block__mutmut_73',mutmut tests-for-mutant 'markdown_it.rules_block.html_block.x_html_block__mutmut_73',mutmut run 'markdown_it.rules_block.html_block.x_html_block__mutmut_73'
Md987ff11e2ef5dde,markdown_it.rules_inline.html_inline.x_isLetter__mutmut_4,specified,markdown_it/rules_inline/html_inline.py,isLetter,10,    return (lc >= 0x61) and (lc <= 0x7A),    return (lc >= 0x61) or (lc <= 0x7A),survived,unreviewed,,tests/task/phase1/task.py::test_spec,mutmut show 'markdown_it.rules_inline.html_inline.x_isLetter__mutmut_4',mutmut tests-for-mutant 'markdown_it.rules_inline.html_inline.x_isLetter__mutmut_4',mutmut run 'markdown_it.rules_inline.html_inline.x_isLetter__mutmut_4'
Md98e7558d6be829e,markdown_it.rules_inline.html_inline.x_isLetter__mutmut_3,specified,markdown_it/rules_inline/html_inline.py,isLetter,8,    lc = ch | 0x20  # to lower case,    lc = ch | 33  # to lower case,survived,unreviewed,,tests/task/phase1/task.py::test_spec,mutmut show 'markdown_it.rules_inline.html_inline.x_isLetter__mutmut_3',mutmut tests-for-mutant 'markdown_it.rules_inline.html_inline.x_isLetter__mutmut_3',mutmut run 'markdown_it.rules_inline.html_inline.x_isLetter__mutmut_3'
Md995207f3909e0fe,markdown_it.presets.default.x_make__mutmut_18,specified,markdown_it/presets/default.py,make,22,"            ""quotes"": ""\u201c\u201d\u2018\u2019"",  # /* “”‘’ */","            ""quotes"": ""XX\u201c\u201d\u2018\u2019XX"",  # /* “”‘’ */",survived,unreviewed,,tests/task/phase1/task.py::test_file,mutmut show 'markdown_it.presets.default.x_make__mutmut_18',mutmut tests-for-mutant 'markdown_it.presets.default.x_make__mutmut_18',mutmut run 'markdown_it.presets.default.x_make__mutmut_18'
Md9ae66803868cc02,markdown_it.rules_block.state_block.xǁStateBlockǁ__init____mutmut_15,specified,markdown_it/rules_block/state_block.py,__init__,53,    self.lineMax = 0  # lines count,    self.lineMax = 1  # lines count,survived,unreviewed,,tests/task/phase1/task.py::test_core_after;tests/task/phase1/task.py::test_file;tests/task/phase1/task.py::test_spec;tests/task/task2.py::test_make_fence_after;tests/task/task2.py::test_make_fence_at,mutmut show 'markdown_it.rules_block.state_block.xǁStateBlockǁ__init____mutmut_15',mutmut tests-for-mutant 'markdown_it.rules_block.state_block.xǁStateBlockǁ__init____mutmut_15',mutmut run 'markdown_it.rules_block.state_block.xǁStateBlockǁ__init____mutmut_15'
Mda3022dec123f16a,markdown_it.rules_block.list.x_skipBulletListMarker__mutmut_15,specified,markdown_it/rules_block/list.py,skipBulletListMarker,23,        return -1,        return -2,survived,unreviewed,,tests/task/phase1/task.py::test_core_after;tests/task/phase1/task.py::test_file;tests/task/phase1/task.py::test_spec;tests/task/task2.py::test_make_fence_at,mutmut show 'markdown_it.rules_block.list.x_skipBulletListMarker__mutmut_15',mutmut tests-for-mutant 'markdown_it.rules_block.list.x_skipBulletListMarker__mutmut_15',mutmut run 'markdown_it.rules_block.list.x_skipBulletListMarker__mutmut_15'
Mda3ac2cc7eeeda17,markdown_it.presets.commonmark.x_make__mutmut_25,specified,markdown_it/presets/commonmark.py,make,33,"            ""breaks"": False,  # Convert '\n' in paragraphs into <br>","            ""BREAKS"": False,  # Convert '\n' in paragraphs into <br>",survived,unreviewed,,tests/task/phase1/task.py::test_file,mutmut show 'markdown_it.presets.commonmark.x_make__mutmut_25',mutmut tests-for-mutant 'markdown_it.presets.commonmark.x_make__mutmut_25',mutmut run 'markdown_it.presets.commonmark.x_make__mutmut_25'
Mda5832eaed52e1bf,markdown_it.renderer.xǁRendererHTMLǁlist_item_open__mutmut_14,specified,markdown_it/renderer.py,list_item_open,221,"    if token.meta and ""checked"" in token.meta:","    if token.meta and ""checked"" not in token.meta:",survived,unreviewed,,tests/task/phase1/task.py::test_file;tests/task/phase1/task.py::test_spec,mutmut show 'markdown_it.renderer.xǁRendererHTMLǁlist_item_open__mutmut_14',mutmut tests-for-mutant 'markdown_it.renderer.xǁRendererHTMLǁlist_item_open__mutmut_14',mutmut run 'markdown_it.renderer.xǁRendererHTMLǁlist_item_open__mutmut_14'
Mda9eb045de5648af,markdown_it.rules_inline.link.x_link__mutmut_25,specified,markdown_it/rules_inline/link.py,link,23,    if labelEnd < 0:,    if labelEnd <= 0:,survived,unreviewed,,tests/task/phase1/task.py::test_file;tests/task/phase1/task.py::test_spec,mutmut show 'markdown_it.rules_inline.link.x_link__mutmut_25',mutmut tests-for-mutant 'markdown_it.rules_inline.link.x_link__mutmut_25',mutmut run 'markdown_it.rules_inline.link.x_link__mutmut_25'
Mdaa4fd73bd08cfba,markdown_it.presets.default.x_make__mutmut_38,specified,markdown_it/presets/default.py,make,35,"        ""components"": {""core"": {}, ""block"": {}, ""inline"": {}},","        ""components"": {""core"": {}, ""XXblockXX"": {}, ""inline"": {}},",survived,unreviewed,,tests/task/phase1/task.py::test_file,mutmut show 'markdown_it.presets.default.x_make__mutmut_38',mutmut tests-for-mutant 'markdown_it.presets.default.x_make__mutmut_38',mutmut run 'markdown_it.presets.default.x_make__mutmut_38'
Mdaaa93a32b30764b,markdown_it.rules_block.reference.x_reference__mutmut_4,specified,markdown_it/rules_block/reference.py,reference,11,"        ""entering reference: %s, %s, %s, %s"", state, startLine, _endLine, silent","        ""entering reference: %s, %s, %s, %s"", state, startLine, None, silent",survived,unreviewed,,tests/task/phase1/task.py::test_core_after;tests/task/phase1/task.py::test_file;tests/task/phase1/task.py::test_spec;tests/task/task2.py::test_make_fence_at,mutmut show 'markdown_it.rules_block.reference.x_reference__mutmut_4',mutmut tests-for-mutant 'markdown_it.rules_block.reference.x_reference__mutmut_4',mutmut run 'markdown_it.rules_block.reference.x_reference__mutmut_4'
Mdabbc21fa2a0b38b,markdown_it.renderer.xǁRendererHTMLǁfence__mutmut_36,specified,markdown_it/renderer.py,fence,294,"        tmpToken = Token(type="""", tag="""", nesting=0, attrs=token.attrs.copy())","        tmpToken = Token(type=None, tag="""", nesting=0, attrs=token.attrs.copy())",survived,unreviewed,,tests/task/phase1/task.py::test_file;tests/task/phase1/task.py::test_spec,mutmut show 'markdown_it.renderer.xǁRendererHTMLǁfence__mutmut_36',mutmut tests-for-mutant 'markdown_it.renderer.xǁRendererHTMLǁfence__mutmut_36',mutmut run 'markdown_it.renderer.xǁRendererHTMLǁfence__mutmut_36'
Mdb006e316bce986d,markdown_it.rules_inline.balance_pairs.x_link_pairs__mutmut_21,specified,markdown_it/rules_inline/balance_pairs.py,link_pairs,138,        curr += 1,        curr = 1,timeout,unreviewed,,tests/task/phase1/task.py::test_core_after;tests/task/phase1/task.py::test_file;tests/task/phase1/task.py::test_spec;tests/task/task2.py::test_make_fence_at,mutmut show 'markdown_it.rules_inline.balance_pairs.x_link_pairs__mutmut_21',mutmut tests-for-mutant 'markdown_it.rules_inline.balance_pairs.x_link_pairs__mutmut_21',mutmut run 'markdown_it.rules_inline.balance_pairs.x_link_pairs__mutmut_21'
Mdb38806522bb8a5e,markdown_it.presets.commonmark.x_make__mutmut_82,specified,markdown_it/presets/commonmark.py,make,64,"                    ""entity"",","                    ""XXentityXX"",",survived,unreviewed,,tests/task/phase1/task.py::test_file,mutmut show 'markdown_it.presets.commonmark.x_make__mutmut_82',mutmut tests-for-mutant 'markdown_it.presets.commonmark.x_make__mutmut_82',mutmut run 'markdown_it.presets.commonmark.x_make__mutmut_82'
Mdb58df8cefe756cf,markdown_it.rules_block.reference.x_reference__mutmut_317,specified,markdown_it/rules_block/reference.py,reference,186,"                ""href"": href,","                ""XXhrefXX"": href,",survived,unreviewed,,tests/task/phase1/task.py::test_core_after;tests/task/phase1/task.py::test_file;tests/task/phase1/task.py::test_spec;tests/task/task2.py::test_make_fence_at,mutmut show 'markdown_it.rules_block.reference.x_reference__mutmut_317',mutmut tests-for-mutant 'markdown_it.rules_block.reference.x_reference__mutmut_317',mutmut run 'markdown_it.rules_block.reference.x_reference__mutmut_317'
Mdb90e4fc8bd9f8f0,markdown_it.rules_block.list.x_list_block__mutmut_316,specified,markdown_it/rules_block/list.py,list_block,351,"    if state.md.options.get(""tasklists"", False):","    if state.md.options.get(""tasklists"", True):",survived,unreviewed,,tests/task/phase1/task.py::test_core_after;tests/task/phase1/task.py::test_file;tests/task/phase1/task.py::test_spec;tests/task/task2.py::test_make_fence_at,mutmut show 'markdown_it.rules_block.list.x_list_block__mutmut_316',mutmut tests-for-mutant 'markdown_it.rules_block.list.x_list_block__mutmut_316',mutmut run 'markdown_it.rules_block.list.x_list_block__mutmut_316'
Mdbb2fe385d8c0a55,markdown_it.parser_inline.xǁParserInlineǁ__init____mutmut_11,specified,markdown_it/parser_inline.py,__init__,110,    self._extra_terminator_chars: set[str] = set(),    self._extra_terminator_chars: set[str] = None,survived,unreviewed,,tests/task/phase1/task.py::test_core_after;tests/task/phase1/task.py::test_file;tests/task/phase1/task.py::test_non_utf8;tests/task/phase1/task.py::test_spec;tests/task/task2.py::test_make_fence_after;tests/task/task2.py::test_make_fence_at,mutmut show 'markdown_it.parser_inline.xǁParserInlineǁ__init____mutmut_11',mutmut tests-for-mutant 'markdown_it.parser_inline.xǁParserInlineǁ__init____mutmut_11',mutmut run 'markdown_it.parser_inline.xǁParserInlineǁ__init____mutmut_11'
Mdbb5f532def22db6,markdown_it.cli.parse.x_parse_args__mutmut_49,specified,markdown_it/cli/parse.py,parse_args,118,"        ""filenames"", nargs=""*"", help=""specify an optional list of files to convert""","        ""filenames"", nargs=""XX*XX"", help=""specify an optional list of files to convert""",no_tests,unreviewed,,,mutmut show 'markdown_it.cli.parse.x_parse_args__mutmut_49',mutmut tests-for-mutant 'markdown_it.cli.parse.x_parse_args__mutmut_49',mutmut run 'markdown_it.cli.parse.x_parse_args__mutmut_49'
Mdbbc384d09f49246,markdown_it.presets.commonmark.x_make__mutmut_11,specified,markdown_it/presets/commonmark.py,make,20,"            ""linkify"": False,  # autoconvert URL-like texts to links","            ""LINKIFY"": False,  # autoconvert URL-like texts to links",survived,unreviewed,,tests/task/phase1/task.py::test_file,mutmut show 'markdown_it.presets.commonmark.x_make__mutmut_11',mutmut tests-for-mutant 'markdown_it.presets.commonmark.x_make__mutmut_11',mutmut run 'markdown_it.presets.commonmark.x_make__mutmut_11'
Mdc18b346af12cd70,markdown_it.rules_inline.autolink.x_autolink__mutmut_79,specified,markdown_it/rules_inline/autolink.py,autolink,50,"            token.markup = ""autolink""","            token.markup = ""XXautolinkXX""",survived,unreviewed,,tests/task/phase1/task.py::test_file;tests/task/phase1/task.py::test_spec,mutmut show 'markdown_it.rules_inline.autolink.x_autolink__mutmut_79',mutmut tests-for-mutant 'markdown_it.rules_inline.autolink.x_autolink__mutmut_79',mutmut run 'markdown_it.rules_inline.autolink.x_autolink__mutmut_79'
Mdc54f12e46ed8a4d,markdown_it.rules_inline.autolink.x_autolink__mutmut_153,specified,markdown_it/rules_inline/autolink.py,autolink,74,        state.pos += len(url) + 2,        state.pos = len(url) + 2,survived,unreviewed,,tests/task/phase1/task.py::test_file;tests/task/phase1/task.py::test_spec,mutmut show 'markdown_it.rules_inline.autolink.x_autolink__mutmut_153',mutmut tests-for-mutant 'markdown_it.rules_inline.autolink.x_autolink__mutmut_153',mutmut run 'markdown_it.rules_inline.autolink.x_autolink__mutmut_153'
Mdc6c98237360cfb6,markdown_it.presets.default.x_make__mutmut_9,specified,markdown_it/presets/default.py,make,10,"            ""html"": False,  # Enable HTML tags in source","            ""html"": True,  # Enable HTML tags in source",survived,unreviewed,,tests/task/phase1/task.py::test_file,mutmut show 'markdown_it.presets.default.x_make__mutmut_9',mutmut tests-for-mutant 'markdown_it.presets.default.x_make__mutmut_9',mutmut run 'markdown_it.presets.default.x_make__mutmut_9'
Mdc93c2afb87ac282,markdown_it.rules_block.lheading.x_lheading__mutmut_35,specified,markdown_it/rules_block/lheading.py,lheading,28,            nextLine += 1,            nextLine = 1,timeout,unreviewed,,tests/task/phase1/task.py::test_core_after;tests/task/phase1/task.py::test_file;tests/task/phase1/task.py::test_spec;tests/task/task2.py::test_make_fence_at,mutmut show 'markdown_it.rules_block.lheading.x_lheading__mutmut_35',mutmut tests-for-mutant 'markdown_it.rules_block.lheading.x_lheading__mutmut_35',mutmut run 'markdown_it.rules_block.lheading.x_lheading__mutmut_35'
Mdca4c60b8a7019cf,markdown_it.rules_block.blockquote.x_blockquote__mutmut_221,specified,markdown_it/rules_block/blockquote.py,blockquote,228,            nextLine += 1,            nextLine -= 1,timeout,unreviewed,,tests/task/phase1/task.py::test_core_after;tests/task/phase1/task.py::test_file;tests/task/phase1/task.py::test_spec;tests/task/task2.py::test_make_fence_at,mutmut show 'markdown_it.rules_block.blockquote.x_blockquote__mutmut_221',mutmut tests-for-mutant 'markdown_it.rules_block.blockquote.x_blockquote__mutmut_221',mutmut run 'markdown_it.rules_block.blockquote.x_blockquote__mutmut_221'
Mdcb7ed6712f13588,markdown_it.rules_block.lheading.x_lheading__mutmut_9,specified,markdown_it/rules_block/lheading.py,lheading,10,"    LOGGER.debug(""entering lheading: %s, %s, %s, %s"", state, startLine, endLine, silent)","    LOGGER.debug(""entering lheading: %s, %s, %s, %s"", state, startLine, silent)",survived,unreviewed,,tests/task/phase1/task.py::test_core_after;tests/task/phase1/task.py::test_file;tests/task/phase1/task.py::test_spec;tests/task/task2.py::test_make_fence_at,mutmut show 'markdown_it.rules_block.lheading.x_lheading__mutmut_9',mutmut tests-for-mutant 'markdown_it.rules_block.lheading.x_lheading__mutmut_9',mutmut run 'markdown_it.rules_block.lheading.x_lheading__mutmut_9'
Mdcba6c4fd3cf3011,markdown_it.rules_block.heading.x_heading__mutmut_106,specified,markdown_it/rules_block/heading.py,heading,63,"    token.map = [startLine, state.line]",    token.map = None,survived,unreviewed,,tests/task/phase1/task.py::test_core_after;tests/task/phase1/task.py::test_file;tests/task/phase1/task.py::test_spec;tests/task/task2.py::test_make_fence_at,mutmut show 'markdown_it.rules_block.heading.x_heading__mutmut_106',mutmut tests-for-mutant 'markdown_it.rules_block.heading.x_heading__mutmut_106',mutmut run 'markdown_it.rules_block.heading.x_heading__mutmut_106'
Mdcd6a4cedbdaf1ab,markdown_it.rules_inline.link.x_link__mutmut_187,specified,markdown_it/rules_inline/link.py,link,138,"        if label and state.md.options.get(""store_labels"", False):","        if label and state.md.options.get(""store_labels"", ):",survived,unreviewed,,tests/task/phase1/task.py::test_file;tests/task/phase1/task.py::test_spec,mutmut show 'markdown_it.rules_inline.link.x_link__mutmut_187',mutmut tests-for-mutant 'markdown_it.rules_inline.link.x_link__mutmut_187',mutmut run 'markdown_it.rules_inline.link.x_link__mutmut_187'
Mdcea1fd0158454a7,markdown_it.rules_block.reference.x_getNextLine__mutmut_3,specified,markdown_it/rules_block/reference.py,getNextLine,198,    if nextLine >= endLine or state.isEmpty(nextLine):,    if nextLine > endLine or state.isEmpty(nextLine):,survived,unreviewed,,tests/task/phase1/task.py::test_file;tests/task/phase1/task.py::test_spec,mutmut show 'markdown_it.rules_block.reference.x_getNextLine__mutmut_3',mutmut tests-for-mutant 'markdown_it.rules_block.reference.x_getNextLine__mutmut_3',mutmut run 'markdown_it.rules_block.reference.x_getNextLine__mutmut_3'
Mdcf47a55f8cdc225,markdown_it.presets.default.x_make__mutmut_31,specified,markdown_it/presets/default.py,make,26,"            ""langPrefix"": ""language-"",  # CSS language prefix for fenced blocks","            ""langPrefix"": ""LANGUAGE-"",  # CSS language prefix for fenced blocks",survived,unreviewed,,tests/task/phase1/task.py::test_file,mutmut show 'markdown_it.presets.default.x_make__mutmut_31',mutmut tests-for-mutant 'markdown_it.presets.default.x_make__mutmut_31',mutmut run 'markdown_it.presets.default.x_make__mutmut_31'
Mdd08c230b381990b,markdown_it.rules_inline.autolink.x_autolink__mutmut_147,specified,markdown_it/rules_inline/autolink.py,autolink,71,"            token.markup = ""autolink""",            token.markup = None,survived,unreviewed,,tests/task/phase1/task.py::test_file;tests/task/phase1/task.py::test_spec,mutmut show 'markdown_it.rules_inline.autolink.x_autolink__mutmut_147',mutmut tests-for-mutant 'markdown_it.rules_inline.autolink.x_autolink__mutmut_147',mutmut run 'markdown_it.rules_inline.autolink.x_autolink__mutmut_147'
Mdd13259e4ffb624b,markdown_it.rules_block.lheading.x_lheading__mutmut_5,specified,markdown_it/rules_block/lheading.py,lheading,10,"    LOGGER.debug(""entering lheading: %s, %s, %s, %s"", state, startLine, endLine, silent)","    LOGGER.debug(""entering lheading: %s, %s, %s, %s"", state, startLine, endLine, None)",survived,unreviewed,,tests/task/phase1/task.py::test_core_after;tests/task/phase1/task.py::test_file;tests/task/phase1/task.py::test_spec;tests/task/task2.py::test_make_fence_at,mutmut show 'markdown_it.rules_block.lheading.x_lheading__mutmut_5',mutmut tests-for-mutant 'markdown_it.rules_block.lheading.x_lheading__mutmut_5',mutmut run 'markdown_it.rules_block.lheading.x_lheading__mutmut_5'
Mdd555ef3671dbda5,markdown_it.rules_block.lheading.x_lheading__mutmut_82,specified,markdown_it/rules_block/lheading.py,lheading,60,            break,            return,survived,unreviewed,,tests/task/phase1/task.py::test_core_after;tests/task/phase1/task.py::test_file;tests/task/phase1/task.py::test_spec;tests/task/task2.py::test_make_fence_at,mutmut show 'markdown_it.rules_block.lheading.x_lheading__mutmut_82',mutmut tests-for-mutant 'markdown_it.rules_block.lheading.x_lheading__mutmut_82',mutmut run 'markdown_it.rules_block.lheading.x_lheading__mutmut_82'
Mdd9830ab9b90fd7e,markdown_it.rules_block.list.x_list_block__mutmut_293,specified,markdown_it/rules_block/list.py,list_block,337,            if posAfterMarker < 0:,            if posAfterMarker <= 0:,survived,unreviewed,,tests/task/phase1/task.py::test_core_after;tests/task/phase1/task.py::test_file;tests/task/phase1/task.py::test_spec;tests/task/task2.py::test_make_fence_at,mutmut show 'markdown_it.rules_block.list.x_list_block__mutmut_293',mutmut tests-for-mutant 'markdown_it.rules_block.list.x_list_block__mutmut_293',mutmut run 'markdown_it.rules_block.list.x_list_block__mutmut_293'
Mddd9270219055cf9,markdown_it.renderer.xǁRendererHTMLǁfence__mutmut_38,specified,markdown_it/renderer.py,fence,294,"        tmpToken = Token(type="""", tag="""", nesting=0, attrs=token.attrs.copy())","        tmpToken = Token(type="""", tag="""", nesting=None, attrs=token.attrs.copy())",survived,unreviewed,,tests/task/phase1/task.py::test_file;tests/task/phase1/task.py::test_spec,mutmut show 'markdown_it.renderer.xǁRendererHTMLǁfence__mutmut_38',mutmut tests-for-mutant 'markdown_it.renderer.xǁRendererHTMLǁfence__mutmut_38',mutmut run 'markdown_it.renderer.xǁRendererHTMLǁfence__mutmut_38'
Mdddae4c34e4b7ce6,markdown_it.rules_inline.emphasis.x_tokenize__mutmut_3,specified,markdown_it/rules_inline/emphasis.py,tokenize,14,        return False,        return True,timeout,unreviewed,,tests/task/phase1/task.py::test_file;tests/task/phase1/task.py::test_spec,mutmut show 'markdown_it.rules_inline.emphasis.x_tokenize__mutmut_3',mutmut tests-for-mutant 'markdown_it.rules_inline.emphasis.x_tokenize__mutmut_3',mutmut run 'markdown_it.rules_inline.emphasis.x_tokenize__mutmut_3'
Mde238a44a9efd470,markdown_it.rules_block.heading.x_heading__mutmut_7,specified,markdown_it/rules_block/heading.py,heading,14,"    LOGGER.debug(""entering heading: %s, %s, %s, %s"", state, startLine, endLine, silent)","    LOGGER.debug(""entering heading: %s, %s, %s, %s"", startLine, endLine, silent)",survived,unreviewed,,tests/task/phase1/task.py::test_core_after;tests/task/phase1/task.py::test_file;tests/task/phase1/task.py::test_spec;tests/task/task2.py::test_make_fence_at,mutmut show 'markdown_it.rules_block.heading.x_heading__mutmut_7',mutmut tests-for-mutant 'markdown_it.rules_block.heading.x_heading__mutmut_7',mutmut run 'markdown_it.rules_block.heading.x_heading__mutmut_7'
Mde7b543e1a24077d,markdown_it.rules_block.state_block.xǁStateBlockǁskipEmptyLines__mutmut_5,specified,markdown_it/rules_block/state_block.py,skipEmptyLines,145,        from_pos += 1,        from_pos = 1,timeout,unreviewed,,tests/task/phase1/task.py::test_core_after;tests/task/phase1/task.py::test_file;tests/task/phase1/task.py::test_spec;tests/task/task2.py::test_make_fence_after;tests/task/task2.py::test_make_fence_at,mutmut show 'markdown_it.rules_block.state_block.xǁStateBlockǁskipEmptyLines__mutmut_5',mutmut tests-for-mutant 'markdown_it.rules_block.state_block.xǁStateBlockǁskipEmptyLines__mutmut_5',mutmut run 'markdown_it.rules_block.state_block.xǁStateBlockǁskipEmptyLines__mutmut_5'
Mde83bd25dd61418a,markdown_it.main.xǁMarkdownItǁconfigure__mutmut_30,specified,markdown_it/main.py,configure,133,"            rules = component.get(""rules"", None)","            rules = component.get(""RULES"", None)",survived,unreviewed,,tests/task/phase1/task.py::test_core_after;tests/task/phase1/task.py::test_file;tests/task/phase1/task.py::test_non_utf8;tests/task/phase1/task.py::test_spec;tests/task/task2.py::test_make_fence_after;tests/task/task2.py::test_make_fence_at,mutmut show 'markdown_it.main.xǁMarkdownItǁconfigure__mutmut_30',mutmut tests-for-mutant 'markdown_it.main.xǁMarkdownItǁconfigure__mutmut_30',mutmut run 'markdown_it.main.xǁMarkdownItǁconfigure__mutmut_30'
Mde90b200122903ae,markdown_it.presets.xǁgfm_likeǁmake__mutmut_12,specified,markdown_it/presets/__init__.py,make,23,"    config[""components""][""block""][""rules""].append(""table"")","    config[""XXcomponentsXX""][""block""][""rules""].append(""table"")",survived,unreviewed,,tests/task/phase1/task.py::test_file,mutmut show 'markdown_it.presets.xǁgfm_likeǁmake__mutmut_12',mutmut tests-for-mutant 'markdown_it.presets.xǁgfm_likeǁmake__mutmut_12',mutmut run 'markdown_it.presets.xǁgfm_likeǁmake__mutmut_12'
Mdede95669ed7f6c4,markdown_it.cli.parse.x_parse_args__mutmut_40,specified,markdown_it/cli/parse.py,parse_args,115,"        ""--stdin"", action=""store_true"", help=""read Markdown from standard input""","        ""--stdin"", action=""store_true"", help=""READ MARKDOWN FROM STANDARD INPUT""",no_tests,unreviewed,,,mutmut show 'markdown_it.cli.parse.x_parse_args__mutmut_40',mutmut tests-for-mutant 'markdown_it.cli.parse.x_parse_args__mutmut_40',mutmut run 'markdown_it.cli.parse.x_parse_args__mutmut_40'
Mdee6bd8f3e279599,markdown_it.helpers.parse_link_destination.x_parseLinkDestination__mutmut_42,specified,markdown_it/helpers/parse_link_destination.py,parseLinkDestination,37,                continue,                break,survived,unreviewed,,tests/task/phase1/task.py::test_file;tests/task/phase1/task.py::test_spec,mutmut show 'markdown_it.helpers.parse_link_destination.x_parseLinkDestination__mutmut_42',mutmut tests-for-mutant 'markdown_it.helpers.parse_link_destination.x_parseLinkDestination__mutmut_42',mutmut run 'markdown_it.helpers.parse_link_destination.x_parseLinkDestination__mutmut_42'
Mdf1c43b7bb6502ff,markdown_it.rules_inline.entity.x_entity__mutmut_55,specified,markdown_it/rules_inline/entity.py,entity,37,"                token.info = ""entity""",                token.info = None,survived,unreviewed,,tests/task/phase1/task.py::test_file;tests/task/phase1/task.py::test_spec,mutmut show 'markdown_it.rules_inline.entity.x_entity__mutmut_55',mutmut tests-for-mutant 'markdown_it.rules_inline.entity.x_entity__mutmut_55',mutmut run 'markdown_it.rules_inline.entity.x_entity__mutmut_55'
Mdf4dd994804bf90f,markdown_it.helpers.parse_link_title.x_parseLinkTitle__mutmut_55,specified,markdown_it/helpers/parse_link_title.py,parseLinkTitle,67,        elif code == 0x5C and pos + 1 < maximum:  # /* \ */,        elif code == 0x5C and pos + 2 < maximum:  # /* \ */,survived,unreviewed,,tests/task/phase1/task.py::test_file;tests/task/phase1/task.py::test_spec,mutmut show 'markdown_it.helpers.parse_link_title.x_parseLinkTitle__mutmut_55',mutmut tests-for-mutant 'markdown_it.helpers.parse_link_title.x_parseLinkTitle__mutmut_55',mutmut run 'markdown_it.helpers.parse_link_title.x_parseLinkTitle__mutmut_55'
Mdf518dc731de6cfc,markdown_it.parser_inline.xǁParserInlineǁskipToken__mutmut_16,specified,markdown_it/parser_inline.py,skipToken,151,            state.level += 1,            state.level -= 1,survived,unreviewed,,tests/task/phase1/task.py::test_file;tests/task/phase1/task.py::test_spec,mutmut show 'markdown_it.parser_inline.xǁParserInlineǁskipToken__mutmut_16',mutmut tests-for-mutant 'markdown_it.parser_inline.xǁParserInlineǁskipToken__mutmut_16',mutmut run 'markdown_it.parser_inline.xǁParserInlineǁskipToken__mutmut_16'
Mdf76fa3d32314047,markdown_it.renderer.xǁRendererHTMLǁ__init____mutmut_5,specified,markdown_it/renderer.py,__init__,63,"        for k, v in inspect.getmembers(self, predicate=inspect.ismethod)","        for k, v in inspect.getmembers(self, )",survived,unreviewed,,tests/task/phase1/task.py::test_core_after;tests/task/phase1/task.py::test_file;tests/task/phase1/task.py::test_non_utf8;tests/task/phase1/task.py::test_spec;tests/task/task2.py::test_make_fence_after;tests/task/task2.py::test_make_fence_at,mutmut show 'markdown_it.renderer.xǁRendererHTMLǁ__init____mutmut_5',mutmut tests-for-mutant 'markdown_it.renderer.xǁRendererHTMLǁ__init____mutmut_5',mutmut run 'markdown_it.renderer.xǁRendererHTMLǁ__init____mutmut_5'
Mdfa2ae9c394fc73a,markdown_it.rules_block.heading.x_heading__mutmut_36,specified,markdown_it/rules_block/heading.py,heading,34,"    while ch == ""#"" and pos < maximum and level <= 6:","    while ch == ""#"" and pos < maximum and level < 6:",survived,unreviewed,,tests/task/phase1/task.py::test_core_after;tests/task/phase1/task.py::test_file;tests/task/phase1/task.py::test_spec;tests/task/task2.py::test_make_fence_at,mutmut show 'markdown_it.rules_block.heading.x_heading__mutmut_36',mutmut tests-for-mutant 'markdown_it.rules_block.heading.x_heading__mutmut_36',mutmut run 'markdown_it.rules_block.heading.x_heading__mutmut_36'
Mdfe1c0fee668249e,markdown_it.rules_inline.state_inline.xǁStateInlineǁpush__mutmut_12,specified,markdown_it/rules_inline/state_inline.py,push,104,        self.level -= 1,        self.level += 1,survived,unreviewed,,tests/task/phase1/task.py::test_file;tests/task/phase1/task.py::test_spec;tests/task/task2.py::test_make_fence_at,mutmut show 'markdown_it.rules_inline.state_inline.xǁStateInlineǁpush__mutmut_12',mutmut tests-for-mutant 'markdown_it.rules_inline.state_inline.xǁStateInlineǁpush__mutmut_12',mutmut run 'markdown_it.rules_inline.state_inline.xǁStateInlineǁpush__mutmut_12'
Me030ec0227efc437,markdown_it.rules_block.blockquote.x_blockquote__mutmut_12,specified,markdown_it/rules_block/blockquote.py,blockquote,14,"        ""entering blockquote: %s, %s, %s, %s"", state, startLine, endLine, silent","        ""ENTERING BLOCKQUOTE: %S, %S, %S, %S"", state, startLine, endLine, silent",survived,unreviewed,,tests/task/phase1/task.py::test_core_after;tests/task/phase1/task.py::test_file;tests/task/phase1/task.py::test_spec;tests/task/task2.py::test_make_fence_at,mutmut show 'markdown_it.rules_block.blockquote.x_blockquote__mutmut_12',mutmut tests-for-mutant 'markdown_it.rules_block.blockquote.x_blockquote__mutmut_12',mutmut run 'markdown_it.rules_block.blockquote.x_blockquote__mutmut_12'
Me051565ed6b8c432,markdown_it.ruler.xǁRulerǁafter__mutmut_24,specified,markdown_it/ruler.py,after,172,"        index + 1, Rule[RuleFuncTv](ruleName, True, fn, options.get(""alt"", []))","        index + 1, Rule[RuleFuncTv](ruleName, True, fn, options.get(None, []))",survived,unreviewed,,tests/task/phase1/task.py::test_core_after;tests/task/task2.py::test_make_fence_after,mutmut show 'markdown_it.ruler.xǁRulerǁafter__mutmut_24',mutmut tests-for-mutant 'markdown_it.ruler.xǁRulerǁafter__mutmut_24',mutmut run 'markdown_it.ruler.xǁRulerǁafter__mutmut_24'
Me06148aa466f551c,markdown_it.rules_inline.escape.x_escape__mutmut_50,specified,markdown_it/rules_inline/escape.py,escape,41,    if ch1_ord >= 0xD800 and ch1_ord <= 0xDBFF and pos + 1 < maximum:,    if ch1_ord >= 0xD800 and ch1_ord <= 0xDBFF and pos + 1 <= maximum:,survived,unreviewed,,tests/task/phase1/task.py::test_file;tests/task/phase1/task.py::test_spec;tests/task/task2.py::test_make_fence_at,mutmut show 'markdown_it.rules_inline.escape.x_escape__mutmut_50',mutmut tests-for-mutant 'markdown_it.rules_inline.escape.x_escape__mutmut_50',mutmut run 'markdown_it.rules_inline.escape.x_escape__mutmut_50'
Me084872ad2960ba6,markdown_it.renderer.xǁRendererHTMLǁfence__mutmut_5,specified,markdown_it/renderer.py,fence,270,"    langName = """"",    langName = None,survived,unreviewed,,tests/task/phase1/task.py::test_file;tests/task/phase1/task.py::test_spec,mutmut show 'markdown_it.renderer.xǁRendererHTMLǁfence__mutmut_5',mutmut tests-for-mutant 'markdown_it.renderer.xǁRendererHTMLǁfence__mutmut_5',mutmut run 'markdown_it.renderer.xǁRendererHTMLǁfence__mutmut_5'
Me08bcb598f6e3f52,markdown_it.renderer.xǁRendererHTMLǁfence__mutmut_39,specified,markdown_it/renderer.py,fence,294,"        tmpToken = Token(type="""", tag="""", nesting=0, attrs=token.attrs.copy())","        tmpToken = Token(type="""", tag="""", nesting=0, attrs=None)",survived,unreviewed,,tests/task/phase1/task.py::test_file;tests/task/phase1/task.py::test_spec,mutmut show 'markdown_it.renderer.xǁRendererHTMLǁfence__mutmut_39',mutmut tests-for-mutant 'markdown_it.renderer.xǁRendererHTMLǁfence__mutmut_39',mutmut run 'markdown_it.renderer.xǁRendererHTMLǁfence__mutmut_39'
Me0a6dc71e95d9008,markdown_it.rules_block.hr.x_hr__mutmut_9,specified,markdown_it/rules_block/hr.py,hr,15,"    LOGGER.debug(""entering hr: %s, %s, %s, %s"", state, startLine, endLine, silent)","    LOGGER.debug(""entering hr: %s, %s, %s, %s"", state, startLine, silent)",survived,unreviewed,,tests/task/phase1/task.py::test_core_after;tests/task/phase1/task.py::test_file;tests/task/phase1/task.py::test_spec;tests/task/task2.py::test_make_fence_at,mutmut show 'markdown_it.rules_block.hr.x_hr__mutmut_9',mutmut tests-for-mutant 'markdown_it.rules_block.hr.x_hr__mutmut_9',mutmut run 'markdown_it.rules_block.hr.x_hr__mutmut_9'
Me0a73dc88200fe86,markdown_it.rules_block.paragraph.x_paragraph__mutmut_33,specified,markdown_it/rules_block/paragraph.py,paragraph,30,            nextLine += 1,            nextLine -= 1,timeout,unreviewed,,tests/task/phase1/task.py::test_core_after;tests/task/phase1/task.py::test_file;tests/task/phase1/task.py::test_spec;tests/task/task2.py::test_make_fence_at,mutmut show 'markdown_it.rules_block.paragraph.x_paragraph__mutmut_33',mutmut tests-for-mutant 'markdown_it.rules_block.paragraph.x_paragraph__mutmut_33',mutmut run 'markdown_it.rules_block.paragraph.x_paragraph__mutmut_33'
Me0aa3f12550f119f,markdown_it.presets.default.x_make__mutmut_25,specified,markdown_it/presets/default.py,make,25,"            ""breaks"": False,  # Convert '\n' in paragraphs into <br>","            ""BREAKS"": False,  # Convert '\n' in paragraphs into <br>",survived,unreviewed,,tests/task/phase1/task.py::test_file,mutmut show 'markdown_it.presets.default.x_make__mutmut_25',mutmut tests-for-mutant 'markdown_it.presets.default.x_make__mutmut_25',mutmut run 'markdown_it.presets.default.x_make__mutmut_25'
Me0c4beabbc936ad3,markdown_it.rules_block.state_block.xǁStateBlockǁ__init____mutmut_61,specified,markdown_it/rules_block/state_block.py,__init__,87,"        if character == ""\n"" or pos == length - 1:","        if character == ""\n"" or pos == length - 2:",survived,unreviewed,,tests/task/phase1/task.py::test_core_after;tests/task/phase1/task.py::test_file;tests/task/phase1/task.py::test_spec;tests/task/task2.py::test_make_fence_after;tests/task/task2.py::test_make_fence_at,mutmut show 'markdown_it.rules_block.state_block.xǁStateBlockǁ__init____mutmut_61',mutmut tests-for-mutant 'markdown_it.rules_block.state_block.xǁStateBlockǁ__init____mutmut_61',mutmut run 'markdown_it.rules_block.state_block.xǁStateBlockǁ__init____mutmut_61'
Me10aeabc8eb74842,markdown_it.rules_inline.newline.x_newline__mutmut_4,specified,markdown_it/rules_inline/newline.py,newline,11,        return False,        return True,timeout,unreviewed,,tests/task/phase1/task.py::test_file;tests/task/phase1/task.py::test_spec;tests/task/task2.py::test_make_fence_at,mutmut show 'markdown_it.rules_inline.newline.x_newline__mutmut_4',mutmut tests-for-mutant 'markdown_it.rules_inline.newline.x_newline__mutmut_4',mutmut run 'markdown_it.rules_inline.newline.x_newline__mutmut_4'
Me13c55d3bb0b306d,markdown_it.presets.commonmark.x_make__mutmut_31,specified,markdown_it/presets/commonmark.py,make,34,"            ""langPrefix"": ""language-"",  # CSS language prefix for fenced blocks","            ""langPrefix"": ""LANGUAGE-"",  # CSS language prefix for fenced blocks",survived,unreviewed,,tests/task/phase1/task.py::test_file,mutmut show 'markdown_it.presets.commonmark.x_make__mutmut_31',mutmut tests-for-mutant 'markdown_it.presets.commonmark.x_make__mutmut_31',mutmut run 'markdown_it.presets.commonmark.x_make__mutmut_31'
Me15d05887f799256,markdown_it.rules_block.code.x_code__mutmut_3,specified,markdown_it/rules_block/code.py,code,11,"    LOGGER.debug(""entering code: %s, %s, %s, %s"", state, startLine, endLine, silent)","    LOGGER.debug(""entering code: %s, %s, %s, %s"", state, None, endLine, silent)",survived,unreviewed,,tests/task/phase1/task.py::test_core_after;tests/task/phase1/task.py::test_file;tests/task/phase1/task.py::test_spec;tests/task/task2.py::test_make_fence_after;tests/task/task2.py::test_make_fence_at,mutmut show 'markdown_it.rules_block.code.x_code__mutmut_3',mutmut tests-for-mutant 'markdown_it.rules_block.code.x_code__mutmut_3',mutmut run 'markdown_it.rules_block.code.x_code__mutmut_3'
Me17a0d866af891be,markdown_it.presets.zero.x_make__mutmut_19,specified,markdown_it/presets/zero.py,make,25,"            ""quotes"": ""\u201c\u201d\u2018\u2019"",  # /* “”‘’ */","            ""quotes"": ""\u201C\u201D\u2018\u2019"",  # /* “”‘’ */",survived,unreviewed,,tests/task/phase1/task.py::test_file,mutmut show 'markdown_it.presets.zero.x_make__mutmut_19',mutmut tests-for-mutant 'markdown_it.presets.zero.x_make__mutmut_19',mutmut run 'markdown_it.presets.zero.x_make__mutmut_19'
Me1a8204b17fe4c6f,markdown_it.cli.parse.x_convert_file__mutmut_2,specified,markdown_it/cli/parse.py,convert_file,53,"        with open(filename, encoding=""utf8"") as fin:","        with open(filename, encoding=None) as fin:",survived,unreviewed,,tests/task/phase1/task.py::test_non_utf8;tests/task/phase1/task.py::test_parse_fail,mutmut show 'markdown_it.cli.parse.x_convert_file__mutmut_2',mutmut tests-for-mutant 'markdown_it.cli.parse.x_convert_file__mutmut_2',mutmut run 'markdown_it.cli.parse.x_convert_file__mutmut_2'
Me1aa07e29d519375,markdown_it.rules_block.hr.x_hr__mutmut_5,specified,markdown_it/rules_block/hr.py,hr,15,"    LOGGER.debug(""entering hr: %s, %s, %s, %s"", state, startLine, endLine, silent)","    LOGGER.debug(""entering hr: %s, %s, %s, %s"", state, startLine, endLine, None)",survived,unreviewed,,tests/task/phase1/task.py::test_core_after;tests/task/phase1/task.py::test_file;tests/task/phase1/task.py::test_spec;tests/task/task2.py::test_make_fence_at,mutmut show 'markdown_it.rules_block.hr.x_hr__mutmut_5',mutmut tests-for-mutant 'markdown_it.rules_block.hr.x_hr__mutmut_5',mutmut run 'markdown_it.rules_block.hr.x_hr__mutmut_5'
Me1b56684a9274e0c,markdown_it.presets.commonmark.x_make__mutmut_53,specified,markdown_it/presets/commonmark.py,make,47,"                    ""blockquote"",","                    ""BLOCKQUOTE"",",survived,unreviewed,,tests/task/phase1/task.py::test_file,mutmut show 'markdown_it.presets.commonmark.x_make__mutmut_53',mutmut tests-for-mutant 'markdown_it.presets.commonmark.x_make__mutmut_53',mutmut run 'markdown_it.presets.commonmark.x_make__mutmut_53'
Me1ced5a3fc5c55d4,markdown_it.rules_block.blockquote.x_blockquote__mutmut_210,specified,markdown_it/rules_block/blockquote.py,blockquote,219,                state.sCount[nextLine] + 1 + (1 if spaceAfterMarker else 0),                state.sCount[nextLine] - 1 + (1 if spaceAfterMarker else 0),survived,unreviewed,,tests/task/phase1/task.py::test_core_after;tests/task/phase1/task.py::test_file;tests/task/phase1/task.py::test_spec;tests/task/task2.py::test_make_fence_at,mutmut show 'markdown_it.rules_block.blockquote.x_blockquote__mutmut_210',mutmut tests-for-mutant 'markdown_it.rules_block.blockquote.x_blockquote__mutmut_210',mutmut run 'markdown_it.rules_block.blockquote.x_blockquote__mutmut_210'
Me212f404b4ca5e50,markdown_it.rules_block.state_block.xǁStateBlockǁgetLines__mutmut_33,specified,markdown_it/rules_block/state_block.py,getLines,236,                    lineIndent += 4 - (lineIndent + self.bsCount[line]) % 4,                    lineIndent += 4 - (lineIndent - self.bsCount[line]) % 4,survived,unreviewed,,tests/task/phase1/task.py::test_core_after;tests/task/phase1/task.py::test_file;tests/task/phase1/task.py::test_spec;tests/task/task2.py::test_make_fence_after;tests/task/task2.py::test_make_fence_at,mutmut show 'markdown_it.rules_block.state_block.xǁStateBlockǁgetLines__mutmut_33',mutmut tests-for-mutant 'markdown_it.rules_block.state_block.xǁStateBlockǁgetLines__mutmut_33',mutmut run 'markdown_it.rules_block.state_block.xǁStateBlockǁgetLines__mutmut_33'
Me28ae12b8f4a8ee0,markdown_it.rules_block.code.x_code__mutmut_4,specified,markdown_it/rules_block/code.py,code,11,"    LOGGER.debug(""entering code: %s, %s, %s, %s"", state, startLine, endLine, silent)","    LOGGER.debug(""entering code: %s, %s, %s, %s"", state, startLine, None, silent)",survived,unreviewed,,tests/task/phase1/task.py::test_core_after;tests/task/phase1/task.py::test_file;tests/task/phase1/task.py::test_spec;tests/task/task2.py::test_make_fence_after;tests/task/task2.py::test_make_fence_at,mutmut show 'markdown_it.rules_block.code.x_code__mutmut_4',mutmut tests-for-mutant 'markdown_it.rules_block.code.x_code__mutmut_4',mutmut run 'markdown_it.rules_block.code.x_code__mutmut_4'
Me29531871abe41fb,markdown_it.common.utils.x_isValidEntityCode__mutmut_36,specified,markdown_it/common/utils.py,isValidEntityCode,70,    if c >= 0x0E and c <= 0x1F:,    if c >= 0x0E and c <= 32:,survived,unreviewed,,tests/task/phase1/task.py::test_spec,mutmut show 'markdown_it.common.utils.x_isValidEntityCode__mutmut_36',mutmut tests-for-mutant 'markdown_it.common.utils.x_isValidEntityCode__mutmut_36',mutmut run 'markdown_it.common.utils.x_isValidEntityCode__mutmut_36'
Me2b044f8360139d1,markdown_it.rules_inline.balance_pairs.x_processDelimiters__mutmut_123,specified,markdown_it/rules_inline/balance_pairs.py,processDelimiters,112,        if newMinOpenerIdx != -1:,        if newMinOpenerIdx != +1:,survived,unreviewed,,tests/task/phase1/task.py::test_core_after;tests/task/phase1/task.py::test_file;tests/task/phase1/task.py::test_spec;tests/task/task2.py::test_make_fence_at,mutmut show 'markdown_it.rules_inline.balance_pairs.x_processDelimiters__mutmut_123',mutmut tests-for-mutant 'markdown_it.rules_inline.balance_pairs.x_processDelimiters__mutmut_123',mutmut run 'markdown_it.rules_inline.balance_pairs.x_processDelimiters__mutmut_123'
Me2caba6c2f141e86,markdown_it.rules_block.code.x_code__mutmut_17,specified,markdown_it/rules_block/code.py,code,16,    last = nextLine = startLine + 1,    last = nextLine = startLine - 1,timeout,unreviewed,,tests/task/phase1/task.py::test_core_after;tests/task/phase1/task.py::test_file;tests/task/phase1/task.py::test_spec;tests/task/task2.py::test_make_fence_after;tests/task/task2.py::test_make_fence_at,mutmut show 'markdown_it.rules_block.code.x_code__mutmut_17',mutmut tests-for-mutant 'markdown_it.rules_block.code.x_code__mutmut_17',mutmut run 'markdown_it.rules_block.code.x_code__mutmut_17'
Me2cc9a0fd0356552,markdown_it.rules_block.hr.x_hr__mutmut_32,specified,markdown_it/rules_block/hr.py,hr,38,        pos += 1,        pos = 1,timeout,unreviewed,,tests/task/phase1/task.py::test_core_after;tests/task/phase1/task.py::test_file;tests/task/phase1/task.py::test_spec;tests/task/task2.py::test_make_fence_at,mutmut show 'markdown_it.rules_block.hr.x_hr__mutmut_32',mutmut tests-for-mutant 'markdown_it.rules_block.hr.x_hr__mutmut_32',mutmut run 'markdown_it.rules_block.hr.x_hr__mutmut_32'
Me2cd2f5a48355558,markdown_it.parser_inline.xǁParserInlineǁtokenize__mutmut_25,specified,markdown_it/parser_inline.py,tokenize,201,        state.pos += 1,        state.pos = 1,timeout,unreviewed,,tests/task/phase1/task.py::test_core_after;tests/task/phase1/task.py::test_file;tests/task/phase1/task.py::test_spec;tests/task/task2.py::test_make_fence_at,mutmut show 'markdown_it.parser_inline.xǁParserInlineǁtokenize__mutmut_25',mutmut tests-for-mutant 'markdown_it.parser_inline.xǁParserInlineǁtokenize__mutmut_25',mutmut run 'markdown_it.parser_inline.xǁParserInlineǁtokenize__mutmut_25'
Me318147e85e8cbe7,markdown_it.rules_block.paragraph.x_paragraph__mutmut_93,specified,markdown_it/rules_block/paragraph.py,paragraph,57,"    token = state.push(""inline"", """", 0)","    token = state.push(""inline"", ""XXXX"", 0)",survived,unreviewed,,tests/task/phase1/task.py::test_core_after;tests/task/phase1/task.py::test_file;tests/task/phase1/task.py::test_spec;tests/task/task2.py::test_make_fence_at,mutmut show 'markdown_it.rules_block.paragraph.x_paragraph__mutmut_93',mutmut tests-for-mutant 'markdown_it.rules_block.paragraph.x_paragraph__mutmut_93',mutmut run 'markdown_it.rules_block.paragraph.x_paragraph__mutmut_93'
Me3662f7008e204c6,markdown_it.rules_inline.state_inline.xǁStateInlineǁpush__mutmut_26,specified,markdown_it/rules_inline/state_inline.py,push,116,    self.pendingLevel = self.level,    self.pendingLevel = None,survived,unreviewed,,tests/task/phase1/task.py::test_file;tests/task/phase1/task.py::test_spec;tests/task/task2.py::test_make_fence_at,mutmut show 'markdown_it.rules_inline.state_inline.xǁStateInlineǁpush__mutmut_26',mutmut tests-for-mutant 'markdown_it.rules_inline.state_inline.xǁStateInlineǁpush__mutmut_26',mutmut run 'markdown_it.rules_inline.state_inline.xǁStateInlineǁpush__mutmut_26'
Me37e1fcd72e2400f,markdown_it.presets.default.x_make__mutmut_1,specified,markdown_it/presets/default.py,make,8,"        ""options"": {","        ""XXoptionsXX"": {",survived,unreviewed,,tests/task/phase1/task.py::test_file,mutmut show 'markdown_it.presets.default.x_make__mutmut_1',mutmut tests-for-mutant 'markdown_it.presets.default.x_make__mutmut_1',mutmut run 'markdown_it.presets.default.x_make__mutmut_1'
Me38e059c2e613e81,markdown_it.rules_block.blockquote.x_blockquote__mutmut_391,specified,markdown_it/rules_block/blockquote.py,blockquote,317,"        token.markup = "">""",        token.markup = None,survived,unreviewed,,tests/task/phase1/task.py::test_core_after;tests/task/phase1/task.py::test_file;tests/task/phase1/task.py::test_spec;tests/task/task2.py::test_make_fence_at,mutmut show 'markdown_it.rules_block.blockquote.x_blockquote__mutmut_391',mutmut tests-for-mutant 'markdown_it.rules_block.blockquote.x_blockquote__mutmut_391',mutmut run 'markdown_it.rules_block.blockquote.x_blockquote__mutmut_391'
Me390c3f36751ad8a,markdown_it.rules_block.blockquote.x_blockquote__mutmut_100,specified,markdown_it/rules_block/blockquote.py,blockquote,95,        state.sCount[startLine] + 1 + (1 if spaceAfterMarker else 0),        state.sCount[startLine] + 1 + (2 if spaceAfterMarker else 0),survived,unreviewed,,tests/task/phase1/task.py::test_core_after;tests/task/phase1/task.py::test_file;tests/task/phase1/task.py::test_spec;tests/task/task2.py::test_make_fence_at,mutmut show 'markdown_it.rules_block.blockquote.x_blockquote__mutmut_100',mutmut tests-for-mutant 'markdown_it.rules_block.blockquote.x_blockquote__mutmut_100',mutmut run 'markdown_it.rules_block.blockquote.x_blockquote__mutmut_100'
Me3bf9bd983c49ca6,markdown_it.main.xǁMarkdownItǁconfigure__mutmut_35,specified,markdown_it/main.py,configure,136,"            rules2 = component.get(""rules2"", None)","            rules2 = component.get(""rules2"", )",survived,unreviewed,,tests/task/phase1/task.py::test_core_after;tests/task/phase1/task.py::test_file;tests/task/phase1/task.py::test_non_utf8;tests/task/phase1/task.py::test_spec;tests/task/task2.py::test_make_fence_after;tests/task/task2.py::test_make_fence_at,mutmut show 'markdown_it.main.xǁMarkdownItǁconfigure__mutmut_35',mutmut tests-for-mutant 'markdown_it.main.xǁMarkdownItǁconfigure__mutmut_35',mutmut run 'markdown_it.main.xǁMarkdownItǁconfigure__mutmut_35'
Me3d6bdbe4510b5f8,markdown_it.rules_inline.autolink.x_autolink__mutmut_49,specified,markdown_it/rules_inline/autolink.py,autolink,44,"            token.info = ""auto""",            token.info = None,survived,unreviewed,,tests/task/phase1/task.py::test_file;tests/task/phase1/task.py::test_spec,mutmut show 'markdown_it.rules_inline.autolink.x_autolink__mutmut_49',mutmut tests-for-mutant 'markdown_it.rules_inline.autolink.x_autolink__mutmut_49',mutmut run 'markdown_it.rules_inline.autolink.x_autolink__mutmut_49'
Me3dfdb6fefb35833,markdown_it.helpers.parse_link_destination.x_parseLinkDestination__mutmut_60,specified,markdown_it/helpers/parse_link_destination.py,parseLinkDestination,54,        if code < 0x20 or code == 0x7F:,        if code <= 0x20 or code == 0x7F:,survived,unreviewed,,tests/task/phase1/task.py::test_file;tests/task/phase1/task.py::test_spec,mutmut show 'markdown_it.helpers.parse_link_destination.x_parseLinkDestination__mutmut_60',mutmut tests-for-mutant 'markdown_it.helpers.parse_link_destination.x_parseLinkDestination__mutmut_60',mutmut run 'markdown_it.helpers.parse_link_destination.x_parseLinkDestination__mutmut_60'
Me442c54a1f69ff36,markdown_it.rules_inline.state_inline.xǁStateInlineǁscanDelims__mutmut_14,specified,markdown_it/rules_inline/state_inline.py,scanDelims,138,        pos += 1,        pos -= 1,timeout,unreviewed,,tests/task/phase1/task.py::test_file;tests/task/phase1/task.py::test_spec,mutmut show 'markdown_it.rules_inline.state_inline.xǁStateInlineǁscanDelims__mutmut_14',mutmut tests-for-mutant 'markdown_it.rules_inline.state_inline.xǁStateInlineǁscanDelims__mutmut_14',mutmut run 'markdown_it.rules_inline.state_inline.xǁStateInlineǁscanDelims__mutmut_14'
Me4821f5f2c9a60cb,markdown_it.rules_inline.fragments_join.x_fragments_join__mutmut_38,specified,markdown_it/rules_inline/fragments_join.py,fragments_join,38,"            while curr < maximum and state.tokens[curr].type == ""text"":","            while curr < maximum and state.tokens[curr].type == ""XXtextXX"":",survived,unreviewed,,tests/task/phase1/task.py::test_core_after;tests/task/phase1/task.py::test_file;tests/task/phase1/task.py::test_spec;tests/task/task2.py::test_make_fence_at,mutmut show 'markdown_it.rules_inline.fragments_join.x_fragments_join__mutmut_38',mutmut tests-for-mutant 'markdown_it.rules_inline.fragments_join.x_fragments_join__mutmut_38',mutmut run 'markdown_it.rules_inline.fragments_join.x_fragments_join__mutmut_38'
Me4926fde7494d852,markdown_it.rules_block.list.x_skipBulletListMarker__mutmut_21,specified,markdown_it/rules_block/list.py,skipBulletListMarker,30,            return -1,            return -2,survived,unreviewed,,tests/task/phase1/task.py::test_core_after;tests/task/phase1/task.py::test_file;tests/task/phase1/task.py::test_spec;tests/task/task2.py::test_make_fence_at,mutmut show 'markdown_it.rules_block.list.x_skipBulletListMarker__mutmut_21',mutmut tests-for-mutant 'markdown_it.rules_block.list.x_skipBulletListMarker__mutmut_21',mutmut run 'markdown_it.rules_block.list.x_skipBulletListMarker__mutmut_21'
Me4c0f2b59a744586,markdown_it.main.xǁMarkdownItǁ__init____mutmut_3,specified,markdown_it/main.py,__init__,49,    self.utils = utils,    self.utils = None,survived,unreviewed,,tests/task/phase1/task.py::test_core_after;tests/task/phase1/task.py::test_file;tests/task/phase1/task.py::test_non_utf8;tests/task/phase1/task.py::test_spec;tests/task/task2.py::test_make_fence_after;tests/task/task2.py::test_make_fence_at,mutmut show 'markdown_it.main.xǁMarkdownItǁ__init____mutmut_3',mutmut tests-for-mutant 'markdown_it.main.xǁMarkdownItǁ__init____mutmut_3',mutmut run 'markdown_it.main.xǁMarkdownItǁ__init____mutmut_3'
Me4dccd74793fa0dc,markdown_it.presets.commonmark.x_make__mutmut_38,specified,markdown_it/presets/commonmark.py,make,44,"            ""core"": {""rules"": [""normalize"", ""block"", ""inline"", ""text_join""]},","            ""core"": {""XXrulesXX"": [""normalize"", ""block"", ""inline"", ""text_join""]},",survived,unreviewed,,tests/task/phase1/task.py::test_file,mutmut show 'markdown_it.presets.commonmark.x_make__mutmut_38',mutmut tests-for-mutant 'markdown_it.presets.commonmark.x_make__mutmut_38',mutmut run 'markdown_it.presets.commonmark.x_make__mutmut_38'
Me5040a7cd42cdc76,markdown_it.rules_inline.link.x_link__mutmut_196,specified,markdown_it/rules_inline/link.py,link,141,        state.linkLevel += 1,        state.linkLevel += 2,survived,unreviewed,,tests/task/phase1/task.py::test_file;tests/task/phase1/task.py::test_spec,mutmut show 'markdown_it.rules_inline.link.x_link__mutmut_196',mutmut tests-for-mutant 'markdown_it.rules_inline.link.x_link__mutmut_196',mutmut run 'markdown_it.rules_inline.link.x_link__mutmut_196'
Me523a00622f8b952,markdown_it.rules_inline.emphasis.x__postProcess__mutmut_67,specified,markdown_it/rules_inline/emphasis.py,_postProcess,79,"        token.content = """"","        token.content = ""XXXX""",survived,unreviewed,,tests/task/phase1/task.py::test_core_after;tests/task/phase1/task.py::test_file;tests/task/phase1/task.py::test_spec;tests/task/task2.py::test_make_fence_at,mutmut show 'markdown_it.rules_inline.emphasis.x__postProcess__mutmut_67',mutmut tests-for-mutant 'markdown_it.rules_inline.emphasis.x__postProcess__mutmut_67',mutmut run 'markdown_it.rules_inline.emphasis.x__postProcess__mutmut_67'
Me56c9dec1770a363,markdown_it.ruler.xǁRulerǁenableOnly__mutmut_1,specified,markdown_it/ruler.py,enableOnly,216,"    self, names: str | Iterable[str], ignoreInvalid: bool = False","    self, names: str | Iterable[str], ignoreInvalid: bool = True",survived,unreviewed,,tests/task/phase1/task.py::test_core_after;tests/task/phase1/task.py::test_file;tests/task/phase1/task.py::test_non_utf8;tests/task/phase1/task.py::test_spec;tests/task/task2.py::test_make_fence_after;tests/task/task2.py::test_make_fence_at,mutmut show 'markdown_it.ruler.xǁRulerǁenableOnly__mutmut_1',mutmut tests-for-mutant 'markdown_it.ruler.xǁRulerǁenableOnly__mutmut_1',mutmut run 'markdown_it.ruler.xǁRulerǁenableOnly__mutmut_1'
Me572f809c7c873bb,markdown_it.rules_inline.link.x_link__mutmut_51,specified,markdown_it/rules_inline/link.py,link,45,        if pos >= maximum:,        if pos > maximum:,survived,unreviewed,,tests/task/phase1/task.py::test_file;tests/task/phase1/task.py::test_spec,mutmut show 'markdown_it.rules_inline.link.x_link__mutmut_51',mutmut tests-for-mutant 'markdown_it.rules_inline.link.x_link__mutmut_51',mutmut run 'markdown_it.rules_inline.link.x_link__mutmut_51'
Me5aabb3e01dbd502,markdown_it.rules_block.list.x_list_block__mutmut_42,specified,markdown_it/rules_block/list.py,list_block,139,    if posAfterMarker >= 0:,    if posAfterMarker >= 1:,survived,unreviewed,,tests/task/phase1/task.py::test_core_after;tests/task/phase1/task.py::test_file;tests/task/phase1/task.py::test_spec;tests/task/task2.py::test_make_fence_at,mutmut show 'markdown_it.rules_block.list.x_list_block__mutmut_42',mutmut tests-for-mutant 'markdown_it.rules_block.list.x_list_block__mutmut_42',mutmut run 'markdown_it.rules_block.list.x_list_block__mutmut_42'
Me5d415422bdac37e,markdown_it.helpers.parse_link_destination.x_parseLinkDestination__mutmut_68,specified,markdown_it/helpers/parse_link_destination.py,parseLinkDestination,57,        if code == 0x5C and pos + 1 < maximum:,        if code == 0x5C and pos - 1 < maximum:,survived,unreviewed,,tests/task/phase1/task.py::test_file;tests/task/phase1/task.py::test_spec,mutmut show 'markdown_it.helpers.parse_link_destination.x_parseLinkDestination__mutmut_68',mutmut tests-for-mutant 'markdown_it.helpers.parse_link_destination.x_parseLinkDestination__mutmut_68',mutmut run 'markdown_it.helpers.parse_link_destination.x_parseLinkDestination__mutmut_68'
Me609401abcd45f24,markdown_it.rules_block.heading.x_heading__mutmut_107,specified,markdown_it/rules_block/heading.py,heading,64,    token.children = [],    token.children = None,survived,unreviewed,,tests/task/phase1/task.py::test_core_after;tests/task/phase1/task.py::test_file;tests/task/phase1/task.py::test_spec;tests/task/task2.py::test_make_fence_at,mutmut show 'markdown_it.rules_block.heading.x_heading__mutmut_107',mutmut tests-for-mutant 'markdown_it.rules_block.heading.x_heading__mutmut_107',mutmut run 'markdown_it.rules_block.heading.x_heading__mutmut_107'
Me69b5d847ac902cd,markdown_it.ruler.xǁRulerǁgetRules__mutmut_1,specified,markdown_it/ruler.py,getRules,255,"def getRules(self, chainName: str = """") -> list[RuleFuncTv]:","def getRules(self, chainName: str = ""XXXX"") -> list[RuleFuncTv]:",survived,unreviewed,,tests/task/phase1/task.py::test_core_after;tests/task/phase1/task.py::test_file;tests/task/phase1/task.py::test_spec;tests/task/task2.py::test_make_fence_after;tests/task/task2.py::test_make_fence_at,mutmut show 'markdown_it.ruler.xǁRulerǁgetRules__mutmut_1',mutmut tests-for-mutant 'markdown_it.ruler.xǁRulerǁgetRules__mutmut_1',mutmut run 'markdown_it.ruler.xǁRulerǁgetRules__mutmut_1'
Me6c673bada9ecd2b,markdown_it.parser_inline.xǁParserInlineǁskipToken__mutmut_14,specified,markdown_it/parser_inline.py,skipToken,146,    if state.level < maxNesting:,    if state.level <= maxNesting:,survived,unreviewed,,tests/task/phase1/task.py::test_file;tests/task/phase1/task.py::test_spec,mutmut show 'markdown_it.parser_inline.xǁParserInlineǁskipToken__mutmut_14',mutmut tests-for-mutant 'markdown_it.parser_inline.xǁParserInlineǁskipToken__mutmut_14',mutmut run 'markdown_it.parser_inline.xǁParserInlineǁskipToken__mutmut_14'
Me6d10ce5b0b09380,markdown_it.rules_block.paragraph.x_paragraph__mutmut_12,specified,markdown_it/rules_block/paragraph.py,paragraph,12,"        ""entering paragraph: %s, %s, %s, %s"", state, startLine, endLine, silent","        ""ENTERING PARAGRAPH: %S, %S, %S, %S"", state, startLine, endLine, silent",survived,unreviewed,,tests/task/phase1/task.py::test_core_after;tests/task/phase1/task.py::test_file;tests/task/phase1/task.py::test_spec;tests/task/task2.py::test_make_fence_at,mutmut show 'markdown_it.rules_block.paragraph.x_paragraph__mutmut_12',mutmut tests-for-mutant 'markdown_it.rules_block.paragraph.x_paragraph__mutmut_12',mutmut run 'markdown_it.rules_block.paragraph.x_paragraph__mutmut_12'
Me6dbf0e4661cc345,markdown_it._punycode.x_map_domain__mutmut_4,specified,markdown_it/_punycode.py,map_domain,41,"    result = """"",    result = None,survived,unreviewed,,tests/task/phase1/task.py::test_file;tests/task/phase1/task.py::test_spec,mutmut show 'markdown_it._punycode.x_map_domain__mutmut_4',mutmut tests-for-mutant 'markdown_it._punycode.x_map_domain__mutmut_4',mutmut run 'markdown_it._punycode.x_map_domain__mutmut_4'
Me6e07720cd4df8ca,markdown_it.presets.commonmark.x_make__mutmut_39,specified,markdown_it/presets/commonmark.py,make,44,"            ""core"": {""rules"": [""normalize"", ""block"", ""inline"", ""text_join""]},","            ""core"": {""RULES"": [""normalize"", ""block"", ""inline"", ""text_join""]},",survived,unreviewed,,tests/task/phase1/task.py::test_file,mutmut show 'markdown_it.presets.commonmark.x_make__mutmut_39',mutmut tests-for-mutant 'markdown_it.presets.commonmark.x_make__mutmut_39',mutmut run 'markdown_it.presets.commonmark.x_make__mutmut_39'
Me719a09d4ecc8b5c,markdown_it.rules_block.paragraph.x_paragraph__mutmut_1,specified,markdown_it/rules_block/paragraph.py,paragraph,12,"        ""entering paragraph: %s, %s, %s, %s"", state, startLine, endLine, silent","        None, state, startLine, endLine, silent",survived,unreviewed,,tests/task/phase1/task.py::test_core_after;tests/task/phase1/task.py::test_file;tests/task/phase1/task.py::test_spec;tests/task/task2.py::test_make_fence_at,mutmut show 'markdown_it.rules_block.paragraph.x_paragraph__mutmut_1',mutmut tests-for-mutant 'markdown_it.rules_block.paragraph.x_paragraph__mutmut_1',mutmut run 'markdown_it.rules_block.paragraph.x_paragraph__mutmut_1'
Me71d1ea323f52d8b,markdown_it.rules_inline.newline.x_newline__mutmut_11,specified,markdown_it/rules_inline/newline.py,newline,21,"        if pmax >= 0 and charStrAt(state.pending, pmax) == "" "":","        if pmax > 0 and charStrAt(state.pending, pmax) == "" "":",survived,unreviewed,,tests/task/phase1/task.py::test_file;tests/task/phase1/task.py::test_spec;tests/task/task2.py::test_make_fence_at,mutmut show 'markdown_it.rules_inline.newline.x_newline__mutmut_11',mutmut tests-for-mutant 'markdown_it.rules_inline.newline.x_newline__mutmut_11',mutmut run 'markdown_it.rules_inline.newline.x_newline__mutmut_11'
Me7200a4cb19dd581,markdown_it.rules_block.blockquote.x_blockquote__mutmut_139,specified,markdown_it/rules_block/blockquote.py,blockquote,156,            initial = offset = state.sCount[nextLine] + 1,            initial = offset = state.sCount[nextLine] + 2,survived,unreviewed,,tests/task/phase1/task.py::test_core_after;tests/task/phase1/task.py::test_file;tests/task/phase1/task.py::test_spec;tests/task/task2.py::test_make_fence_at,mutmut show 'markdown_it.rules_block.blockquote.x_blockquote__mutmut_139',mutmut tests-for-mutant 'markdown_it.rules_block.blockquote.x_blockquote__mutmut_139',mutmut run 'markdown_it.rules_block.blockquote.x_blockquote__mutmut_139'
Me72820daff2f1e3a,markdown_it.main.xǁMarkdownItǁconfigure__mutmut_26,specified,markdown_it/main.py,configure,133,"            rules = component.get(""rules"", None)","            rules = component.get(None, None)",survived,unreviewed,,tests/task/phase1/task.py::test_core_after;tests/task/phase1/task.py::test_file;tests/task/phase1/task.py::test_non_utf8;tests/task/phase1/task.py::test_spec;tests/task/task2.py::test_make_fence_after;tests/task/task2.py::test_make_fence_at,mutmut show 'markdown_it.main.xǁMarkdownItǁconfigure__mutmut_26',mutmut tests-for-mutant 'markdown_it.main.xǁMarkdownItǁconfigure__mutmut_26',mutmut run 'markdown_it.main.xǁMarkdownItǁconfigure__mutmut_26'
Me731fe8962fb9118,markdown_it.cli.parse.x_parse_args__mutmut_18,specified,markdown_it/cli/parse.py,parse_args,113,"    parser.add_argument(""-v"", ""--version"", action=""version"", version=version_str)","    parser.add_argument(""--version"", action=""version"", version=version_str)",no_tests,unreviewed,,,mutmut show 'markdown_it.cli.parse.x_parse_args__mutmut_18',mutmut tests-for-mutant 'markdown_it.cli.parse.x_parse_args__mutmut_18',mutmut run 'markdown_it.cli.parse.x_parse_args__mutmut_18'
Me770524927cf5f02,markdown_it.rules_inline.state_inline.xǁStateInlineǁpushPending__mutmut_10,specified,markdown_it/rules_inline/state_inline.py,pushPending,85,"    token = Token(""text"", """", 0)","    token = Token(""text"", ""XXXX"", 0)",survived,unreviewed,,tests/task/phase1/task.py::test_core_after;tests/task/phase1/task.py::test_file;tests/task/phase1/task.py::test_spec,mutmut show 'markdown_it.rules_inline.state_inline.xǁStateInlineǁpushPending__mutmut_10',mutmut tests-for-mutant 'markdown_it.rules_inline.state_inline.xǁStateInlineǁpushPending__mutmut_10',mutmut run 'markdown_it.rules_inline.state_inline.xǁStateInlineǁpushPending__mutmut_10'
Me77640a40f890168,markdown_it.rules_inline.link.x_link__mutmut_115,specified,markdown_it/rules_inline/link.py,link,94,            return False,            return True,timeout,unreviewed,,tests/task/phase1/task.py::test_file;tests/task/phase1/task.py::test_spec,mutmut show 'markdown_it.rules_inline.link.x_link__mutmut_115',mutmut tests-for-mutant 'markdown_it.rules_inline.link.x_link__mutmut_115',mutmut run 'markdown_it.rules_inline.link.x_link__mutmut_115'
Me79f55075a6d7fb5,markdown_it.common.utils.x_isValidEntityCode__mutmut_10,specified,markdown_it/common/utils.py,isValidEntityCode,61,    if c >= 0xFDD0 and c <= 0xFDEF:,    if c >= 0xFDD0 and c < 0xFDEF:,survived,unreviewed,,tests/task/phase1/task.py::test_spec,mutmut show 'markdown_it.common.utils.x_isValidEntityCode__mutmut_10',mutmut tests-for-mutant 'markdown_it.common.utils.x_isValidEntityCode__mutmut_10',mutmut run 'markdown_it.common.utils.x_isValidEntityCode__mutmut_10'
Me7fd20496ca88937,markdown_it.rules_block.list.x_list_block__mutmut_141,specified,markdown_it/rules_block/list.py,list_block,215,            pos += 1,            pos = 1,timeout,unreviewed,,tests/task/phase1/task.py::test_core_after;tests/task/phase1/task.py::test_file;tests/task/phase1/task.py::test_spec;tests/task/task2.py::test_make_fence_at,mutmut show 'markdown_it.rules_block.list.x_list_block__mutmut_141',mutmut tests-for-mutant 'markdown_it.rules_block.list.x_list_block__mutmut_141',mutmut run 'markdown_it.rules_block.list.x_list_block__mutmut_141'
Me868e443caf3e039,markdown_it.presets.commonmark.x_make__mutmut_50,specified,markdown_it/presets/commonmark.py,make,46,"                ""rules"": [","                ""XXrulesXX"": [",survived,unreviewed,,tests/task/phase1/task.py::test_file,mutmut show 'markdown_it.presets.commonmark.x_make__mutmut_50',mutmut tests-for-mutant 'markdown_it.presets.commonmark.x_make__mutmut_50',mutmut run 'markdown_it.presets.commonmark.x_make__mutmut_50'
Me911490e942544c2,markdown_it.rules_inline.balance_pairs.x_processDelimiters__mutmut_34,specified,markdown_it/rules_inline/balance_pairs.py,processDelimiters,52,"            openersBottom[closer.marker] = [-1, -1, -1, -1, -1, -1]","            openersBottom[closer.marker] = [-2, -1, -1, -1, -1, -1]",survived,unreviewed,,tests/task/phase1/task.py::test_core_after;tests/task/phase1/task.py::test_file;tests/task/phase1/task.py::test_spec;tests/task/task2.py::test_make_fence_at,mutmut show 'markdown_it.rules_inline.balance_pairs.x_processDelimiters__mutmut_34',mutmut tests-for-mutant 'markdown_it.rules_inline.balance_pairs.x_processDelimiters__mutmut_34',mutmut run 'markdown_it.rules_inline.balance_pairs.x_processDelimiters__mutmut_34'
Me91dd7542f1462bc,markdown_it.rules_inline.autolink.x_autolink__mutmut_39,specified,markdown_it/rules_inline/autolink.py,autolink,41,"            token = state.push(""link_open"", ""a"", 1)","            token = state.push(""LINK_OPEN"", ""a"", 1)",survived,unreviewed,,tests/task/phase1/task.py::test_file;tests/task/phase1/task.py::test_spec,mutmut show 'markdown_it.rules_inline.autolink.x_autolink__mutmut_39',mutmut tests-for-mutant 'markdown_it.rules_inline.autolink.x_autolink__mutmut_39',mutmut run 'markdown_it.rules_inline.autolink.x_autolink__mutmut_39'
Me92a05302484b3bb,markdown_it.rules_inline.backticks.x_backtick__mutmut_49,specified,markdown_it/rules_inline/backticks.py,backtick,44,            matchEnd += 1,            matchEnd = 1,timeout,unreviewed,,tests/task/phase1/task.py::test_file;tests/task/phase1/task.py::test_spec;tests/task/task2.py::test_make_fence_at,mutmut show 'markdown_it.rules_inline.backticks.x_backtick__mutmut_49',mutmut tests-for-mutant 'markdown_it.rules_inline.backticks.x_backtick__mutmut_49',mutmut run 'markdown_it.rules_inline.backticks.x_backtick__mutmut_49'
Me92ee05f90b269b2,markdown_it.rules_block.fence.x_make_fence_rule__mutmut_61,specified,markdown_it/rules_block/fence.py,make_fence_rule,96,            pos = mem = state.bMarks[nextLine] + state.tShift[nextLine],            pos = mem = state.bMarks[nextLine] - state.tShift[nextLine],survived,unreviewed,,tests/task/phase1/task.py::test_file;tests/task/task2.py::test_make_fence_after;tests/task/task2.py::test_make_fence_at,mutmut show 'markdown_it.rules_block.fence.x_make_fence_rule__mutmut_61',mutmut tests-for-mutant 'markdown_it.rules_block.fence.x_make_fence_rule__mutmut_61',mutmut run 'markdown_it.rules_block.fence.x_make_fence_rule__mutmut_61'
Me93d2ee2a3c09f1e,markdown_it.rules_inline.escape.x_escape__mutmut_72,specified,markdown_it/rules_inline/escape.py,escape,51,"        token = state.push(""text_special"", """", 0)","        token = state.push(""text_special"", None, 0)",survived,unreviewed,,tests/task/phase1/task.py::test_file;tests/task/phase1/task.py::test_spec;tests/task/task2.py::test_make_fence_at,mutmut show 'markdown_it.rules_inline.escape.x_escape__mutmut_72',mutmut tests-for-mutant 'markdown_it.rules_inline.escape.x_escape__mutmut_72',mutmut run 'markdown_it.rules_inline.escape.x_escape__mutmut_72'
Me95238a3a863b9ad,markdown_it.rules_block.state_block.xǁStateBlockǁskipEmptyLines__mutmut_1,specified,markdown_it/rules_block/state_block.py,skipEmptyLines,137,    while from_pos < self.lineMax:,    while from_pos <= self.lineMax:,survived,unreviewed,,tests/task/phase1/task.py::test_core_after;tests/task/phase1/task.py::test_file;tests/task/phase1/task.py::test_spec;tests/task/task2.py::test_make_fence_after;tests/task/task2.py::test_make_fence_at,mutmut show 'markdown_it.rules_block.state_block.xǁStateBlockǁskipEmptyLines__mutmut_1',mutmut tests-for-mutant 'markdown_it.rules_block.state_block.xǁStateBlockǁskipEmptyLines__mutmut_1',mutmut run 'markdown_it.rules_block.state_block.xǁStateBlockǁskipEmptyLines__mutmut_1'
Me99a2472eaae646a,markdown_it.ruler.xǁRulerǁgetRules__mutmut_8,specified,markdown_it/ruler.py,getRules,267,"    return self.__cache__.get(chainName, []) or []","    return self.__cache__.get(chainName, ) or []",survived,unreviewed,,tests/task/phase1/task.py::test_core_after;tests/task/phase1/task.py::test_file;tests/task/phase1/task.py::test_spec;tests/task/task2.py::test_make_fence_after;tests/task/task2.py::test_make_fence_at,mutmut show 'markdown_it.ruler.xǁRulerǁgetRules__mutmut_8',mutmut tests-for-mutant 'markdown_it.ruler.xǁRulerǁgetRules__mutmut_8',mutmut run 'markdown_it.ruler.xǁRulerǁgetRules__mutmut_8'
Me9be0d1118c00e46,markdown_it.helpers.parse_link_destination.x_parseLinkDestination__mutmut_90,specified,markdown_it/helpers/parse_link_destination.py,parseLinkDestination,65,            if level > 32:,            if level > 33:,survived,unreviewed,,tests/task/phase1/task.py::test_file;tests/task/phase1/task.py::test_spec,mutmut show 'markdown_it.helpers.parse_link_destination.x_parseLinkDestination__mutmut_90',mutmut tests-for-mutant 'markdown_it.helpers.parse_link_destination.x_parseLinkDestination__mutmut_90',mutmut run 'markdown_it.helpers.parse_link_destination.x_parseLinkDestination__mutmut_90'
Me9cd9b90580a301f,markdown_it.rules_block.lheading.x_lheading__mutmut_87,specified,markdown_it/rules_block/lheading.py,lheading,66,        return False,        return True,timeout,unreviewed,,tests/task/phase1/task.py::test_core_after;tests/task/phase1/task.py::test_file;tests/task/phase1/task.py::test_spec;tests/task/task2.py::test_make_fence_at,mutmut show 'markdown_it.rules_block.lheading.x_lheading__mutmut_87',mutmut tests-for-mutant 'markdown_it.rules_block.lheading.x_lheading__mutmut_87',mutmut run 'markdown_it.rules_block.lheading.x_lheading__mutmut_87'
Me9f65005061b4891,markdown_it.rules_block.reference.x_reference__mutmut_313,specified,markdown_it/rules_block/reference.py,reference,183,"        state.env.setdefault(""duplicate_refs"", []).append(","        state.env.setdefault(""XXduplicate_refsXX"", []).append(",survived,unreviewed,,tests/task/phase1/task.py::test_core_after;tests/task/phase1/task.py::test_file;tests/task/phase1/task.py::test_spec;tests/task/task2.py::test_make_fence_at,mutmut show 'markdown_it.rules_block.reference.x_reference__mutmut_313',mutmut tests-for-mutant 'markdown_it.rules_block.reference.x_reference__mutmut_313',mutmut run 'markdown_it.rules_block.reference.x_reference__mutmut_313'
Mea23f16bc5e67e0b,markdown_it._punycode.x_to_unicode__mutmut_9,specified,markdown_it/_punycode.py,to_unicode,58,"    return map_domain(obj, mapping)",    return map_domain(mapping),survived,unreviewed,,tests/task/phase1/task.py::test_file;tests/task/phase1/task.py::test_spec,mutmut show 'markdown_it._punycode.x_to_unicode__mutmut_9',mutmut tests-for-mutant 'markdown_it._punycode.x_to_unicode__mutmut_9',mutmut run 'markdown_it._punycode.x_to_unicode__mutmut_9'
Mea2490f048e68c7a,markdown_it.rules_inline.autolink.x_autolink__mutmut_8,specified,markdown_it/rules_inline/autolink.py,autolink,22,        pos += 1,        pos = 1,timeout,unreviewed,,tests/task/phase1/task.py::test_file;tests/task/phase1/task.py::test_spec,mutmut show 'markdown_it.rules_inline.autolink.x_autolink__mutmut_8',mutmut tests-for-mutant 'markdown_it.rules_inline.autolink.x_autolink__mutmut_8',mutmut run 'markdown_it.rules_inline.autolink.x_autolink__mutmut_8'
Mea55feaa045e85a8,markdown_it.rules_inline.emphasis.x__postProcess__mutmut_73,specified,markdown_it/rules_inline/emphasis.py,_postProcess,82,"        token.type = ""strong_close"" if isStrong else ""em_close""","        token.type = ""strong_close"" if isStrong else ""EM_CLOSE""",survived,unreviewed,,tests/task/phase1/task.py::test_core_after;tests/task/phase1/task.py::test_file;tests/task/phase1/task.py::test_spec;tests/task/task2.py::test_make_fence_at,mutmut show 'markdown_it.rules_inline.emphasis.x__postProcess__mutmut_73',mutmut tests-for-mutant 'markdown_it.rules_inline.emphasis.x__postProcess__mutmut_73',mutmut run 'markdown_it.rules_inline.emphasis.x__postProcess__mutmut_73'
Mea6837adff3a95c1,markdown_it.renderer.xǁRendererHTMLǁfence__mutmut_7,specified,markdown_it/renderer.py,fence,271,"    langAttrs = """"",    langAttrs = None,survived,unreviewed,,tests/task/phase1/task.py::test_file;tests/task/phase1/task.py::test_spec,mutmut show 'markdown_it.renderer.xǁRendererHTMLǁfence__mutmut_7',mutmut tests-for-mutant 'markdown_it.renderer.xǁRendererHTMLǁfence__mutmut_7',mutmut run 'markdown_it.renderer.xǁRendererHTMLǁfence__mutmut_7'
Mea784d3cd6060d65,markdown_it.cli.parse.x_parse_args__mutmut_29,specified,markdown_it/cli/parse.py,parse_args,115,"        ""--stdin"", action=""store_true"", help=""read Markdown from standard input""","        ""--stdin"", action=None, help=""read Markdown from standard input""",no_tests,unreviewed,,,mutmut show 'markdown_it.cli.parse.x_parse_args__mutmut_29',mutmut tests-for-mutant 'markdown_it.cli.parse.x_parse_args__mutmut_29',mutmut run 'markdown_it.cli.parse.x_parse_args__mutmut_29'
Meac0b2f6f884552f,markdown_it.presets.commonmark.x_make__mutmut_101,specified,markdown_it/presets/commonmark.py,make,72,"                ""rules2"": [""balance_pairs"", ""emphasis"", ""fragments_join""],","                ""rules2"": [""balance_pairs"", ""EMPHASIS"", ""fragments_join""],",survived,unreviewed,,tests/task/phase1/task.py::test_file,mutmut show 'markdown_it.presets.commonmark.x_make__mutmut_101',mutmut tests-for-mutant 'markdown_it.presets.commonmark.x_make__mutmut_101',mutmut run 'markdown_it.presets.commonmark.x_make__mutmut_101'
Meadea99f5ce94fcc,markdown_it.presets.zero.x_make__mutmut_43,specified,markdown_it/presets/zero.py,make,37,"            ""core"": {""rules"": [""normalize"", ""block"", ""inline"", ""text_join""]},","            ""core"": {""rules"": [""normalize"", ""BLOCK"", ""inline"", ""text_join""]},",survived,unreviewed,,tests/task/phase1/task.py::test_file,mutmut show 'markdown_it.presets.zero.x_make__mutmut_43',mutmut tests-for-mutant 'markdown_it.presets.zero.x_make__mutmut_43',mutmut run 'markdown_it.presets.zero.x_make__mutmut_43'
Meb7e0fbebc7ebf82,markdown_it.rules_block.reference.x_reference__mutmut_308,specified,markdown_it/rules_block/reference.py,reference,184,"            {
                ""title"": title,
                ""href"": href,
                ""label"": label,
                ""map"": [startLine, state.line],
            }",            None,survived,unreviewed,,tests/task/phase1/task.py::test_core_after;tests/task/phase1/task.py::test_file;tests/task/phase1/task.py::test_spec;tests/task/task2.py::test_make_fence_at,mutmut show 'markdown_it.rules_block.reference.x_reference__mutmut_308',mutmut tests-for-mutant 'markdown_it.rules_block.reference.x_reference__mutmut_308',mutmut run 'markdown_it.rules_block.reference.x_reference__mutmut_308'
Mebc2775763ddd908,markdown_it.rules_block.list.x_list_block__mutmut_61,specified,markdown_it/rules_block/list.py,list_block,150,        if posAfterMarker >= 0:,        if posAfterMarker >= 1:,survived,unreviewed,,tests/task/phase1/task.py::test_core_after;tests/task/phase1/task.py::test_file;tests/task/phase1/task.py::test_spec;tests/task/task2.py::test_make_fence_at,mutmut show 'markdown_it.rules_block.list.x_list_block__mutmut_61',mutmut tests-for-mutant 'markdown_it.rules_block.list.x_list_block__mutmut_61',mutmut run 'markdown_it.rules_block.list.x_list_block__mutmut_61'
Mec179b6fb1e68897,markdown_it.presets.zero.x_make__mutmut_56,specified,markdown_it/presets/zero.py,make,40,"                ""rules"": [""text""],","                ""XXrulesXX"": [""text""],",survived,unreviewed,,tests/task/phase1/task.py::test_file,mutmut show 'markdown_it.presets.zero.x_make__mutmut_56',mutmut tests-for-mutant 'markdown_it.presets.zero.x_make__mutmut_56',mutmut run 'markdown_it.presets.zero.x_make__mutmut_56'
Mec195c553e7fd6aa,markdown_it.helpers.parse_link_destination.x_parseLinkDestination__mutmut_41,specified,markdown_it/helpers/parse_link_destination.py,parseLinkDestination,36,                pos += 2,                pos += 3,survived,unreviewed,,tests/task/phase1/task.py::test_file;tests/task/phase1/task.py::test_spec,mutmut show 'markdown_it.helpers.parse_link_destination.x_parseLinkDestination__mutmut_41',mutmut tests-for-mutant 'markdown_it.helpers.parse_link_destination.x_parseLinkDestination__mutmut_41',mutmut run 'markdown_it.helpers.parse_link_destination.x_parseLinkDestination__mutmut_41'
Mec1c4681b8d71441,markdown_it.rules_block.blockquote.x_blockquote__mutmut_205,specified,markdown_it/rules_block/blockquote.py,blockquote,215,            lastLineEmpty = pos >= max,            lastLineEmpty = None,survived,unreviewed,,tests/task/phase1/task.py::test_core_after;tests/task/phase1/task.py::test_file;tests/task/phase1/task.py::test_spec;tests/task/task2.py::test_make_fence_at,mutmut show 'markdown_it.rules_block.blockquote.x_blockquote__mutmut_205',mutmut tests-for-mutant 'markdown_it.rules_block.blockquote.x_blockquote__mutmut_205',mutmut run 'markdown_it.rules_block.blockquote.x_blockquote__mutmut_205'
Mec265c7347049524,markdown_it.presets.xǁgfm_likeǁmake__mutmut_15,specified,markdown_it/presets/__init__.py,make,23,"    config[""components""][""block""][""rules""].append(""table"")","    config[""components""][""BLOCK""][""rules""].append(""table"")",survived,unreviewed,,tests/task/phase1/task.py::test_file,mutmut show 'markdown_it.presets.xǁgfm_likeǁmake__mutmut_15',mutmut tests-for-mutant 'markdown_it.presets.xǁgfm_likeǁmake__mutmut_15',mutmut run 'markdown_it.presets.xǁgfm_likeǁmake__mutmut_15'
Mec3b4840687b60d4,markdown_it.rules_block.reference.x_reference__mutmut_1,specified,markdown_it/rules_block/reference.py,reference,11,"        ""entering reference: %s, %s, %s, %s"", state, startLine, _endLine, silent","        None, state, startLine, _endLine, silent",survived,unreviewed,,tests/task/phase1/task.py::test_core_after;tests/task/phase1/task.py::test_file;tests/task/phase1/task.py::test_spec;tests/task/task2.py::test_make_fence_at,mutmut show 'markdown_it.rules_block.reference.x_reference__mutmut_1',mutmut tests-for-mutant 'markdown_it.rules_block.reference.x_reference__mutmut_1',mutmut run 'markdown_it.rules_block.reference.x_reference__mutmut_1'
Mec560abf71f5d27b,markdown_it.rules_inline.link.x_link__mutmut_163,specified,markdown_it/rules_inline/link.py,link,131,"        token = state.push(""link_open"", ""a"", 1)","        token = state.push(None, ""a"", 1)",survived,unreviewed,,tests/task/phase1/task.py::test_file;tests/task/phase1/task.py::test_spec,mutmut show 'markdown_it.rules_inline.link.x_link__mutmut_163',mutmut tests-for-mutant 'markdown_it.rules_inline.link.x_link__mutmut_163',mutmut run 'markdown_it.rules_inline.link.x_link__mutmut_163'
Mec87d444bcb09ff2,markdown_it.helpers.parse_link_destination.x_parseLinkDestination__mutmut_99,specified,markdown_it/helpers/parse_link_destination.py,parseLinkDestination,73,        pos += 1,        pos = 1,timeout,unreviewed,,tests/task/phase1/task.py::test_file;tests/task/phase1/task.py::test_spec,mutmut show 'markdown_it.helpers.parse_link_destination.x_parseLinkDestination__mutmut_99',mutmut tests-for-mutant 'markdown_it.helpers.parse_link_destination.x_parseLinkDestination__mutmut_99',mutmut run 'markdown_it.helpers.parse_link_destination.x_parseLinkDestination__mutmut_99'
Mec8cea12680d77bf,markdown_it.presets.default.x_make__mutmut_19,specified,markdown_it/presets/default.py,make,22,"            ""quotes"": ""\u201c\u201d\u2018\u2019"",  # /* “”‘’ */","            ""quotes"": ""\u201C\u201D\u2018\u2019"",  # /* “”‘’ */",survived,unreviewed,,tests/task/phase1/task.py::test_file,mutmut show 'markdown_it.presets.default.x_make__mutmut_19',mutmut tests-for-mutant 'markdown_it.presets.default.x_make__mutmut_19',mutmut run 'markdown_it.presets.default.x_make__mutmut_19'
Mec92c9c2cb6af28c,markdown_it.rules_block.state_block.xǁStateBlockǁgetLines__mutmut_23,specified,markdown_it/rules_block/state_block.py,getLines,232,        while (first < last) and (lineIndent < indent):,        while (first < last) and (lineIndent <= indent):,survived,unreviewed,,tests/task/phase1/task.py::test_core_after;tests/task/phase1/task.py::test_file;tests/task/phase1/task.py::test_spec;tests/task/task2.py::test_make_fence_after;tests/task/task2.py::test_make_fence_at,mutmut show 'markdown_it.rules_block.state_block.xǁStateBlockǁgetLines__mutmut_23',mutmut tests-for-mutant 'markdown_it.rules_block.state_block.xǁStateBlockǁgetLines__mutmut_23',mutmut run 'markdown_it.rules_block.state_block.xǁStateBlockǁgetLines__mutmut_23'
Mecbc93b75f150e05,markdown_it.rules_block.blockquote.x_blockquote__mutmut_179,specified,markdown_it/rules_block/blockquote.py,blockquote,189,                spaceAfterMarker = False,                spaceAfterMarker = None,survived,unreviewed,,tests/task/phase1/task.py::test_core_after;tests/task/phase1/task.py::test_file;tests/task/phase1/task.py::test_spec;tests/task/task2.py::test_make_fence_at,mutmut show 'markdown_it.rules_block.blockquote.x_blockquote__mutmut_179',mutmut tests-for-mutant 'markdown_it.rules_block.blockquote.x_blockquote__mutmut_179',mutmut run 'markdown_it.rules_block.blockquote.x_blockquote__mutmut_179'
Mecd1b71a09346a31,markdown_it.main.xǁMarkdownItǁconfigure__mutmut_37,specified,markdown_it/main.py,configure,136,"            rules2 = component.get(""rules2"", None)","            rules2 = component.get(""RULES2"", None)",survived,unreviewed,,tests/task/phase1/task.py::test_core_after;tests/task/phase1/task.py::test_file;tests/task/phase1/task.py::test_non_utf8;tests/task/phase1/task.py::test_spec;tests/task/task2.py::test_make_fence_after;tests/task/task2.py::test_make_fence_at,mutmut show 'markdown_it.main.xǁMarkdownItǁconfigure__mutmut_37',mutmut tests-for-mutant 'markdown_it.main.xǁMarkdownItǁconfigure__mutmut_37',mutmut run 'markdown_it.main.xǁMarkdownItǁconfigure__mutmut_37'
Mecd92bb5badc4a4a,markdown_it.rules_block.paragraph.x_paragraph__mutmut_46,specified,markdown_it/rules_block/paragraph.py,paragraph,41,"            if terminatorRule(state, nextLine, endLine, True):","            if terminatorRule(state, nextLine, None, True):",survived,unreviewed,,tests/task/phase1/task.py::test_core_after;tests/task/phase1/task.py::test_file;tests/task/phase1/task.py::test_spec;tests/task/task2.py::test_make_fence_at,mutmut show 'markdown_it.rules_block.paragraph.x_paragraph__mutmut_46',mutmut tests-for-mutant 'markdown_it.rules_block.paragraph.x_paragraph__mutmut_46',mutmut run 'markdown_it.rules_block.paragraph.x_paragraph__mutmut_46'
Mece557fe39dcd521,markdown_it.rules_block.fence.x_make_fence_rule__mutmut_71,specified,markdown_it/rules_block/fence.py,make_fence_rule,112,                continue,                break,survived,unreviewed,,tests/task/phase1/task.py::test_file;tests/task/task2.py::test_make_fence_after;tests/task/task2.py::test_make_fence_at,mutmut show 'markdown_it.rules_block.fence.x_make_fence_rule__mutmut_71',mutmut tests-for-mutant 'markdown_it.rules_block.fence.x_make_fence_rule__mutmut_71',mutmut run 'markdown_it.rules_block.fence.x_make_fence_rule__mutmut_71'
Med08135d8ad5c2b5,markdown_it.helpers.parse_link_title.xǁ_Stateǁ__init____mutmut_10,specified,markdown_it/helpers/parse_link_title.py,__init__,18,    self.marker = 0,    self.marker = 1,survived,unreviewed,,tests/task/phase1/task.py::test_file;tests/task/phase1/task.py::test_spec,mutmut show 'markdown_it.helpers.parse_link_title.xǁ_Stateǁ__init____mutmut_10',mutmut tests-for-mutant 'markdown_it.helpers.parse_link_title.xǁ_Stateǁ__init____mutmut_10',mutmut run 'markdown_it.helpers.parse_link_title.xǁ_Stateǁ__init____mutmut_10'
Med22508260b12385,markdown_it.rules_inline.state_inline.xǁStateInlineǁscanDelims__mutmut_28,specified,markdown_it/rules_inline/state_inline.py,scanDelims,146,    isNextPunctChar = isMdAsciiPunct(ord(nextChar)) or isPunctChar(nextChar),    isNextPunctChar = isMdAsciiPunct(None) or isPunctChar(nextChar),survived,unreviewed,,tests/task/phase1/task.py::test_file;tests/task/phase1/task.py::test_spec,mutmut show 'markdown_it.rules_inline.state_inline.xǁStateInlineǁscanDelims__mutmut_28',mutmut tests-for-mutant 'markdown_it.rules_inline.state_inline.xǁStateInlineǁscanDelims__mutmut_28',mutmut run 'markdown_it.rules_inline.state_inline.xǁStateInlineǁscanDelims__mutmut_28'
Med7e3cb352aab9b6,markdown_it.common.normalize_url.x_normalizeLinkText__mutmut_10,specified,markdown_it/common/normalize_url.py,normalizeLinkText,57,        not parsed.protocol or parsed.protocol in RECODE_HOSTNAME_FOR,        not parsed.protocol or parsed.protocol not in RECODE_HOSTNAME_FOR,survived,unreviewed,,tests/task/phase1/task.py::test_file;tests/task/phase1/task.py::test_spec,mutmut show 'markdown_it.common.normalize_url.x_normalizeLinkText__mutmut_10',mutmut tests-for-mutant 'markdown_it.common.normalize_url.x_normalizeLinkText__mutmut_10',mutmut run 'markdown_it.common.normalize_url.x_normalizeLinkText__mutmut_10'
Medbd7b91fa59d1fe,markdown_it.rules_inline.autolink.x_autolink__mutmut_48,specified,markdown_it/rules_inline/autolink.py,autolink,43,"            token.markup = ""autolink""","            token.markup = ""AUTOLINK""",survived,unreviewed,,tests/task/phase1/task.py::test_file;tests/task/phase1/task.py::test_spec,mutmut show 'markdown_it.rules_inline.autolink.x_autolink__mutmut_48',mutmut tests-for-mutant 'markdown_it.rules_inline.autolink.x_autolink__mutmut_48',mutmut run 'markdown_it.rules_inline.autolink.x_autolink__mutmut_48'
Medc2fab80138e456,markdown_it.rules_block.hr.x_hr__mutmut_12,specified,markdown_it/rules_block/hr.py,hr,15,"    LOGGER.debug(""entering hr: %s, %s, %s, %s"", state, startLine, endLine, silent)","    LOGGER.debug(""ENTERING HR: %S, %S, %S, %S"", state, startLine, endLine, silent)",survived,unreviewed,,tests/task/phase1/task.py::test_core_after;tests/task/phase1/task.py::test_file;tests/task/phase1/task.py::test_spec;tests/task/task2.py::test_make_fence_at,mutmut show 'markdown_it.rules_block.hr.x_hr__mutmut_12',mutmut tests-for-mutant 'markdown_it.rules_block.hr.x_hr__mutmut_12',mutmut run 'markdown_it.rules_block.hr.x_hr__mutmut_12'
Medf4c203285e85e3,markdown_it.cli.parse.x_parse_args__mutmut_21,specified,markdown_it/cli/parse.py,parse_args,113,"    parser.add_argument(""-v"", ""--version"", action=""version"", version=version_str)","    parser.add_argument(""-v"", ""--version"", action=""version"", )",no_tests,unreviewed,,,mutmut show 'markdown_it.cli.parse.x_parse_args__mutmut_21',mutmut tests-for-mutant 'markdown_it.cli.parse.x_parse_args__mutmut_21',mutmut run 'markdown_it.cli.parse.x_parse_args__mutmut_21'
Mee247c1cf4ed4b6d,markdown_it.rules_block.reference.x_getNextLine__mutmut_14,specified,markdown_it/rules_block/reference.py,getNextLine,213,    if not isContinuation:,    if isContinuation:,survived,unreviewed,,tests/task/phase1/task.py::test_file;tests/task/phase1/task.py::test_spec,mutmut show 'markdown_it.rules_block.reference.x_getNextLine__mutmut_14',mutmut tests-for-mutant 'markdown_it.rules_block.reference.x_getNextLine__mutmut_14',mutmut run 'markdown_it.rules_block.reference.x_getNextLine__mutmut_14'
Mee5cdfaca18834d6,markdown_it.rules_block.fence.x_make_fence_rule__mutmut_120,specified,markdown_it/rules_block/fence.py,make_fence_rule,138,"        token.map = [startLine, state.line]",        token.map = None,survived,unreviewed,,tests/task/phase1/task.py::test_file;tests/task/task2.py::test_make_fence_after;tests/task/task2.py::test_make_fence_at,mutmut show 'markdown_it.rules_block.fence.x_make_fence_rule__mutmut_120',mutmut tests-for-mutant 'markdown_it.rules_block.fence.x_make_fence_rule__mutmut_120',mutmut run 'markdown_it.rules_block.fence.x_make_fence_rule__mutmut_120'
Mee614a86852b35cc,markdown_it.rules_block.list.x_list_block__mutmut_3,specified,markdown_it/rules_block/list.py,list_block,102,"    LOGGER.debug(""entering list: %s, %s, %s, %s"", state, startLine, endLine, silent)","    LOGGER.debug(""entering list: %s, %s, %s, %s"", state, None, endLine, silent)",survived,unreviewed,,tests/task/phase1/task.py::test_core_after;tests/task/phase1/task.py::test_file;tests/task/phase1/task.py::test_spec;tests/task/task2.py::test_make_fence_at,mutmut show 'markdown_it.rules_block.list.x_list_block__mutmut_3',mutmut tests-for-mutant 'markdown_it.rules_block.list.x_list_block__mutmut_3',mutmut run 'markdown_it.rules_block.list.x_list_block__mutmut_3'
Mee697d5557ae0c6b,markdown_it.rules_block.reference.x_reference__mutmut_272,specified,markdown_it/rules_block/reference.py,reference,166,"    if state.md.options.get(""inline_definitions"", False):","    if state.md.options.get(""INLINE_DEFINITIONS"", False):",survived,unreviewed,,tests/task/phase1/task.py::test_core_after;tests/task/phase1/task.py::test_file;tests/task/phase1/task.py::test_spec;tests/task/task2.py::test_make_fence_at,mutmut show 'markdown_it.rules_block.reference.x_reference__mutmut_272',mutmut tests-for-mutant 'markdown_it.rules_block.reference.x_reference__mutmut_272',mutmut run 'markdown_it.rules_block.reference.x_reference__mutmut_272'
Mee7c1c739c06e4d7,markdown_it.rules_block.hr.x_hr__mutmut_58,specified,markdown_it/rules_block/hr.py,hr,52,"    token = state.push(""hr"", ""hr"", 0)","    token = state.push(""XXhrXX"", ""hr"", 0)",survived,unreviewed,,tests/task/phase1/task.py::test_core_after;tests/task/phase1/task.py::test_file;tests/task/phase1/task.py::test_spec;tests/task/task2.py::test_make_fence_at,mutmut show 'markdown_it.rules_block.hr.x_hr__mutmut_58',mutmut tests-for-mutant 'markdown_it.rules_block.hr.x_hr__mutmut_58',mutmut run 'markdown_it.rules_block.hr.x_hr__mutmut_58'
Meeb5af80009d7651,markdown_it.rules_block.state_block.xǁStateBlockǁgetLines__mutmut_6,specified,markdown_it/rules_block/state_block.py,getLines,220,"    queue = [""""] * (end - begin)","    queue = [""XXXX""] * (end - begin)",survived,unreviewed,,tests/task/phase1/task.py::test_core_after;tests/task/phase1/task.py::test_file;tests/task/phase1/task.py::test_spec;tests/task/task2.py::test_make_fence_after;tests/task/task2.py::test_make_fence_at,mutmut show 'markdown_it.rules_block.state_block.xǁStateBlockǁgetLines__mutmut_6',mutmut tests-for-mutant 'markdown_it.rules_block.state_block.xǁStateBlockǁgetLines__mutmut_6',mutmut run 'markdown_it.rules_block.state_block.xǁStateBlockǁgetLines__mutmut_6'
Meec22bbeb67b526f,markdown_it.presets.commonmark.x_make__mutmut_98,specified,markdown_it/presets/commonmark.py,make,72,"                ""rules2"": [""balance_pairs"", ""emphasis"", ""fragments_join""],","                ""rules2"": [""XXbalance_pairsXX"", ""emphasis"", ""fragments_join""],",survived,unreviewed,,tests/task/phase1/task.py::test_file,mutmut show 'markdown_it.presets.commonmark.x_make__mutmut_98',mutmut tests-for-mutant 'markdown_it.presets.commonmark.x_make__mutmut_98',mutmut run 'markdown_it.presets.commonmark.x_make__mutmut_98'
Mef201bea37026d6e,markdown_it.rules_inline.newline.x_newline__mutmut_12,specified,markdown_it/rules_inline/newline.py,newline,21,"        if pmax >= 0 and charStrAt(state.pending, pmax) == "" "":","        if pmax >= 1 and charStrAt(state.pending, pmax) == "" "":",survived,unreviewed,,tests/task/phase1/task.py::test_file;tests/task/phase1/task.py::test_spec;tests/task/task2.py::test_make_fence_at,mutmut show 'markdown_it.rules_inline.newline.x_newline__mutmut_12',mutmut tests-for-mutant 'markdown_it.rules_inline.newline.x_newline__mutmut_12',mutmut run 'markdown_it.rules_inline.newline.x_newline__mutmut_12'
Mef32e04f1fff625e,markdown_it.rules_block.blockquote.x_blockquote__mutmut_80,specified,markdown_it/rules_block/blockquote.py,blockquote,82,"                    4
                    - (offset + state.bsCount[startLine] + (1 if adjustTab else 0)) % 4",                    4 + (offset + state.bsCount[startLine] + (1 if adjustTab else 0)) % 4,survived,unreviewed,,tests/task/phase1/task.py::test_core_after;tests/task/phase1/task.py::test_file;tests/task/phase1/task.py::test_spec;tests/task/task2.py::test_make_fence_at,mutmut show 'markdown_it.rules_block.blockquote.x_blockquote__mutmut_80',mutmut tests-for-mutant 'markdown_it.rules_block.blockquote.x_blockquote__mutmut_80',mutmut run 'markdown_it.rules_block.blockquote.x_blockquote__mutmut_80'
Mef8764f2dd057ede,markdown_it.rules_block.blockquote.x_blockquote__mutmut_270,specified,markdown_it/rules_block/blockquote.py,blockquote,281,"    if state.md.options.get(""alerts"", False) and nextLine > startLine:","    if state.md.options.get(""alerts"", True) and nextLine > startLine:",survived,unreviewed,,tests/task/phase1/task.py::test_core_after;tests/task/phase1/task.py::test_file;tests/task/phase1/task.py::test_spec;tests/task/task2.py::test_make_fence_at,mutmut show 'markdown_it.rules_block.blockquote.x_blockquote__mutmut_270',mutmut tests-for-mutant 'markdown_it.rules_block.blockquote.x_blockquote__mutmut_270',mutmut run 'markdown_it.rules_block.blockquote.x_blockquote__mutmut_270'
Mef93929b67cd6237,markdown_it.rules_block.lheading.x_lheading__mutmut_64,specified,markdown_it/rules_block/lheading.py,lheading,50,            nextLine += 1,            nextLine = 1,timeout,unreviewed,,tests/task/phase1/task.py::test_core_after;tests/task/phase1/task.py::test_file;tests/task/phase1/task.py::test_spec;tests/task/task2.py::test_make_fence_at,mutmut show 'markdown_it.rules_block.lheading.x_lheading__mutmut_64',mutmut tests-for-mutant 'markdown_it.rules_block.lheading.x_lheading__mutmut_64',mutmut run 'markdown_it.rules_block.lheading.x_lheading__mutmut_64'
Mefc409dffb1e2ad3,markdown_it.presets.xǁgfm_likeǁmake__mutmut_39,specified,markdown_it/presets/__init__.py,make,25,"    config[""components""][""inline""][""rules2""].append(""strikethrough"")","    config[""components""][""inline""][""rules2""].append(""STRIKETHROUGH"")",survived,unreviewed,,tests/task/phase1/task.py::test_file,mutmut show 'markdown_it.presets.xǁgfm_likeǁmake__mutmut_39',mutmut tests-for-mutant 'markdown_it.presets.xǁgfm_likeǁmake__mutmut_39',mutmut run 'markdown_it.presets.xǁgfm_likeǁmake__mutmut_39'
Mf00d48aaab79437e,markdown_it.ruler.xǁRulerǁenable__mutmut_17,specified,markdown_it/ruler.py,enable,211,        result.append(name),        result.append(None),survived,unreviewed,,tests/task/phase1/task.py::test_core_after;tests/task/phase1/task.py::test_file;tests/task/phase1/task.py::test_non_utf8;tests/task/phase1/task.py::test_spec;tests/task/task2.py::test_make_fence_after;tests/task/task2.py::test_make_fence_at,mutmut show 'markdown_it.ruler.xǁRulerǁenable__mutmut_17',mutmut tests-for-mutant 'markdown_it.ruler.xǁRulerǁenable__mutmut_17',mutmut run 'markdown_it.ruler.xǁRulerǁenable__mutmut_17'
Mf01f96341233f6cc,markdown_it.rules_block.heading.x_heading__mutmut_35,specified,markdown_it/rules_block/heading.py,heading,34,"    while ch == ""#"" and pos < maximum and level <= 6:","    while ch == ""#"" and pos <= maximum and level <= 6:",survived,unreviewed,,tests/task/phase1/task.py::test_core_after;tests/task/phase1/task.py::test_file;tests/task/phase1/task.py::test_spec;tests/task/task2.py::test_make_fence_at,mutmut show 'markdown_it.rules_block.heading.x_heading__mutmut_35',mutmut tests-for-mutant 'markdown_it.rules_block.heading.x_heading__mutmut_35',mutmut run 'markdown_it.rules_block.heading.x_heading__mutmut_35'
Mf0618d799ec0d0a0,markdown_it.rules_inline.newline.x_newline__mutmut_88,specified,markdown_it/rules_inline/newline.py,newline,40,    while pos < maximum and isStrSpace(state.src[pos]):,    while pos <= maximum and isStrSpace(state.src[pos]):,survived,unreviewed,,tests/task/phase1/task.py::test_file;tests/task/phase1/task.py::test_spec;tests/task/task2.py::test_make_fence_at,mutmut show 'markdown_it.rules_inline.newline.x_newline__mutmut_88',mutmut tests-for-mutant 'markdown_it.rules_inline.newline.x_newline__mutmut_88',mutmut run 'markdown_it.rules_inline.newline.x_newline__mutmut_88'
Mf067ae78e4f2876a,markdown_it.rules_block.state_block.xǁStateBlockǁ__init____mutmut_88,specified,markdown_it/rules_block/state_block.py,__init__,106,    self.bsCount.append(0),    self.bsCount.append(None),survived,unreviewed,,tests/task/phase1/task.py::test_core_after;tests/task/phase1/task.py::test_file;tests/task/phase1/task.py::test_spec;tests/task/task2.py::test_make_fence_after;tests/task/task2.py::test_make_fence_at,mutmut show 'markdown_it.rules_block.state_block.xǁStateBlockǁ__init____mutmut_88',mutmut tests-for-mutant 'markdown_it.rules_block.state_block.xǁStateBlockǁ__init____mutmut_88',mutmut run 'markdown_it.rules_block.state_block.xǁStateBlockǁ__init____mutmut_88'
Mf07230a5f3181be6,markdown_it.rules_block.heading.x_heading__mutmut_22,specified,markdown_it/rules_block/heading.py,heading,24,"    if ch != ""#"" or pos >= maximum:","    if ch != ""#"" or pos > maximum:",survived,unreviewed,,tests/task/phase1/task.py::test_core_after;tests/task/phase1/task.py::test_file;tests/task/phase1/task.py::test_spec;tests/task/task2.py::test_make_fence_at,mutmut show 'markdown_it.rules_block.heading.x_heading__mutmut_22',mutmut tests-for-mutant 'markdown_it.rules_block.heading.x_heading__mutmut_22',mutmut run 'markdown_it.rules_block.heading.x_heading__mutmut_22'
Mf0a7af53e9c7d51c,markdown_it.rules_block.list.x_list_block__mutmut_13,specified,markdown_it/rules_block/list.py,list_block,104,    isTerminatingParagraph = False,    isTerminatingParagraph = None,survived,unreviewed,,tests/task/phase1/task.py::test_core_after;tests/task/phase1/task.py::test_file;tests/task/phase1/task.py::test_spec;tests/task/task2.py::test_make_fence_at,mutmut show 'markdown_it.rules_block.list.x_list_block__mutmut_13',mutmut tests-for-mutant 'markdown_it.rules_block.list.x_list_block__mutmut_13',mutmut run 'markdown_it.rules_block.list.x_list_block__mutmut_13'
Mf0d5c76e5719be42,markdown_it.rules_block.paragraph.x_paragraph__mutmut_28,specified,markdown_it/rules_block/paragraph.py,paragraph,26,            break,            return,timeout,unreviewed,,tests/task/phase1/task.py::test_core_after;tests/task/phase1/task.py::test_file;tests/task/phase1/task.py::test_spec;tests/task/task2.py::test_make_fence_at,mutmut show 'markdown_it.rules_block.paragraph.x_paragraph__mutmut_28',mutmut tests-for-mutant 'markdown_it.rules_block.paragraph.x_paragraph__mutmut_28',mutmut run 'markdown_it.rules_block.paragraph.x_paragraph__mutmut_28'
Mf0f76c28d734848b,markdown_it.main.xǁMarkdownItǁadd_render_rule__mutmut_1,specified,markdown_it/main.py,add_render_rule,226,"    self, name: str, function: Callable[..., Any], fmt: str = ""html""","    self, name: str, function: Callable[..., Any], fmt: str = ""XXhtmlXX""",no_tests,unreviewed,,,mutmut show 'markdown_it.main.xǁMarkdownItǁadd_render_rule__mutmut_1',mutmut tests-for-mutant 'markdown_it.main.xǁMarkdownItǁadd_render_rule__mutmut_1',mutmut run 'markdown_it.main.xǁMarkdownItǁadd_render_rule__mutmut_1'
Mf10fba93bfb51d53,markdown_it.rules_block.fence.x_make_fence_rule__mutmut_16,specified,markdown_it/rules_block/fence.py,make_fence_rule,49,"            ""entering fence: %s, %s, %s, %s"", state, startLine, endLine, silent","            state, startLine, endLine, silent",survived,unreviewed,,tests/task/phase1/task.py::test_file;tests/task/task2.py::test_make_fence_after;tests/task/task2.py::test_make_fence_at,mutmut show 'markdown_it.rules_block.fence.x_make_fence_rule__mutmut_16',mutmut tests-for-mutant 'markdown_it.rules_block.fence.x_make_fence_rule__mutmut_16',mutmut run 'markdown_it.rules_block.fence.x_make_fence_rule__mutmut_16'
Mf14ab2f87af0e93d,markdown_it.rules_block.reference.x_reference__mutmut_258,specified,markdown_it/rules_block/reference.py,reference,154,        return False,        return True,timeout,unreviewed,,tests/task/phase1/task.py::test_core_after;tests/task/phase1/task.py::test_file;tests/task/phase1/task.py::test_spec;tests/task/task2.py::test_make_fence_at,mutmut show 'markdown_it.rules_block.reference.x_reference__mutmut_258',mutmut tests-for-mutant 'markdown_it.rules_block.reference.x_reference__mutmut_258',mutmut run 'markdown_it.rules_block.reference.x_reference__mutmut_258'
Mf153c34204ae9e5a,markdown_it.rules_block.fence.x_make_fence_rule__mutmut_94,specified,markdown_it/rules_block/fence.py,make_fence_rule,132,        state.line = nextLine + (1 if haveEndMarker else 0),        state.line = nextLine + (2 if haveEndMarker else 0),survived,unreviewed,,tests/task/phase1/task.py::test_file;tests/task/task2.py::test_make_fence_after;tests/task/task2.py::test_make_fence_at,mutmut show 'markdown_it.rules_block.fence.x_make_fence_rule__mutmut_94',mutmut tests-for-mutant 'markdown_it.rules_block.fence.x_make_fence_rule__mutmut_94',mutmut run 'markdown_it.rules_block.fence.x_make_fence_rule__mutmut_94'
Mf183092d633589c6,markdown_it.presets.commonmark.x_make__mutmut_43,specified,markdown_it/presets/commonmark.py,make,44,"            ""core"": {""rules"": [""normalize"", ""block"", ""inline"", ""text_join""]},","            ""core"": {""rules"": [""normalize"", ""BLOCK"", ""inline"", ""text_join""]},",survived,unreviewed,,tests/task/phase1/task.py::test_file,mutmut show 'markdown_it.presets.commonmark.x_make__mutmut_43',mutmut tests-for-mutant 'markdown_it.presets.commonmark.x_make__mutmut_43',mutmut run 'markdown_it.presets.commonmark.x_make__mutmut_43'
Mf1b38e9842813df7,markdown_it.renderer.xǁRendererHTMLǁrenderToken__mutmut_58,specified,markdown_it/renderer.py,renderToken,163,            elif nextToken.nesting == -1 and nextToken.tag == token.tag:,            elif nextToken.nesting == -2 and nextToken.tag == token.tag:,survived,unreviewed,,tests/task/phase1/task.py::test_file;tests/task/phase1/task.py::test_spec,mutmut show 'markdown_it.renderer.xǁRendererHTMLǁrenderToken__mutmut_58',mutmut tests-for-mutant 'markdown_it.renderer.xǁRendererHTMLǁrenderToken__mutmut_58',mutmut run 'markdown_it.renderer.xǁRendererHTMLǁrenderToken__mutmut_58'
Mf1c9e4dd0e00c442,markdown_it.rules_inline.image.x_image__mutmut_194,specified,markdown_it/rules_inline/image.py,image,135,"        token.attrs = {""src"": href, ""alt"": """"}","        token.attrs = {""src"": href, ""alt"": ""XXXX""}",survived,unreviewed,,tests/task/phase1/task.py::test_file;tests/task/phase1/task.py::test_spec,mutmut show 'markdown_it.rules_inline.image.x_image__mutmut_194',mutmut tests-for-mutant 'markdown_it.rules_inline.image.x_image__mutmut_194',mutmut run 'markdown_it.rules_inline.image.x_image__mutmut_194'
Mf1e3e08ccbf72301,markdown_it.rules_block.list.x_list_block__mutmut_257,specified,markdown_it/rules_block/list.py,list_block,304,"        token = state.push(""list_item_close"", ""li"", -1)","        token = state.push(""LIST_ITEM_CLOSE"", ""li"", -1)",survived,unreviewed,,tests/task/phase1/task.py::test_core_after;tests/task/phase1/task.py::test_file;tests/task/phase1/task.py::test_spec;tests/task/task2.py::test_make_fence_at,mutmut show 'markdown_it.rules_block.list.x_list_block__mutmut_257',mutmut tests-for-mutant 'markdown_it.rules_block.list.x_list_block__mutmut_257',mutmut run 'markdown_it.rules_block.list.x_list_block__mutmut_257'
Mf1f1c2b0efa7bb01,markdown_it.presets.commonmark.x_make__mutmut_26,specified,markdown_it/presets/commonmark.py,make,33,"            ""breaks"": False,  # Convert '\n' in paragraphs into <br>","            ""breaks"": True,  # Convert '\n' in paragraphs into <br>",survived,unreviewed,,tests/task/phase1/task.py::test_file,mutmut show 'markdown_it.presets.commonmark.x_make__mutmut_26',mutmut tests-for-mutant 'markdown_it.presets.commonmark.x_make__mutmut_26',mutmut run 'markdown_it.presets.commonmark.x_make__mutmut_26'
Mf226de867c2c8715,markdown_it.rules_inline.image.x_image__mutmut_55,specified,markdown_it/rules_inline/image.py,image,44,        if pos >= max:,        if pos > max:,survived,unreviewed,,tests/task/phase1/task.py::test_file;tests/task/phase1/task.py::test_spec,mutmut show 'markdown_it.rules_inline.image.x_image__mutmut_55',mutmut tests-for-mutant 'markdown_it.rules_inline.image.x_image__mutmut_55',mutmut run 'markdown_it.rules_inline.image.x_image__mutmut_55'
Mf242f80c0c5a21f7,markdown_it.rules_block.lheading.x_lheading__mutmut_15,specified,markdown_it/rules_block/lheading.py,lheading,13,    nextLine = startLine + 1,    nextLine = startLine - 1,timeout,unreviewed,,tests/task/phase1/task.py::test_core_after;tests/task/phase1/task.py::test_file;tests/task/phase1/task.py::test_spec;tests/task/task2.py::test_make_fence_at,mutmut show 'markdown_it.rules_block.lheading.x_lheading__mutmut_15',mutmut tests-for-mutant 'markdown_it.rules_block.lheading.x_lheading__mutmut_15',mutmut run 'markdown_it.rules_block.lheading.x_lheading__mutmut_15'
Mf25625ed7e848076,markdown_it.rules_inline.backticks.x_backtick__mutmut_32,specified,markdown_it/rules_inline/backticks.py,backtick,32,    matchStart = matchEnd = pos,    matchStart = matchEnd = None,timeout,unreviewed,,tests/task/phase1/task.py::test_file;tests/task/phase1/task.py::test_spec;tests/task/task2.py::test_make_fence_at,mutmut show 'markdown_it.rules_inline.backticks.x_backtick__mutmut_32',mutmut tests-for-mutant 'markdown_it.rules_inline.backticks.x_backtick__mutmut_32',mutmut run 'markdown_it.rules_inline.backticks.x_backtick__mutmut_32'
Mf259de28d8099b37,markdown_it.presets.default.x_make__mutmut_32,specified,markdown_it/presets/default.py,make,33,"            ""highlight"": None,","            ""XXhighlightXX"": None,",survived,unreviewed,,tests/task/phase1/task.py::test_file,mutmut show 'markdown_it.presets.default.x_make__mutmut_32',mutmut tests-for-mutant 'markdown_it.presets.default.x_make__mutmut_32',mutmut run 'markdown_it.presets.default.x_make__mutmut_32'
Mf27ce289b96f8f54,markdown_it.rules_block.html_block.x_html_block__mutmut_12,specified,markdown_it/rules_block/html_block.py,html_block,36,"        ""entering html_block: %s, %s, %s, %s"", state, startLine, endLine, silent","        ""ENTERING HTML_BLOCK: %S, %S, %S, %S"", state, startLine, endLine, silent",survived,unreviewed,,tests/task/phase1/task.py::test_core_after;tests/task/phase1/task.py::test_file;tests/task/phase1/task.py::test_spec;tests/task/task2.py::test_make_fence_at,mutmut show 'markdown_it.rules_block.html_block.x_html_block__mutmut_12',mutmut tests-for-mutant 'markdown_it.rules_block.html_block.x_html_block__mutmut_12',mutmut run 'markdown_it.rules_block.html_block.x_html_block__mutmut_12'
Mf2a03b1f54c6cf73,markdown_it.rules_block.reference.x_getNextLine__mutmut_34,specified,markdown_it/rules_block/reference.py,getNextLine,222,                terminate = True,                terminate = None,survived,unreviewed,,tests/task/phase1/task.py::test_file;tests/task/phase1/task.py::test_spec,mutmut show 'markdown_it.rules_block.reference.x_getNextLine__mutmut_34',mutmut tests-for-mutant 'markdown_it.rules_block.reference.x_getNextLine__mutmut_34',mutmut run 'markdown_it.rules_block.reference.x_getNextLine__mutmut_34'
Mf2ab176ecf525436,markdown_it.rules_inline.escape.x_escape__mutmut_10,specified,markdown_it/rules_inline/escape.py,escape,21,        return False,        return True,timeout,unreviewed,,tests/task/phase1/task.py::test_file;tests/task/phase1/task.py::test_spec;tests/task/task2.py::test_make_fence_at,mutmut show 'markdown_it.rules_inline.escape.x_escape__mutmut_10',mutmut tests-for-mutant 'markdown_it.rules_inline.escape.x_escape__mutmut_10',mutmut run 'markdown_it.rules_inline.escape.x_escape__mutmut_10'
Mf2c7ec5230716972,markdown_it.rules_inline.entity.x_entity__mutmut_69,specified,markdown_it/rules_inline/entity.py,entity,45,"                token = state.push(""text_special"", """", 0)","                token = state.push(""text_special"", None, 0)",survived,unreviewed,,tests/task/phase1/task.py::test_file;tests/task/phase1/task.py::test_spec,mutmut show 'markdown_it.rules_inline.entity.x_entity__mutmut_69',mutmut tests-for-mutant 'markdown_it.rules_inline.entity.x_entity__mutmut_69',mutmut run 'markdown_it.rules_inline.entity.x_entity__mutmut_69'
Mf2e6839d60b045fa,markdown_it.presets.xǁgfm_likeǁmake__mutmut_21,specified,markdown_it/presets/__init__.py,make,24,"    config[""components""][""inline""][""rules""].extend([""strikethrough"", ""linkify""])","    config[""XXcomponentsXX""][""inline""][""rules""].extend([""strikethrough"", ""linkify""])",survived,unreviewed,,tests/task/phase1/task.py::test_file,mutmut show 'markdown_it.presets.xǁgfm_likeǁmake__mutmut_21',mutmut tests-for-mutant 'markdown_it.presets.xǁgfm_likeǁmake__mutmut_21',mutmut run 'markdown_it.presets.xǁgfm_likeǁmake__mutmut_21'
Mf2e82a2befc120ee,markdown_it.rules_core.normalize.x_normalize__mutmut_12,specified,markdown_it/rules_core/normalize.py,normalize,17,"    string = NULL_RE.sub(""\ufffd"", string)","    string = NULL_RE.sub(""XX\ufffdXX"", string)",survived,unreviewed,,tests/task/phase1/task.py::test_core_after;tests/task/phase1/task.py::test_file;tests/task/phase1/task.py::test_spec;tests/task/task2.py::test_make_fence_after;tests/task/task2.py::test_make_fence_at,mutmut show 'markdown_it.rules_core.normalize.x_normalize__mutmut_12',mutmut tests-for-mutant 'markdown_it.rules_core.normalize.x_normalize__mutmut_12',mutmut run 'markdown_it.rules_core.normalize.x_normalize__mutmut_12'
Mf311ecf6ebca1895,markdown_it.presets.xǁgfm_likeǁmake__mutmut_31,specified,markdown_it/presets/__init__.py,make,25,"    config[""components""][""inline""][""rules2""].append(""strikethrough"")","    config[""components""][""inline""][""rules2""].append(None)",survived,unreviewed,,tests/task/phase1/task.py::test_file,mutmut show 'markdown_it.presets.xǁgfm_likeǁmake__mutmut_31',mutmut tests-for-mutant 'markdown_it.presets.xǁgfm_likeǁmake__mutmut_31',mutmut run 'markdown_it.presets.xǁgfm_likeǁmake__mutmut_31'
Mf34e129473d26f53,markdown_it.rules_inline.balance_pairs.x_processDelimiters__mutmut_91,specified,markdown_it/rules_inline/balance_pairs.py,processDelimiters,91,                    if openerIdx > 0 and not delimiters[openerIdx - 1].open:,                    if openerIdx > 1 and not delimiters[openerIdx - 1].open:,survived,unreviewed,,tests/task/phase1/task.py::test_core_after;tests/task/phase1/task.py::test_file;tests/task/phase1/task.py::test_spec;tests/task/task2.py::test_make_fence_at,mutmut show 'markdown_it.rules_inline.balance_pairs.x_processDelimiters__mutmut_91',mutmut tests-for-mutant 'markdown_it.rules_inline.balance_pairs.x_processDelimiters__mutmut_91',mutmut run 'markdown_it.rules_inline.balance_pairs.x_processDelimiters__mutmut_91'
Mf397e405837b1661,markdown_it.ruler.xǁRulerǁenable__mutmut_6,specified,markdown_it/ruler.py,enable,206,        if (idx < 0) and ignoreInvalid:,        if (idx < 0) or ignoreInvalid:,survived,unreviewed,,tests/task/phase1/task.py::test_core_after;tests/task/phase1/task.py::test_file;tests/task/phase1/task.py::test_non_utf8;tests/task/phase1/task.py::test_spec;tests/task/task2.py::test_make_fence_after;tests/task/task2.py::test_make_fence_at,mutmut show 'markdown_it.ruler.xǁRulerǁenable__mutmut_6',mutmut tests-for-mutant 'markdown_it.ruler.xǁRulerǁenable__mutmut_6',mutmut run 'markdown_it.ruler.xǁRulerǁenable__mutmut_6'
Mf3fb9fc12efcd0f7,markdown_it.cli.parse.x_parse_args__mutmut_17,specified,markdown_it/cli/parse.py,parse_args,113,"    parser.add_argument(""-v"", ""--version"", action=""version"", version=version_str)","    parser.add_argument(""-v"", ""--version"", action=""version"", version=None)",no_tests,unreviewed,,,mutmut show 'markdown_it.cli.parse.x_parse_args__mutmut_17',mutmut tests-for-mutant 'markdown_it.cli.parse.x_parse_args__mutmut_17',mutmut run 'markdown_it.cli.parse.x_parse_args__mutmut_17'
Mf43913723e51dfbe,markdown_it.helpers.parse_link_destination.xǁ_Resultǁ__init____mutmut_5,specified,markdown_it/helpers/parse_link_destination.py,__init__,14,"    self.str = """"",    self.str = None,survived,unreviewed,,tests/task/phase1/task.py::test_file;tests/task/phase1/task.py::test_spec,mutmut show 'markdown_it.helpers.parse_link_destination.xǁ_Resultǁ__init____mutmut_5',mutmut tests-for-mutant 'markdown_it.helpers.parse_link_destination.xǁ_Resultǁ__init____mutmut_5',mutmut run 'markdown_it.helpers.parse_link_destination.xǁ_Resultǁ__init____mutmut_5'
Mf4ad696b17147aa4,markdown_it.rules_block.state_block.xǁStateBlockǁgetLines__mutmut_47,specified,markdown_it/rules_block/state_block.py,getLines,245,        if lineIndent > indent:,        if lineIndent >= indent:,survived,unreviewed,,tests/task/phase1/task.py::test_core_after;tests/task/phase1/task.py::test_file;tests/task/phase1/task.py::test_spec;tests/task/task2.py::test_make_fence_after;tests/task/task2.py::test_make_fence_at,mutmut show 'markdown_it.rules_block.state_block.xǁStateBlockǁgetLines__mutmut_47',mutmut tests-for-mutant 'markdown_it.rules_block.state_block.xǁStateBlockǁgetLines__mutmut_47',mutmut run 'markdown_it.rules_block.state_block.xǁStateBlockǁgetLines__mutmut_47'
Mf4b0d5e967b4a8ee,markdown_it.rules_block.heading.x_heading__mutmut_84,specified,markdown_it/rules_block/heading.py,heading,57,"    token = state.push(""heading_open"", ""h"" + str(level), 1)","    token = state.push(""XXheading_openXX"", ""h"" + str(level), 1)",survived,unreviewed,,tests/task/phase1/task.py::test_core_after;tests/task/phase1/task.py::test_file;tests/task/phase1/task.py::test_spec;tests/task/task2.py::test_make_fence_at,mutmut show 'markdown_it.rules_block.heading.x_heading__mutmut_84',mutmut tests-for-mutant 'markdown_it.rules_block.heading.x_heading__mutmut_84',mutmut run 'markdown_it.rules_block.heading.x_heading__mutmut_84'
Mf4bdf8ab815387f5,markdown_it.renderer.xǁRendererHTMLǁfence__mutmut_16,specified,markdown_it/renderer.py,fence,276,        if len(arr) == 2:,        if len(arr) == 3:,survived,unreviewed,,tests/task/phase1/task.py::test_file;tests/task/phase1/task.py::test_spec,mutmut show 'markdown_it.renderer.xǁRendererHTMLǁfence__mutmut_16',mutmut tests-for-mutant 'markdown_it.renderer.xǁRendererHTMLǁfence__mutmut_16',mutmut run 'markdown_it.renderer.xǁRendererHTMLǁfence__mutmut_16'
Mf4fed7b7601c14a2,markdown_it.helpers.parse_link_destination.x_parseLinkDestination__mutmut_100,specified,markdown_it/helpers/parse_link_destination.py,parseLinkDestination,73,        pos += 1,        pos -= 1,timeout,unreviewed,,tests/task/phase1/task.py::test_file;tests/task/phase1/task.py::test_spec,mutmut show 'markdown_it.helpers.parse_link_destination.x_parseLinkDestination__mutmut_100',mutmut tests-for-mutant 'markdown_it.helpers.parse_link_destination.x_parseLinkDestination__mutmut_100',mutmut run 'markdown_it.helpers.parse_link_destination.x_parseLinkDestination__mutmut_100'
Mf518d354da91ba75,markdown_it.cli.parse.x_convert_file__mutmut_4,specified,markdown_it/cli/parse.py,convert_file,53,"        with open(filename, encoding=""utf8"") as fin:","        with open(filename, ) as fin:",survived,unreviewed,,tests/task/phase1/task.py::test_non_utf8;tests/task/phase1/task.py::test_parse_fail,mutmut show 'markdown_it.cli.parse.x_convert_file__mutmut_4',mutmut tests-for-mutant 'markdown_it.cli.parse.x_convert_file__mutmut_4',mutmut run 'markdown_it.cli.parse.x_convert_file__mutmut_4'
Mf549bf54cca79df0,markdown_it.presets.zero.x_make__mutmut_1,specified,markdown_it/presets/zero.py,make,11,"        ""options"": {","        ""XXoptionsXX"": {",survived,unreviewed,,tests/task/phase1/task.py::test_file,mutmut show 'markdown_it.presets.zero.x_make__mutmut_1',mutmut tests-for-mutant 'markdown_it.presets.zero.x_make__mutmut_1',mutmut run 'markdown_it.presets.zero.x_make__mutmut_1'
Mf5525c239cf74e17,markdown_it.rules_block.fence.x_make_fence_rule__mutmut_24,specified,markdown_it/rules_block/fence.py,make_fence_rule,52,        haveEndMarker = False,        haveEndMarker = True,survived,unreviewed,,tests/task/phase1/task.py::test_file;tests/task/task2.py::test_make_fence_after;tests/task/task2.py::test_make_fence_at,mutmut show 'markdown_it.rules_block.fence.x_make_fence_rule__mutmut_24',mutmut tests-for-mutant 'markdown_it.rules_block.fence.x_make_fence_rule__mutmut_24',mutmut run 'markdown_it.rules_block.fence.x_make_fence_rule__mutmut_24'
Mf55e24691874fa61,markdown_it.rules_inline.emphasis.x__postProcess__mutmut_97,specified,markdown_it/rules_inline/emphasis.py,_postProcess,93,        i -= 1,        i = 1,timeout,unreviewed,,tests/task/phase1/task.py::test_core_after;tests/task/phase1/task.py::test_file;tests/task/phase1/task.py::test_spec;tests/task/task2.py::test_make_fence_at,mutmut show 'markdown_it.rules_inline.emphasis.x__postProcess__mutmut_97',mutmut tests-for-mutant 'markdown_it.rules_inline.emphasis.x__postProcess__mutmut_97',mutmut run 'markdown_it.rules_inline.emphasis.x__postProcess__mutmut_97'
Mf59bef764b249c65,markdown_it.rules_block.reference.x_reference__mutmut_315,specified,markdown_it/rules_block/reference.py,reference,185,"                ""title"": title,","                ""XXtitleXX"": title,",survived,unreviewed,,tests/task/phase1/task.py::test_core_after;tests/task/phase1/task.py::test_file;tests/task/phase1/task.py::test_spec;tests/task/task2.py::test_make_fence_at,mutmut show 'markdown_it.rules_block.reference.x_reference__mutmut_315',mutmut tests-for-mutant 'markdown_it.rules_block.reference.x_reference__mutmut_315',mutmut run 'markdown_it.rules_block.reference.x_reference__mutmut_315'
Mf5d12f8d1cee3baf,markdown_it.common.utils.x_isValidEntityCode__mutmut_33,specified,markdown_it/common/utils.py,isValidEntityCode,70,    if c >= 0x0E and c <= 0x1F:,    if c > 0x0E and c <= 0x1F:,survived,unreviewed,,tests/task/phase1/task.py::test_spec,mutmut show 'markdown_it.common.utils.x_isValidEntityCode__mutmut_33',mutmut tests-for-mutant 'markdown_it.common.utils.x_isValidEntityCode__mutmut_33',mutmut run 'markdown_it.common.utils.x_isValidEntityCode__mutmut_33'
Mf5f92e8752d552d4,markdown_it.rules_inline.state_inline.xǁStateInlineǁ__init____mutmut_23,specified,markdown_it/rules_inline/state_inline.py,__init__,76,    self.linkLevel = 0,    self.linkLevel = 1,survived,unreviewed,,tests/task/phase1/task.py::test_core_after;tests/task/phase1/task.py::test_file;tests/task/phase1/task.py::test_spec;tests/task/task2.py::test_make_fence_at,mutmut show 'markdown_it.rules_inline.state_inline.xǁStateInlineǁ__init____mutmut_23',mutmut tests-for-mutant 'markdown_it.rules_inline.state_inline.xǁStateInlineǁ__init____mutmut_23',mutmut run 'markdown_it.rules_inline.state_inline.xǁStateInlineǁ__init____mutmut_23'
Mf650cf4f517c597c,markdown_it.rules_block.reference.x_reference__mutmut_75,specified,markdown_it/rules_block/reference.py,reference,48,"                and (lineContent := getNextLine(state, nextLine)) is not None","                and (lineContent := getNextLine(state, nextLine)) is None",survived,unreviewed,,tests/task/phase1/task.py::test_core_after;tests/task/phase1/task.py::test_file;tests/task/phase1/task.py::test_spec;tests/task/task2.py::test_make_fence_at,mutmut show 'markdown_it.rules_block.reference.x_reference__mutmut_75',mutmut tests-for-mutant 'markdown_it.rules_block.reference.x_reference__mutmut_75',mutmut run 'markdown_it.rules_block.reference.x_reference__mutmut_75'
Mf674cdd9dcb351f1,markdown_it.cli.parse.x_parse_args__mutmut_25,specified,markdown_it/cli/parse.py,parse_args,113,"    parser.add_argument(""-v"", ""--version"", action=""version"", version=version_str)","    parser.add_argument(""-v"", ""--VERSION"", action=""version"", version=version_str)",no_tests,unreviewed,,,mutmut show 'markdown_it.cli.parse.x_parse_args__mutmut_25',mutmut tests-for-mutant 'markdown_it.cli.parse.x_parse_args__mutmut_25',mutmut run 'markdown_it.cli.parse.x_parse_args__mutmut_25'
Mf6893242f435f539,markdown_it.rules_block.reference.x_reference__mutmut_321,specified,markdown_it/rules_block/reference.py,reference,188,"                ""map"": [startLine, state.line],","                ""XXmapXX"": [startLine, state.line],",survived,unreviewed,,tests/task/phase1/task.py::test_core_after;tests/task/phase1/task.py::test_file;tests/task/phase1/task.py::test_spec;tests/task/task2.py::test_make_fence_at,mutmut show 'markdown_it.rules_block.reference.x_reference__mutmut_321',mutmut tests-for-mutant 'markdown_it.rules_block.reference.x_reference__mutmut_321',mutmut run 'markdown_it.rules_block.reference.x_reference__mutmut_321'
Mf6cc6a6c9d4f7f20,markdown_it.presets.xǁgfm_like2ǁmake__mutmut_23,specified,markdown_it/presets/__init__.py,make,47,"    config[""options""][""strikethrough_single_tilde""] = True","    config[""options""][""XXstrikethrough_single_tildeXX""] = True",survived,unreviewed,,tests/task/phase1/task.py::test_file,mutmut show 'markdown_it.presets.xǁgfm_like2ǁmake__mutmut_23',mutmut tests-for-mutant 'markdown_it.presets.xǁgfm_like2ǁmake__mutmut_23',mutmut run 'markdown_it.presets.xǁgfm_like2ǁmake__mutmut_23'
Mf6ee7d40fd4a4774,markdown_it.rules_inline.image.x_image__mutmut_48,specified,markdown_it/rules_inline/image.py,image,40,"            if not isStrSpace(ch) and ch != ""\n"":","            if not isStrSpace(None) and ch != ""\n"":",survived,unreviewed,,tests/task/phase1/task.py::test_file;tests/task/phase1/task.py::test_spec,mutmut show 'markdown_it.rules_inline.image.x_image__mutmut_48',mutmut tests-for-mutant 'markdown_it.rules_inline.image.x_image__mutmut_48',mutmut run 'markdown_it.rules_inline.image.x_image__mutmut_48'
Mf72b447f48945e6b,markdown_it.rules_block.reference.x_reference__mutmut_62,specified,markdown_it/rules_block/reference.py,reference,47,"                and charCodeAt(string, pos) == 0x0A
                and (lineContent := getNextLine(state, nextLine)) is not None","                and charCodeAt(string, pos) == 0x0A or (lineContent := getNextLine(state, nextLine)) is not None",survived,unreviewed,,tests/task/phase1/task.py::test_core_after;tests/task/phase1/task.py::test_file;tests/task/phase1/task.py::test_spec;tests/task/task2.py::test_make_fence_at,mutmut show 'markdown_it.rules_block.reference.x_reference__mutmut_62',mutmut tests-for-mutant 'markdown_it.rules_block.reference.x_reference__mutmut_62',mutmut run 'markdown_it.rules_block.reference.x_reference__mutmut_62'
Mf76ef34d5ca957ff,markdown_it.rules_block.reference.x_reference__mutmut_74,specified,markdown_it/rules_block/reference.py,reference,48,"                and (lineContent := getNextLine(state, nextLine)) is not None","                and (lineContent := getNextLine(state, )) is not None",survived,unreviewed,,tests/task/phase1/task.py::test_core_after;tests/task/phase1/task.py::test_file;tests/task/phase1/task.py::test_spec;tests/task/task2.py::test_make_fence_at,mutmut show 'markdown_it.rules_block.reference.x_reference__mutmut_74',mutmut tests-for-mutant 'markdown_it.rules_block.reference.x_reference__mutmut_74',mutmut run 'markdown_it.rules_block.reference.x_reference__mutmut_74'
Mf770e3dc354dbe8a,markdown_it.rules_block.list.x_list_block__mutmut_248,specified,markdown_it/rules_block/list.py,list_block,302,        state.tight = oldTight,        state.tight = None,survived,unreviewed,,tests/task/phase1/task.py::test_core_after;tests/task/phase1/task.py::test_file;tests/task/phase1/task.py::test_spec;tests/task/task2.py::test_make_fence_at,mutmut show 'markdown_it.rules_block.list.x_list_block__mutmut_248',mutmut tests-for-mutant 'markdown_it.rules_block.list.x_list_block__mutmut_248',mutmut run 'markdown_it.rules_block.list.x_list_block__mutmut_248'
Mf78c1f93a5560419,markdown_it.rules_inline.fragments_join.x_fragments_join__mutmut_13,specified,markdown_it/rules_inline/fragments_join.py,fragments_join,24,        if state.tokens[curr].nesting > 0:,        if state.tokens[curr].nesting >= 0:,survived,unreviewed,,tests/task/phase1/task.py::test_core_after;tests/task/phase1/task.py::test_file;tests/task/phase1/task.py::test_spec;tests/task/task2.py::test_make_fence_at,mutmut show 'markdown_it.rules_inline.fragments_join.x_fragments_join__mutmut_13',mutmut tests-for-mutant 'markdown_it.rules_inline.fragments_join.x_fragments_join__mutmut_13',mutmut run 'markdown_it.rules_inline.fragments_join.x_fragments_join__mutmut_13'
Mf80d9b782235ffca,markdown_it.ruler.xǁRulerǁafter__mutmut_29,specified,markdown_it/ruler.py,after,172,"        index + 1, Rule[RuleFuncTv](ruleName, True, fn, options.get(""alt"", []))","        index + 1, Rule[RuleFuncTv](ruleName, True, fn, options.get(""ALT"", []))",survived,unreviewed,,tests/task/phase1/task.py::test_core_after;tests/task/task2.py::test_make_fence_after,mutmut show 'markdown_it.ruler.xǁRulerǁafter__mutmut_29',mutmut tests-for-mutant 'markdown_it.ruler.xǁRulerǁafter__mutmut_29',mutmut run 'markdown_it.ruler.xǁRulerǁafter__mutmut_29'
Mf82a41e5ec74ccfb,markdown_it.rules_block.hr.x_hr__mutmut_64,specified,markdown_it/rules_block/hr.py,hr,54,    token.markup = marker * (cnt + 1),    token.markup = None,survived,unreviewed,,tests/task/phase1/task.py::test_core_after;tests/task/phase1/task.py::test_file;tests/task/phase1/task.py::test_spec;tests/task/task2.py::test_make_fence_at,mutmut show 'markdown_it.rules_block.hr.x_hr__mutmut_64',mutmut tests-for-mutant 'markdown_it.rules_block.hr.x_hr__mutmut_64',mutmut run 'markdown_it.rules_block.hr.x_hr__mutmut_64'
Mf83d829ba1f375e9,markdown_it.cli.parse.x_parse_args__mutmut_33,specified,markdown_it/cli/parse.py,parse_args,115,"        ""--stdin"", action=""store_true"", help=""read Markdown from standard input""
    )","        ""--stdin"", action=""store_true"", )",no_tests,unreviewed,,,mutmut show 'markdown_it.cli.parse.x_parse_args__mutmut_33',mutmut tests-for-mutant 'markdown_it.cli.parse.x_parse_args__mutmut_33',mutmut run 'markdown_it.cli.parse.x_parse_args__mutmut_33'
Mf8700ee7d87e2940,markdown_it.cli.parse.x_parse_args__mutmut_22,specified,markdown_it/cli/parse.py,parse_args,113,"    parser.add_argument(""-v"", ""--version"", action=""version"", version=version_str)","    parser.add_argument(""XX-vXX"", ""--version"", action=""version"", version=version_str)",no_tests,unreviewed,,,mutmut show 'markdown_it.cli.parse.x_parse_args__mutmut_22',mutmut tests-for-mutant 'markdown_it.cli.parse.x_parse_args__mutmut_22',mutmut run 'markdown_it.cli.parse.x_parse_args__mutmut_22'
Mf8a9593e2ccf9e2e,markdown_it.rules_inline.link.x_link__mutmut_92,specified,markdown_it/rules_inline/link.py,link,77,                while pos < maximum:,                while pos <= maximum:,survived,unreviewed,,tests/task/phase1/task.py::test_file;tests/task/phase1/task.py::test_spec,mutmut show 'markdown_it.rules_inline.link.x_link__mutmut_92',mutmut tests-for-mutant 'markdown_it.rules_inline.link.x_link__mutmut_92',mutmut run 'markdown_it.rules_inline.link.x_link__mutmut_92'
Mf8c4b2ae65c3e090,markdown_it.rules_block.blockquote.x_blockquote__mutmut_83,specified,markdown_it/rules_block/blockquote.py,blockquote,83,                    - (offset + state.bsCount[startLine] + (1 if adjustTab else 0)) % 4,                    - (offset + state.bsCount[startLine] - (1 if adjustTab else 0)) % 4,survived,unreviewed,,tests/task/phase1/task.py::test_core_after;tests/task/phase1/task.py::test_file;tests/task/phase1/task.py::test_spec;tests/task/task2.py::test_make_fence_at,mutmut show 'markdown_it.rules_block.blockquote.x_blockquote__mutmut_83',mutmut tests-for-mutant 'markdown_it.rules_block.blockquote.x_blockquote__mutmut_83',mutmut run 'markdown_it.rules_block.blockquote.x_blockquote__mutmut_83'
Mf8d5097d566f717a,markdown_it.ruler.xǁRulerǁenable__mutmut_1,specified,markdown_it/ruler.py,enable,192,"    self, names: str | Iterable[str], ignoreInvalid: bool = False","    self, names: str | Iterable[str], ignoreInvalid: bool = True",survived,unreviewed,,tests/task/phase1/task.py::test_core_after;tests/task/phase1/task.py::test_file;tests/task/phase1/task.py::test_non_utf8;tests/task/phase1/task.py::test_spec;tests/task/task2.py::test_make_fence_after;tests/task/task2.py::test_make_fence_at,mutmut show 'markdown_it.ruler.xǁRulerǁenable__mutmut_1',mutmut tests-for-mutant 'markdown_it.ruler.xǁRulerǁenable__mutmut_1',mutmut run 'markdown_it.ruler.xǁRulerǁenable__mutmut_1'
Mf8e1230bb2c0d9ac,markdown_it.rules_block.paragraph.x_paragraph__mutmut_97,specified,markdown_it/rules_block/paragraph.py,paragraph,60,    token.children = [],    token.children = None,survived,unreviewed,,tests/task/phase1/task.py::test_core_after;tests/task/phase1/task.py::test_file;tests/task/phase1/task.py::test_spec;tests/task/task2.py::test_make_fence_at,mutmut show 'markdown_it.rules_block.paragraph.x_paragraph__mutmut_97',mutmut tests-for-mutant 'markdown_it.rules_block.paragraph.x_paragraph__mutmut_97',mutmut run 'markdown_it.rules_block.paragraph.x_paragraph__mutmut_97'
Mf8ed2e243e1d28d0,markdown_it.cli.parse.x_parse_args__mutmut_42,specified,markdown_it/cli/parse.py,parse_args,118,"        ""filenames"", nargs=""*"", help=""specify an optional list of files to convert""","        ""filenames"", nargs=None, help=""specify an optional list of files to convert""",no_tests,unreviewed,,,mutmut show 'markdown_it.cli.parse.x_parse_args__mutmut_42',mutmut tests-for-mutant 'markdown_it.cli.parse.x_parse_args__mutmut_42',mutmut run 'markdown_it.cli.parse.x_parse_args__mutmut_42'
Mf93d7be62495fdc5,markdown_it.common.utils.x_isValidEntityCode__mutmut_5,specified,markdown_it/common/utils.py,isValidEntityCode,58,    if c >= 0xD800 and c <= 0xDFFF:,    if c >= 0xD800 and c <= 57344:,survived,unreviewed,,tests/task/phase1/task.py::test_spec,mutmut show 'markdown_it.common.utils.x_isValidEntityCode__mutmut_5',mutmut tests-for-mutant 'markdown_it.common.utils.x_isValidEntityCode__mutmut_5',mutmut run 'markdown_it.common.utils.x_isValidEntityCode__mutmut_5'
Mf9aab6fc01e6580d,markdown_it.rules_block.list.x_skipOrderedListMarker__mutmut_22,specified,markdown_it/rules_block/list.py,skipOrderedListMarker,52,        return -1,        return -2,survived,unreviewed,,tests/task/phase1/task.py::test_core_after;tests/task/phase1/task.py::test_file;tests/task/phase1/task.py::test_spec;tests/task/task2.py::test_make_fence_at,mutmut show 'markdown_it.rules_block.list.x_skipOrderedListMarker__mutmut_22',mutmut tests-for-mutant 'markdown_it.rules_block.list.x_skipOrderedListMarker__mutmut_22',mutmut run 'markdown_it.rules_block.list.x_skipOrderedListMarker__mutmut_22'
Mf9bfafb9576098a7,markdown_it.presets.xǁgfm_like2ǁmake__mutmut_7,specified,markdown_it/presets/__init__.py,make,44,"    config[""options""][""tasklists""] = True","    config[""options""][""tasklists""] = False",survived,unreviewed,,tests/task/phase1/task.py::test_file,mutmut show 'markdown_it.presets.xǁgfm_like2ǁmake__mutmut_7',mutmut tests-for-mutant 'markdown_it.presets.xǁgfm_like2ǁmake__mutmut_7',mutmut run 'markdown_it.presets.xǁgfm_like2ǁmake__mutmut_7'
Mf9c2382860d604df,markdown_it._punycode.x_to_ascii__mutmut_8,specified,markdown_it/_punycode.py,to_ascii,67,"    return map_domain(obj, mapping)",    return map_domain(mapping),survived,unreviewed,,tests/task/phase1/task.py::test_file;tests/task/phase1/task.py::test_spec,mutmut show 'markdown_it._punycode.x_to_ascii__mutmut_8',mutmut tests-for-mutant 'markdown_it._punycode.x_to_ascii__mutmut_8',mutmut run 'markdown_it._punycode.x_to_ascii__mutmut_8'
Mf9fe9a6a5ffe303f,markdown_it.presets.xǁgfm_likeǁmake__mutmut_4,specified,markdown_it/presets/__init__.py,make,22,"    config[""components""][""core""][""rules""].append(""linkify"")","    config[""COMPONENTS""][""core""][""rules""].append(""linkify"")",survived,unreviewed,,tests/task/phase1/task.py::test_file,mutmut show 'markdown_it.presets.xǁgfm_likeǁmake__mutmut_4',mutmut tests-for-mutant 'markdown_it.presets.xǁgfm_likeǁmake__mutmut_4',mutmut run 'markdown_it.presets.xǁgfm_likeǁmake__mutmut_4'
Mfa121e3d602dd503,markdown_it.main.xǁMarkdownItǁconfigure__mutmut_29,specified,markdown_it/main.py,configure,133,"            rules = component.get(""rules"", None)","            rules = component.get(""XXrulesXX"", None)",survived,unreviewed,,tests/task/phase1/task.py::test_core_after;tests/task/phase1/task.py::test_file;tests/task/phase1/task.py::test_non_utf8;tests/task/phase1/task.py::test_spec;tests/task/task2.py::test_make_fence_after;tests/task/task2.py::test_make_fence_at,mutmut show 'markdown_it.main.xǁMarkdownItǁconfigure__mutmut_29',mutmut tests-for-mutant 'markdown_it.main.xǁMarkdownItǁconfigure__mutmut_29',mutmut run 'markdown_it.main.xǁMarkdownItǁconfigure__mutmut_29'
Mfa4272a0d446a855,markdown_it.rules_block.list.x_list_block__mutmut_107,specified,markdown_it/rules_block/list.py,list_block,189,    prevEmptyEnd = False,    prevEmptyEnd = None,survived,unreviewed,,tests/task/phase1/task.py::test_core_after;tests/task/phase1/task.py::test_file;tests/task/phase1/task.py::test_spec;tests/task/task2.py::test_make_fence_at,mutmut show 'markdown_it.rules_block.list.x_list_block__mutmut_107',mutmut tests-for-mutant 'markdown_it.rules_block.list.x_list_block__mutmut_107',mutmut run 'markdown_it.rules_block.list.x_list_block__mutmut_107'
Mfa9c9dab9b9c1728,markdown_it._punycode.x_to_unicode__mutmut_3,specified,markdown_it/_punycode.py,to_unicode,54,"        if obj.startswith(""xn--""):","        if obj.startswith(""XN--""):",survived,unreviewed,,tests/task/phase1/task.py::test_file;tests/task/phase1/task.py::test_spec,mutmut show 'markdown_it._punycode.x_to_unicode__mutmut_3',mutmut tests-for-mutant 'markdown_it._punycode.x_to_unicode__mutmut_3',mutmut run 'markdown_it._punycode.x_to_unicode__mutmut_3'
Mfab2fadb60ff1acf,markdown_it.rules_inline.autolink.x_autolink__mutmut_72,specified,markdown_it/rules_inline/autolink.py,autolink,49,"            token = state.push(""link_close"", ""a"", -1)","            token = state.push(""XXlink_closeXX"", ""a"", -1)",survived,unreviewed,,tests/task/phase1/task.py::test_file;tests/task/phase1/task.py::test_spec,mutmut show 'markdown_it.rules_inline.autolink.x_autolink__mutmut_72',mutmut tests-for-mutant 'markdown_it.rules_inline.autolink.x_autolink__mutmut_72',mutmut run 'markdown_it.rules_inline.autolink.x_autolink__mutmut_72'
Mfae67306b97bc220,markdown_it.rules_block.list.x_list_block__mutmut_85,specified,markdown_it/rules_block/list.py,list_block,174,"        token = state.push(""ordered_list_open"", ""ol"", 1)","        token = state.push(""ordered_list_open"", ""ol"", 2)",survived,unreviewed,,tests/task/phase1/task.py::test_core_after;tests/task/phase1/task.py::test_file;tests/task/phase1/task.py::test_spec;tests/task/task2.py::test_make_fence_at,mutmut show 'markdown_it.rules_block.list.x_list_block__mutmut_85',mutmut tests-for-mutant 'markdown_it.rules_block.list.x_list_block__mutmut_85',mutmut run 'markdown_it.rules_block.list.x_list_block__mutmut_85'
Mfafda454783730fa,markdown_it._punycode.x_to_ascii__mutmut_9,specified,markdown_it/_punycode.py,to_ascii,67,"    return map_domain(obj, mapping)","    return map_domain(obj, )",survived,unreviewed,,tests/task/phase1/task.py::test_file;tests/task/phase1/task.py::test_spec,mutmut show 'markdown_it._punycode.x_to_ascii__mutmut_9',mutmut tests-for-mutant 'markdown_it._punycode.x_to_ascii__mutmut_9',mutmut run 'markdown_it._punycode.x_to_ascii__mutmut_9'
Mfb5fea0d3d3b32ea,markdown_it.renderer.xǁRendererHTMLǁfence__mutmut_32,specified,markdown_it/renderer.py,fence,286,"    if highlighted.startswith(""<pre""):","    if highlighted.startswith(""<PRE""):",survived,unreviewed,,tests/task/phase1/task.py::test_file;tests/task/phase1/task.py::test_spec,mutmut show 'markdown_it.renderer.xǁRendererHTMLǁfence__mutmut_32',mutmut tests-for-mutant 'markdown_it.renderer.xǁRendererHTMLǁfence__mutmut_32',mutmut run 'markdown_it.renderer.xǁRendererHTMLǁfence__mutmut_32'
Mfb6a89fbad534ae1,markdown_it.helpers.parse_link_destination.x_parseLinkDestination__mutmut_21,specified,markdown_it/helpers/parse_link_destination.py,parseLinkDestination,27,            if code == 0x3C:  # / * < * /,            if code == 61:  # / * < * /,survived,unreviewed,,tests/task/phase1/task.py::test_file;tests/task/phase1/task.py::test_spec,mutmut show 'markdown_it.helpers.parse_link_destination.x_parseLinkDestination__mutmut_21',mutmut tests-for-mutant 'markdown_it.helpers.parse_link_destination.x_parseLinkDestination__mutmut_21',mutmut run 'markdown_it.helpers.parse_link_destination.x_parseLinkDestination__mutmut_21'
Mfbbd350c5665d787,markdown_it.rules_core.text_join.x_text_join__mutmut_44,specified,markdown_it/rules_core/text_join.py,text_join,45,"                    if next_token.type != ""text"":","                    if next_token.type != ""TEXT"":",survived,unreviewed,,tests/task/phase1/task.py::test_core_after;tests/task/phase1/task.py::test_file;tests/task/phase1/task.py::test_spec;tests/task/task2.py::test_make_fence_after;tests/task/task2.py::test_make_fence_at,mutmut show 'markdown_it.rules_core.text_join.x_text_join__mutmut_44',mutmut tests-for-mutant 'markdown_it.rules_core.text_join.x_text_join__mutmut_44',mutmut run 'markdown_it.rules_core.text_join.x_text_join__mutmut_44'
Mfbc01baf2508ff32,markdown_it.rules_inline.link.x_link__mutmut_195,specified,markdown_it/rules_inline/link.py,link,141,        state.linkLevel += 1,        state.linkLevel -= 1,survived,unreviewed,,tests/task/phase1/task.py::test_file;tests/task/phase1/task.py::test_spec,mutmut show 'markdown_it.rules_inline.link.x_link__mutmut_195',mutmut tests-for-mutant 'markdown_it.rules_inline.link.x_link__mutmut_195',mutmut run 'markdown_it.rules_inline.link.x_link__mutmut_195'
Mfbe36df366cbdf4f,markdown_it.rules_block.reference.x_reference__mutmut_9,specified,markdown_it/rules_block/reference.py,reference,11,"        ""entering reference: %s, %s, %s, %s"", state, startLine, _endLine, silent","        ""entering reference: %s, %s, %s, %s"", state, startLine, silent",survived,unreviewed,,tests/task/phase1/task.py::test_core_after;tests/task/phase1/task.py::test_file;tests/task/phase1/task.py::test_spec;tests/task/task2.py::test_make_fence_at,mutmut show 'markdown_it.rules_block.reference.x_reference__mutmut_9',mutmut tests-for-mutant 'markdown_it.rules_block.reference.x_reference__mutmut_9',mutmut run 'markdown_it.rules_block.reference.x_reference__mutmut_9'
Mfbefdd93dc55be18,markdown_it._punycode.x_to_ascii__mutmut_7,specified,markdown_it/_punycode.py,to_ascii,67,"    return map_domain(obj, mapping)","    return map_domain(obj, None)",survived,unreviewed,,tests/task/phase1/task.py::test_file;tests/task/phase1/task.py::test_spec,mutmut show 'markdown_it._punycode.x_to_ascii__mutmut_7',mutmut tests-for-mutant 'markdown_it._punycode.x_to_ascii__mutmut_7',mutmut run 'markdown_it._punycode.x_to_ascii__mutmut_7'
Mfbf476fca8fabdfc,markdown_it.rules_inline.escape.x_escape__mutmut_79,specified,markdown_it/rules_inline/escape.py,escape,51,"        token = state.push(""text_special"", """", 0)","        token = state.push(""text_special"", ""XXXX"", 0)",survived,unreviewed,,tests/task/phase1/task.py::test_file;tests/task/phase1/task.py::test_spec;tests/task/task2.py::test_make_fence_at,mutmut show 'markdown_it.rules_inline.escape.x_escape__mutmut_79',mutmut tests-for-mutant 'markdown_it.rules_inline.escape.x_escape__mutmut_79',mutmut run 'markdown_it.rules_inline.escape.x_escape__mutmut_79'
Mfc038e5bbb3670cc,markdown_it.rules_inline.state_inline.xǁStateInlineǁpush__mutmut_19,specified,markdown_it/rules_inline/state_inline.py,push,111,        self.level += 1,        self.level -= 1,survived,unreviewed,,tests/task/phase1/task.py::test_file;tests/task/phase1/task.py::test_spec;tests/task/task2.py::test_make_fence_at,mutmut show 'markdown_it.rules_inline.state_inline.xǁStateInlineǁpush__mutmut_19',mutmut tests-for-mutant 'markdown_it.rules_inline.state_inline.xǁStateInlineǁpush__mutmut_19',mutmut run 'markdown_it.rules_inline.state_inline.xǁStateInlineǁpush__mutmut_19'
Mfc231026b56b95cc,markdown_it.rules_inline.link.x_link__mutmut_209,specified,markdown_it/rules_inline/link.py,link,145,"        token = state.push(""link_close"", ""a"", -1)","        token = state.push(""LINK_CLOSE"", ""a"", -1)",survived,unreviewed,,tests/task/phase1/task.py::test_file;tests/task/phase1/task.py::test_spec,mutmut show 'markdown_it.rules_inline.link.x_link__mutmut_209',mutmut tests-for-mutant 'markdown_it.rules_inline.link.x_link__mutmut_209',mutmut run 'markdown_it.rules_inline.link.x_link__mutmut_209'
Mfc2376ffdb996820,markdown_it.rules_inline.newline.x_newline__mutmut_31,specified,markdown_it/rules_inline/newline.py,newline,24,                ws = pmax - 1,                ws = pmax + 1,survived,unreviewed,,tests/task/phase1/task.py::test_file;tests/task/phase1/task.py::test_spec;tests/task/task2.py::test_make_fence_at,mutmut show 'markdown_it.rules_inline.newline.x_newline__mutmut_31',mutmut tests-for-mutant 'markdown_it.rules_inline.newline.x_newline__mutmut_31',mutmut run 'markdown_it.rules_inline.newline.x_newline__mutmut_31'
Mfc2aa01ed75d86ca,markdown_it.main.xǁMarkdownItǁrender__mutmut_10,specified,markdown_it/main.py,render,287,"    return self.renderer.render(self.parse(src, env), self.options, env)","    return self.renderer.render(self.parse(src, None), self.options, env)",survived,unreviewed,,tests/task/phase1/task.py::test_file;tests/task/phase1/task.py::test_spec,mutmut show 'markdown_it.main.xǁMarkdownItǁrender__mutmut_10',mutmut tests-for-mutant 'markdown_it.main.xǁMarkdownItǁrender__mutmut_10',mutmut run 'markdown_it.main.xǁMarkdownItǁrender__mutmut_10'
Mfc519f4d00558548,markdown_it.rules_inline.state_inline.xǁStateInlineǁpushPending__mutmut_3,specified,markdown_it/rules_inline/state_inline.py,pushPending,85,"    token = Token(""text"", """", 0)","    token = Token(""text"", None, 0)",survived,unreviewed,,tests/task/phase1/task.py::test_core_after;tests/task/phase1/task.py::test_file;tests/task/phase1/task.py::test_spec,mutmut show 'markdown_it.rules_inline.state_inline.xǁStateInlineǁpushPending__mutmut_3',mutmut tests-for-mutant 'markdown_it.rules_inline.state_inline.xǁStateInlineǁpushPending__mutmut_3',mutmut run 'markdown_it.rules_inline.state_inline.xǁStateInlineǁpushPending__mutmut_3'
Mfc598eef5deee272,markdown_it.presets.commonmark.x_make__mutmut_6,specified,markdown_it/presets/commonmark.py,make,16,"            ""maxNesting"": 20,  # Internal protection, recursion limit","            ""maxNesting"": 21,  # Internal protection, recursion limit",survived,unreviewed,,tests/task/phase1/task.py::test_file,mutmut show 'markdown_it.presets.commonmark.x_make__mutmut_6',mutmut tests-for-mutant 'markdown_it.presets.commonmark.x_make__mutmut_6',mutmut run 'markdown_it.presets.commonmark.x_make__mutmut_6'
Mfc63aa00bf2c757c,markdown_it.rules_inline.balance_pairs.x_processDelimiters__mutmut_66,specified,markdown_it/rules_inline/balance_pairs.py,processDelimiters,69,            if opener.open and opener.end < 0:,            if opener.open and opener.end < 1:,survived,unreviewed,,tests/task/phase1/task.py::test_core_after;tests/task/phase1/task.py::test_file;tests/task/phase1/task.py::test_spec;tests/task/task2.py::test_make_fence_at,mutmut show 'markdown_it.rules_inline.balance_pairs.x_processDelimiters__mutmut_66',mutmut tests-for-mutant 'markdown_it.rules_inline.balance_pairs.x_processDelimiters__mutmut_66',mutmut run 'markdown_it.rules_inline.balance_pairs.x_processDelimiters__mutmut_66'
Mfc7b4a9e75443bb7,markdown_it.presets.commonmark.x_make__mutmut_42,specified,markdown_it/presets/commonmark.py,make,44,"            ""core"": {""rules"": [""normalize"", ""block"", ""inline"", ""text_join""]},","            ""core"": {""rules"": [""normalize"", ""XXblockXX"", ""inline"", ""text_join""]},",survived,unreviewed,,tests/task/phase1/task.py::test_file,mutmut show 'markdown_it.presets.commonmark.x_make__mutmut_42',mutmut tests-for-mutant 'markdown_it.presets.commonmark.x_make__mutmut_42',mutmut run 'markdown_it.presets.commonmark.x_make__mutmut_42'
Mfca4ce4db304c9c9,markdown_it.presets.zero.x_make__mutmut_42,specified,markdown_it/presets/zero.py,make,37,"            ""core"": {""rules"": [""normalize"", ""block"", ""inline"", ""text_join""]},","            ""core"": {""rules"": [""normalize"", ""XXblockXX"", ""inline"", ""text_join""]},",survived,unreviewed,,tests/task/phase1/task.py::test_file,mutmut show 'markdown_it.presets.zero.x_make__mutmut_42',mutmut tests-for-mutant 'markdown_it.presets.zero.x_make__mutmut_42',mutmut run 'markdown_it.presets.zero.x_make__mutmut_42'
Mfca5fecd291e7494,markdown_it.rules_inline.image.x_image__mutmut_71,specified,markdown_it/rules_inline/image.py,image,60,        start = pos,        start = None,survived,unreviewed,,tests/task/phase1/task.py::test_file;tests/task/phase1/task.py::test_spec,mutmut show 'markdown_it.rules_inline.image.x_image__mutmut_71',mutmut tests-for-mutant 'markdown_it.rules_inline.image.x_image__mutmut_71',mutmut run 'markdown_it.rules_inline.image.x_image__mutmut_71'
Mfcaf12f7d666868c,markdown_it.rules_block.state_block.xǁStateBlockǁ__init____mutmut_16,specified,markdown_it/rules_block/state_block.py,__init__,54,    self.tight = False  # loose/tight mode for lists,    self.tight = None  # loose/tight mode for lists,survived,unreviewed,,tests/task/phase1/task.py::test_core_after;tests/task/phase1/task.py::test_file;tests/task/phase1/task.py::test_spec;tests/task/task2.py::test_make_fence_after;tests/task/task2.py::test_make_fence_at,mutmut show 'markdown_it.rules_block.state_block.xǁStateBlockǁ__init____mutmut_16',mutmut tests-for-mutant 'markdown_it.rules_block.state_block.xǁStateBlockǁ__init____mutmut_16',mutmut run 'markdown_it.rules_block.state_block.xǁStateBlockǁ__init____mutmut_16'
Mfcd65294ff909cd1,markdown_it.rules_block.blockquote.x_blockquote__mutmut_29,specified,markdown_it/rules_block/blockquote.py,blockquote,38,    initial = offset = state.sCount[startLine] + 1,    initial = offset = state.sCount[startLine] + 2,survived,unreviewed,,tests/task/phase1/task.py::test_core_after;tests/task/phase1/task.py::test_file;tests/task/phase1/task.py::test_spec;tests/task/task2.py::test_make_fence_at,mutmut show 'markdown_it.rules_block.blockquote.x_blockquote__mutmut_29',mutmut tests-for-mutant 'markdown_it.rules_block.blockquote.x_blockquote__mutmut_29',mutmut run 'markdown_it.rules_block.blockquote.x_blockquote__mutmut_29'
Mfcf87d459ba40d48,markdown_it.rules_block.html_block.x_html_block__mutmut_38,specified,markdown_it/rules_block/html_block.py,html_block,65,    nextLine = startLine + 1,    nextLine = startLine - 1,timeout,unreviewed,,tests/task/phase1/task.py::test_core_after;tests/task/phase1/task.py::test_file;tests/task/phase1/task.py::test_spec;tests/task/task2.py::test_make_fence_at,mutmut show 'markdown_it.rules_block.html_block.x_html_block__mutmut_38',mutmut tests-for-mutant 'markdown_it.rules_block.html_block.x_html_block__mutmut_38',mutmut run 'markdown_it.rules_block.html_block.x_html_block__mutmut_38'
Mfcfb1182b0cb32e6,markdown_it.rules_block.lheading.x_lheading__mutmut_3,specified,markdown_it/rules_block/lheading.py,lheading,10,"    LOGGER.debug(""entering lheading: %s, %s, %s, %s"", state, startLine, endLine, silent)","    LOGGER.debug(""entering lheading: %s, %s, %s, %s"", state, None, endLine, silent)",survived,unreviewed,,tests/task/phase1/task.py::test_core_after;tests/task/phase1/task.py::test_file;tests/task/phase1/task.py::test_spec;tests/task/task2.py::test_make_fence_at,mutmut show 'markdown_it.rules_block.lheading.x_lheading__mutmut_3',mutmut tests-for-mutant 'markdown_it.rules_block.lheading.x_lheading__mutmut_3',mutmut run 'markdown_it.rules_block.lheading.x_lheading__mutmut_3'
Mfd12c9016fc09231,markdown_it.presets.xǁgfm_likeǁmake__mutmut_11,specified,markdown_it/presets/__init__.py,make,23,"    config[""components""][""block""][""rules""].append(""table"")","    config[""components""][""block""][""rules""].append(None)",survived,unreviewed,,tests/task/phase1/task.py::test_file,mutmut show 'markdown_it.presets.xǁgfm_likeǁmake__mutmut_11',mutmut tests-for-mutant 'markdown_it.presets.xǁgfm_likeǁmake__mutmut_11',mutmut run 'markdown_it.presets.xǁgfm_likeǁmake__mutmut_11'
Mfd1cfc8814b08d23,markdown_it.rules_block.html_block.x_html_block__mutmut_27,specified,markdown_it/rules_block/html_block.py,html_block,48,        return False,        return True,timeout,unreviewed,,tests/task/phase1/task.py::test_core_after;tests/task/phase1/task.py::test_file;tests/task/phase1/task.py::test_spec;tests/task/task2.py::test_make_fence_at,mutmut show 'markdown_it.rules_block.html_block.x_html_block__mutmut_27',mutmut tests-for-mutant 'markdown_it.rules_block.html_block.x_html_block__mutmut_27',mutmut run 'markdown_it.rules_block.html_block.x_html_block__mutmut_27'
Mfd22a34e56f5139f,markdown_it.rules_block.blockquote.x_blockquote__mutmut_86,specified,markdown_it/rules_block/blockquote.py,blockquote,83,                    - (offset + state.bsCount[startLine] + (1 if adjustTab else 0)) % 4,                    - (offset + state.bsCount[startLine] + (1 if adjustTab else 1)) % 4,survived,unreviewed,,tests/task/phase1/task.py::test_core_after;tests/task/phase1/task.py::test_file;tests/task/phase1/task.py::test_spec;tests/task/task2.py::test_make_fence_at,mutmut show 'markdown_it.rules_block.blockquote.x_blockquote__mutmut_86',mutmut tests-for-mutant 'markdown_it.rules_block.blockquote.x_blockquote__mutmut_86',mutmut run 'markdown_it.rules_block.blockquote.x_blockquote__mutmut_86'
Mfd595b3dcc27de14,markdown_it.rules_inline.autolink.x_autolink__mutmut_66,specified,markdown_it/rules_inline/autolink.py,autolink,49,"            token = state.push(""link_close"", ""a"", -1)","            token = state.push(None, ""a"", -1)",survived,unreviewed,,tests/task/phase1/task.py::test_file;tests/task/phase1/task.py::test_spec,mutmut show 'markdown_it.rules_inline.autolink.x_autolink__mutmut_66',mutmut tests-for-mutant 'markdown_it.rules_inline.autolink.x_autolink__mutmut_66',mutmut run 'markdown_it.rules_inline.autolink.x_autolink__mutmut_66'
Mfd7a293265c01164,markdown_it.rules_block.hr.x_hr__mutmut_4,specified,markdown_it/rules_block/hr.py,hr,15,"    LOGGER.debug(""entering hr: %s, %s, %s, %s"", state, startLine, endLine, silent)","    LOGGER.debug(""entering hr: %s, %s, %s, %s"", state, startLine, None, silent)",survived,unreviewed,,tests/task/phase1/task.py::test_core_after;tests/task/phase1/task.py::test_file;tests/task/phase1/task.py::test_spec;tests/task/task2.py::test_make_fence_at,mutmut show 'markdown_it.rules_block.hr.x_hr__mutmut_4',mutmut tests-for-mutant 'markdown_it.rules_block.hr.x_hr__mutmut_4',mutmut run 'markdown_it.rules_block.hr.x_hr__mutmut_4'
Mfd8c177cf224cbed,markdown_it.utils.xǁOptionsDictǁ__init____mutmut_2,specified,markdown_it/utils.py,__init__,70,"    self._options = cast(OptionsType, dict(options))","    self._options = cast(None, dict(options))",survived,unreviewed,,tests/task/phase1/task.py::test_core_after;tests/task/phase1/task.py::test_file;tests/task/phase1/task.py::test_non_utf8;tests/task/phase1/task.py::test_spec;tests/task/task2.py::test_make_fence_after;tests/task/task2.py::test_make_fence_at,mutmut show 'markdown_it.utils.xǁOptionsDictǁ__init____mutmut_2',mutmut tests-for-mutant 'markdown_it.utils.xǁOptionsDictǁ__init____mutmut_2',mutmut run 'markdown_it.utils.xǁOptionsDictǁ__init____mutmut_2'
Mfdfb44776fc93a6b,markdown_it.common.normalize_url.x_normalizeLinkText__mutmut_7,specified,markdown_it/common/normalize_url.py,normalizeLinkText,56,    if parsed.hostname and (,    if parsed.hostname or (,survived,unreviewed,,tests/task/phase1/task.py::test_file;tests/task/phase1/task.py::test_spec,mutmut show 'markdown_it.common.normalize_url.x_normalizeLinkText__mutmut_7',mutmut tests-for-mutant 'markdown_it.common.normalize_url.x_normalizeLinkText__mutmut_7',mutmut run 'markdown_it.common.normalize_url.x_normalizeLinkText__mutmut_7'
Mfe02e6821dc2f29f,markdown_it.presets.commonmark.x_make__mutmut_66,specified,markdown_it/presets/commonmark.py,make,54,"                    ""list"",","                    ""XXlistXX"",",survived,unreviewed,,tests/task/phase1/task.py::test_file,mutmut show 'markdown_it.presets.commonmark.x_make__mutmut_66',mutmut tests-for-mutant 'markdown_it.presets.commonmark.x_make__mutmut_66',mutmut run 'markdown_it.presets.commonmark.x_make__mutmut_66'
Mfe3c8ee6f81abaf9,markdown_it.rules_inline.link.x_link__mutmut_147,specified,markdown_it/rules_inline/link.py,link,115,"        ref = state.env[""references""].get(label, None)","        ref = state.env[""references""].get(label, )",survived,unreviewed,,tests/task/phase1/task.py::test_file;tests/task/phase1/task.py::test_spec,mutmut show 'markdown_it.rules_inline.link.x_link__mutmut_147',mutmut tests-for-mutant 'markdown_it.rules_inline.link.x_link__mutmut_147',mutmut run 'markdown_it.rules_inline.link.x_link__mutmut_147'
Mfef1ec6f6dcb0b61,markdown_it.helpers.parse_link_destination.x_parseLinkDestination__mutmut_63,specified,markdown_it/helpers/parse_link_destination.py,parseLinkDestination,54,        if code < 0x20 or code == 0x7F:,        if code < 0x20 or code == 128:,survived,unreviewed,,tests/task/phase1/task.py::test_file;tests/task/phase1/task.py::test_spec,mutmut show 'markdown_it.helpers.parse_link_destination.x_parseLinkDestination__mutmut_63',mutmut tests-for-mutant 'markdown_it.helpers.parse_link_destination.x_parseLinkDestination__mutmut_63',mutmut run 'markdown_it.helpers.parse_link_destination.x_parseLinkDestination__mutmut_63'
Mff4b0bf6b0beaf09,markdown_it.rules_inline.fragments_join.x_fragments_join__mutmut_5,specified,markdown_it/rules_inline/fragments_join.py,fragments_join,17,    curr = last = 0,    curr = last = 1,survived,unreviewed,,tests/task/phase1/task.py::test_core_after;tests/task/phase1/task.py::test_file;tests/task/phase1/task.py::test_spec;tests/task/task2.py::test_make_fence_at,mutmut show 'markdown_it.rules_inline.fragments_join.x_fragments_join__mutmut_5',mutmut tests-for-mutant 'markdown_it.rules_inline.fragments_join.x_fragments_join__mutmut_5',mutmut run 'markdown_it.rules_inline.fragments_join.x_fragments_join__mutmut_5'
Mff4e610aee3a5a97,markdown_it.rules_inline.autolink.x_autolink__mutmut_130,specified,markdown_it/rules_inline/autolink.py,autolink,67,"            token = state.push(""text"", """", 0)","            token = state.push(""text"", ""XXXX"", 0)",survived,unreviewed,,tests/task/phase1/task.py::test_file;tests/task/phase1/task.py::test_spec,mutmut show 'markdown_it.rules_inline.autolink.x_autolink__mutmut_130',mutmut tests-for-mutant 'markdown_it.rules_inline.autolink.x_autolink__mutmut_130',mutmut run 'markdown_it.rules_inline.autolink.x_autolink__mutmut_130'
Mffc5de0957be7e99,markdown_it.rules_block.paragraph.x_paragraph__mutmut_99,specified,markdown_it/rules_block/paragraph.py,paragraph,62,"    token = state.push(""paragraph_close"", ""p"", -1)","    token = state.push(None, ""p"", -1)",survived,unreviewed,,tests/task/phase1/task.py::test_core_after;tests/task/phase1/task.py::test_file;tests/task/phase1/task.py::test_spec;tests/task/task2.py::test_make_fence_at,mutmut show 'markdown_it.rules_block.paragraph.x_paragraph__mutmut_99',mutmut tests-for-mutant 'markdown_it.rules_block.paragraph.x_paragraph__mutmut_99',mutmut run 'markdown_it.rules_block.paragraph.x_paragraph__mutmut_99'
Mffd3c07dec845d5e,markdown_it.rules_block.state_block.xǁStateBlockǁskipSpacesBack__mutmut_2,specified,markdown_it/rules_block/state_block.py,skipSpacesBack,164,    while pos > minimum:,    while pos >= minimum:,survived,unreviewed,,tests/task/phase1/task.py::test_file;tests/task/phase1/task.py::test_spec,mutmut show 'markdown_it.rules_block.state_block.xǁStateBlockǁskipSpacesBack__mutmut_2',mutmut tests-for-mutant 'markdown_it.rules_block.state_block.xǁStateBlockǁskipSpacesBack__mutmut_2',mutmut run 'markdown_it.rules_block.state_block.xǁStateBlockǁskipSpacesBack__mutmut_2'
Mfff15c2884f84f97,markdown_it.rules_inline.image.x_image__mutmut_45,specified,markdown_it/rules_inline/image.py,image,39,            ch = state.src[pos],            ch = None,survived,unreviewed,,tests/task/phase1/task.py::test_file;tests/task/phase1/task.py::test_spec,mutmut show 'markdown_it.rules_inline.image.x_image__mutmut_45',mutmut tests-for-mutant 'markdown_it.rules_inline.image.x_image__mutmut_45',mutmut run 'markdown_it.rules_inline.image.x_image__mutmut_45'
Mfff8b44e07f9cebb,markdown_it.presets.zero.x_make__mutmut_59,specified,markdown_it/presets/zero.py,make,40,"                ""rules"": [""text""],","                ""rules"": [""TEXT""],",survived,unreviewed,,tests/task/phase1/task.py::test_file,mutmut show 'markdown_it.presets.zero.x_make__mutmut_59',mutmut tests-for-mutant 'markdown_it.presets.zero.x_make__mutmut_59',mutmut run 'markdown_it.presets.zero.x_make__mutmut_59'
